id,data_inversa,dia_semana,horario,uf,br,km,municipio,causa_acidente,tipo_acidente,classificacao_acidente,fase_dia,sentido_via,condicao_metereologica,tipo_pista,tracado_via,uso_solo,pessoas,mortos,feridos_leves,feridos_graves,ilesos,ignorados,feridos,veiculos,latitude,longitude,regional,delegacia,uop
614018.0,2024-07-12,sexta-feira,19:00:00,PB,116,"11,5",CACHOEIRA DOS INDIOS,Pista Escorregadia,Saída de leito carroçável,Com Vítimas Feridas,Plena Noite,Decrescente,Garoa/Chuvisco,Simples,Reta,Não,1,0,1,0,0,0,1,1,-6.985178,-38.744354,SPRF-CE,DEL05-CE,UOP03-DEL05-CE
614021.0,2024-07-12,sexta-feira,18:30:00,PB,361,"38,8",CATINGUEIRA,Ausência de reação do condutor,Saída de leito carroçável,Com Vítimas Feridas,Plena Noite,Decrescente,Nublado,Simples,Reta,Não,1,0,1,0,0,0,1,1,-7.09174654,-37.58068209,SPRF-PB,DEL03-PB,UOP01-DEL03-PB
614702.0,2024-07-15,segunda-feira,18:15:00,PB,230,"417,9",POMBAL,Transitar na contramão,Colisão lateral mesmo sentido,Com Vítimas Feridas,Plena Noite,Decrescente,Céu Claro,Simples,Declive,Não,5,0,1,0,2,2,1,3,-6.725107,-37.867833,SPRF-PB,DEL03-PB,UOP02-DEL03-PB
614944.0,2024-07-17,quarta-feira,01:30:00,PB,230,349,PATOS,Transitar na contramão,Colisão lateral sentido oposto,Com Vítimas Feridas,Plena Noite,Decrescente,Céu Claro,Simples,Aclive,Não,3,0,1,0,2,0,1,2,-6.9548,-37.3764,SPRF-PB,DEL03-PB,UOP01-DEL03-PB
615014.0,2024-07-17,quarta-feira,11:30:00,PB,230,"287,7",SANTA LUZIA,Reação tardia ou ineficiente do condutor,Saída de leito carroçável,Com Vítimas Feridas,Pleno dia,Crescente,Céu Claro,Simples,Reta,Não,2,0,0,1,1,0,1,1,-6.8929,-36.8861,SPRF-PB,DEL03-PB,UOP01-DEL03-PB
615069.0,2024-07-17,quarta-feira,17:57:00,PB,230,"83,9",CALDAS BRANDAO,Ausência de reação do condutor,Colisão traseira,Com Vítimas Feridas,Plena Noite,Decrescente,Nublado,Dupla,Reta,Sim,2,0,0,1,1,0,1,2,-7.1669,-35.3355,SPRF-PB,DEL01-PB,UOP03-DEL01-PB
615387.0,2024-07-19,sexta-feira,05:40:00,PB,101,61,SANTA RITA,Manobra de mudança de faixa,Colisão lateral mesmo sentido,Sem Vítimas,Pleno dia,Crescente,Céu Claro,Dupla,Declive;Curva,Não,3,0,0,0,2,1,0,3,-7.00949401,-35.06072329,SPRF-PB,DEL01-PB,UOP04-DEL01-PB
615677.0,2024-07-20,sábado,09:20:00,PB,104,"143,7",QUEIMADAS,Reação tardia ou ineficiente do condutor,Colisão frontal,Com Vítimas Feridas,Pleno dia,Decrescente,Chuva,Simples,Reta,Não,4,0,3,0,1,0,3,2,-7.40477903,-35.89667929,SPRF-PB,DEL02-PB,UOP03-DEL02-PB
616285.0,2024-07-22,segunda-feira,22:33:00,PB,101,"51,8",RIO TINTO,Ausência de reação do condutor,Saída de leito carroçável,Com Vítimas Feridas,Plena Noite,Decrescente,Céu Claro,Dupla,Reta;Aclive,Não,1,0,0,1,0,0,1,1,-6.93035382,-35.10376671,SPRF-PB,DEL01-PB,UOP04-DEL01-PB
617121.0,2024-07-26,sexta-feira,23:35:00,PB,101,27,JOAO PESSOA,Acessar a via sem observar a presença dos outros veículos,Colisão lateral mesmo sentido,Sem Vítimas,Pleno dia,Crescente,Céu Claro,Dupla,Reta,Sim,5,0,0,0,4,1,0,2,-7.15987154,-34.90581564,SPRF-PB,DEL01-PB,UOP04-DEL01-PB
617312.0,2024-07-27,sábado,19:15:00,PB,104,"118,6",LAGOA SECA,Ausência de reação do condutor,Saída de leito carroçável,Com Vítimas Feridas,Plena Noite,Crescente,Céu Claro,Simples,Reta,Não,4,0,2,0,1,1,2,1,-7.19440238,-35.87270021,SPRF-PB,DEL02-PB,UOP04-DEL02-PB
617774.0,2024-07-29,segunda-feira,20:15:00,PB,101,"90,9",JOAO PESSOA,Ausência de reação do condutor,Colisão traseira,Com Vítimas Feridas,Plena Noite,Decrescente,Céu Claro,Dupla,Reta;Interseção de Vias,Não,2,0,0,1,1,0,1,2,-7.19026525,-34.90360254,SPRF-PB,DEL01-PB,UOP02-DEL01-PB
617877.0,2024-07-30,terça-feira,12:10:00,PB,101,107,ALHANDRA,Manobra de mudança de faixa,Colisão com objeto,Sem Vítimas,Pleno dia,Crescente,Céu Claro,Dupla,Reta,Não,1,0,0,0,0,1,0,1,-7.32549201,-34.94709877,SPRF-PB,DEL01-PB,UOP02-DEL01-PB
618092.0,2024-07-31,quarta-feira,14:30:00,PB,230,"235,5",JUAZEIRINHO,Acostamento em desnível,Capotamento,Com Vítimas Feridas,Pleno dia,Crescente,Sol,Simples,Reta,Não,2,0,1,0,1,0,1,1,-7.0473,-36.5268,SPRF-PB,DEL02-PB,UOP02-DEL02-PB
618235.0,2024-08-01,quinta-feira,07:50:00,PB,110,184,MONTEIRO,Conversão proibida,Colisão transversal,Com Vítimas Feridas,Pleno dia,Crescente,Céu Claro,Simples,Curva,Não,4,0,0,1,2,2,1,5,-7.91049426,-37.14508079,SPRF-PB,DEL02-PB,UOP02-DEL02-PB
618379.0,2024-08-01,quinta-feira,23:25:00,PB,101,94,JOAO PESSOA,Ausência de reação do condutor,Saída de leito carroçável,Com Vítimas Feridas,Plena Noite,Decrescente,Chuva,Dupla,Reta;Declive,Não,2,0,1,0,0,1,1,2,-7.19683829,-34.90588313,SPRF-PB,DEL01-PB,UOP02-DEL01-PB
618492.0,2024-08-02,sexta-feira,13:20:00,PB,101,"49,6",RIO TINTO,Condutor Dormindo,Saída de leito carroçável,Sem Vítimas,Pleno dia,Decrescente,Nublado,Dupla,Reta,Não,2,0,0,0,1,1,0,2,-6.91464699,-35.11263198,SPRF-PB,DEL01-PB,UOP04-DEL01-PB
619409.0,2024-08-06,terça-feira,08:50:00,PB,101,"67,9",SANTA RITA,Demais falhas mecânicas ou elétricas,Saída de leito carroçável,Com Vítimas Feridas,Pleno dia,Crescente,Céu Claro,Dupla,Reta,Não,3,0,3,0,0,0,3,1,-7.05298058,-35.03595029,SPRF-PB,DEL01-PB,UOP04-DEL01-PB
619853.0,2024-08-08,quinta-feira,07:10:00,PB,405,"15,8",UIRAUNA,Condutor Dormindo,Saída de leito carroçável,Com Vítimas Feridas,Pleno dia,Crescente,Céu Claro,Simples,Reta,Não,3,0,1,1,0,1,2,1,-6.5758,-38.41251,SPRF-PB,DEL03-PB,UOP03-DEL03-PB
620477.0,2024-08-11,domingo,06:10:00,PB,230,"171,6",CAMPINA GRANDE,Manobra de mudança de faixa,Colisão lateral sentido oposto,Com Vítimas Feridas,Pleno dia,Decrescente,Céu Claro,Simples,Em Obras;Aclive;Reta,Sim,3,0,1,0,1,1,1,3,-7.18,-35.9938,SPRF-PB,DEL02-PB,UOP02-DEL02-PB
621501.0,2024-08-16,sexta-feira,06:40:00,PB,101,"117,9",CAAPORA,Condutor Dormindo,Colisão traseira,Com Vítimas Feridas,Pleno dia,Decrescente,Céu Claro,Dupla,Reta,Não,3,0,0,1,1,3,1,5,-7.41357983,-34.95743528,SPRF-PB,DEL01-PB,UOP02-DEL01-PB
622072.0,2024-08-18,domingo,15:10:00,PB,101,113,ALHANDRA,Manobra de mudança de faixa,Colisão lateral mesmo sentido,Sem Vítimas,Pleno dia,Decrescente,Chuva,Dupla,Reta,Não,2,0,0,0,1,1,0,2,-7.37852293,-34.95673822,SPRF-PB,DEL01-PB,UOP02-DEL01-PB
622848.0,2024-08-22,quinta-feira,09:40:00,PB,230,"165,5",CAMPINA GRANDE,Reação tardia ou ineficiente do condutor,Tombamento,Com Vítimas Feridas,Pleno dia,Crescente,Céu Claro,Simples,Rotatória,Não,2,0,1,0,0,3,1,4,-7.2051,-35.951,SPRF-PB,DEL02-PB,UOP02-DEL02-PB
622876.0,2024-08-22,quinta-feira,08:30:00,PB,104,160,BARRA DE SANTANA,Demais falhas mecânicas ou elétricas,Incêndio,Sem Vítimas,Pleno dia,Decrescente,Sol,Simples,Reta;Em Obras;Aclive,Não,2,0,0,0,1,1,0,2,-7.51950272,-35.98521435,SPRF-PB,DEL02-PB,UOP03-DEL02-PB
623094.0,2024-08-23,sexta-feira,15:35:00,PB,230,25,JOAO PESSOA,Avarias e/ou desgaste excessivo no pneu,Queda de ocupante de veículo,Com Vítimas Feridas,Pleno dia,Crescente,Céu Claro,Dupla,Declive,Sim,4,0,2,0,2,0,2,2,-7.1707,-34.8684,SPRF-PB,DEL01-PB,UOP01-DEL01-PB
623628.0,2024-08-03,sábado,23:30:00,PB,230,453,APARECIDA,Estacionar ou parar em local proibido,Colisão com objeto,Com Vítimas Fatais,Plena Noite,Crescente,Céu Claro,Simples,Reta,Não,2,1,0,0,1,0,0,2,-6.7831,-38.1362,SPRF-PB,DEL03-PB,UOP03-DEL03-PB
624077.0,2024-08-28,quarta-feira,03:47:00,PB,101,"53,7",SANTA RITA,Deficiência do Sistema de Iluminação/Sinalização,Colisão traseira,Com Vítimas Feridas,Amanhecer,Crescente,Garoa/Chuvisco,Dupla,Reta;Aclive,Não,6,0,0,1,5,0,1,2,-6.94606786,-35.09493776,SPRF-PB,DEL01-PB,UOP04-DEL01-PB
624187.0,2024-08-26,segunda-feira,20:35:00,PB,101,120,CAAPORA,Ausência de reação do condutor,Saída de leito carroçável,Sem Vítimas,Plena Noite,Decrescente,Céu Claro,Dupla,Declive,Não,1,0,0,0,1,0,0,1,-7.43522578,-34.9727831,SPRF-PB,DEL01-PB,UOP02-DEL01-PB
624291.0,2024-08-29,quinta-feira,08:10:00,PB,230,"23,7",JOAO PESSOA,Trafegar com motocicleta (ou similar) entre as faixas,Colisão lateral mesmo sentido,Com Vítimas Feridas,Pleno dia,Decrescente,Céu Claro,Dupla,Declive;Viaduto;Reta,Sim,4,0,2,0,1,1,2,3,-7.1562,-34.8574,SPRF-PB,DEL01-PB,UOP01-DEL01-PB
624415.0,2024-08-29,quinta-feira,19:05:00,PB,101,86,JOAO PESSOA,Acessar a via sem observar a presença dos outros veículos,Colisão traseira,Com Vítimas Feridas,Plena Noite,Decrescente,Nublado,Dupla,Reta,Sim,3,0,1,0,1,1,1,3,-7.15753628,-34.90663826,SPRF-PB,DEL01-PB,UOP01-DEL01-PB
624782.0,2024-08-31,sábado,09:15:00,PB,101,"73,5",SANTA RITA,Acessar a via sem observar a presença dos outros veículos,Colisão transversal,Com Vítimas Feridas,Pleno dia,Crescente,Sol,Dupla,Retorno Regulamentado,Não,2,0,1,0,1,0,1,2,-7.07828212,-34.98823508,SPRF-PB,DEL01-PB,UOP04-DEL01-PB
624931.0,2024-08-31,sábado,21:50:00,PB,230,"10,7",CABEDELO,Ausência de reação do condutor,Colisão traseira,Com Vítimas Feridas,Plena Noite,Crescente,Céu Claro,Dupla,Reta,Sim,4,0,0,1,3,0,1,2,-7.0514,-34.8499,SPRF-PB,DEL01-PB,UOP01-DEL01-PB
625556.0,2024-09-03,terça-feira,17:55:00,PB,101,79,SANTA RITA,Problema com o freio,Saída de leito carroçável,Sem Vítimas,Plena Noite,Decrescente,Céu Claro,Dupla,Reta,Não,2,0,0,0,1,1,0,2,-7.1147526,-34.95793891,SPRF-PB,DEL01-PB,UOP04-DEL01-PB
625588.0,2024-09-03,terça-feira,18:47:00,PB,405,47,SAO JOAO DO RIO DO PEIXE,Pedestre andava na pista,Atropelamento de Pedestre,Com Vítimas Feridas,Plena Noite,Decrescente,Céu Claro,Simples,Reta,Não,2,0,0,1,0,1,1,2,-6.83013,-38.401642,SPRF-PB,DEL03-PB,UOP03-DEL03-PB
626212.0,2024-09-06,sexta-feira,19:10:00,PB,230,28,JOAO PESSOA,Manobra de mudança de faixa,Colisão lateral mesmo sentido,Com Vítimas Feridas,Plena Noite,Decrescente,Céu Claro,Dupla,Reta,Sim,3,0,2,0,0,1,2,2,-7.1651,-34.8941,SPRF-PB,DEL01-PB,UOP01-DEL01-PB
626320.0,2024-09-07,sábado,04:35:00,PB,230,27,JOAO PESSOA,Trafegar com motocicleta (ou similar) entre as faixas,Colisão traseira,Com Vítimas Fatais,Plena Noite,Crescente,Céu Claro,Dupla,Aclive;Reta;Viaduto,Sim,3,1,0,0,2,0,0,3,-7.1677,-34.8855,SPRF-PB,DEL01-PB,UOP01-DEL01-PB
626910.0,2024-09-09,segunda-feira,12:20:00,PB,230,"15,8",JOAO PESSOA,Trafegar com motocicleta (ou similar) entre as faixas,Queda de ocupante de veículo,Com Vítimas Feridas,Pleno dia,Crescente,Sol,Múltipla,Reta,Sim,3,0,1,0,0,2,1,3,-7.093,-34.8482,SPRF-PB,DEL01-PB,UOP01-DEL01-PB
627286.0,2024-06-24,segunda-feira,08:40:00,PB,230,185,POCINHOS,Reação tardia ou ineficiente do condutor,Colisão com objeto,Sem Vítimas,Pleno dia,Crescente,Céu Claro,Simples,Reta;Em Obras;Viaduto;Rotatória,Não,2,0,0,0,1,2,0,3,-7.1516689,-36.1086768,SPRF-PB,DEL02-PB,UOP02-DEL02-PB
627403.0,2024-09-11,quarta-feira,18:53:00,PB,230,153,CAMPINA GRANDE,Reação tardia ou ineficiente do condutor,Colisão lateral mesmo sentido,Sem Vítimas,Plena Noite,Decrescente,Garoa/Chuvisco,Dupla,Rotatória;Em Obras,Não,3,0,0,0,2,1,0,3,-7.2763,-35.8887,SPRF-PB,DEL02-PB,UOP01-DEL02-PB
628897.0,2024-09-18,quarta-feira,09:55:00,PB,230,"25,2",JOAO PESSOA,Conversão proibida,Colisão frontal,Com Vítimas Feridas,Pleno dia,Decrescente,Céu Claro,Simples,Interseção de Vias,Sim,2,0,0,1,1,0,1,2,-7.1706473,-34.87131,SPRF-PB,DEL01-PB,UOP01-DEL01-PB
629261.0,2024-09-20,sexta-feira,02:15:00,PB,412,"127,3",MONTEIRO,Demais falhas mecânicas ou elétricas,Incêndio,Sem Vítimas,Plena Noite,Crescente,Céu Claro,Simples,Reta,Não,2,0,0,0,1,1,0,2,-7.780533,-37.00621,SPRF-PB,DEL02-PB,UOP02-DEL02-PB
630130.0,2024-09-23,segunda-feira,19:40:00,PB,230,512,CAJAZEIRAS,Ultrapassagem Indevida,Colisão traseira,Com Vítimas Fatais,Plena Noite,Crescente,Céu Claro,Simples,Reta,Não,7,4,0,3,0,0,3,3,-6.8847,-38.6229,SPRF-PB,DEL03-PB,UOP03-DEL03-PB
631147.0,2024-09-28,sábado,14:28:00,PB,230,25,JOAO PESSOA,Curva acentuada,Tombamento,Com Vítimas Feridas,Pleno dia,Crescente,Céu Claro,Dupla,Curva;Viaduto,Sim,3,0,2,0,0,1,2,2,-7.16470016,-34.89993643,SPRF-PB,DEL01-PB,UOP01-DEL01-PB
631810.0,2024-10-01,terça-feira,09:20:00,PB,230,36,SANTA RITA,Ultrapassagem Indevida,Colisão lateral mesmo sentido,Sem Vítimas,Pleno dia,Decrescente,Céu Claro,Dupla,Curva;Declive,Não,2,0,0,0,2,0,0,2,-7.1246,-34.9473,SPRF-PB,DEL01-PB,UOP03-DEL01-PB
632309.0,2024-10-03,quinta-feira,17:00:00,PB,230,"154,9",CAMPINA GRANDE,Acesso irregular,Colisão transversal,Com Vítimas Feridas,Anoitecer,Crescente,Nublado,Simples,Em Obras;Reta,Sim,2,0,0,1,1,0,1,2,-7.276358,-35.901885,SPRF-PB,DEL02-PB,UOP01-DEL02-PB
632766.0,2024-10-05,sábado,12:40:00,PB,230,475,MARIZOPOLIS,Afundamento ou ondulação no pavimento,Tombamento,Com Vítimas Feridas,Pleno dia,Crescente,Céu Claro,Simples,Reta,Não,1,0,0,1,0,0,1,1,-6.8206,-38.3139,SPRF-PB,DEL03-PB,UOP03-DEL03-PB
633097.0,2024-10-06,domingo,17:30:00,PB,230,240,JUAZEIRINHO,Transitar na contramão,Colisão frontal,Com Vítimas Feridas,Anoitecer,Decrescente,Céu Claro,Simples,Reta,Não,5,0,2,2,0,1,4,4,-7.0634,-36.563,SPRF-PB,DEL02-PB,UOP02-DEL02-PB
633211.0,2024-10-07,segunda-feira,09:30:00,PB,101,82,BAYEUX,Condutor deixou de manter distância do veículo da frente,Saída de leito carroçável,Sem Vítimas,Pleno dia,Crescente,Céu Claro,Dupla,Reta,Sim,1,0,0,0,1,0,0,1,-7.12911,-34.93714,SPRF-PB,DEL01-PB,UOP01-DEL01-PB
633498.0,2024-10-08,terça-feira,16:10:00,PB,101,120,CAAPORA,Ausência de sinalização,Engavetamento,Com Vítimas Fatais,Pleno dia,Decrescente,Céu Claro,Dupla,Reta;Declive;Em Obras,Não,14,1,3,3,3,6,6,10,-7.43522578,-34.9727831,SPRF-PB,DEL01-PB,UOP02-DEL01-PB
633652.0,2024-10-09,quarta-feira,12:40:00,PB,230,148,CAMPINA GRANDE,Manobra de mudança de faixa,Colisão lateral mesmo sentido,Sem Vítimas,Pleno dia,Decrescente,Céu Claro,Dupla,Interseção de Vias;Retorno Regulamentado,Sim,2,0,0,0,2,0,0,2,-7.238,-35.8656,SPRF-PB,DEL02-PB,UOP01-DEL02-PB
633994.0,2024-10-10,quinta-feira,14:30:00,PB,412,"130,7",MONTEIRO,Manobra de mudança de faixa,Colisão lateral mesmo sentido,Com Vítimas Feridas,Pleno dia,Decrescente,Céu Claro,Simples,Reta,Não,3,0,1,0,1,1,1,3,-7.800179,-37.02467,SPRF-PB,DEL02-PB,UOP02-DEL02-PB
634199.0,2024-10-11,sexta-feira,18:00:00,PB,104,"44,5",BARRA DE SANTA ROSA,Condutor deixou de manter distância do veículo da frente,Colisão traseira,Com Vítimas Feridas,Anoitecer,Decrescente,Céu Claro,Simples,Reta,Sim,2,0,0,1,1,0,1,2,-6.72243136,-36.05878342,SPRF-PB,DEL02-PB,UOP04-DEL02-PB
634401.0,2024-10-12,sábado,12:00:00,PB,230,"16,6",JOAO PESSOA,Ausência de reação do condutor,Engavetamento,Sem Vítimas,Pleno dia,Decrescente,Céu Claro,Dupla,Reta,Sim,3,0,0,0,3,0,0,3,-7.11149673,-34.84264255,SPRF-PB,DEL01-PB,UOP01-DEL01-PB
634868.0,2024-10-14,segunda-feira,12:25:00,PB,230,13,CABEDELO,Reação tardia ou ineficiente do condutor,Colisão lateral mesmo sentido,Com Vítimas Feridas,Pleno dia,Crescente,Céu Claro,Dupla,Retorno Regulamentado,Sim,2,0,1,0,1,0,1,2,-7.0772,-34.8494,SPRF-PB,DEL01-PB,UOP01-DEL01-PB
634881.0,2024-10-14,segunda-feira,13:00:00,PB,230,507,CAJAZEIRAS,Desrespeitar a preferência no cruzamento,Colisão transversal,Com Vítimas Feridas,Pleno dia,Decrescente,Céu Claro,Simples,Interseção de Vias,Não,4,0,0,1,2,1,1,4,-6.90144536,-38.56962383,SPRF-PB,DEL03-PB,UOP03-DEL03-PB
635231.0,2024-10-16,quarta-feira,08:00:00,PB,230,"18,8",JOAO PESSOA,Manobra de mudança de faixa,Colisão lateral mesmo sentido,Com Vítimas Feridas,Pleno dia,Decrescente,Céu Claro,Dupla,Reta,Sim,2,0,1,0,0,1,1,2,-7.12885533,-34.84890866,SPRF-PB,DEL01-PB,UOP01-DEL01-PB
635859.0,2024-10-19,sábado,06:40:00,PB,101,"15,4",MAMANGUAPE,Ausência de reação do condutor,Queda de ocupante de veículo,Com Vítimas Feridas,Pleno dia,Crescente,Céu Claro,Dupla,Curva,Não,2,0,1,0,1,0,1,1,-6.62207781,-35.13047486,SPRF-PB,DEL01-PB,UOP04-DEL01-PB
635879.0,2024-02-02,sexta-feira,07:01:00,PB,101,"35,2",MAMANGUAPE,Ausência de reação do condutor,Colisão traseira,Com Vítimas Feridas,Pleno dia,Crescente,Céu Claro,Dupla,Reta,Não,2,0,1,0,1,0,1,2,-6.79401305,-35.13707183,SPRF-PB,DEL01-PB,UOP04-DEL01-PB
636065.0,2024-10-19,sábado,23:45:00,PB,230,"220,1",SOLEDADE,Deficiência do Sistema de Iluminação/Sinalização,Colisão lateral mesmo sentido,Sem Vítimas,Plena Noite,Crescente,Céu Claro,Simples,Reta,Não,2,0,0,0,2,0,0,2,-7.0429,-36.3994,SPRF-PB,DEL02-PB,UOP02-DEL02-PB
636340.0,2024-10-20,domingo,23:00:00,PB,101,"40,2",MAMANGUAPE,Estacionar ou parar em local proibido,Colisão traseira,Com Vítimas Feridas,Plena Noite,Crescente,Céu Claro,Dupla,Reta,Sim,3,0,1,0,0,2,1,3,-6.838737,-35.13633,SPRF-PB,DEL01-PB,UOP04-DEL01-PB
636570.0,2024-10-22,terça-feira,02:45:00,PB,101,16,MAMANGUAPE,Condutor Dormindo,Colisão traseira,Com Vítimas Feridas,Plena Noite,Decrescente,Nublado,Dupla,Aclive,Não,1,0,1,0,0,0,1,1,-6.62978985,-35.1259796,SPRF-PB,DEL01-PB,UOP04-DEL01-PB
636771.0,2024-10-22,terça-feira,19:13:00,PB,230,"458,5",SOUSA,Reação tardia ou ineficiente do condutor,Colisão traseira,Com Vítimas Feridas,Plena Noite,Crescente,Céu Claro,Simples,Reta,Sim,4,0,0,2,1,1,2,4,-6.7774,-38.1808,SPRF-PB,DEL03-PB,UOP03-DEL03-PB
636802.0,2024-10-23,quarta-feira,06:10:00,PB,101,"98,6",CONDE,Condutor deixou de manter distância do veículo da frente,Colisão traseira,Com Vítimas Feridas,Pleno dia,Crescente,Céu Claro,Múltipla,Reta,Sim,2,0,2,0,0,0,2,1,-7.24692282,-34.93113937,SPRF-PB,DEL01-PB,UOP02-DEL01-PB
636834.0,2024-10-23,quarta-feira,04:10:00,PB,230,251,JUAZEIRINHO,Condutor Dormindo,Saída de leito carroçável,Com Vítimas Feridas,Amanhecer,Decrescente,Céu Claro,Simples,Reta,Não,1,0,0,1,0,0,1,1,-7.055,-36.6541,SPRF-PB,DEL03-PB,UOP01-DEL03-PB
636882.0,2024-10-23,quarta-feira,13:50:00,PB,104,"117,5",LAGOA SECA,Reação tardia ou ineficiente do condutor,Colisão traseira,Com Vítimas Feridas,Pleno dia,Crescente,Céu Claro,Simples,Reta,Não,4,0,2,0,2,0,2,4,-7.19030697,-35.86736609,SPRF-PB,DEL02-PB,UOP04-DEL02-PB
637140.0,2024-10-24,quinta-feira,15:00:00,PB,230,"298,5",SANTA LUZIA,Demais falhas mecânicas ou elétricas,Tombamento,Com Vítimas Feridas,Pleno dia,Decrescente,Céu Claro,Simples,Reta,Não,1,0,1,0,0,0,1,1,-6.8972,-36.9647,SPRF-PB,DEL03-PB,UOP01-DEL03-PB
637491.0,2024-10-26,sábado,06:45:00,PB,230,505,CAJAZEIRAS,Reação tardia ou ineficiente do condutor,Colisão lateral mesmo sentido,Sem Vítimas,Pleno dia,Decrescente,Céu Claro,Simples,Reta,Sim,3,0,0,0,2,1,0,3,-6.8995,-38.5494,SPRF-PB,DEL03-PB,UOP03-DEL03-PB
637581.0,2024-10-26,sábado,17:00:00,PB,101,29,RIO TINTO,Ingestão de álcool pelo condutor,Colisão traseira,Com Vítimas Feridas,Pleno dia,Decrescente,Céu Claro,Dupla,Em Obras;Reta;Aclive,Não,3,0,1,0,2,0,1,3,-6.74801824,-35.13363361,SPRF-PB,DEL01-PB,UOP04-DEL01-PB
637597.0,2024-10-26,sábado,16:15:00,PB,230,"203,3",OLIVEDOS,Reação tardia ou ineficiente do condutor,Colisão lateral sentido oposto,Com Vítimas Fatais,Pleno dia,Crescente,Sol,Simples,Reta,Não,4,1,0,0,1,2,0,4,-7.0962,-36.2621,SPRF-PB,DEL02-PB,UOP02-DEL02-PB
637964.0,2024-10-28,segunda-feira,09:30:00,PB,101,"115,3",PEDRAS DE FOGO,Condutor usando celular,Colisão traseira,Com Vítimas Feridas,Pleno dia,Decrescente,Céu Claro,Dupla,Reta,Não,4,0,0,2,0,2,2,4,-7.396321,-34.95577703,SPRF-PB,DEL01-PB,UOP02-DEL01-PB
638070.0,2024-10-28,segunda-feira,19:45:00,PB,230,"124,7",RIACHAO DO BACAMARTE,Objeto estático sobre o leito carroçável,Tombamento,Com Vítimas Feridas,Plena Noite,Crescente,Céu Claro,Dupla,Reta;Aclive,Não,2,0,1,0,1,0,1,2,-7.2465,-35.6751,SPRF-PB,DEL02-PB,UOP01-DEL02-PB
638121.0,2024-10-29,terça-feira,05:05:00,PB,101,"86,3",JOAO PESSOA,Demais falhas mecânicas ou elétricas,Saída de leito carroçável,Com Vítimas Feridas,Amanhecer,Crescente,Céu Claro,Dupla,Curva;Aclive,Sim,2,0,1,0,1,0,1,1,-7.15118983,-34.91012184,SPRF-PB,DEL01-PB,UOP01-DEL01-PB
638243.0,2024-10-29,terça-feira,17:53:00,PB,230,11,CABEDELO,Desvio temporário,Colisão transversal,Com Vítimas Feridas,Anoitecer,Decrescente,Nublado,Dupla,Reta;Em Obras,Sim,3,0,1,0,2,0,1,2,-7.0596,-34.8506,SPRF-PB,DEL01-PB,UOP01-DEL01-PB
638752.0,2024-11-01,sexta-feira,07:45:00,PB,101,"119,6",CAAPORA,Demais falhas mecânicas ou elétricas,Colisão lateral mesmo sentido,Sem Vítimas,Pleno dia,Decrescente,Céu Claro,Dupla,Curva,Não,3,0,0,0,2,1,0,3,-7.42897814,-34.96672977,SPRF-PB,DEL01-PB,UOP02-DEL01-PB
639490.0,2024-11-04,segunda-feira,10:20:00,PB,0,0,JOAO PESSOA,Desrespeitar a preferência no cruzamento,Colisão transversal,Sem Vítimas,Pleno dia,Não Informado,Céu Claro,Simples,Reta;Interseção de Vias,Sim,2,0,0,0,2,0,0,2,-7.155525,-34.875118,SPRF-PB,DEL01-PB,UOP04-DEL01-PB
639803.0,2024-10-15,terça-feira,08:05:00,PB,230,"154,5",CAMPINA GRANDE,Ausência de reação do condutor,Colisão lateral mesmo sentido,Com Vítimas Feridas,Pleno dia,Crescente,Céu Claro,Simples,Em Obras;Reta,Sim,4,0,0,1,1,2,1,4,-7.2763,-35.8887,SPRF-PB,DEL02-PB,UOP01-DEL02-PB
639847.0,2024-11-06,quarta-feira,01:15:00,PB,101,"40,5",MAMANGUAPE,Pedestre andava na pista,Atropelamento de Pedestre,Com Vítimas Fatais,Plena Noite,Crescente,Céu Claro,Dupla,Reta,Sim,2,1,0,0,0,1,0,2,-6.838737,-35.13633,SPRF-PB,DEL01-PB,UOP04-DEL01-PB
639931.0,2024-11-06,quarta-feira,12:10:00,PB,230,"86,8",GURINHEM,Velocidade Incompatível,Tombamento,Com Vítimas Feridas,Pleno dia,Crescente,Céu Claro,Dupla,Reta;Retorno Regulamentado,Não,3,0,3,0,0,0,3,1,-7.1663,-35.36,SPRF-PB,DEL01-PB,UOP03-DEL01-PB
640262.0,2024-11-08,sexta-feira,01:20:00,PB,230,"106,4",INGA,Condutor Dormindo,Saída de leito carroçável,Com Vítimas Feridas,Plena Noite,Crescente,Céu Claro,Dupla,Curva;Declive,Não,1,0,1,0,0,0,1,1,-7.2083,-35.5318,SPRF-PB,DEL01-PB,UOP03-DEL01-PB
640367.0,2024-11-08,sexta-feira,11:15:00,PB,104,"40,4",BARRA DE SANTA ROSA,Reação tardia ou ineficiente do condutor,Colisão frontal,Com Vítimas Fatais,Pleno dia,Crescente,Céu Claro,Simples,Reta,Não,5,2,0,1,2,0,1,2,-6.69444993,-36.0813037,SPRF-PB,DEL02-PB,UOP04-DEL02-PB
640820.0,2024-11-10,domingo,08:00:00,PB,104,"184,6",ALCANTIL,Condutor deixou de manter distância do veículo da frente,Engavetamento,Com Vítimas Feridas,Pleno dia,Decrescente,Sol,Simples,Reta,Não,4,0,1,1,1,2,2,5,-7.67656539,-36.07281251,SPRF-PB,DEL02-PB,UOP03-DEL02-PB
641223.0,2024-11-12,terça-feira,00:05:00,PB,101,"3,3",MATARACA,Condutor Dormindo,Colisão traseira,Com Vítimas Feridas,Plena Noite,Crescente,Céu Claro,Dupla,Aclive;Em Obras;Reta,Não,3,0,1,0,1,3,1,5,-6.53182311,-35.11546245,SPRF-PB,DEL01-PB,UOP04-DEL01-PB