id,data_inversa,dia_semana,horario,uf,br,km,municipio,causa_acidente,tipo_acidente,classificacao_acidente,fase_dia,sentido_via,condicao_metereologica,tipo_pista,tracado_via,uso_solo,pessoas,mortos,feridos_leves,feridos_graves,ilesos,ignorados,feridos,veiculos,latitude,longitude,regional,delegacia,uop
641299.0,2024-11-12,terça-feira,11:25:00,PB,230,"157,1",CAMPINA GRANDE,Demais falhas na via,Tombamento,Com Vítimas Fatais,Pleno dia,Crescente,Sol,Simples,Em Obras;Reta;Declive,Sim,4,1,1,0,1,1,1,3,-7.26593763,-35.91767907,SPRF-PB,DEL02-PB,UOP01-DEL02-PB
641501.0,2024-11-13,quarta-feira,10:35:00,PB,101,95,CONDE,Condutor deixou de manter distância do veículo da frente,Colisão traseira,Sem Vítimas,Pleno dia,Decrescente,Sol,Dupla,Declive;Reta,Sim,2,0,0,0,2,0,0,2,-7.22379403,-34.91488195,SPRF-PB,DEL01-PB,UOP02-DEL01-PB
641714.0,2024-11-14,quinta-feira,10:25:00,PB,101,"53,7",SANTA RITA,Reação tardia ou ineficiente do condutor,Colisão traseira,Com Vítimas Feridas,Pleno dia,Crescente,Céu Claro,Dupla,Aclive;Reta,Não,2,0,1,0,1,0,1,2,-6.950778,-35.092507,SPRF-PB,DEL01-PB,UOP04-DEL01-PB
641720.0,2024-11-14,quinta-feira,09:30:00,PB,101,"94,1",CONDE,Manobra de mudança de faixa,Colisão traseira,Com Vítimas Feridas,Pleno dia,Decrescente,Céu Claro,Dupla,Reta,Não,2,0,0,1,1,0,1,2,-7.21483297,-34.9117521,SPRF-PB,DEL01-PB,UOP02-DEL01-PB
641853.0,2024-11-14,quinta-feira,19:30:00,PB,101,"99,4",CONDE,Desrespeitar a preferência no cruzamento,Colisão transversal,Com Vítimas Feridas,Plena Noite,Decrescente,Céu Claro,Dupla,Retorno Regulamentado;Interseção de Vias;Reta,Não,3,0,2,0,1,0,2,2,-7.25987492,-34.93560791,SPRF-PB,DEL01-PB,UOP02-DEL01-PB
641909.0,2024-11-15,sexta-feira,03:30:00,PB,101,80,SANTA RITA,Animais na Pista,Atropelamento de Animal,Sem Vítimas,Plena Noite,Crescente,Céu Claro,Dupla,Reta,Não,1,0,0,0,1,0,0,1,-7.120528,-34.948417,SPRF-PB,DEL01-PB,UOP04-DEL01-PB
642801.0,2024-11-18,segunda-feira,23:44:00,PB,230,"111,9",ALHANDRA,Ausência de reação do condutor,Colisão traseira,Com Vítimas Feridas,Plena Noite,Decrescente,Céu Claro,Dupla,Aclive;Reta,Não,2,0,1,0,1,0,1,2,-7.3709015,-34.95434761,SPRF-PB,DEL01-PB,UOP03-DEL01-PB
643056.0,2024-11-20,quarta-feira,08:45:00,PB,101,20,MAMANGUAPE,Acesso irregular,Colisão transversal,Com Vítimas Feridas,Pleno dia,Crescente,Céu Claro,Dupla,Reta;Retorno Regulamentado;Aclive,Não,2,0,0,1,1,0,1,2,-6.66323695,-35.1143428,SPRF-PB,DEL01-PB,UOP04-DEL01-PB
643066.0,2024-11-20,quarta-feira,07:25:00,PB,405,17,UIRAUNA,Demais falhas mecânicas ou elétricas,Incêndio,Sem Vítimas,Pleno dia,Decrescente,Céu Claro,Simples,Declive;Reta,Não,1,0,0,0,1,0,0,1,-6.593486,-38.411495,SPRF-PB,DEL03-PB,UOP03-DEL03-PB
643136.0,2024-11-20,quarta-feira,18:00:00,PB,230,"23,8",JOAO PESSOA,Manobra de mudança de faixa,Colisão lateral mesmo sentido,Com Vítimas Feridas,Plena Noite,Crescente,Céu Claro,Dupla,Viaduto,Sim,3,0,1,0,1,1,1,2,-7.1562,-34.8574,SPRF-PB,DEL01-PB,UOP01-DEL01-PB
643150.0,2024-11-20,quarta-feira,19:35:00,PB,412,"19,9",BOA VISTA,Pedestre cruzava a pista fora da faixa,Atropelamento de Pedestre,Com Vítimas Fatais,Plena Noite,Decrescente,Céu Claro,Simples,Declive;Reta,Não,3,1,0,0,0,2,0,3,-7.265425,-36.238927,SPRF-PB,DEL02-PB,UOP02-DEL02-PB
645721.0,2024-12-02,segunda-feira,16:00:00,PB,230,25,JOAO PESSOA,Ausência de reação do condutor,Colisão traseira,Com Vítimas Feridas,Pleno dia,Crescente,Céu Claro,Dupla,Reta,Sim,3,0,2,0,1,0,2,2,-7.1707,-34.8684,SPRF-PB,DEL01-PB,UOP01-DEL01-PB
645931.0,2024-12-03,terça-feira,17:10:00,PB,230,"157,7",CAMPINA GRANDE,Desrespeitar a preferência no cruzamento,Colisão transversal,Sem Vítimas,Pleno dia,Crescente,Céu Claro,Simples,Interseção de Vias;Reta;Rotatória,Sim,2,0,0,0,2,0,0,2,-7.26280878,-35.92140555,SPRF-PB,DEL02-PB,UOP01-DEL02-PB
646134.0,2024-12-04,quarta-feira,16:00:00,PB,104,144,QUEIMADAS,Conversão proibida,Colisão transversal,Com Vítimas Feridas,Anoitecer,Decrescente,Céu Claro,Simples,Reta,Não,2,0,0,1,1,0,1,2,-7.41378301,-35.89590012,SPRF-PB,DEL02-PB,UOP03-DEL02-PB
646548.0,2024-12-06,sexta-feira,18:05:00,PB,230,"17,9",JOAO PESSOA,Demais falhas mecânicas ou elétricas,Colisão com objeto,Com Vítimas Feridas,Plena Noite,Crescente,Céu Claro,Dupla,Declive;Reta,Sim,1,0,1,0,0,0,1,1,-7.12136059,-34.84522201,SPRF-PB,DEL01-PB,UOP01-DEL01-PB
646982.0,2024-12-08,domingo,07:40:00,PB,101,"95,2",CONDE,Demais falhas mecânicas ou elétricas,Colisão com objeto,Com Vítimas Feridas,Pleno dia,Decrescente,Garoa/Chuvisco,Dupla,Curva;Declive,Não,2,0,0,1,1,0,1,1,-7.22379403,-34.91488195,SPRF-PB,DEL01-PB,UOP02-DEL01-PB
647278.0,2024-11-23,sábado,17:20:00,PB,101,82,BAYEUX,Manobra de mudança de faixa,Colisão lateral mesmo sentido,Com Vítimas Fatais,Anoitecer,Crescente,Céu Claro,Dupla,Reta,Sim,3,1,0,0,1,1,0,3,-7.12911,-34.93714,SPRF-PB,DEL01-PB,UOP01-DEL01-PB
647637.0,2024-12-11,quarta-feira,02:00:00,PB,230,"137,7",MASSARANDUBA,Demais falhas mecânicas ou elétricas,Saída de leito carroçável,Sem Vítimas,Plena Noite,Crescente,Céu Claro,Dupla,Aclive;Reta,Não,2,0,0,0,1,1,0,2,-7.2766,-35.7739,SPRF-PB,DEL02-PB,UOP01-DEL02-PB
647729.0,2024-12-11,quarta-feira,15:20:00,PB,230,"158,4",CAMPINA GRANDE,Condutor deixou de manter distância do veículo da frente,Engavetamento,Com Vítimas Feridas,Pleno dia,Crescente,Céu Claro,Simples,Reta;Em Obras,Sim,4,0,1,0,3,0,1,4,-7.2582,-35.9267,SPRF-PB,DEL02-PB,UOP01-DEL02-PB
648116.0,2024-12-13,sexta-feira,09:40:00,PB,230,17,JOAO PESSOA,Carga excessiva e/ou mal acondicionada,Derramamento de carga,Com Vítimas Feridas,Pleno dia,Decrescente,Céu Claro,Dupla,Reta,Sim,2,0,0,1,1,0,1,2,-7.1121,-34.8426,SPRF-PB,DEL01-PB,UOP01-DEL01-PB
648874.0,2024-12-16,segunda-feira,06:10:00,PB,230,"122,7",RIACHAO DO BACAMARTE,Reação tardia ou ineficiente do condutor,Saída de leito carroçável,Sem Vítimas,Amanhecer,Decrescente,Nublado,Dupla,Reta,Não,2,0,0,0,2,0,0,1,-7.254893,-35.667506,SPRF-PB,DEL02-PB,UOP01-DEL02-PB
648982.0,2024-12-16,segunda-feira,12:00:00,PB,230,"281,3",SANTA LUZIA,Reação tardia ou ineficiente do condutor,Colisão com objeto,Com Vítimas Feridas,Pleno dia,Crescente,Sol,Simples,Reta;Aclive,Não,1,0,1,0,0,0,1,1,-6.926588,-36.852606,SPRF-PB,DEL03-PB,UOP01-DEL03-PB
648999.0,2024-12-16,segunda-feira,17:00:00,PB,230,85,BAYEUX,Ultrapassagem Indevida,Colisão lateral mesmo sentido,Com Vítimas Feridas,Pleno dia,Decrescente,Céu Claro,Dupla,Reta,Sim,2,0,1,0,1,0,1,2,-7.1471427,-34.91487622,SPRF-PB,DEL01-PB,UOP03-DEL01-PB
649059.0,2024-12-17,terça-feira,00:30:00,PB,101,42,MAMANGUAPE,Condutor Dormindo,Tombamento,Com Vítimas Feridas,Plena Noite,Crescente,Céu Claro,Dupla,Declive,Sim,2,0,1,0,0,2,1,3,-6.856615,-35.13444297,SPRF-PB,DEL01-PB,UOP04-DEL01-PB
649279.0,2024-12-17,terça-feira,23:50:00,PB,101,"66,1",SANTA RITA,Demais falhas mecânicas ou elétricas,Tombamento,Com Vítimas Feridas,Plena Noite,Crescente,Nublado,Dupla,Reta,Não,1,0,0,1,0,0,1,1,-7.04256889,-35.05061285,SPRF-PB,DEL01-PB,UOP04-DEL01-PB
649291.0,2024-12-18,quarta-feira,02:15:00,PB,101,117,CAAPORA,Condutor Dormindo,Saída de leito carroçável,Com Vítimas Feridas,Plena Noite,Decrescente,Céu Claro,Dupla,Reta;Em Obras,Não,2,0,1,1,0,0,2,1,-7.41357983,-34.95743528,SPRF-PB,DEL01-PB,UOP02-DEL01-PB
649764.0,2024-12-10,terça-feira,05:20:00,PB,230,"26,1",JOAO PESSOA,Manobra de mudança de faixa,Colisão com objeto,Com Vítimas Feridas,Pleno dia,Decrescente,Céu Claro,Dupla,Reta,Sim,3,0,0,1,1,1,1,3,-7.1693,-34.8782,SPRF-PB,DEL01-PB,UOP01-DEL01-PB
649883.0,2024-12-20,sexta-feira,16:48:00,PB,101,83,BAYEUX,Condutor deixou de manter distância do veículo da frente,Colisão traseira,Com Vítimas Feridas,Pleno dia,Crescente,Céu Claro,Dupla,Reta,Sim,2,0,1,0,1,0,1,2,-7.1350881,-34.92819786,SPRF-PB,DEL01-PB,UOP01-DEL01-PB
650647.0,2024-12-22,domingo,22:30:00,PB,230,"128,8",MASSARANDUBA,Objeto estático sobre o leito carroçável,Colisão com objeto,Com Vítimas Feridas,Plena Noite,Crescente,Céu Claro,Dupla,Reta,Não,7,0,0,3,4,0,3,3,-7.2605,-35.7061,SPRF-PB,DEL02-PB,UOP01-DEL02-PB
650747.0,2024-12-02,segunda-feira,07:15:00,PB,230,"463,1",SOUSA,Condutor Dormindo,Tombamento,Com Vítimas Feridas,Pleno dia,Decrescente,Nublado,Simples,Reta,Não,2,0,0,1,0,1,1,2,-6.78989059,-38.21413214,SPRF-PB,DEL03-PB,UOP03-DEL03-PB
650830.0,2024-12-23,segunda-feira,17:03:00,PB,104,"160,8",BARRA DE SANTANA,Reação tardia ou ineficiente do condutor,Colisão lateral mesmo sentido,Com Vítimas Feridas,Anoitecer,Decrescente,Céu Claro,Simples,Reta;Aclive,Não,2,0,0,1,1,0,1,2,-7.51950272,-35.98521435,SPRF-PB,DEL02-PB,UOP03-DEL02-PB
650941.0,2024-12-24,terça-feira,07:46:00,PB,230,10,CABEDELO,Condutor deixou de manter distância do veículo da frente,Engavetamento,Com Vítimas Feridas,Pleno dia,Decrescente,Céu Claro,Dupla,Reta,Sim,5,0,1,0,3,1,1,4,-7.0514,-34.8499,SPRF-PB,DEL01-PB,UOP01-DEL01-PB
650948.0,2024-12-24,terça-feira,06:00:00,PB,230,"445,8",APARECIDA,Acessar a via sem observar a presença dos outros veículos,Colisão transversal,Com Vítimas Feridas,Pleno dia,Decrescente,Céu Claro,Simples,Reta,Sim,4,0,2,0,1,1,2,3,-6.7856,-38.0652,SPRF-PB,DEL03-PB,UOP03-DEL03-PB
657882.0,2024-10-21,segunda-feira,04:54:00,PB,101,"93,3",JOAO PESSOA,Condutor Dormindo,Saída de leito carroçável,Sem Vítimas,Amanhecer,Decrescente,Céu Claro,Dupla,Reta;Ponte,Não,2,0,0,0,0,3,0,3,-7.20859339,-34.9096607,SPRF-PB,DEL01-PB,UOP02-DEL01-PB
607100.0,2024-06-13,quinta-feira,06:05:00,PB,101,118,CAAPORA,Condutor Dormindo,Colisão traseira,Com Vítimas Feridas,Pleno dia,Decrescente,Céu Claro,Dupla,Aclive;Reta,Não,2,0,1,0,1,0,1,2,-7.42128203,-34.96207995,SPRF-PB,DEL01-PB,UOP02-DEL01-PB
640714.0,2024-11-09,sábado,19:25:00,PB,101,41,MAMANGUAPE,Problema com o freio,Tombamento,Sem Vítimas,Plena Noite,Crescente,Céu Claro,Dupla,Reta,Não,2,0,0,0,0,2,0,2,-6.84766595,-35.13549958,SPRF-PB,DEL01-PB,UOP04-DEL01-PB
647955.0,2024-12-12,quinta-feira,16:35:00,PB,101,"4,4",MATARACA,Objeto estático sobre o leito carroçável,Colisão com objeto,Com Vítimas Feridas,Pleno dia,Decrescente,Céu Claro,Dupla,Curva,Não,2,0,1,0,0,1,1,2,-6.5438565,-35.11833429,SPRF-PB,DEL01-PB,UOP04-DEL01-PB
580845.0,2024-02-12,segunda-feira,19:50:00,PB,230,"111,8",INGA,Reação tardia ou ineficiente do condutor,Colisão traseira,Sem Vítimas,Plena Noite,Crescente,Céu Claro,Dupla,Reta,Não,4,0,0,0,2,2,0,3,-7.2086,-35.5736,SPRF-PB,DEL01-PB,UOP03-DEL01-PB
652393.0,2024-12-31,terça-feira,15:00:00,PB,230,8,CABEDELO,Condutor deixou de manter distância do veículo da frente,Colisão traseira,Com Vítimas Feridas,Pleno dia,Crescente,Sol,Dupla,Retorno Regulamentado;Curva;Interseção de Vias;Viaduto,Sim,3,0,0,1,1,2,1,4,-7.03545867,-34.84297128,SPRF-PB,DEL01-PB,UOP01-DEL01-PB
611021.0,2024-06-29,sábado,17:40:00,PB,361,"112,2",ITAPORANGA,Acesso irregular,Colisão transversal,Com Vítimas Feridas,Anoitecer,Decrescente,Céu Claro,Simples,Reta,Sim,3,0,1,0,1,1,1,3,-7.30036449,-38.13712122,SPRF-PB,DEL03-PB,UOP01-DEL03-PB
616751.0,2024-07-25,quinta-feira,11:40:00,PB,101,"88,4",JOAO PESSOA,Condutor deixou de manter distância do veículo da frente,Colisão traseira,Com Vítimas Feridas,Pleno dia,Crescente,Céu Claro,Dupla,Reta,Sim,4,0,1,1,1,1,2,4,-7.1651,-34.8941,SPRF-PB,DEL01-PB,UOP02-DEL01-PB
616774.0,2024-07-25,quinta-feira,13:29:00,PB,101,"123,8",CAAPORA,Carga excessiva e/ou mal acondicionada,Colisão com objeto,Com Vítimas Feridas,Pleno dia,Decrescente,Céu Claro,Dupla,Reta,Não,6,0,3,0,2,1,3,2,-7.45909075,-34.98049935,SPRF-PB,DEL01-PB,UOP02-DEL01-PB
619446.0,2024-08-06,terça-feira,12:10:00,PB,426,72,PIANCO,Condutor Dormindo,Saída de leito carroçável,Com Vítimas Feridas,Pleno dia,Crescente,Céu Claro,Simples,Reta,Não,4,0,1,1,0,2,2,3,-7.24102702,-37.93775996,SPRF-PB,DEL03-PB,UOP01-DEL03-PB
623617.0,2024-06-26,quarta-feira,05:39:00,PB,104,130,CAMPINA GRANDE,Ausência de reação do condutor,Colisão traseira,Sem Vítimas,Pleno dia,Crescente,Céu Claro,Simples,Em Obras;Retorno Regulamentado;Reta,Não,3,0,0,0,2,1,0,3,-7.29013399,-35.89029705,SPRF-PB,DEL02-PB,UOP01-DEL02-PB
638679.0,2024-10-31,quinta-feira,21:05:00,PB,101,"42,6",MAMANGUAPE,Demais falhas mecânicas ou elétricas,Saída de leito carroçável,Sem Vítimas,Plena Noite,Decrescente,Céu Claro,Dupla,Curva;Declive,Não,2,0,0,0,1,1,0,2,-6.856615,-35.13444297,SPRF-PB,DEL01-PB,UOP04-DEL01-PB
643074.0,2024-11-20,quarta-feira,11:05:00,PB,230,20,JOAO PESSOA,Ausência de reação do condutor,Colisão traseira,Sem Vítimas,Pleno dia,Decrescente,Céu Claro,Dupla,Em Obras;Reta,Não,3,0,0,0,2,1,0,3,-7.14094315,-34.85186446,SPRF-PB,DEL01-PB,UOP01-DEL01-PB
645664.0,2024-12-02,segunda-feira,10:15:00,PB,427,"37,8",POMBAL,Manobra de mudança de faixa,Colisão traseira,Com Vítimas Feridas,Pleno dia,Decrescente,Céu Claro,Simples,Reta,Sim,3,0,1,0,1,1,1,3,-6.76405124,-37.78910384,SPRF-PB,DEL03-PB,UOP02-DEL03-PB
650314.0,2024-12-21,sábado,20:30:00,PB,405,35,SAO JOAO DO RIO DO PEIXE,Transitar na contramão,Colisão frontal,Com Vítimas Feridas,Plena Noite,Decrescente,Céu Claro,Simples,Reta,Não,3,0,1,0,0,2,1,3,-6.744238,-38.442375,SPRF-PB,DEL03-PB,UOP03-DEL03-PB
571830.0,2024-01-01,segunda-feira,08:15:00,PB,101,95,CONDE,Pista Escorregadia,Capotamento,Sem Vítimas,Pleno dia,Crescente,Chuva,Dupla,Reta,Não,1,0,0,0,1,0,0,1,-7.22379403,-34.91488195,SPRF-PB,DEL01-PB,UOP02-DEL01-PB
571844.0,2024-01-01,segunda-feira,09:30:00,PB,230,17,JOAO PESSOA,Manobra de mudança de faixa,Colisão com objeto,Sem Vítimas,Pleno dia,Decrescente,Garoa/Chuvisco,Dupla,Reta,Sim,1,0,0,0,1,0,0,1,-7.1121,-34.8426,SPRF-PB,DEL01-PB,UOP01-DEL01-PB
571846.0,2024-01-01,segunda-feira,10:00:00,PB,101,"29,2",RIO TINTO,Velocidade Incompatível,Colisão com objeto,Sem Vítimas,Pleno dia,Crescente,Chuva,Dupla,Declive;Curva,Não,1,0,0,0,1,0,0,1,-6.74032319,-35.13146581,SPRF-PB,DEL01-PB,UOP04-DEL01-PB
571854.0,2024-01-01,segunda-feira,11:20:00,PB,101,88,JOAO PESSOA,Animais na Pista,Colisão com objeto,Sem Vítimas,Pleno dia,Crescente,Garoa/Chuvisco,Dupla,Reta,Sim,2,0,0,0,2,0,0,1,-7.16470016,-34.89993643,SPRF-PB,DEL01-PB,UOP01-DEL01-PB
571884.0,2024-01-01,segunda-feira,13:29:00,PB,230,38,SANTA RITA,Ingestão de álcool pelo condutor,Colisão lateral mesmo sentido,Com Vítimas Feridas,Pleno dia,Crescente,Nublado,Dupla,Reta,Sim,3,0,1,0,2,0,1,2,-7.1341,-34.962,SPRF-PB,DEL01-PB,UOP03-DEL01-PB
571906.0,2024-01-01,segunda-feira,15:00:00,PB,230,"7,7",CABEDELO,Conversão proibida,Colisão transversal,Com Vítimas Feridas,Pleno dia,Decrescente,Chuva,Múltipla,Reta;Interseção de Vias,Sim,3,0,2,0,0,1,2,2,-7.026,-34.8385,SPRF-PB,DEL01-PB,UOP01-DEL01-PB
571933.0,2024-01-01,segunda-feira,16:50:00,PB,230,155,CAMPINA GRANDE,Acessar a via sem observar a presença dos outros veículos,Colisão traseira,Sem Vítimas,Anoitecer,Crescente,Garoa/Chuvisco,Simples,Reta,Sim,2,0,0,0,1,1,0,2,-7.2748,-35.9058,SPRF-PB,DEL02-PB,UOP01-DEL02-PB
572102.0,2024-01-02,terça-feira,11:00:00,PB,230,24,JOAO PESSOA,Ausência de reação do condutor,Colisão traseira,Sem Vítimas,Pleno dia,Crescente,Céu Claro,Dupla,Interseção de Vias,Não,3,0,0,0,2,1,0,3,-7.1637,-34.8618,SPRF-PB,DEL01-PB,UOP01-DEL01-PB
572176.0,2024-01-02,terça-feira,16:00:00,PB,230,26,JOAO PESSOA,Ausência de reação do condutor,Tombamento,Com Vítimas Feridas,Pleno dia,Crescente,Céu Claro,Múltipla,Reta,Sim,2,0,0,2,0,0,2,1,-7.1693,-34.8782,SPRF-PB,DEL01-PB,UOP01-DEL01-PB
572184.0,2024-01-02,terça-feira,16:23:00,PB,230,24,JOAO PESSOA,Manobra de mudança de faixa,Colisão lateral mesmo sentido,Com Vítimas Feridas,Pleno dia,Crescente,Sol,Dupla,Desvio Temporário;Curva;Em Obras,Sim,2,0,0,1,1,0,1,2,-7.16824927,-34.86437664,SPRF-PB,DEL01-PB,UOP01-DEL01-PB
572211.0,2024-01-02,terça-feira,18:10:00,PB,230,145,CAMPINA GRANDE,Acessar a via sem observar a presença dos outros veículos,Colisão transversal,Com Vítimas Feridas,Plena Noite,Decrescente,Céu Claro,Dupla,Reta;Retorno Regulamentado,Sim,2,0,1,0,1,0,1,2,-7.2512,-35.8399,SPRF-PB,DEL02-PB,UOP01-DEL02-PB
572361.0,2024-01-03,quarta-feira,12:30:00,PB,230,"132,1",MASSARANDUBA,Velocidade Incompatível,Saída de leito carroçável,Com Vítimas Feridas,Pleno dia,Decrescente,Céu Claro,Múltipla,Curva,Não,8,0,8,0,0,0,8,2,-7.2774,-35.7367,SPRF-PB,DEL02-PB,UOP01-DEL02-PB
572685.0,2024-01-05,sexta-feira,04:15:00,PB,230,"149,3",CAMPINA GRANDE,Velocidade Incompatível,Colisão com objeto,Com Vítimas Fatais,Amanhecer,Decrescente,Nublado,Dupla,Reta,Sim,1,1,0,0,0,0,0,1,-7.243,-35.8709,SPRF-PB,DEL02-PB,UOP01-DEL02-PB
572763.0,2024-01-05,sexta-feira,14:30:00,PB,230,88,JOAO PESSOA,Manobra de mudança de faixa,Colisão lateral mesmo sentido,Com Vítimas Feridas,Pleno dia,Decrescente,Céu Claro,Dupla,Reta,Sim,3,0,1,1,1,0,2,2,-7.16745758,-34.89662647,SPRF-PB,DEL01-PB,UOP03-DEL01-PB
572842.0,2024-01-05,sexta-feira,18:30:00,PB,230,"276,8",SANTA LUZIA,Problema com o freio,Saída de leito carroçável,Sem Vítimas,Plena Noite,Crescente,Céu Claro,Simples,Declive;Curva,Não,4,0,0,0,4,0,0,1,-6.957167,-36.83241,SPRF-PB,DEL03-PB,UOP01-DEL03-PB
572913.0,2024-01-06,sábado,10:35:00,PB,230,15,CABEDELO,Condutor deixou de manter distância do veículo da frente,Colisão traseira,Com Vítimas Feridas,Pleno dia,Decrescente,Sol,Dupla,Viaduto,Sim,3,0,2,0,1,0,2,2,-7.093,-34.8482,SPRF-PB,DEL01-PB,UOP01-DEL01-PB
572931.0,2024-01-06,sábado,12:20:00,PB,230,142,CAMPINA GRANDE,Mal súbito do condutor,Queda de ocupante de veículo,Com Vítimas Feridas,Pleno dia,Decrescente,Céu Claro,Dupla,Reta,Não,1,0,1,0,0,0,1,1,-7.2573,-35.8131,SPRF-PB,DEL02-PB,UOP01-DEL02-PB
572965.0,2024-01-06,sábado,15:45:00,PB,101,115,PEDRAS DE FOGO,Transitar na contramão,Colisão frontal,Com Vítimas Feridas,Pleno dia,Decrescente,Céu Claro,Dupla,Reta,Sim,3,0,2,0,1,0,2,2,-7.396321,-34.95577703,SPRF-PB,DEL01-PB,UOP02-DEL01-PB
573055.0,2024-01-06,sábado,23:47:00,PB,230,10,CABEDELO,Iluminação deficiente,Colisão com objeto,Com Vítimas Feridas,Plena Noite,Crescente,Céu Claro,Dupla,Reta,Sim,1,0,1,0,0,0,1,1,-7.0514,-34.8499,SPRF-PB,DEL01-PB,UOP01-DEL01-PB
573078.0,2024-01-07,domingo,02:10:00,PB,230,"40,1",SANTA RITA,Demais falhas mecânicas ou elétricas,Incêndio,Sem Vítimas,Plena Noite,Decrescente,Céu Claro,Dupla,Reta;Declive,Não,1,0,0,0,1,0,0,1,-7.1414,-34.9778,SPRF-PB,DEL01-PB,UOP03-DEL01-PB
573115.0,2024-01-07,domingo,07:00:00,PB,101,"21,2",RIO TINTO,Ingestão de álcool pelo condutor,Colisão com objeto,Sem Vítimas,Plena Noite,Crescente,Céu Claro,Dupla,Aclive;Curva,Não,1,0,0,0,0,1,0,1,-6.67218202,-35.11323207,SPRF-PB,DEL01-PB,UOP04-DEL01-PB
573152.0,2024-01-07,domingo,10:20:00,PB,116,"7,2",CACHOEIRA DOS INDIOS,Acessar a via sem observar a presença dos outros veículos,Colisão transversal,Sem Vítimas,Pleno dia,Crescente,Céu Claro,Simples,Reta,Não,2,0,0,0,2,0,0,2,-6.956637,-38.723457,SPRF-CE,DEL05-CE,UOP03-DEL05-CE
573203.0,2024-01-07,domingo,06:15:00,PB,101,"86,1",BAYEUX,Condutor deixou de manter distância do veículo da frente,Colisão lateral mesmo sentido,Com Vítimas Feridas,Pleno dia,Decrescente,Céu Claro,Dupla,Declive;Curva,Sim,2,0,1,0,1,0,1,2,-7.15118983,-34.91012184,SPRF-PB,DEL01-PB,UOP01-DEL01-PB
573230.0,2024-01-07,domingo,19:10:00,PB,104,"137,8",QUEIMADAS,Ausência de reação do condutor,Saída de leito carroçável,Com Vítimas Feridas,Plena Noite,Crescente,Céu Claro,Simples,Reta,Não,1,0,1,0,0,0,1,1,-7.352277,-35.90094,SPRF-PB,DEL02-PB,UOP03-DEL02-PB
573304.0,2024-01-08,segunda-feira,07:25:00,PB,230,"8,8",CABEDELO,Condutor deixou de manter distância do veículo da frente,Colisão traseira,Com Vítimas Feridas,Pleno dia,Decrescente,Céu Claro,Dupla,Reta,Sim,5,0,3,1,0,1,4,4,-7.0355,-34.8429,SPRF-PB,DEL01-PB,UOP01-DEL01-PB
573489.0,2024-01-09,terça-feira,05:20:00,PB,230,265,JUNCO DO SERIDO,Acessar a via sem observar a presença dos outros veículos,Colisão transversal,Com Vítimas Fatais,Amanhecer,Crescente,Céu Claro,Simples,Reta,Não,2,1,0,0,1,0,0,2,-6.9757,-36.7421,SPRF-PB,DEL03-PB,UOP01-DEL03-PB
573498.0,2024-01-09,terça-feira,07:05:00,PB,230,20,JOAO PESSOA,Condutor deixou de manter distância do veículo da frente,Tombamento,Com Vítimas Feridas,Pleno dia,Decrescente,Céu Claro,Dupla,Reta;Declive,Sim,2,0,2,0,0,0,2,1,-7.1337,-34.8544,SPRF-PB,DEL01-PB,UOP01-DEL01-PB
573608.0,2024-01-09,terça-feira,17:20:00,PB,230,"18,8",JOAO PESSOA,Condutor deixou de manter distância do veículo da frente,Colisão traseira,Com Vítimas Feridas,Pleno dia,Crescente,Céu Claro,Dupla,Reta,Sim,2,0,1,0,1,0,1,2,-7.1198,-34.8453,SPRF-PB,DEL01-PB,UOP01-DEL01-PB
573690.0,2024-01-10,quarta-feira,06:20:00,PB,230,69,SOBRADO,Trafegar com motocicleta (ou similar) entre as faixas,Tombamento,Com Vítimas Feridas,Pleno dia,Crescente,Céu Claro,Dupla,Reta,Sim,2,0,2,0,0,0,2,1,-7.1887,-35.2151,SPRF-PB,DEL01-PB,UOP03-DEL01-PB
573751.0,2024-01-10,quarta-feira,10:45:00,PB,405,"32,9",SAO JOAO DO RIO DO PEIXE,Entrada inopinada do pedestre,Atropelamento de Pedestre,Com Vítimas Feridas,Pleno dia,Crescente,Sol,Simples,Reta,Sim,2,0,0,1,0,1,1,2,-6.736044,-38.446316,SPRF-PB,DEL03-PB,UOP03-DEL03-PB
573860.0,2024-01-10,quarta-feira,21:40:00,PB,230,"144,8",CAMPINA GRANDE,Reação tardia ou ineficiente do condutor,Tombamento,Com Vítimas Feridas,Plena Noite,Crescente,Nublado,Dupla,Reta,Sim,2,0,0,1,1,0,1,1,-7.2536,-35.8317,SPRF-PB,DEL02-PB,UOP01-DEL02-PB
573904.0,2024-01-11,quinta-feira,06:30:00,PB,101,85,BAYEUX,Demais falhas mecânicas ou elétricas,Incêndio,Sem Vítimas,Pleno dia,Crescente,Chuva,Dupla,Reta,Sim,1,0,0,0,1,0,0,1,-7.14538184,-34.91662887,SPRF-PB,DEL01-PB,UOP01-DEL01-PB
573944.0,2024-01-11,quinta-feira,11:10:00,PB,101,75,SANTA RITA,Acumulo de água sobre o pavimento,Saída de leito carroçável,Sem Vítimas,Pleno dia,Decrescente,Chuva,Dupla,Curva,Não,2,0,0,0,2,0,0,2,-7.08342296,-34.97202399,SPRF-PB,DEL01-PB,UOP04-DEL01-PB