id,data_inversa,dia_semana,horario,uf,br,km,municipio,causa_acidente,tipo_acidente,classificacao_acidente,fase_dia,sentido_via,condicao_metereologica,tipo_pista,tracado_via,uso_solo,pessoas,mortos,feridos_leves,feridos_graves,ilesos,ignorados,feridos,veiculos,latitude,longitude,regional,delegacia,uop
578584.0,2024-02-02,sexta-feira,16:40:00,PB,230,"338,1",PATOS,Desrespeitar a preferência no cruzamento,Colisão transversal,Com Vítimas Feridas,Pleno dia,Decrescente,Céu Claro,Simples,Interseção de Vias,Sim,4,0,0,1,3,0,1,2,-7.006802,-37.297685,SPRF-PB,DEL03-PB,UOP01-DEL03-PB
578585.0,2024-02-02,sexta-feira,17:30:00,PB,230,"27,4",JOAO PESSOA,Reação tardia ou ineficiente do condutor,Tombamento,Com Vítimas Feridas,Anoitecer,Crescente,Céu Claro,Dupla,Reta,Sim,1,0,1,0,0,0,1,1,-7.1677,-34.8855,SPRF-PB,DEL01-PB,UOP01-DEL01-PB
578676.0,2024-02-03,sábado,01:30:00,PB,104,"118,4",CAMPINA GRANDE,Animais na Pista,Atropelamento de Animal,Com Vítimas Fatais,Plena Noite,Crescente,Céu Claro,Simples,Reta,Não,2,1,0,1,0,0,1,1,-7.19637839,-35.87571339,SPRF-PB,DEL02-PB,UOP04-DEL02-PB
578739.0,2024-02-03,sábado,09:50:00,PB,104,"154,2",QUEIMADAS,Acessar a via sem observar a presença dos outros veículos,Saída de leito carroçável,Com Vítimas Feridas,Pleno dia,Decrescente,Céu Claro,Simples,Declive;Reta,Sim,6,0,5,1,0,0,6,2,-7.48615789,-35.94353813,SPRF-PB,DEL02-PB,UOP03-DEL02-PB
578809.0,2024-02-03,sábado,19:40:00,PB,230,81,BAYEUX,Ingestão de álcool pelo condutor,Colisão lateral mesmo sentido,Sem Vítimas,Plena Noite,Decrescente,Céu Claro,Dupla,Reta;Declive;Viaduto,Sim,2,0,0,0,1,1,0,2,-7.13059557,-34.93393779,SPRF-PB,DEL01-PB,UOP03-DEL01-PB
578925.0,2024-02-04,domingo,11:00:00,PB,230,7,CABEDELO,Ausência de reação do condutor,Colisão traseira,Com Vítimas Feridas,Pleno dia,Decrescente,Céu Claro,Múltipla,Reta,Sim,2,0,1,0,1,0,1,2,-7.026,-34.8385,SPRF-PB,DEL01-PB,UOP01-DEL01-PB
578997.0,2024-02-04,domingo,19:05:00,PB,230,23,JOAO PESSOA,Trafegar com motocicleta (ou similar) entre as faixas,Colisão traseira,Com Vítimas Feridas,Plena Noite,Decrescente,Céu Claro,Dupla,Reta,Sim,3,0,0,2,1,0,2,2,-7.1562,-34.8574,SPRF-PB,DEL01-PB,UOP01-DEL01-PB
579058.0,2024-02-04,domingo,22:00:00,PB,101,124,CAAPORA,Demais falhas mecânicas ou elétricas,Saída de leito carroçável,Com Vítimas Feridas,Plena Noite,Decrescente,Garoa/Chuvisco,Dupla,Aclive;Reta,Não,4,0,4,0,0,0,4,1,-7.46746892,-34.9772648,SPRF-PB,DEL01-PB,UOP02-DEL01-PB
579149.0,2024-02-05,segunda-feira,09:05:00,PB,101,14,MAMANGUAPE,Condutor Dormindo,Saída de leito carroçável,Com Vítimas Feridas,Pleno dia,Decrescente,Sol,Dupla,Reta,Não,2,0,2,0,0,0,2,1,-6.61713815,-35.13803934,SPRF-PB,DEL01-PB,UOP04-DEL01-PB
579280.0,2024-02-05,segunda-feira,19:30:00,PB,361,82,PIANCO,Animais na Pista,Atropelamento de Animal,Sem Vítimas,Plena Noite,Crescente,Céu Claro,Simples,Reta,Sim,1,0,0,0,1,0,0,1,-7.18842343,-37.91178106,SPRF-PB,DEL03-PB,UOP01-DEL03-PB
579308.0,2024-02-06,terça-feira,07:25:00,PB,230,"25,2",JOAO PESSOA,Conversão proibida,Colisão lateral mesmo sentido,Com Vítimas Feridas,Pleno dia,Decrescente,Céu Claro,Simples,Curva,Sim,4,0,2,0,2,0,2,2,-7.170636,-34.871235,SPRF-PB,DEL01-PB,UOP01-DEL01-PB
579341.0,2024-02-06,terça-feira,10:00:00,PB,101,"81,7",BAYEUX,Reação tardia ou ineficiente do condutor,Engavetamento,Com Vítimas Feridas,Pleno dia,Decrescente,Céu Claro,Dupla,Reta,Sim,3,0,1,0,2,0,1,3,-7.12508575,-34.94513217,SPRF-PB,DEL01-PB,UOP01-DEL01-PB
579405.0,2024-02-06,terça-feira,14:30:00,PB,230,"7,1",CABEDELO,Manobra de mudança de faixa,Colisão lateral mesmo sentido,Com Vítimas Feridas,Pleno dia,Crescente,Céu Claro,Simples,Reta,Sim,3,0,2,0,1,0,2,2,-7.026,-34.8385,SPRF-PB,DEL01-PB,UOP01-DEL01-PB
579413.0,2024-02-06,terça-feira,14:30:00,PB,230,"156,5",CAMPINA GRANDE,Pista Escorregadia,Tombamento,Com Vítimas Feridas,Pleno dia,Decrescente,Céu Claro,Simples,Reta;Declive,Sim,2,0,2,0,0,0,2,1,-7.2693,-35.9138,SPRF-PB,DEL02-PB,UOP01-DEL02-PB
579423.0,2024-02-06,terça-feira,14:10:00,PB,230,462,SOUSA,Ultrapassagem Indevida,Saída de leito carroçável,Com Vítimas Feridas,Pleno dia,Decrescente,Céu Claro,Simples,Reta,Sim,1,0,1,0,0,0,1,1,-6.77861015,-38.23404908,SPRF-PB,DEL03-PB,UOP03-DEL03-PB
579548.0,2024-02-07,quarta-feira,11:10:00,PB,230,88,JOAO PESSOA,Ausência de reação do condutor,Colisão traseira,Com Vítimas Feridas,Pleno dia,Crescente,Céu Claro,Dupla,Reta,Sim,2,0,1,0,1,0,1,2,-7.16684328,-34.89676237,SPRF-PB,DEL01-PB,UOP03-DEL01-PB
579624.0,2024-02-07,quarta-feira,17:00:00,PB,230,"83,5",CALDAS BRANDAO,Manobra de mudança de faixa,Saída de leito carroçável,Com Vítimas Feridas,Anoitecer,Decrescente,Céu Claro,Dupla,Reta,Sim,1,0,0,1,0,0,1,1,-7.16861783,-35.34677804,SPRF-PB,DEL01-PB,UOP03-DEL01-PB
579657.0,2024-02-07,quarta-feira,18:00:00,PB,101,86,JOAO PESSOA,Condutor deixou de manter distância do veículo da frente,Tombamento,Com Vítimas Feridas,Plena Noite,Crescente,Céu Claro,Dupla,Reta,Sim,1,0,0,1,0,0,1,1,-7.15118983,-34.91012184,SPRF-PB,DEL01-PB,UOP01-DEL01-PB
579737.0,2024-02-08,quinta-feira,08:40:00,PB,101,"99,2",CONDE,Avarias e/ou desgaste excessivo no pneu,Tombamento,Com Vítimas Feridas,Pleno dia,Crescente,Céu Claro,Dupla,Reta,Sim,2,0,2,0,0,0,2,1,-7.2557332,-34.93469152,SPRF-PB,DEL01-PB,UOP02-DEL01-PB
579843.0,2024-02-08,quinta-feira,16:00:00,PB,230,"351,5",PATOS,Mal súbito do condutor,Tombamento,Com Vítimas Feridas,Pleno dia,Decrescente,Céu Claro,Simples,Curva,Não,1,0,0,1,0,0,1,1,-6.9485,-37.398,SPRF-PB,DEL03-PB,UOP01-DEL03-PB
579876.0,2024-02-08,quinta-feira,21:10:00,PB,230,73,SOBRADO,Velocidade Incompatível,Colisão com objeto,Com Vítimas Fatais,Plena Noite,Crescente,Céu Claro,Dupla,Curva,Não,1,1,0,0,0,0,0,1,-7.18958614,-35.26003686,SPRF-PB,DEL01-PB,UOP03-DEL01-PB
579912.0,2024-02-09,sexta-feira,01:28:00,PB,230,263,JUNCO DO SERIDO,Acostamento em desnível,Tombamento,Com Vítimas Feridas,Plena Noite,Crescente,Céu Claro,Simples,Reta,Não,1,0,1,0,0,0,1,1,-6.984,-36.7279,SPRF-PB,DEL03-PB,UOP01-DEL03-PB
579969.0,2024-02-09,sexta-feira,09:30:00,PB,230,17,JOAO PESSOA,Ausência de reação do condutor,Queda de ocupante de veículo,Com Vítimas Feridas,Pleno dia,Crescente,Céu Claro,Dupla,Retorno Regulamentado;Reta,Sim,1,0,1,0,0,0,1,1,-7.1121,-34.8426,SPRF-PB,DEL01-PB,UOP01-DEL01-PB
580046.0,2024-02-09,sexta-feira,17:10:00,PB,101,"82,1",BAYEUX,Condutor deixou de manter distância do veículo da frente,Engavetamento,Sem Vítimas,Anoitecer,Crescente,Céu Claro,Dupla,Reta,Sim,3,0,0,0,3,0,0,3,-7.12911,-34.93714,SPRF-PB,DEL01-PB,UOP01-DEL01-PB
580048.0,2024-02-09,sexta-feira,16:30:00,PB,230,"36,4",SANTA RITA,Reação tardia ou ineficiente do condutor,Engavetamento,Com Vítimas Feridas,Pleno dia,Decrescente,Céu Claro,Dupla,Reta,Sim,3,0,1,0,2,0,1,3,-7.1246,-34.9473,SPRF-PB,DEL01-PB,UOP03-DEL01-PB
580499.0,2024-02-11,domingo,10:40:00,PB,230,28,JOAO PESSOA,Velocidade Incompatível,Tombamento,Com Vítimas Feridas,Pleno dia,Decrescente,Sol,Simples,Curva,Sim,1,0,1,0,0,0,1,1,-7.1651,-34.8941,SPRF-PB,DEL01-PB,UOP01-DEL01-PB
580509.0,2024-02-11,domingo,10:40:00,PB,230,7,CABEDELO,Reação tardia ou ineficiente do condutor,Colisão traseira,Com Vítimas Feridas,Pleno dia,Decrescente,Céu Claro,Dupla,Reta,Sim,4,0,4,0,0,0,4,2,-7.0355,-34.8429,SPRF-PB,DEL01-PB,UOP01-DEL01-PB
580563.0,2024-02-11,domingo,17:00:00,PB,230,"76,7",RIACHAO DO POCO,Acessar a via sem observar a presença dos outros veículos,Colisão transversal,Com Vítimas Feridas,Pleno dia,Crescente,Nublado,Dupla,Reta,Não,3,0,0,2,1,0,2,2,-7.1852162,-35.29422283,SPRF-PB,DEL01-PB,UOP03-DEL01-PB
580566.0,2024-02-11,domingo,17:20:00,PB,230,4,CABEDELO,Reação tardia ou ineficiente do condutor,Colisão com objeto,Sem Vítimas,Anoitecer,Decrescente,Chuva,Dupla,Viaduto,Sim,1,0,0,0,1,0,0,1,-7.0004,-34.8284,SPRF-PB,DEL01-PB,UOP01-DEL01-PB
580575.0,2024-02-11,domingo,18:30:00,PB,101,88,JOAO PESSOA,Acessar a via sem observar a presença dos outros veículos,Colisão lateral mesmo sentido,Com Vítimas Feridas,Plena Noite,Crescente,Chuva,Dupla,Interseção de Vias;Viaduto;Reta,Sim,3,0,1,0,2,0,1,3,-7.16470016,-34.89993643,SPRF-PB,DEL01-PB,UOP01-DEL01-PB
580601.0,2024-02-11,domingo,18:00:00,PB,230,514,CAJAZEIRAS,Chuva,Queda de ocupante de veículo,Com Vítimas Feridas,Anoitecer,Crescente,Chuva,Simples,Aclive,Não,2,0,0,1,1,0,1,1,-6.8753,-38.6397,SPRF-PB,DEL03-PB,UOP03-DEL03-PB
580753.0,2024-02-12,segunda-feira,12:20:00,PB,101,"115,7",PEDRAS DE FOGO,Reação tardia ou ineficiente do condutor,Colisão traseira,Com Vítimas Feridas,Pleno dia,Decrescente,Sol,Dupla,Aclive;Reta,Não,3,0,1,0,2,0,1,2,-7.396321,-34.95577703,SPRF-PB,DEL01-PB,UOP02-DEL01-PB
580774.0,2024-02-12,segunda-feira,14:45:00,PB,104,104,ESPERANCA,Condutor Dormindo,Saída de leito carroçável,Com Vítimas Feridas,Pleno dia,Crescente,Céu Claro,Simples,Reta,Não,2,0,2,0,0,0,2,1,-7.08061598,-35.85413977,SPRF-PB,DEL02-PB,UOP04-DEL02-PB
580883.0,2024-02-13,terça-feira,07:39:00,PB,230,"91,8",GURINHEM,Pista Escorregadia,Tombamento,Com Vítimas Fatais,Pleno dia,Decrescente,Chuva,Dupla,Reta,Não,3,1,1,0,1,0,1,2,-7.1746,-35.4022,SPRF-PB,DEL01-PB,UOP03-DEL01-PB
580936.0,2024-02-13,terça-feira,15:30:00,PB,230,16,JOAO PESSOA,Manobra de mudança de faixa,Colisão lateral mesmo sentido,Com Vítimas Feridas,Pleno dia,Decrescente,Céu Claro,Dupla,Reta,Não,2,0,1,0,1,0,1,2,-7.1039,-34.8458,SPRF-PB,DEL01-PB,UOP01-DEL01-PB
580966.0,2024-02-13,terça-feira,17:35:00,PB,101,"81,5",BAYEUX,Manobra de mudança de faixa,Colisão lateral mesmo sentido,Com Vítimas Feridas,Anoitecer,Decrescente,Céu Claro,Dupla,Reta;Retorno Regulamentado,Sim,3,0,2,0,1,0,2,2,-7.12911,-34.93714,SPRF-PB,DEL01-PB,UOP01-DEL01-PB
581041.0,2024-02-14,quarta-feira,02:30:00,PB,104,"100,6",ESPERANCA,Animais na Pista,Atropelamento de Animal,Com Vítimas Feridas,Plena Noite,Decrescente,Nublado,Simples,Ponte;Reta,Não,3,0,3,0,0,0,3,1,-7.04513085,-35.85718356,SPRF-PB,DEL02-PB,UOP04-DEL02-PB
581079.0,2024-02-14,quarta-feira,07:20:00,PB,104,"145,9",QUEIMADAS,Animais na Pista,Atropelamento de Animal,Sem Vítimas,Pleno dia,Crescente,Nublado,Simples,Curva,Não,2,0,0,0,2,0,0,1,-7.425687,-35.895172,SPRF-PB,DEL02-PB,UOP03-DEL02-PB
581080.0,2024-02-14,quarta-feira,09:44:00,PB,101,81,SANTA RITA,Condutor deixou de manter distância do veículo da frente,Engavetamento,Sem Vítimas,Pleno dia,Decrescente,Céu Claro,Dupla,Reta,Sim,5,0,0,0,5,0,0,5,-7.12508575,-34.94513217,SPRF-PB,DEL01-PB,UOP01-DEL01-PB
581093.0,2024-02-14,quarta-feira,11:20:00,PB,101,86,JOAO PESSOA,Condutor deixou de manter distância do veículo da frente,Engavetamento,Com Vítimas Feridas,Pleno dia,Decrescente,Céu Claro,Dupla,Reta,Sim,9,0,1,0,8,0,1,4,-7.15118983,-34.91012184,SPRF-PB,DEL01-PB,UOP01-DEL01-PB
581155.0,2024-02-14,quarta-feira,17:27:00,PB,230,"15,1",JOAO PESSOA,Ausência de reação do condutor,Tombamento,Com Vítimas Feridas,Anoitecer,Crescente,Céu Claro,Dupla,Reta,Sim,3,0,2,1,0,0,3,2,-7.098476,-34.847892,SPRF-PB,DEL01-PB,UOP01-DEL01-PB
581192.0,2024-02-14,quarta-feira,18:10:00,PB,230,"213,4",SOLEDADE,Pedestre andava na pista,Tombamento,Com Vítimas Feridas,Plena Noite,Decrescente,Céu Claro,Simples,Reta,Não,2,0,2,0,0,0,2,1,-7.0705,-36.348,SPRF-PB,DEL02-PB,UOP02-DEL02-PB
581194.0,2024-02-14,quarta-feira,16:50:00,PB,230,"122,2",RIACHAO DO BACAMARTE,Chuva,Saída de leito carroçável,Com Vítimas Feridas,Pleno dia,Crescente,Chuva,Simples,Reta,Não,4,0,4,0,0,0,4,1,-7.2466,-35.6577,SPRF-PB,DEL02-PB,UOP01-DEL02-PB
581202.0,2024-02-14,quarta-feira,20:15:00,PB,230,157,CAMPINA GRANDE,Pista Escorregadia,Tombamento,Com Vítimas Feridas,Plena Noite,Crescente,Nublado,Simples,Desvio Temporário;Declive;Em Obras;Reta,Sim,1,0,1,0,0,0,1,1,-7.264,-35.9199,SPRF-PB,DEL02-PB,UOP01-DEL02-PB
581218.0,2024-02-14,quarta-feira,21:07:00,PB,230,157,CAMPINA GRANDE,Pista Escorregadia,Tombamento,Com Vítimas Feridas,Plena Noite,Crescente,Nublado,Simples,Em Obras;Declive;Desvio Temporário;Reta,Sim,1,0,1,0,0,0,1,1,-7.26638,-35.917033,SPRF-PB,DEL02-PB,UOP01-DEL02-PB
581245.0,2024-02-15,quinta-feira,07:15:00,PB,230,11,CABEDELO,Manobra de mudança de faixa,Colisão traseira,Com Vítimas Feridas,Pleno dia,Decrescente,Chuva,Dupla,Reta,Sim,3,0,1,1,1,0,2,2,-7.0596,-34.8506,SPRF-PB,DEL01-PB,UOP01-DEL01-PB
581269.0,2024-02-15,quinta-feira,05:50:00,PB,101,84,BAYEUX,Chuva,Colisão com objeto,Sem Vítimas,Amanhecer,Crescente,Chuva,Dupla,Reta,Sim,1,0,0,0,1,0,0,1,-7.13957906,-34.92312806,SPRF-PB,DEL01-PB,UOP01-DEL01-PB
581301.0,2024-02-15,quinta-feira,13:30:00,PB,230,20,JOAO PESSOA,Acostamento em desnível,Tombamento,Com Vítimas Feridas,Pleno dia,Crescente,Céu Claro,Dupla,Reta,Não,1,0,0,1,0,0,1,1,-7.1337,-34.8544,SPRF-PB,DEL01-PB,UOP01-DEL01-PB
581340.0,2024-02-15,quinta-feira,14:50:00,PB,427,"37,9",POMBAL,Acessar a via sem observar a presença dos outros veículos,Colisão transversal,Com Vítimas Feridas,Pleno dia,Crescente,Céu Claro,Simples,Interseção de Vias;Reta,Sim,2,0,1,0,1,0,1,2,-6.769112,-37.794952,SPRF-PB,DEL03-PB,UOP02-DEL03-PB
581531.0,2024-02-16,sexta-feira,17:25:00,PB,230,"5,2",CABEDELO,Manobra de mudança de faixa,Tombamento,Com Vítimas Feridas,Pleno dia,Crescente,Sol,Dupla,Reta,Sim,1,0,1,0,0,0,1,1,-7.01,-34.8312,SPRF-PB,DEL01-PB,UOP01-DEL01-PB
581706.0,2024-02-17,sábado,17:20:00,PB,230,"18,6",JOAO PESSOA,Velocidade Incompatível,Tombamento,Com Vítimas Feridas,Anoitecer,Crescente,Nublado,Dupla,Curva,Sim,2,0,2,0,0,0,2,1,-7.1198,-34.8453,SPRF-PB,DEL01-PB,UOP01-DEL01-PB
581862.0,2024-02-18,domingo,11:50:00,PB,230,"24,4",JOAO PESSOA,Manobra de mudança de faixa,Colisão lateral mesmo sentido,Com Vítimas Feridas,Pleno dia,Crescente,Nublado,Múltipla,Reta;Em Obras,Sim,3,0,2,0,1,0,2,2,-7.1707,-34.8684,SPRF-PB,DEL01-PB,UOP01-DEL01-PB
581903.0,2024-02-18,domingo,14:50:00,PB,104,"191,5",ALCANTIL,Reação tardia ou ineficiente do condutor,Tombamento,Com Vítimas Feridas,Pleno dia,Decrescente,Garoa/Chuvisco,Simples,Declive,Não,1,0,1,0,0,0,1,1,-7.72990593,-36.07500026,SPRF-PB,DEL02-PB,UOP03-DEL02-PB
581914.0,2024-02-18,domingo,18:15:00,PB,405,"23,8",SAO JOAO DO RIO DO PEIXE,Acumulo de água sobre o pavimento,Colisão frontal,Com Vítimas Feridas,Anoitecer,Crescente,Chuva,Simples,Reta,Não,2,0,0,2,0,0,2,2,-6.64318,-38.427895,SPRF-PB,DEL03-PB,UOP03-DEL03-PB
581991.0,2024-02-19,segunda-feira,08:10:00,PB,230,"339,9",PATOS,Mal súbito do condutor,Tombamento,Com Vítimas Feridas,Pleno dia,Decrescente,Céu Claro,Simples,Reta,Não,1,0,1,0,0,0,1,1,-7.000493,-37.307329,SPRF-PB,DEL03-PB,UOP01-DEL03-PB
582008.0,2024-02-19,segunda-feira,07:00:00,PB,230,463,SOUSA,Reação tardia ou ineficiente do condutor,Colisão traseira,Com Vítimas Feridas,Pleno dia,Decrescente,Céu Claro,Simples,Reta,Sim,2,0,1,0,1,0,1,2,-6.7783,-38.2256,SPRF-PB,DEL03-PB,UOP03-DEL03-PB
582111.0,2024-02-19,segunda-feira,19:10:00,PB,230,516,CAJAZEIRAS,Demais falhas mecânicas ou elétricas,Queda de ocupante de veículo,Com Vítimas Feridas,Plena Noite,Crescente,Céu Claro,Simples,Reta,Não,1,0,0,1,0,0,1,1,-6.8753,-38.6397,SPRF-PB,DEL03-PB,UOP03-DEL03-PB
582278.0,2024-02-20,terça-feira,17:28:00,PB,101,89,JOAO PESSOA,Ausência de reação do condutor,Tombamento,Com Vítimas Feridas,Anoitecer,Crescente,Céu Claro,Dupla,Reta;Retorno Regulamentado;Declive,Sim,1,0,1,0,0,0,1,1,-7.1710694,-34.89765372,SPRF-PB,DEL01-PB,UOP02-DEL01-PB
582383.0,2024-02-21,quarta-feira,09:30:00,PB,361,103,PIANCO,Animais na Pista,Atropelamento de Animal,Sem Vítimas,Pleno dia,Crescente,Nublado,Simples,Reta,Não,1,0,0,0,1,0,0,1,-7.26918302,-38.06443198,SPRF-PB,DEL03-PB,UOP01-DEL03-PB
582404.0,2024-02-21,quarta-feira,13:00:00,PB,230,16,JOAO PESSOA,Condutor deixou de manter distância do veículo da frente,Colisão traseira,Com Vítimas Feridas,Pleno dia,Decrescente,Céu Claro,Dupla,Reta,Sim,4,0,1,0,3,0,1,4,-7.1039,-34.8458,SPRF-PB,DEL01-PB,UOP01-DEL01-PB
582415.0,2024-02-21,quarta-feira,13:40:00,PB,230,16,JOAO PESSOA,Reação tardia ou ineficiente do condutor,Colisão traseira,Com Vítimas Feridas,Pleno dia,Crescente,Céu Claro,Dupla,Reta,Sim,4,0,3,0,1,0,3,2,-7.10695074,-34.84390855,SPRF-PB,DEL01-PB,UOP01-DEL01-PB
582497.0,2024-02-21,quarta-feira,21:15:00,PB,230,"20,7",JOAO PESSOA,Ausência de reação do condutor,Tombamento,Com Vítimas Feridas,Plena Noite,Crescente,Nublado,Dupla,Reta,Sim,1,0,1,0,0,0,1,1,-7.1337,-34.8544,SPRF-PB,DEL01-PB,UOP01-DEL01-PB
582559.0,2024-02-22,quinta-feira,10:05:00,PB,230,74,SOBRADO,Acumulo de água sobre o pavimento,Saída de leito carroçável,Com Vítimas Feridas,Pleno dia,Crescente,Chuva,Dupla,Reta,Não,3,0,3,0,0,0,3,1,-7.1894,-35.2596,SPRF-PB,DEL01-PB,UOP03-DEL01-PB
582607.0,2024-02-22,quinta-feira,15:06:00,PB,230,11,CABEDELO,Ultrapassagem Indevida,Colisão lateral mesmo sentido,Com Vítimas Feridas,Pleno dia,Decrescente,Céu Claro,Dupla,Reta,Sim,2,0,1,0,1,0,1,2,-7.0596,-34.8506,SPRF-PB,DEL01-PB,UOP01-DEL01-PB
582633.0,2024-02-22,quinta-feira,17:50:00,PB,230,"23,8",JOAO PESSOA,Acessar a via sem observar a presença dos outros veículos,Colisão transversal,Com Vítimas Feridas,Amanhecer,Decrescente,Nublado,Simples,Reta,Sim,3,0,3,0,0,0,3,2,-7.1562,-34.8574,SPRF-PB,DEL01-PB,UOP01-DEL01-PB
582733.0,2024-02-23,sexta-feira,08:36:00,PB,230,"162,7",CAMPINA GRANDE,Acessar a via sem observar a presença dos outros veículos,Colisão transversal,Com Vítimas Feridas,Pleno dia,Decrescente,Céu Claro,Simples,Reta,Sim,3,0,1,1,1,0,2,2,-7.22688783,-35.94373584,SPRF-PB,DEL02-PB,UOP01-DEL02-PB
582828.0,2024-02-23,sexta-feira,17:45:00,PB,230,36,SANTA RITA,Ingestão de álcool pelo condutor,Colisão com objeto,Com Vítimas Feridas,Anoitecer,Crescente,Céu Claro,Dupla,Curva,Não,1,0,0,1,0,0,1,1,-7.1246,-34.9473,SPRF-PB,DEL01-PB,UOP03-DEL01-PB
582832.0,2024-02-23,sexta-feira,18:10:00,PB,101,99,CONDE,Acessar a via sem observar a presença dos outros veículos,Colisão lateral mesmo sentido,Com Vítimas Feridas,Plena Noite,Decrescente,Chuva,Dupla,Retorno Regulamentado,Não,2,0,1,0,1,0,1,2,-7.26088953,-34.93581176,SPRF-PB,DEL01-PB,UOP02-DEL01-PB
582857.0,2024-02-15,quinta-feira,08:30:00,PB,230,16,JOAO PESSOA,Ausência de reação do condutor,Engavetamento,Com Vítimas Feridas,Pleno dia,Decrescente,Chuva,Dupla,Declive;Reta,Sim,9,0,3,0,5,1,3,5,-7.1039,-34.8458,SPRF-PB,DEL01-PB,UOP01-DEL01-PB
582861.0,2024-02-23,sexta-feira,20:00:00,PB,101,45,MAMANGUAPE,Ingestão de álcool pelo condutor,Colisão com objeto,Com Vítimas Feridas,Plena Noite,Decrescente,Céu Claro,Dupla,Reta,Não,1,0,0,1,0,0,1,1,-6.88322894,-35.1303459,SPRF-PB,DEL01-PB,UOP04-DEL01-PB
582870.0,2024-02-23,sexta-feira,20:20:00,PB,104,"140,2",QUEIMADAS,Transitar na contramão,Colisão frontal,Com Vítimas Feridas,Plena Noite,Crescente,Céu Claro,Simples,Reta,Não,3,0,1,0,2,0,1,2,-7.37817097,-35.89737088,SPRF-PB,DEL02-PB,UOP03-DEL02-PB
582969.0,2024-02-24,sábado,10:00:00,PB,230,18,JOAO PESSOA,Condutor deixou de manter distância do veículo da frente,Colisão traseira,Com Vítimas Feridas,Pleno dia,Decrescente,Céu Claro,Dupla,Interseção de Vias,Sim,3,0,2,0,1,0,2,2,-7.12561328,-34.84518886,SPRF-PB,DEL01-PB,UOP01-DEL01-PB
583015.0,2024-02-24,sábado,14:30:00,PB,412,"113,5",SUME,Reação tardia ou ineficiente do condutor,Saída de leito carroçável,Com Vítimas Feridas,Pleno dia,Decrescente,Sol,Simples,Reta,Não,3,0,0,2,1,0,2,1,-7.697623,-36.912792,SPRF-PB,DEL02-PB,UOP02-DEL02-PB
583043.0,2024-02-24,sábado,16:30:00,PB,230,407,POMBAL,Condutor deixou de manter distância do veículo da frente,Colisão traseira,Com Vítimas Feridas,Pleno dia,Crescente,Céu Claro,Simples,Declive,Sim,2,0,1,0,1,0,1,2,-6.7733,-37.798,SPRF-PB,DEL03-PB,UOP02-DEL03-PB
583063.0,2024-02-24,sábado,18:35:00,PB,230,"81,4",BAYEUX,Reação tardia ou ineficiente do condutor,Saída de leito carroçável,Sem Vítimas,Plena Noite,Crescente,Céu Claro,Dupla,Aclive;Interseção de Vias;Retorno Regulamentado,Não,1,0,0,0,0,1,0,1,-7.12746568,-34.94053602,SPRF-PB,DEL01-PB,UOP03-DEL01-PB
583107.0,2024-02-24,sábado,19:00:00,PB,230,"162,6",CAMPINA GRANDE,Acessar a via sem observar a presença dos outros veículos,Colisão transversal,Com Vítimas Fatais,Plena Noite,Crescente,Céu Claro,Simples,Reta,Não,4,1,0,1,1,1,1,3,-7.2277,-35.9439,SPRF-PB,DEL02-PB,UOP01-DEL02-PB
583132.0,2024-02-25,domingo,00:55:00,PB,101,37,MAMANGUAPE,Ausência de reação do condutor,Saída de leito carroçável,Com Vítimas Feridas,Plena Noite,Crescente,Céu Claro,Dupla,Reta,Não,1,0,1,0,0,0,1,1,-6.8116959726,-35.1396907397,SPRF-PB,DEL01-PB,UOP04-DEL01-PB
583235.0,2024-02-25,domingo,14:50:00,PB,230,136,MASSARANDUBA,Reação tardia ou ineficiente do condutor,Saída de leito carroçável,Com Vítimas Feridas,Pleno dia,Crescente,Nublado,Dupla,Curva;Retorno Regulamentado,Não,3,0,1,0,2,0,1,1,-7.2818,-35.7675,SPRF-PB,DEL02-PB,UOP01-DEL02-PB
583332.0,2024-02-25,domingo,21:05:00,PB,230,22,JOAO PESSOA,Chuva,Tombamento,Com Vítimas Feridas,Plena Noite,Crescente,Chuva,Dupla,Reta,Sim,2,0,2,0,0,0,2,1,-7.1495,-34.8517,SPRF-PB,DEL01-PB,UOP01-DEL01-PB
583384.0,2024-02-26,segunda-feira,07:30:00,PB,230,5,CABEDELO,Ausência de reação do condutor,Colisão com objeto,Sem Vítimas,Pleno dia,Crescente,Nublado,Dupla,Reta,Sim,1,0,0,0,0,1,0,1,-7.015166,-34.833631,SPRF-PB,DEL01-PB,UOP01-DEL01-PB
583387.0,2024-02-26,segunda-feira,08:00:00,PB,230,"479,8",MARIZOPOLIS,Acessar a via sem observar a presença dos outros veículos,Colisão traseira,Com Vítimas Feridas,Pleno dia,Crescente,Céu Claro,Simples,Reta;Aclive,Sim,2,0,2,0,0,0,2,2,-6.84770664,-38.35793495,SPRF-PB,DEL03-PB,UOP03-DEL03-PB
583460.0,2024-02-26,segunda-feira,13:36:00,PB,230,"26,7",JOAO PESSOA,Avarias e/ou desgaste excessivo no pneu,Tombamento,Com Vítimas Feridas,Pleno dia,Decrescente,Sol,Dupla,Aclive;Reta,Sim,1,0,1,0,0,0,1,1,-7.1693,-34.8782,SPRF-PB,DEL01-PB,UOP01-DEL01-PB
583554.0,2024-02-26,segunda-feira,22:15:00,PB,230,91,JOAO PESSOA,Ausência de reação do condutor,Colisão lateral mesmo sentido,Com Vítimas Feridas,Plena Noite,Decrescente,Garoa/Chuvisco,Dupla,Reta,Sim,2,0,1,0,0,1,1,2,-7.19098,-34.90389,SPRF-PB,DEL01-PB,UOP03-DEL01-PB