id,data_inversa,dia_semana,horario,uf,br,km,municipio,causa_acidente,tipo_acidente,classificacao_acidente,fase_dia,sentido_via,condicao_metereologica,tipo_pista,tracado_via,uso_solo,pessoas,mortos,feridos_leves,feridos_graves,ilesos,ignorados,feridos,veiculos,latitude,longitude,regional,delegacia,uop
591678.0,2024-04-04,quinta-feira,05:40:00,PB,230,440,APARECIDA,Pedestre - Ingestão de álcool/ substâncias psicoativas,Atropelamento de Pedestre,Com Vítimas Feridas,Pleno dia,Crescente,Céu Claro,Simples,Curva,Não,2,0,0,1,0,1,1,2,-6.77326,-38.034466,SPRF-PB,DEL03-PB,UOP02-DEL03-PB
591745.0,2024-04-04,quinta-feira,12:40:00,PB,361,"0,6",PATOS,Acessar a via sem observar a presença dos outros veículos,Colisão transversal,Com Vítimas Feridas,Pleno dia,Crescente,Céu Claro,Simples,Reta,Sim,2,0,0,1,1,0,1,2,-7.02630643,-37.27694228,SPRF-PB,DEL03-PB,UOP01-DEL03-PB
591763.0,2024-04-04,quinta-feira,15:30:00,PB,230,27,JOAO PESSOA,Avarias e/ou desgaste excessivo no pneu,Colisão com objeto,Com Vítimas Feridas,Pleno dia,Decrescente,Céu Claro,Dupla,Curva,Sim,1,0,1,0,0,0,1,1,-7.16618772,-34.89468098,SPRF-PB,DEL01-PB,UOP01-DEL01-PB
591775.0,2024-04-04,quinta-feira,16:45:00,PB,230,"158,8",CAMPINA GRANDE,Acessar a via sem observar a presença dos outros veículos,Colisão transversal,Com Vítimas Feridas,Pleno dia,Crescente,Nublado,Simples,Retorno Regulamentado,Sim,2,0,1,0,1,0,1,2,-7.256196,-35.929019,SPRF-PB,DEL02-PB,UOP01-DEL02-PB
591840.0,2024-04-04,quinta-feira,23:00:00,PB,230,13,CABEDELO,Ingestão de álcool pelo condutor,Colisão com objeto,Com Vítimas Feridas,Plena Noite,Crescente,Céu Claro,Dupla,Reta,Sim,1,0,1,0,0,0,1,1,-7.0772,-34.8494,SPRF-PB,DEL01-PB,UOP01-DEL01-PB
591874.0,2024-04-05,sexta-feira,07:35:00,PB,230,14,CABEDELO,Ausência de reação do condutor,Colisão traseira,Com Vítimas Feridas,Pleno dia,Decrescente,Sol,Dupla,Reta,Sim,2,0,1,0,1,0,1,2,-7.0844,-34.8488,SPRF-PB,DEL01-PB,UOP01-DEL01-PB
591892.0,2024-04-05,sexta-feira,09:40:00,PB,101,100,CONDE,Acessar a via sem observar a presença dos outros veículos,Colisão lateral mesmo sentido,Com Vítimas Feridas,Pleno dia,Decrescente,Céu Claro,Dupla,Reta;Retorno Regulamentado,Sim,3,0,1,0,2,0,1,2,-7.26469806,-34.93677965,SPRF-PB,DEL01-PB,UOP02-DEL01-PB
591897.0,2024-04-05,sexta-feira,10:00:00,PB,101,82,BAYEUX,Velocidade Incompatível,Colisão traseira,Com Vítimas Feridas,Pleno dia,Crescente,Céu Claro,Dupla,Reta,Não,4,0,1,1,2,0,2,2,-7.12911,-34.93714,SPRF-PB,DEL01-PB,UOP01-DEL01-PB
591959.0,2024-04-05,sexta-feira,16:15:00,PB,230,"405,1",POMBAL,Retorno proibido,Colisão transversal,Sem Vítimas,Pleno dia,Decrescente,Nublado,Simples,Aclive;Curva,Sim,2,0,0,0,2,0,0,2,-6.7888,-37.7923,SPRF-PB,DEL03-PB,UOP02-DEL03-PB
592070.0,2024-04-06,sábado,05:42:00,PB,230,30,BAYEUX,Ingestão de álcool pelo condutor,Colisão com objeto,Sem Vítimas,Amanhecer,Decrescente,Céu Claro,Dupla,Reta,Sim,1,0,0,0,1,0,0,1,-7.1549,-34.9077,SPRF-PB,DEL01-PB,UOP01-DEL01-PB
592237.0,2024-04-06,sábado,19:00:00,PB,412,28,BOA VISTA,Entrada inopinada do pedestre,Atropelamento de Pedestre,Com Vítimas Fatais,Plena Noite,Decrescente,Ignorado,Simples,Reta,Não,2,1,0,1,0,0,1,2,-7.292209,-36.305275,SPRF-PB,DEL02-PB,UOP02-DEL02-PB
592287.0,2024-04-06,sábado,22:40:00,PB,230,69,SOBRADO,Animais na Pista,Colisão com objeto,Com Vítimas Feridas,Plena Noite,Crescente,Céu Claro,Dupla,Reta,Sim,2,0,2,0,0,0,2,1,-7.1887,-35.2151,SPRF-PB,DEL01-PB,UOP03-DEL01-PB
592415.0,2024-04-07,domingo,10:10:00,PB,230,350,PATOS,Ausência de reação do condutor,Colisão traseira,Com Vítimas Feridas,Pleno dia,Decrescente,Céu Claro,Simples,Reta,Não,2,0,0,1,1,0,1,2,-6.9504,-37.3885,SPRF-PB,DEL03-PB,UOP01-DEL03-PB
592454.0,2024-04-07,domingo,15:55:00,PB,230,"88,9",GURINHEM,Manobra de mudança de faixa,Colisão lateral mesmo sentido,Com Vítimas Feridas,Pleno dia,Crescente,Céu Claro,Dupla,Reta,Sim,4,0,2,0,1,1,2,3,-7.17324089,-35.39492369,SPRF-PB,DEL01-PB,UOP03-DEL01-PB
592506.0,2024-04-07,domingo,20:00:00,PB,230,37,SANTA RITA,Ingestão de álcool pelo condutor,Saída de leito carroçável,Sem Vítimas,Plena Noite,Crescente,Céu Claro,Dupla,Reta,Sim,2,0,0,0,2,0,0,1,-7.13106399,-34.95620012,SPRF-PB,DEL01-PB,UOP03-DEL01-PB
592515.0,2024-04-07,domingo,18:55:00,PB,104,"115,3",LAGOA SECA,Reação tardia ou ineficiente do condutor,Colisão frontal,Com Vítimas Feridas,Plena Noite,Decrescente,Céu Claro,Simples,Aclive;Reta,Não,4,0,3,1,0,0,4,2,-7.1620139,-35.85712429,SPRF-PB,DEL02-PB,UOP04-DEL02-PB
592535.0,2024-04-07,domingo,22:30:00,PB,230,8,CABEDELO,Ausência de reação do condutor,Colisão com objeto,Sem Vítimas,Plena Noite,Decrescente,Céu Claro,Dupla,Reta,Sim,1,0,0,0,1,0,0,1,-7.03460251,-34.84463096,SPRF-PB,DEL01-PB,UOP01-DEL01-PB
592550.0,2024-04-08,segunda-feira,00:30:00,PB,101,69,SANTA RITA,Acumulo de água sobre o pavimento,Saída de leito carroçável,Com Vítimas Feridas,Plena Noite,Crescente,Chuva,Dupla,Reta,Não,1,0,1,0,0,0,1,1,-7.06071589,-35.01964495,SPRF-PB,DEL01-PB,UOP04-DEL01-PB
592717.0,2024-04-08,segunda-feira,18:30:00,PB,101,"84,1",BAYEUX,Reação tardia ou ineficiente do condutor,Colisão com objeto,Sem Vítimas,Plena Noite,Decrescente,Céu Claro,Dupla,Reta,Sim,1,0,0,0,1,0,0,1,-7.13957906,-34.92312806,SPRF-PB,DEL01-PB,UOP01-DEL01-PB
592742.0,2024-04-08,segunda-feira,20:11:00,PB,101,88,JOAO PESSOA,Ausência de reação do condutor,Colisão traseira,Com Vítimas Feridas,Plena Noite,Crescente,Céu Claro,Dupla,Reta,Sim,3,0,2,0,0,1,2,2,-7.16470016,-34.89993643,SPRF-PB,DEL01-PB,UOP01-DEL01-PB
592858.0,2024-03-31,domingo,03:30:00,PB,230,10,CABEDELO,Avarias e/ou desgaste excessivo no pneu,Eventos atípicos,Sem Vítimas,Amanhecer,Decrescente,Céu Claro,Dupla,Aclive,Não,1,0,0,0,1,0,0,1,-7.0514,-34.8499,SPRF-PB,DEL01-PB,UOP01-DEL01-PB
592873.0,2024-04-09,terça-feira,13:10:00,PB,101,83,BAYEUX,Demais falhas mecânicas ou elétricas,Tombamento,Com Vítimas Feridas,Pleno dia,Decrescente,Céu Claro,Dupla,Reta,Sim,1,0,1,0,0,0,1,1,-7.1337703,-34.92963914,SPRF-PB,DEL01-PB,UOP01-DEL01-PB
592952.0,2024-04-09,terça-feira,19:50:00,PB,361,"4,5",PATOS,Acesso irregular,Colisão frontal,Com Vítimas Feridas,Plena Noite,Decrescente,Céu Claro,Simples,Reta,Sim,2,0,1,0,1,0,1,2,-7.03208047,-37.29365088,SPRF-PB,DEL03-PB,UOP01-DEL03-PB
592953.0,2024-04-09,terça-feira,20:15:00,PB,230,26,JOAO PESSOA,Avarias e/ou desgaste excessivo no pneu,Tombamento,Com Vítimas Feridas,Plena Noite,Crescente,Céu Claro,Dupla,Aclive;Reta,Sim,1,0,1,0,0,0,1,1,-7.1693,-34.8782,SPRF-PB,DEL01-PB,UOP01-DEL01-PB
592979.0,2024-04-09,terça-feira,21:50:00,PB,104,140,QUEIMADAS,Transitar na contramão,Colisão frontal,Com Vítimas Feridas,Plena Noite,Crescente,Chuva,Simples,Reta,Sim,2,0,1,0,1,0,1,2,-7.37289808,-35.89884639,SPRF-PB,DEL02-PB,UOP03-DEL02-PB
593007.0,2024-04-10,quarta-feira,06:50:00,PB,101,88,JOAO PESSOA,Pista Escorregadia,Tombamento,Com Vítimas Feridas,Pleno dia,Decrescente,Céu Claro,Dupla,Interseção de Vias,Sim,2,0,1,0,0,1,1,1,-7.16470016,-34.89993643,SPRF-PB,DEL01-PB,UOP01-DEL01-PB
593040.0,2024-04-10,quarta-feira,08:20:00,PB,101,"49,9",RIO TINTO,Condutor Dormindo,Colisão com objeto,Com Vítimas Feridas,Pleno dia,Decrescente,Nublado,Dupla,Reta,Não,1,0,1,0,0,0,1,1,-6.91464699,-35.11263198,SPRF-PB,DEL01-PB,UOP04-DEL01-PB
593042.0,2024-04-10,quarta-feira,09:05:00,PB,230,25,JOAO PESSOA,Acessar a via sem observar a presença dos outros veículos,Colisão lateral mesmo sentido,Com Vítimas Feridas,Pleno dia,Decrescente,Céu Claro,Dupla,Interseção de Vias;Reta,Sim,3,0,2,0,0,1,2,2,-7.1707,-34.8684,SPRF-PB,DEL01-PB,UOP01-DEL01-PB
593056.0,2024-04-10,quarta-feira,10:00:00,PB,230,"12,5",CABEDELO,Reação tardia ou ineficiente do condutor,Engavetamento,Com Vítimas Feridas,Pleno dia,Crescente,Céu Claro,Dupla,Reta,Sim,4,0,1,0,3,0,1,4,-7.068,-34.85,SPRF-PB,DEL01-PB,UOP01-DEL01-PB
593249.0,2024-04-11,quinta-feira,09:50:00,PB,101,85,BAYEUX,Reação tardia ou ineficiente do condutor,Colisão com objeto,Com Vítimas Feridas,Pleno dia,Crescente,Céu Claro,Dupla,Reta;Retorno Regulamentado,Sim,2,0,2,0,0,0,2,1,-7.15007708,-34.9112463,SPRF-PB,DEL01-PB,UOP01-DEL01-PB
593295.0,2024-04-11,quinta-feira,14:50:00,PB,230,125,RIACHAO DO BACAMARTE,Velocidade Incompatível,Colisão com objeto,Com Vítimas Feridas,Pleno dia,Crescente,Nublado,Simples,Aclive;Curva,Não,1,0,1,0,0,0,1,1,-7.253204,-35.688195,SPRF-PB,DEL02-PB,UOP01-DEL02-PB
593356.0,2024-04-11,quinta-feira,20:10:00,PB,101,52,SANTA RITA,Acesso irregular,Colisão transversal,Com Vítimas Fatais,Plena Noite,Crescente,Céu Claro,Dupla,Reta,Não,2,1,0,0,1,0,0,2,-6.93821564,-35.09935736,SPRF-PB,DEL01-PB,UOP04-DEL01-PB
593365.0,2024-04-11,quinta-feira,22:02:00,PB,230,28,JOAO PESSOA,Frear bruscamente,Tombamento,Com Vítimas Feridas,Plena Noite,Crescente,Céu Claro,Dupla,Reta,Sim,1,0,1,0,0,0,1,1,-7.1651,-34.8941,SPRF-PB,DEL01-PB,UOP01-DEL01-PB
593434.0,2024-04-12,sexta-feira,10:20:00,PB,101,97,CONDE,Acumulo de água sobre o pavimento,Colisão com objeto,Sem Vítimas,Pleno dia,Decrescente,Chuva,Dupla,Reta,Sim,1,0,0,0,1,0,0,1,-7.23846306,-34.9268519,SPRF-PB,DEL01-PB,UOP02-DEL01-PB
593469.0,2024-04-12,sexta-feira,12:50:00,PB,230,"157,7",CAMPINA GRANDE,Acessar a via sem observar a presença dos outros veículos,Colisão transversal,Com Vítimas Feridas,Pleno dia,Crescente,Céu Claro,Simples,Reta;Interseção de Vias,Sim,2,0,0,1,1,0,1,2,-7.2693,-35.9138,SPRF-PB,DEL02-PB,UOP01-DEL02-PB
593483.0,2024-04-12,sexta-feira,13:37:00,PB,101,63,SANTA RITA,Ausência de reação do condutor,Queda de ocupante de veículo,Com Vítimas Feridas,Pleno dia,Crescente,Céu Claro,Dupla,Aclive,Não,2,0,1,1,0,0,2,1,-7.02710902,-35.05990203,SPRF-PB,DEL01-PB,UOP04-DEL01-PB
593542.0,2024-04-12,sexta-feira,18:30:00,PB,230,27,JOAO PESSOA,Reação tardia ou ineficiente do condutor,Colisão traseira,Com Vítimas Feridas,Plena Noite,Decrescente,Céu Claro,Múltipla,Declive,Não,2,0,1,0,1,0,1,2,-7.1677,-34.8855,SPRF-PB,DEL01-PB,UOP01-DEL01-PB
593550.0,2024-04-12,sexta-feira,18:35:00,PB,101,"98,5",CONDE,Condutor Dormindo,Saída de leito carroçável,Sem Vítimas,Plena Noite,Crescente,Céu Claro,Dupla,Reta,Não,1,0,0,0,0,1,0,1,-7.24692282,-34.93113937,SPRF-PB,DEL01-PB,UOP02-DEL01-PB
593584.0,2024-04-12,sexta-feira,18:22:00,PB,230,469,SOUSA,Acessar a via sem observar a presença dos outros veículos,Colisão frontal,Com Vítimas Feridas,Plena Noite,Decrescente,Céu Claro,Simples,Reta,Não,2,0,0,1,1,0,1,2,-6.7839,-38.2775,SPRF-PB,DEL03-PB,UOP03-DEL03-PB
593678.0,2024-04-13,sábado,07:40:00,PB,230,406,POMBAL,Frear bruscamente,Colisão transversal,Com Vítimas Feridas,Pleno dia,Crescente,Céu Claro,Simples,Reta,Sim,2,0,1,0,1,0,1,2,-6.7842,-37.7987,SPRF-PB,DEL03-PB,UOP02-DEL03-PB
593711.0,2024-04-13,sábado,11:30:00,PB,230,"158,6",CAMPINA GRANDE,Acessar a via sem observar a presença dos outros veículos,Colisão transversal,Com Vítimas Feridas,Pleno dia,Crescente,Céu Claro,Simples,Retorno Regulamentado,Sim,3,0,1,0,2,0,1,2,-7.2582,-35.9267,SPRF-PB,DEL02-PB,UOP01-DEL02-PB
593760.0,2024-04-13,sábado,17:50:00,PB,230,490,SAO JOAO DO RIO DO PEIXE,Ingestão de álcool pelo condutor,Saída de leito carroçável,Sem Vítimas,Plena Noite,Decrescente,Céu Claro,Simples,Reta,Não,1,0,0,0,0,1,0,1,-6.8676,-38.4242,SPRF-PB,DEL03-PB,UOP03-DEL03-PB
594015.0,2024-04-14,domingo,18:25:00,PB,230,"146,6",CAMPINA GRANDE,Transitar na contramão,Colisão frontal,Com Vítimas Feridas,Plena Noite,Crescente,Chuva,Dupla,Aclive,Sim,3,0,0,1,1,1,1,3,-7.2468,-35.8484,SPRF-PB,DEL02-PB,UOP01-DEL02-PB
594056.0,2024-04-15,segunda-feira,00:46:00,PB,230,18,JOAO PESSOA,Condutor Dormindo,Colisão lateral mesmo sentido,Com Vítimas Feridas,Plena Noite,Decrescente,Nublado,Dupla,Reta,Sim,3,0,3,0,0,0,3,3,-7.1198,-34.8453,SPRF-PB,DEL01-PB,UOP01-DEL01-PB
594087.0,2024-04-15,segunda-feira,06:30:00,PB,230,25,JOAO PESSOA,Condutor deixou de manter distância do veículo da frente,Engavetamento,Sem Vítimas,Pleno dia,Decrescente,Garoa/Chuvisco,Múltipla,Reta;Aclive,Sim,8,0,0,0,8,0,0,8,-7.1707,-34.8684,SPRF-PB,DEL01-PB,UOP01-DEL01-PB
594090.0,2024-04-15,segunda-feira,06:35:00,PB,230,"21,9",JOAO PESSOA,Ausência de reação do condutor,Engavetamento,Com Vítimas Feridas,Pleno dia,Decrescente,Céu Claro,Dupla,Reta,Sim,9,0,2,0,7,0,2,4,-7.1495,-34.8517,SPRF-PB,DEL01-PB,UOP01-DEL01-PB
594094.0,2024-04-15,segunda-feira,07:00:00,PB,230,26,JOAO PESSOA,Manobra de mudança de faixa,Colisão lateral mesmo sentido,Com Vítimas Feridas,Pleno dia,Crescente,Céu Claro,Dupla,Reta,Sim,3,0,2,0,1,0,2,2,-7.1685039,-34.88339424,SPRF-PB,DEL01-PB,UOP01-DEL01-PB
594096.0,2024-04-15,segunda-feira,07:35:00,PB,230,"21,5",JOAO PESSOA,Ausência de reação do condutor,Tombamento,Com Vítimas Feridas,Pleno dia,Decrescente,Céu Claro,Dupla,Curva,Sim,1,0,1,0,0,0,1,1,-7.1415,-34.8519,SPRF-PB,DEL01-PB,UOP01-DEL01-PB
594100.0,2024-04-15,segunda-feira,07:25:00,PB,101,"106,7",ALHANDRA,Avarias e/ou desgaste excessivo no pneu,Tombamento,Com Vítimas Feridas,Pleno dia,Decrescente,Sol,Dupla,Reta;Declive,Não,2,0,1,1,0,0,2,1,-7.3259263,-34.94697332,SPRF-PB,DEL01-PB,UOP02-DEL01-PB
594186.0,2024-04-15,segunda-feira,16:30:00,PB,101,"84,7",BAYEUX,Afundamento ou ondulação no pavimento,Tombamento,Com Vítimas Feridas,Pleno dia,Decrescente,Céu Claro,Dupla,Reta,Sim,1,0,1,0,0,0,1,1,-7.13957906,-34.92312806,SPRF-PB,DEL01-PB,UOP01-DEL01-PB
594293.0,2024-04-16,terça-feira,07:35:00,PB,101,83,BAYEUX,Ausência de reação do condutor,Colisão traseira,Com Vítimas Feridas,Pleno dia,Crescente,Sol,Dupla,Viaduto;Reta,Sim,4,0,1,0,3,0,1,3,-7.12823596,-34.93893385,SPRF-PB,DEL01-PB,UOP01-DEL01-PB
594453.0,2024-04-17,quarta-feira,06:00:00,PB,101,122,CAAPORA,Ausência de reação do condutor,Colisão traseira,Com Vítimas Feridas,Pleno dia,Decrescente,Céu Claro,Dupla,Reta;Aclive,Não,1,0,1,0,0,0,1,1,-7.45038197,-34.97994215,SPRF-PB,DEL01-PB,UOP02-DEL01-PB
594478.0,2024-04-17,quarta-feira,07:50:00,PB,230,19,JOAO PESSOA,Demais falhas mecânicas ou elétricas,Tombamento,Com Vítimas Feridas,Pleno dia,Decrescente,Céu Claro,Dupla,Curva,Sim,2,0,2,0,0,0,2,1,-7.1281,-34.8466,SPRF-PB,DEL01-PB,UOP01-DEL01-PB
594587.0,2024-04-17,quarta-feira,18:20:00,PB,230,112,INGA,Condutor deixou de manter distância do veículo da frente,Colisão traseira,Sem Vítimas,Plena Noite,Crescente,Nublado,Dupla,Reta,Não,2,0,0,0,2,0,0,2,-7.2117,-35.5822,SPRF-PB,DEL01-PB,UOP03-DEL01-PB
594741.0,2024-04-18,quinta-feira,13:45:00,PB,230,"16,8",JOAO PESSOA,Reação tardia ou ineficiente do condutor,Colisão traseira,Com Vítimas Feridas,Pleno dia,Crescente,Céu Claro,Múltipla,Reta,Sim,2,0,1,0,1,0,1,2,-7.1039,-34.8458,SPRF-PB,DEL01-PB,UOP01-DEL01-PB
594778.0,2024-04-18,quinta-feira,18:15:00,PB,230,19,JOAO PESSOA,Acessar a via sem observar a presença dos outros veículos,Colisão lateral mesmo sentido,Com Vítimas Feridas,Plena Noite,Crescente,Céu Claro,Dupla,Reta,Não,2,0,1,0,1,0,1,2,-7.1281,-34.8466,SPRF-PB,DEL01-PB,UOP01-DEL01-PB
594933.0,2024-04-19,sexta-feira,11:40:00,PB,230,"158,5",CAMPINA GRANDE,Desrespeitar a preferência no cruzamento,Colisão transversal,Com Vítimas Feridas,Pleno dia,Crescente,Céu Claro,Simples,Rotatória;Reta,Não,2,0,2,0,0,0,2,2,-7.2582,-35.9267,SPRF-PB,DEL02-PB,UOP01-DEL02-PB
594937.0,2024-04-19,sexta-feira,09:40:00,PB,230,415,POMBAL,Acessar a via sem observar a presença dos outros veículos,Colisão transversal,Com Vítimas Feridas,Pleno dia,Crescente,Céu Claro,Simples,Reta;Declive,Não,2,0,2,0,0,0,2,2,-6.7174,-37.8107,SPRF-PB,DEL03-PB,UOP02-DEL03-PB
594977.0,2024-03-31,domingo,18:00:00,PB,110,"76,5",PATOS,Reação tardia ou ineficiente do condutor,Saída de leito carroçável,Com Vítimas Feridas,Plena Noite,Crescente,Chuva,Simples,Interseção de Vias;Declive,Não,2,0,2,0,0,0,2,1,-6.93528683,-37.40673626,SPRF-PB,DEL03-PB,UOP01-DEL03-PB
594978.0,2024-04-19,sexta-feira,09:20:00,PB,230,"162,3",CAMPINA GRANDE,Acessar a via sem observar a presença dos outros veículos,Colisão transversal,Com Vítimas Feridas,Pleno dia,Crescente,Céu Claro,Simples,Reta,Não,4,0,2,1,1,0,3,2,-7.2277,-35.9439,SPRF-PB,DEL02-PB,UOP01-DEL02-PB
595085.0,2024-04-19,sexta-feira,21:50:00,PB,230,166,CAMPINA GRANDE,Acesso irregular,Colisão transversal,Com Vítimas Feridas,Plena Noite,Decrescente,Céu Claro,Simples,Reta,Sim,3,0,0,2,1,0,2,2,-7.1976,-35.955,SPRF-PB,DEL02-PB,UOP02-DEL02-PB
595166.0,2024-04-20,sábado,08:30:00,PB,230,27,JOAO PESSOA,Velocidade Incompatível,Colisão com objeto,Com Vítimas Feridas,Pleno dia,Decrescente,Chuva,Dupla,Curva,Sim,2,0,1,0,1,0,1,1,-7.16603451,-34.89461405,SPRF-PB,DEL01-PB,UOP01-DEL01-PB
595237.0,2024-04-20,sábado,16:00:00,PB,230,"221,4",SOLEDADE,Transitar na contramão,Colisão transversal,Com Vítimas Feridas,Pleno dia,Crescente,Nublado,Simples,Reta,Não,2,0,1,0,1,0,1,2,-7.038847,-36.417368,SPRF-PB,DEL02-PB,UOP02-DEL02-PB
595278.0,2024-04-20,sábado,18:40:00,PB,104,"144,3",QUEIMADAS,Animais na Pista,Atropelamento de Animal,Com Vítimas Feridas,Plena Noite,Decrescente,Nublado,Simples,Reta;Aclive,Não,2,0,1,0,1,0,1,1,-7.41378301,-35.89590012,SPRF-PB,DEL02-PB,UOP03-DEL02-PB
595322.0,2024-04-20,sábado,18:00:00,PB,230,"405,6",POMBAL,Ausência de reação do condutor,Queda de ocupante de veículo,Com Vítimas Feridas,Plena Noite,Crescente,Céu Claro,Simples,Reta,Sim,2,0,1,0,0,1,1,1,-6.7888,-37.7923,SPRF-PB,DEL03-PB,UOP02-DEL03-PB
595349.0,2024-04-21,domingo,00:20:00,PB,230,156,CAMPINA GRANDE,Entrada inopinada do pedestre,Atropelamento de Pedestre,Com Vítimas Feridas,Plena Noite,Decrescente,Nublado,Simples,Reta;Em Obras,Sim,2,0,1,1,0,0,2,2,-7.2693,-35.9138,SPRF-PB,DEL02-PB,UOP01-DEL02-PB
595352.0,2024-04-21,domingo,00:15:00,PB,230,"493,3",CAJAZEIRAS,Ausência de reação do condutor,Queda de ocupante de veículo,Com Vítimas Feridas,Plena Noite,Decrescente,Nublado,Simples,Reta,Não,1,0,0,1,0,0,1,1,-6.875,-38.4488,SPRF-PB,DEL03-PB,UOP03-DEL03-PB
595382.0,2024-04-21,domingo,05:30:00,PB,230,"124,3",RIACHAO DO BACAMARTE,Ingestão de álcool pelo condutor,Saída de leito carroçável,Sem Vítimas,Amanhecer,Crescente,Céu Claro,Dupla,Aclive;Reta,Não,1,0,0,0,1,0,0,1,-7.2465,-35.6751,SPRF-PB,DEL02-PB,UOP01-DEL02-PB
595398.0,2024-04-21,domingo,07:40:00,PB,230,"147,7",CAMPINA GRANDE,Acessar a via sem observar a presença dos outros veículos,Colisão lateral mesmo sentido,Com Vítimas Feridas,Pleno dia,Crescente,Céu Claro,Dupla,Rotatória,Sim,2,0,0,1,1,0,1,2,-7.236332,-35.86762,SPRF-PB,DEL02-PB,UOP01-DEL02-PB
595421.0,2024-04-21,domingo,07:00:00,PB,116,"7,6",CACHOEIRA DOS INDIOS,Reação tardia ou ineficiente do condutor,Saída de leito carroçável,Com Vítimas Feridas,Pleno dia,Crescente,Céu Claro,Simples,Declive;Reta,Não,3,0,3,0,0,0,3,1,-6.961358,-38.725948,SPRF-CE,DEL05-CE,UOP03-DEL05-CE
595463.0,2024-04-21,domingo,16:00:00,PB,101,99,CONDE,Velocidade Incompatível,Tombamento,Com Vítimas Feridas,Pleno dia,Decrescente,Céu Claro,Dupla,Reta,Sim,1,0,1,0,0,0,1,1,-7.2557332,-34.93469152,SPRF-PB,DEL01-PB,UOP02-DEL01-PB
595598.0,2024-04-22,segunda-feira,06:00:00,PB,230,504,CAJAZEIRAS,Animais na Pista,Atropelamento de Animal,Com Vítimas Feridas,Amanhecer,Decrescente,Nublado,Simples,Reta;Interseção de Vias,Sim,1,0,0,1,0,0,1,1,-6.8944,-38.5429,SPRF-PB,DEL03-PB,UOP03-DEL03-PB
595614.0,2024-04-22,segunda-feira,08:00:00,PB,230,"36,5",SANTA RITA,Reação tardia ou ineficiente do condutor,Colisão lateral mesmo sentido,Com Vítimas Feridas,Pleno dia,Crescente,Céu Claro,Dupla,Reta,Sim,2,0,1,0,0,1,1,2,-7.1246,-34.9473,SPRF-PB,DEL01-PB,UOP03-DEL01-PB
595622.0,2024-04-22,segunda-feira,07:50:00,PB,230,132,MASSARANDUBA,Condutor Dormindo,Saída de leito carroçável,Com Vítimas Feridas,Pleno dia,Crescente,Nublado,Dupla,Curva,Não,2,0,2,0,0,0,2,1,-7.2774,-35.7367,SPRF-PB,DEL02-PB,UOP01-DEL02-PB
595725.0,2024-04-22,segunda-feira,17:42:00,PB,101,86,JOAO PESSOA,Manobra de mudança de faixa,Colisão lateral mesmo sentido,Com Vítimas Feridas,Anoitecer,Crescente,Céu Claro,Dupla,Reta,Sim,3,0,1,0,2,0,1,3,-7.15118983,-34.91012184,SPRF-PB,DEL01-PB,UOP01-DEL01-PB
595739.0,2024-04-22,segunda-feira,18:10:00,PB,230,19,JOAO PESSOA,Trafegar com motocicleta (ou similar) entre as faixas,Tombamento,Com Vítimas Feridas,Plena Noite,Crescente,Nublado,Dupla,Reta,Sim,1,0,0,1,0,0,1,1,-7.1281,-34.8466,SPRF-PB,DEL01-PB,UOP01-DEL01-PB
595800.0,2024-04-23,terça-feira,07:20:00,PB,230,"17,1",JOAO PESSOA,Acessar a via sem observar a presença dos outros veículos,Colisão lateral mesmo sentido,Com Vítimas Feridas,Pleno dia,Decrescente,Céu Claro,Dupla,Retorno Regulamentado;Curva,Sim,2,0,0,1,0,1,1,2,-7.1121,-34.8426,SPRF-PB,DEL01-PB,UOP01-DEL01-PB
595934.0,2024-04-23,terça-feira,20:00:00,PB,230,334,PATOS,Suicídio (presumido),Sinistro pessoal de trânsito,Com Vítimas Feridas,Plena Noite,Crescente,Céu Claro,Simples,Reta,Não,3,0,0,1,0,2,1,2,-7.018,-37.2589,SPRF-PB,DEL03-PB,UOP01-DEL03-PB
595953.0,2024-04-23,terça-feira,23:55:00,PB,230,87,GURINHEM,Velocidade Incompatível,Saída de leito carroçável,Com Vítimas Feridas,Plena Noite,Crescente,Céu Claro,Dupla,Retorno Regulamentado;Declive;Reta,Não,2,0,2,0,0,0,2,1,-7.16946194,-35.37741423,SPRF-PB,DEL01-PB,UOP03-DEL01-PB
596008.0,2024-04-24,quarta-feira,08:35:00,PB,230,"22,6",JOAO PESSOA,Reação tardia ou ineficiente do condutor,Colisão lateral mesmo sentido,Com Vítimas Feridas,Pleno dia,Decrescente,Sol,Dupla,Reta,Sim,2,0,1,0,1,0,1,2,-7.15558449,-34.85679388,SPRF-PB,DEL01-PB,UOP01-DEL01-PB
596292.0,2024-04-25,quinta-feira,14:00:00,PB,230,"164,7",CAMPINA GRANDE,Demais falhas mecânicas ou elétricas,Incêndio,Sem Vítimas,Pleno dia,Crescente,Sol,Simples,Aclive;Reta,Não,1,0,0,0,1,0,0,1,-7.21179,-35.951036,SPRF-PB,DEL02-PB,UOP01-DEL02-PB
596403.0,2024-04-26,sexta-feira,06:15:00,PB,101,"105,7",ALHANDRA,Ausência de reação do condutor,Colisão com objeto,Com Vítimas Fatais,Pleno dia,Crescente,Garoa/Chuvisco,Dupla,Curva,Não,5,1,1,1,2,0,2,1,-7.30814609,-34.94344185,SPRF-PB,DEL01-PB,UOP02-DEL01-PB