id,data_inversa,dia_semana,horario,uf,br,km,municipio,causa_acidente,tipo_acidente,classificacao_acidente,fase_dia,sentido_via,condicao_metereologica,tipo_pista,tracado_via,uso_solo,pessoas,mortos,feridos_leves,feridos_graves,ilesos,ignorados,feridos,veiculos,latitude,longitude,regional,delegacia,uop
596411.0,2024-04-26,sexta-feira,07:13:00,PB,230,89,GURINHEM,Reação tardia ou ineficiente do condutor,Queda de ocupante de veículo,Com Vítimas Feridas,Pleno dia,Crescente,Chuva,Dupla,Reta,Sim,2,0,1,0,1,0,1,1,-7.1708,-35.3831,SPRF-PB,DEL01-PB,UOP03-DEL01-PB
596456.0,2024-04-26,sexta-feira,08:30:00,PB,104,114,LAGOA SECA,Ausência de reação do condutor,Colisão lateral mesmo sentido,Com Vítimas Feridas,Pleno dia,Crescente,Chuva,Simples,Reta,Sim,2,0,1,0,1,0,1,2,-7.1620139,-35.85712429,SPRF-PB,DEL02-PB,UOP04-DEL02-PB
596596.0,2024-04-26,sexta-feira,19:10:00,PB,412,"44,7",SAO JOAO DO CARIRI,Acessar a via sem observar a presença dos outros veículos,Colisão lateral sentido oposto,Com Vítimas Feridas,Plena Noite,Decrescente,Nublado,Simples,Reta;Interseção de Vias,Não,3,0,2,0,1,0,2,2,-7.339356,-36.437454,SPRF-PB,DEL02-PB,UOP02-DEL02-PB
596720.0,2024-04-27,sábado,11:31:00,PB,230,20,JOAO PESSOA,Reação tardia ou ineficiente do condutor,Tombamento,Com Vítimas Feridas,Pleno dia,Decrescente,Céu Claro,Dupla,Curva,Não,2,0,2,0,0,0,2,1,-7.1337,-34.8544,SPRF-PB,DEL01-PB,UOP01-DEL01-PB
596757.0,2024-04-27,sábado,14:45:00,PB,230,367,MALTA,Condutor deixou de manter distância do veículo da frente,Colisão traseira,Com Vítimas Feridas,Pleno dia,Crescente,Céu Claro,Simples,Reta,Sim,5,0,1,0,4,0,1,2,-6.9048,-37.5252,SPRF-PB,DEL03-PB,UOP02-DEL03-PB
596789.0,2024-04-27,sábado,20:32:00,PB,230,"1,6",CABEDELO,Acessar a via sem observar a presença dos outros veículos,Colisão frontal,Com Vítimas Feridas,Plena Noite,Decrescente,Céu Claro,Simples,Reta,Sim,2,0,0,1,1,0,1,2,-6.9753,-34.8318,SPRF-PB,DEL01-PB,UOP01-DEL01-PB
596812.0,2024-04-27,sábado,18:49:00,PB,230,2,CABEDELO,Acessar a via sem observar a presença dos outros veículos,Colisão traseira,Sem Vítimas,Plena Noite,Crescente,Céu Claro,Dupla,Rotatória,Sim,4,0,0,0,4,0,0,2,-6.9837,-34.8295,SPRF-PB,DEL01-PB,UOP01-DEL01-PB
596837.0,2024-04-27,sábado,22:40:00,PB,230,"0,2",PATOS,Ingestão de álcool pelo condutor,Colisão com objeto,Sem Vítimas,Plena Noite,Crescente,Céu Claro,Simples,Reta,Sim,1,0,0,0,0,1,0,1,-7.024862,-37.280304,SPRF-PB,DEL03-PB,UOP01-DEL03-PB
596850.0,2024-04-28,domingo,01:36:00,PB,230,89,GURINHEM,Transitar na contramão,Colisão frontal,Com Vítimas Fatais,Plena Noite,Decrescente,Céu Claro,Dupla,Reta,Sim,7,1,3,3,0,0,6,5,-7.173587,-35.395921,SPRF-PB,DEL01-PB,UOP03-DEL01-PB
596859.0,2024-04-28,domingo,02:31:00,PB,101,84,BAYEUX,Ausência de reação do condutor,Colisão com objeto,Com Vítimas Feridas,Plena Noite,Crescente,Céu Claro,Dupla,Reta,Sim,2,0,0,1,0,1,1,2,-7.13957906,-34.92312806,SPRF-PB,DEL01-PB,UOP01-DEL01-PB
596901.0,2024-04-28,domingo,04:30:00,PB,110,"183,2",MONTEIRO,Reação tardia ou ineficiente do condutor,Colisão com objeto,Com Vítimas Fatais,Amanhecer,Decrescente,Céu Claro,Simples,Reta,Não,2,1,0,1,0,0,1,1,-7.90446874,-37.13829723,SPRF-PB,DEL02-PB,UOP02-DEL02-PB
597042.0,2024-04-28,domingo,19:45:00,PB,230,"1,2",CABEDELO,Reação tardia ou ineficiente do condutor,Atropelamento de Pedestre,Com Vítimas Feridas,Plena Noite,Crescente,Chuva,Simples,Reta,Sim,2,0,2,0,0,0,2,2,-6.97528897,-34.83170271,SPRF-PB,DEL01-PB,UOP01-DEL01-PB
597056.0,2024-04-28,domingo,19:20:00,PB,230,"508,5",CAJAZEIRAS,Ingestão de álcool pelo condutor,Colisão frontal,Com Vítimas Feridas,Plena Noite,Decrescente,Céu Claro,Simples,Reta,Sim,2,0,0,1,1,0,1,2,-6.8988,-38.5722,SPRF-PB,DEL03-PB,UOP03-DEL03-PB
597066.0,2024-04-28,domingo,21:40:00,PB,230,18,JOAO PESSOA,Acumulo de água sobre o pavimento,Tombamento,Com Vítimas Feridas,Plena Noite,Crescente,Chuva,Dupla,Curva,Não,2,0,2,0,0,0,2,1,-7.1198,-34.8453,SPRF-PB,DEL01-PB,UOP01-DEL01-PB
597140.0,2024-04-29,segunda-feira,06:32:00,PB,230,21,JOAO PESSOA,Acostamento em desnível,Colisão transversal,Com Vítimas Feridas,Pleno dia,Crescente,Chuva,Dupla,Reta,Sim,2,0,1,0,1,0,1,2,-7.1415,-34.8519,SPRF-PB,DEL01-PB,UOP01-DEL01-PB
597209.0,2024-04-29,segunda-feira,11:20:00,PB,405,"27,8",SAO JOAO DO RIO DO PEIXE,Condutor Dormindo,Saída de leito carroçável,Com Vítimas Feridas,Pleno dia,Crescente,Céu Claro,Simples,Reta;Aclive,Não,2,0,2,0,0,0,2,1,-6.676013,-38.440819,SPRF-PB,DEL03-PB,UOP03-DEL03-PB
597335.0,2024-04-30,terça-feira,00:09:00,PB,230,40,SANTA RITA,Ausência de reação do condutor,Tombamento,Com Vítimas Feridas,Plena Noite,Crescente,Céu Claro,Dupla,Reta,Não,1,0,1,0,0,0,1,1,-7.1414,-34.9778,SPRF-PB,DEL01-PB,UOP03-DEL01-PB
597363.0,2024-04-30,terça-feira,07:15:00,PB,230,504,CAJAZEIRAS,Acessar a via sem observar a presença dos outros veículos,Colisão transversal,Com Vítimas Feridas,Pleno dia,Crescente,Céu Claro,Simples,Rotatória;Reta,Sim,2,0,1,0,0,1,1,2,-6.8995,-38.5494,SPRF-PB,DEL03-PB,UOP03-DEL03-PB
597441.0,2024-04-30,terça-feira,10:40:00,PB,427,37,POMBAL,Acessar a via sem observar a presença dos outros veículos,Colisão transversal,Com Vítimas Feridas,Pleno dia,Crescente,Céu Claro,Simples,Interseção de Vias,Sim,4,0,1,0,3,0,1,2,-6.77010454,-37.79630542,SPRF-PB,DEL03-PB,UOP02-DEL03-PB
597537.0,2024-04-30,terça-feira,21:20:00,PB,230,475,SOUSA,Acessar a via sem observar a presença dos outros veículos,Colisão transversal,Com Vítimas Feridas,Plena Noite,Crescente,Céu Claro,Simples,Interseção de Vias;Curva,Não,2,0,1,0,1,0,1,2,-6.835686,-38.315195,SPRF-PB,DEL03-PB,UOP03-DEL03-PB
597569.0,2024-05-01,quarta-feira,04:00:00,PB,101,"86,3",BAYEUX,Ausência de reação do condutor,Colisão com objeto,Sem Vítimas,Amanhecer,Crescente,Céu Claro,Dupla,Reta,Sim,1,0,0,0,1,0,0,1,-7.15118983,-34.91012184,SPRF-PB,DEL01-PB,UOP01-DEL01-PB
597614.0,2024-05-01,quarta-feira,13:12:00,PB,230,48,SANTA RITA,Velocidade Incompatível,Saída de leito carroçável,Com Vítimas Feridas,Pleno dia,Crescente,Céu Claro,Dupla,Reta,Não,2,0,0,1,0,1,1,2,-7.174,-35.0397,SPRF-PB,DEL01-PB,UOP03-DEL01-PB
597627.0,2024-05-01,quarta-feira,15:40:00,PB,230,15,CABEDELO,Demais falhas na via,Tombamento,Com Vítimas Feridas,Pleno dia,Crescente,Céu Claro,Simples,Reta,Sim,1,0,0,1,0,0,1,1,-7.093,-34.8482,SPRF-PB,DEL01-PB,UOP01-DEL01-PB
597724.0,2024-05-02,quinta-feira,03:15:00,PB,101,"88,2",JOAO PESSOA,Transitar na contramão,Colisão frontal,Com Vítimas Feridas,Plena Noite,Crescente,Céu Claro,Dupla,Curva;Viaduto,Sim,3,0,2,0,0,1,2,2,-7.16470016,-34.89993643,SPRF-PB,DEL01-PB,UOP01-DEL01-PB
597792.0,2024-05-02,quinta-feira,11:00:00,PB,230,333,PATOS,Acessar a via sem observar a presença dos outros veículos,Colisão transversal,Com Vítimas Feridas,Pleno dia,Decrescente,Céu Claro,Simples,Reta,Sim,2,0,1,0,1,0,1,2,-7.0173,-37.2249,SPRF-PB,DEL03-PB,UOP01-DEL03-PB
597830.0,2024-05-02,quinta-feira,14:45:00,PB,405,"33,6",SAO JOAO DO RIO DO PEIXE,Ausência de reação do condutor,Colisão com objeto,Com Vítimas Feridas,Pleno dia,Crescente,Céu Claro,Simples,Ponte,Sim,1,0,1,0,0,0,1,1,-6.733593,-38.447523,SPRF-PB,DEL03-PB,UOP03-DEL03-PB
597836.0,2024-05-02,quinta-feira,16:40:00,PB,230,16,JOAO PESSOA,Ausência de reação do condutor,Colisão traseira,Com Vítimas Feridas,Pleno dia,Crescente,Céu Claro,Dupla,Reta,Sim,2,0,1,0,1,0,1,2,-7.10843413,-34.84353304,SPRF-PB,DEL01-PB,UOP01-DEL01-PB
597999.0,2024-05-03,sexta-feira,13:20:00,PB,230,24,JOAO PESSOA,Ausência de reação do condutor,Engavetamento,Com Vítimas Feridas,Pleno dia,Decrescente,Céu Claro,Dupla,Aclive,Não,5,0,2,0,3,0,2,3,-7.1637,-34.8618,SPRF-PB,DEL01-PB,UOP01-DEL01-PB
598016.0,2024-05-03,sexta-feira,14:30:00,PB,230,15,JOAO PESSOA,Condutor deixou de manter distância do veículo da frente,Engavetamento,Sem Vítimas,Pleno dia,Crescente,Céu Claro,Dupla,Aclive;Reta,Sim,3,0,0,0,3,0,0,3,-7.10383111,-34.84627247,SPRF-PB,DEL01-PB,UOP01-DEL01-PB
598060.0,2024-05-03,sexta-feira,18:20:00,PB,101,113,PEDRAS DE FOGO,Ausência de reação do condutor,Colisão transversal,Com Vítimas Feridas,Plena Noite,Crescente,Nublado,Múltipla,Retorno Regulamentado;Declive,Não,3,0,1,0,2,0,1,2,-7.38423699,-34.95711565,SPRF-PB,DEL01-PB,UOP02-DEL01-PB
598098.0,2024-05-03,sexta-feira,21:20:00,PB,101,91,JOAO PESSOA,Ausência de reação do condutor,Colisão lateral mesmo sentido,Com Vítimas Feridas,Plena Noite,Crescente,Chuva,Dupla,Reta,Não,4,0,1,0,3,0,1,2,-7.18826412,-34.90308264,SPRF-PB,DEL01-PB,UOP02-DEL01-PB
598105.0,2024-05-03,sexta-feira,18:40:00,PB,412,"100,3",SUME,Deficiência do Sistema de Iluminação/Sinalização,Tombamento,Com Vítimas Fatais,Plena Noite,Decrescente,Céu Claro,Simples,Reta,Não,3,1,1,0,1,0,1,2,-7.621209,-36.833584,SPRF-PB,DEL02-PB,UOP02-DEL02-PB
598136.0,2024-04-17,quarta-feira,17:30:00,PB,230,17,JOAO PESSOA,Trafegar com motocicleta (ou similar) entre as faixas,Colisão traseira,Com Vítimas Feridas,Anoitecer,Decrescente,Céu Claro,Dupla,Reta,Sim,2,0,1,0,1,0,1,2,-7.1121,-34.8426,SPRF-PB,DEL01-PB,UOP01-DEL01-PB
598235.0,2024-05-04,sábado,14:55:00,PB,230,48,SANTA RITA,Acessar a via sem observar a presença dos outros veículos,Colisão lateral mesmo sentido,Com Vítimas Feridas,Pleno dia,Decrescente,Nublado,Dupla,Interseção de Vias;Reta,Não,3,0,0,2,0,1,2,2,-7.174,-35.0397,SPRF-PB,DEL01-PB,UOP03-DEL01-PB
598271.0,2024-05-04,sábado,17:05:00,PB,230,12,CABEDELO,Acessar a via sem observar a presença dos outros veículos,Colisão transversal,Com Vítimas Feridas,Anoitecer,Crescente,Chuva,Múltipla,Retorno Regulamentado;Reta;Em Obras,Sim,3,0,0,1,2,0,1,3,-7.07298723,-34.84977007,SPRF-PB,DEL01-PB,UOP01-DEL01-PB
598274.0,2024-05-04,sábado,17:00:00,PB,230,"117,8",INGA,Reação tardia ou ineficiente do condutor,Saída de leito carroçável,Com Vítimas Feridas,Pleno dia,Decrescente,Céu Claro,Dupla,Reta,Não,2,0,1,0,1,0,1,1,-7.2393,-35.6128,SPRF-PB,DEL02-PB,UOP01-DEL02-PB
598380.0,2024-05-05,domingo,05:12:00,PB,101,85,BAYEUX,Ausência de reação do condutor,Colisão traseira,Sem Vítimas,Pleno dia,Crescente,Céu Claro,Dupla,Reta,Sim,2,0,0,0,2,0,0,2,-7.14538184,-34.91662887,SPRF-PB,DEL01-PB,UOP01-DEL01-PB
598387.0,2024-05-04,sábado,23:10:00,PB,361,103,PIANCO,Animais na Pista,Atropelamento de Animal,Com Vítimas Feridas,Plena Noite,Crescente,Nublado,Simples,Reta,Não,5,0,2,3,0,0,5,3,-7.26918302,-38.06443198,SPRF-PB,DEL03-PB,UOP01-DEL03-PB
598475.0,2024-05-05,domingo,16:39:00,PB,101,"39,2",MAMANGUAPE,Reação tardia ou ineficiente do condutor,Colisão com objeto,Com Vítimas Feridas,Pleno dia,Decrescente,Céu Claro,Dupla,Reta;Em Obras,Não,1,0,0,1,0,0,1,1,-6.82975098,-35.13756194,SPRF-PB,DEL01-PB,UOP04-DEL01-PB
598584.0,2024-05-06,segunda-feira,05:50:00,PB,101,"83,3",BAYEUX,Trafegar com motocicleta (ou similar) entre as faixas,Colisão traseira,Com Vítimas Fatais,Pleno dia,Crescente,Céu Claro,Dupla,Reta,Sim,3,1,1,0,1,0,1,2,-7.12770366,-34.939996,SPRF-PB,DEL01-PB,UOP01-DEL01-PB
598735.0,2024-05-06,segunda-feira,19:40:00,PB,230,1,CABEDELO,Ultrapassagem Indevida,Colisão transversal,Com Vítimas Feridas,Plena Noite,Decrescente,Céu Claro,Simples,Reta,Sim,2,0,1,0,1,0,1,2,-6.97697157,-34.83126283,SPRF-PB,DEL01-PB,UOP01-DEL01-PB
598785.0,2024-05-07,terça-feira,07:50:00,PB,230,23,JOAO PESSOA,Ausência de reação do condutor,Colisão traseira,Com Vítimas Feridas,Pleno dia,Decrescente,Sol,Dupla,Reta,Sim,4,0,1,1,2,0,2,3,-7.1562,-34.8574,SPRF-PB,DEL01-PB,UOP01-DEL01-PB
599078.0,2024-05-08,quarta-feira,16:00:00,PB,230,24,JOAO PESSOA,Ausência de reação do condutor,Colisão traseira,Com Vítimas Feridas,Pleno dia,Decrescente,Céu Claro,Simples,Aclive;Reta;Viaduto,Não,2,0,0,1,1,0,1,2,-7.1637,-34.8618,SPRF-PB,DEL01-PB,UOP01-DEL01-PB
599080.0,2024-05-08,quarta-feira,16:10:00,PB,101,99,ALHANDRA,Avarias e/ou desgaste excessivo no pneu,Saída de leito carroçável,Sem Vítimas,Pleno dia,Crescente,Céu Claro,Dupla,Reta,Não,1,0,0,0,1,0,0,1,-7.2557332,-34.93469152,SPRF-PB,DEL01-PB,UOP02-DEL01-PB
599109.0,2024-05-04,sábado,13:18:00,PB,230,51,CRUZ DO ESPIRITO SANTO,Reação tardia ou ineficiente do condutor,Saída de leito carroçável,Com Vítimas Feridas,Pleno dia,Decrescente,Céu Claro,Dupla,Reta,Não,5,0,1,0,4,0,1,1,-7.1897,-35.0615,SPRF-PB,DEL01-PB,UOP03-DEL01-PB
599153.0,2024-05-08,quarta-feira,18:00:00,PB,104,"145,9",QUEIMADAS,Demais falhas mecânicas ou elétricas,Incêndio,Sem Vítimas,Anoitecer,Decrescente,Nublado,Simples,Curva,Não,1,0,0,0,0,1,0,1,-7.425298,-35.895093,SPRF-PB,DEL02-PB,UOP03-DEL02-PB
599311.0,2024-05-09,quinta-feira,17:10:00,PB,101,"39,1",MAMANGUAPE,Desrespeitar a preferência no cruzamento,Colisão frontal,Com Vítimas Feridas,Anoitecer,Crescente,Chuva,Dupla,Reta;Declive,Sim,2,0,1,1,0,0,2,2,-6.82975098,-35.13756194,SPRF-PB,DEL01-PB,UOP04-DEL01-PB
599331.0,2024-05-09,quinta-feira,18:41:00,PB,230,86,JOAO PESSOA,Ausência de reação do condutor,Colisão traseira,Sem Vítimas,Pleno dia,Crescente,Céu Claro,Dupla,Reta,Sim,2,0,0,0,1,1,0,2,-7.15630814,-34.90708941,SPRF-PB,DEL01-PB,UOP03-DEL01-PB
599373.0,2024-05-09,quinta-feira,21:50:00,PB,104,10,CUITE,Conversão proibida,Colisão frontal,Com Vítimas Feridas,Plena Noite,Decrescente,Chuva,Simples,Curva,Sim,2,0,0,1,1,0,1,2,-6.4848007,-36.14867075,SPRF-PB,DEL02-PB,UOP04-DEL02-PB
599376.0,2024-05-09,quinta-feira,21:45:00,PB,230,"20,2",JOAO PESSOA,Avarias e/ou desgaste excessivo no pneu,Tombamento,Com Vítimas Feridas,Plena Noite,Crescente,Céu Claro,Dupla,Viaduto,Sim,1,0,0,1,0,0,1,1,-7.13791299,-34.85337138,SPRF-PB,DEL01-PB,UOP01-DEL01-PB
599499.0,2024-05-10,sexta-feira,03:40:00,PB,0,0,AREIAL,Reação tardia ou ineficiente do condutor,Colisão traseira,Sem Vítimas,Plena Noite,Não Informado,Céu Claro,Simples,Reta,Sim,1,0,0,0,1,0,0,1,-7.0488793,-35.924387,SPRF-PB,DEL02-PB,UOP02-DEL02-PB
599541.0,2024-03-15,sexta-feira,18:30:00,PB,230,"75,5",SOBRADO,Entrada inopinada do pedestre,Atropelamento de Pedestre,Com Vítimas Fatais,Plena Noite,Decrescente,Céu Claro,Dupla,Reta,Sim,2,1,0,0,0,1,0,2,-7.1908,-35.2682,SPRF-PB,DEL01-PB,UOP03-DEL01-PB
599564.0,2024-05-10,sexta-feira,19:00:00,PB,104,89,REMIGIO,Velocidade Incompatível,Tombamento,Com Vítimas Feridas,Plena Noite,Crescente,Céu Claro,Simples,Aclive;Reta,Sim,1,0,1,0,0,0,1,1,-6.9732572,-35.80905795,SPRF-PB,DEL02-PB,UOP04-DEL02-PB
599603.0,2024-05-10,sexta-feira,20:10:00,PB,104,118,LAGOA SECA,Pedestre andava na pista,Atropelamento de Pedestre,Com Vítimas Feridas,Plena Noite,Decrescente,Céu Claro,Simples,Aclive;Reta,Não,2,0,1,1,0,0,2,2,-7.19244426,-35.86960316,SPRF-PB,DEL02-PB,UOP04-DEL02-PB
599641.0,2024-05-11,sábado,01:20:00,PB,230,24,JOAO PESSOA,Ausência de reação do condutor,Colisão com objeto,Com Vítimas Feridas,Plena Noite,Crescente,Céu Claro,Múltipla,Reta;Desvio Temporário;Em Obras;Declive;Viaduto,Sim,2,0,1,1,0,0,2,1,-7.16758155,-34.86406803,SPRF-PB,DEL01-PB,UOP01-DEL01-PB
599679.0,2024-05-11,sábado,05:30:00,PB,405,"25,3",SAO JOAO DO RIO DO PEIXE,Ingestão de álcool pelo condutor,Colisão com objeto,Com Vítimas Fatais,Amanhecer,Crescente,Céu Claro,Simples,Reta,Não,1,1,0,0,0,0,0,1,-6.659504,-38.434326,SPRF-PB,DEL03-PB,UOP03-DEL03-PB
599702.0,2024-05-11,sábado,07:50:00,PB,104,"137,2",QUEIMADAS,Acessar a via sem observar a presença dos outros veículos,Colisão transversal,Com Vítimas Feridas,Pleno dia,Decrescente,Céu Claro,Simples,Reta,Sim,3,0,2,0,0,1,2,2,-7.352277,-35.90094,SPRF-PB,DEL02-PB,UOP03-DEL02-PB
599738.0,2024-05-11,sábado,10:12:00,PB,0,0,JOAO PESSOA,Ultrapassagem Indevida,Colisão traseira,Sem Vítimas,Pleno dia,Não Informado,Céu Claro,Simples,Reta,Sim,5,0,0,0,5,0,0,5,-7.06715607,-34.84062196,SPRF-PB,DEL01-PB,UOP03-DEL01-PB
599774.0,2024-05-11,sábado,15:20:00,PB,230,26,JOAO PESSOA,Ausência de reação do condutor,Colisão traseira,Com Vítimas Feridas,Pleno dia,Decrescente,Céu Claro,Dupla,Reta,Não,4,0,3,0,1,0,3,2,-7.1693,-34.8782,SPRF-PB,DEL01-PB,UOP01-DEL01-PB
599895.0,2024-05-12,domingo,00:30:00,PB,101,84,BAYEUX,Ausência de reação do condutor,Colisão lateral mesmo sentido,Com Vítimas Feridas,Plena Noite,Crescente,Céu Claro,Dupla,Reta,Sim,4,0,1,0,2,1,1,2,-7.13957906,-34.92312806,SPRF-PB,DEL01-PB,UOP01-DEL01-PB
599924.0,2024-05-12,domingo,01:00:00,PB,104,"6,6",CUITE,Ausência de reação do condutor,Tombamento,Com Vítimas Fatais,Plena Noite,Crescente,Céu Claro,Simples,Reta,Não,1,1,0,0,0,0,0,1,-6.475977,-36.173198,SPRF-PB,DEL02-PB,UOP04-DEL02-PB
599981.0,2024-05-12,domingo,09:30:00,PB,230,313,SAO MAMEDE,Ausência de reação do condutor,Colisão traseira,Com Vítimas Feridas,Pleno dia,Decrescente,Céu Claro,Simples,Reta,Não,2,0,1,0,1,0,1,2,-6.9371,-37.0949,SPRF-PB,DEL03-PB,UOP01-DEL03-PB
599986.0,2024-05-12,domingo,05:00:00,PB,361,"51,1",CATINGUEIRA,Ingestão de álcool pelo condutor,Saída de leito carroçável,Com Vítimas Fatais,Amanhecer,Crescente,Céu Claro,Simples,Curva,Não,1,1,0,0,0,0,0,1,-7.155562,-37.667228,SPRF-PB,DEL03-PB,UOP01-DEL03-PB
600031.0,2024-05-12,domingo,16:00:00,PB,230,27,JOAO PESSOA,Condutor deixou de manter distância do veículo da frente,Engavetamento,Sem Vítimas,Pleno dia,Decrescente,Céu Claro,Dupla,Reta,Sim,5,0,0,0,4,1,0,4,-7.1677,-34.8855,SPRF-PB,DEL01-PB,UOP01-DEL01-PB
600032.0,2024-05-12,domingo,16:13:00,PB,230,"15,2",JOAO PESSOA,Trafegar com motocicleta (ou similar) entre as faixas,Colisão traseira,Com Vítimas Feridas,Pleno dia,Decrescente,Céu Claro,Dupla,Curva,Sim,3,0,2,0,1,0,2,2,-7.093,-34.8482,SPRF-PB,DEL01-PB,UOP01-DEL01-PB
600072.0,2024-05-12,domingo,17:51:00,PB,230,"40,5",SANTA RITA,Reação tardia ou ineficiente do condutor,Atropelamento de Animal,Com Vítimas Feridas,Anoitecer,Crescente,Céu Claro,Dupla,Declive,Não,3,0,3,0,0,0,3,1,-7.138716,-34.9717,SPRF-PB,DEL01-PB,UOP03-DEL01-PB
600090.0,2024-05-12,domingo,19:29:00,PB,230,19,JOAO PESSOA,Reação tardia ou ineficiente do condutor,Colisão lateral mesmo sentido,Com Vítimas Feridas,Plena Noite,Decrescente,Céu Claro,Dupla,Reta,Não,3,0,1,0,1,1,1,2,-7.1281,-34.8466,SPRF-PB,DEL01-PB,UOP01-DEL01-PB
600148.0,2024-05-13,segunda-feira,05:13:00,PB,101,88,JOAO PESSOA,Ausência de reação do condutor,Colisão com objeto,Com Vítimas Feridas,Pleno dia,Crescente,Céu Claro,Dupla,Reta,Sim,1,0,1,0,0,0,1,1,-7.165262,-34.899327,SPRF-PB,DEL01-PB,UOP01-DEL01-PB
600160.0,2024-05-13,segunda-feira,06:35:00,PB,101,107,ALHANDRA,Demais falhas mecânicas ou elétricas,Tombamento,Com Vítimas Feridas,Pleno dia,Decrescente,Céu Claro,Dupla,Reta,Não,2,0,1,0,1,0,1,1,-7.32549201,-34.94709877,SPRF-PB,DEL01-PB,UOP02-DEL01-PB
600161.0,2024-05-13,segunda-feira,06:20:00,PB,230,"15,5",JOAO PESSOA,Ausência de reação do condutor,Colisão traseira,Com Vítimas Feridas,Pleno dia,Crescente,Céu Claro,Simples,Aclive;Interseção de Vias,Sim,2,0,1,0,0,1,1,2,-7.093,-34.8482,SPRF-PB,DEL01-PB,UOP01-DEL01-PB
600164.0,2024-05-13,segunda-feira,06:20:00,PB,230,"36,1",SANTA RITA,Condutor deixou de manter distância do veículo da frente,Colisão traseira,Com Vítimas Feridas,Pleno dia,Decrescente,Céu Claro,Dupla,Reta,Sim,4,0,1,0,3,0,1,4,-7.1246,-34.9473,SPRF-PB,DEL01-PB,UOP03-DEL01-PB
600487.0,2024-05-05,domingo,04:30:00,PB,230,"510,1",CAJAZEIRAS,Ingestão de álcool pelo condutor,Saída de leito carroçável,Sem Vítimas,Plena Noite,Decrescente,Céu Claro,Simples,Aclive;Reta,Não,1,0,0,0,1,0,0,1,-6.887867,-38.605415,SPRF-PB,DEL03-PB,UOP03-DEL03-PB
600539.0,2024-04-02,terça-feira,18:07:00,PB,230,36,SANTA RITA,Pedestre cruzava a pista fora da faixa,Atropelamento de Pedestre,Com Vítimas Feridas,Plena Noite,Crescente,Céu Claro,Dupla,Reta,Sim,3,0,1,2,0,0,3,2,-7.1246,-34.9473,SPRF-PB,DEL01-PB,UOP03-DEL01-PB
600583.0,2024-05-15,quarta-feira,00:05:00,PB,230,14,CABEDELO,Acesso irregular,Colisão transversal,Com Vítimas Feridas,Plena Noite,Decrescente,Céu Claro,Dupla,Retorno Regulamentado,Sim,3,0,2,0,0,1,2,2,-7.08977215,-34.84831839,SPRF-PB,DEL01-PB,UOP01-DEL01-PB
600727.0,2024-05-15,quarta-feira,17:49:00,PB,230,37,SANTA RITA,Reação tardia ou ineficiente do condutor,Atropelamento de Pedestre,Com Vítimas Feridas,Anoitecer,Crescente,Céu Claro,Dupla,Reta,Não,3,0,3,0,0,0,3,2,-7.12926,-34.953643,SPRF-PB,DEL01-PB,UOP03-DEL01-PB
600780.0,2024-05-15,quarta-feira,22:20:00,PB,230,"399,5",POMBAL,Pedestre andava na pista,Atropelamento de Pedestre,Com Vítimas Feridas,Plena Noite,Decrescente,Chuva,Simples,Reta,Não,2,0,0,1,0,1,1,2,-6.800072,-37.777223,SPRF-PB,DEL03-PB,UOP02-DEL03-PB
600781.0,2024-05-15,quarta-feira,22:59:00,PB,101,84,BAYEUX,Ausência de reação do condutor,Colisão traseira,Com Vítimas Feridas,Plena Noite,Crescente,Céu Claro,Dupla,Reta,Sim,3,0,0,1,2,0,1,2,-7.13957906,-34.92312806,SPRF-PB,DEL01-PB,UOP01-DEL01-PB
600924.0,2024-05-16,quinta-feira,18:00:00,PB,230,468,SOUSA,Deficiência do Sistema de Iluminação/Sinalização,Colisão traseira,Com Vítimas Feridas,Plena Noite,Crescente,Céu Claro,Simples,Reta,Não,5,0,0,3,2,0,3,2,-6.7817,-38.2695,SPRF-PB,DEL03-PB,UOP03-DEL03-PB
600939.0,2024-04-27,sábado,03:34:00,PB,230,62,CRUZ DO ESPIRITO SANTO,Animais na Pista,Queda de ocupante de veículo,Com Vítimas Feridas,Plena Noite,Crescente,Chuva,Dupla,Reta,Não,2,0,1,0,1,0,1,1,-7.198272,-35.166105,SPRF-PB,DEL01-PB,UOP03-DEL01-PB
601032.0,2024-05-17,sexta-feira,08:45:00,PB,230,68,SOBRADO,Velocidade Incompatível,Colisão com objeto,Sem Vítimas,Pleno dia,Crescente,Chuva,Dupla,Curva,Não,1,0,0,0,1,0,0,1,-7.1873,-35.2065,SPRF-PB,DEL01-PB,UOP03-DEL01-PB
601038.0,2024-05-17,sexta-feira,09:48:00,PB,101,58,SANTA RITA,Chuva,Colisão com objeto,Sem Vítimas,Pleno dia,Decrescente,Chuva,Dupla,Curva,Não,1,0,0,0,1,0,0,1,-6.98564991,-35.07334684,SPRF-PB,DEL01-PB,UOP04-DEL01-PB
601074.0,2024-05-17,sexta-feira,11:30:00,PB,230,"132,8",MASSARANDUBA,Velocidade Incompatível,Saída de leito carroçável,Sem Vítimas,Pleno dia,Crescente,Nublado,Dupla,Curva,Não,4,0,0,0,3,1,0,2,-7.272461,-35.751719,SPRF-PB,DEL02-PB,UOP01-DEL02-PB