id,data_inversa,dia_semana,horario,uf,br,km,municipio,causa_acidente,tipo_acidente,classificacao_acidente,fase_dia,sentido_via,condicao_metereologica,tipo_pista,tracado_via,uso_solo,pessoas,mortos,feridos_leves,feridos_graves,ilesos,ignorados,feridos,veiculos,latitude,longitude,regional,delegacia,uop
601092.0,2024-05-17,sexta-feira,15:04:00,PB,230,65,SAO MIGUEL DE TAIPU,Ausência de reação do condutor,Saída de leito carroçável,Com Vítimas Feridas,Pleno dia,Decrescente,Chuva,Dupla,Reta,Não,3,0,1,2,0,0,3,1,-7.1895911,-35.18620491,SPRF-PB,DEL01-PB,UOP03-DEL01-PB
601094.0,2024-05-17,sexta-feira,15:35:00,PB,230,"19,6",JOAO PESSOA,Condutor deixou de manter distância do veículo da frente,Tombamento,Com Vítimas Feridas,Pleno dia,Decrescente,Chuva,Dupla,Reta,Sim,5,0,1,0,4,0,1,5,-7.1281,-34.8466,SPRF-PB,DEL01-PB,UOP01-DEL01-PB
601169.0,2024-05-17,sexta-feira,19:40:00,PB,104,137,QUEIMADAS,Iluminação deficiente,Colisão traseira,Com Vítimas Feridas,Plena Noite,Crescente,Chuva,Simples,Reta,Não,2,0,1,1,0,0,2,2,-7.352277,-35.90094,SPRF-PB,DEL02-PB,UOP03-DEL02-PB
601195.0,2024-05-17,sexta-feira,22:10:00,PB,101,"54,8",SANTA RITA,Velocidade Incompatível,Saída de leito carroçável,Sem Vítimas,Plena Noite,Crescente,Céu Claro,Dupla,Curva,Não,1,0,0,0,1,0,0,1,-6.95396379,-35.09058058,SPRF-PB,DEL01-PB,UOP04-DEL01-PB
601256.0,2024-05-18,sábado,06:10:00,PB,104,"133,4",QUEIMADAS,Animais na Pista,Atropelamento de Animal,Com Vítimas Feridas,Pleno dia,Decrescente,Céu Claro,Simples,Reta,Sim,2,0,2,0,0,0,2,1,-7.31674795,-35.89500926,SPRF-PB,DEL02-PB,UOP03-DEL02-PB
601258.0,2024-05-18,sábado,07:25:00,PB,230,"159,6",CAMPINA GRANDE,Reação tardia ou ineficiente do condutor,Tombamento,Com Vítimas Feridas,Pleno dia,Crescente,Céu Claro,Simples,Aclive;Reta,Não,2,0,2,0,0,0,2,1,-7.250241,-35.934356,SPRF-PB,DEL02-PB,UOP01-DEL02-PB
601430.0,2024-05-18,sábado,21:34:00,PB,230,"52,1",SANTA RITA,Demais falhas mecânicas ou elétricas,Queda de ocupante de veículo,Com Vítimas Feridas,Plena Noite,Crescente,Céu Claro,Dupla,Reta,Não,1,0,1,0,0,0,1,1,-7.1951,-35.0691,SPRF-PB,DEL01-PB,UOP03-DEL01-PB
601479.0,2024-05-19,domingo,01:50:00,PB,101,"96,1",CONDE,Ausência de reação do condutor,Tombamento,Com Vítimas Feridas,Plena Noite,Crescente,Nublado,Dupla,Reta,Não,2,0,2,0,0,0,2,1,-7.230921,-34.921149,SPRF-PB,DEL01-PB,UOP02-DEL01-PB
601486.0,2024-05-18,sábado,23:40:00,PB,230,"162,6",CAMPINA GRANDE,Redutor de velocidade em desacordo,Tombamento,Com Vítimas Feridas,Plena Noite,Decrescente,Nublado,Simples,Declive;Curva,Sim,3,0,2,0,1,0,2,2,-7.2277,-35.9439,SPRF-PB,DEL02-PB,UOP01-DEL02-PB
601492.0,2024-05-19,domingo,03:45:00,PB,230,87,GURINHEM,Ingestão de álcool pelo condutor,Colisão com objeto,Com Vítimas Fatais,Plena Noite,Decrescente,Céu Claro,Dupla,Reta,Não,1,1,0,0,0,0,0,1,-7.1673,-35.3656,SPRF-PB,DEL01-PB,UOP03-DEL01-PB
601619.0,2024-05-19,domingo,16:47:00,PB,230,"105,5",MOGEIRO,Velocidade Incompatível,Saída de leito carroçável,Com Vítimas Feridas,Anoitecer,Decrescente,Chuva,Dupla,Curva;Retorno Regulamentado,Não,4,0,1,0,3,0,1,1,-7.20465279,-35.53729534,SPRF-PB,DEL01-PB,UOP03-DEL01-PB
601671.0,2024-05-19,domingo,20:14:00,PB,101,"39,3",MAMANGUAPE,Transitar na contramão,Colisão frontal,Sem Vítimas,Plena Noite,Decrescente,Céu Claro,Simples,Reta,Sim,6,0,0,0,5,1,0,2,-6.82975098,-35.13756194,SPRF-PB,DEL01-PB,UOP04-DEL01-PB
601757.0,2024-05-20,segunda-feira,07:30:00,PB,116,"5,6",CACHOEIRA DOS INDIOS,Acessar a via sem observar a presença dos outros veículos,Colisão transversal,Com Vítimas Feridas,Pleno dia,Decrescente,Nublado,Simples,Curva,Não,2,0,0,1,1,0,1,2,-6.94465,-38.72036,SPRF-CE,DEL05-CE,UOP03-DEL05-CE
601782.0,2024-05-20,segunda-feira,09:30:00,PB,230,"1,2",PATOS,Ausência de reação do condutor,Colisão lateral mesmo sentido,Com Vítimas Feridas,Pleno dia,Crescente,Céu Claro,Simples,Reta,Não,2,0,2,0,0,0,2,2,-7.024862,-37.280304,SPRF-PB,DEL03-PB,UOP01-DEL03-PB
601807.0,2024-05-20,segunda-feira,12:45:00,PB,230,42,SANTA RITA,Ausência de reação do condutor,Saída de leito carroçável,Sem Vítimas,Pleno dia,Decrescente,Céu Claro,Dupla,Reta,Não,2,0,0,0,2,0,0,2,-7.17102675,-35.03531456,SPRF-PB,DEL01-PB,UOP03-DEL01-PB
601835.0,2024-05-20,segunda-feira,14:15:00,PB,101,"71,4",SANTA RITA,Condutor Dormindo,Saída de leito carroçável,Sem Vítimas,Pleno dia,Crescente,Céu Claro,Dupla,Reta,Não,1,0,0,0,1,0,0,1,-7.070096,-35.000379,SPRF-PB,DEL01-PB,UOP04-DEL01-PB
601922.0,2024-05-20,segunda-feira,21:38:00,PB,230,507,CAJAZEIRAS,Animais na Pista,Atropelamento de Animal,Com Vítimas Feridas,Plena Noite,Decrescente,Céu Claro,Simples,Reta,Sim,1,0,0,1,0,0,1,1,-6.9024,-38.5643,SPRF-PB,DEL03-PB,UOP03-DEL03-PB
602046.0,2024-05-21,terça-feira,15:55:00,PB,230,289,SANTA LUZIA,Demais falhas mecânicas ou elétricas,Tombamento,Com Vítimas Feridas,Pleno dia,Crescente,Céu Claro,Simples,Reta,Sim,1,0,1,0,0,0,1,1,-6.8816,-36.9002,SPRF-PB,DEL03-PB,UOP01-DEL03-PB
602169.0,2024-05-22,quarta-feira,08:31:00,PB,104,119,LAGOA SECA,Condutor deixou de manter distância do veículo da frente,Engavetamento,Com Vítimas Feridas,Pleno dia,Crescente,Céu Claro,Simples,Declive,Não,5,0,2,0,3,0,2,3,-7.20325615,-35.8752172,SPRF-PB,DEL02-PB,UOP04-DEL02-PB
602200.0,2024-05-22,quarta-feira,10:30:00,PB,230,28,JOAO PESSOA,Condutor deixou de manter distância do veículo da frente,Colisão traseira,Com Vítimas Feridas,Pleno dia,Crescente,Sol,Múltipla,Viaduto;Curva;Declive,Sim,2,0,1,0,1,0,1,2,-7.16553658,-34.89743538,SPRF-PB,DEL01-PB,UOP01-DEL01-PB
602378.0,2024-05-23,quinta-feira,09:45:00,PB,230,"8,5",CABEDELO,Objeto estático sobre o leito carroçável,Colisão com objeto,Com Vítimas Feridas,Pleno dia,Crescente,Céu Claro,Múltipla,Reta;Declive;Viaduto,Não,2,0,1,0,1,0,1,2,-7.04087725,-34.84533048,SPRF-PB,DEL01-PB,UOP01-DEL01-PB
602503.0,2024-05-23,quinta-feira,21:00:00,PB,101,"37,4",MAMANGUAPE,Manobra de mudança de faixa,Colisão transversal,Com Vítimas Feridas,Plena Noite,Crescente,Céu Claro,Dupla,Reta,Não,3,0,0,1,1,1,1,2,-6.815853,-35.139147,SPRF-PB,DEL01-PB,UOP04-DEL01-PB
602686.0,2024-05-24,sexta-feira,16:40:00,PB,230,"337,5",PATOS,Acessar a via sem observar a presença dos outros veículos,Colisão transversal,Com Vítimas Feridas,Pleno dia,Decrescente,Céu Claro,Simples,Reta;Declive,Sim,2,0,1,0,0,1,1,2,-7.0084,-37.2829,SPRF-PB,DEL03-PB,UOP01-DEL03-PB
602706.0,2024-05-24,sexta-feira,18:50:00,PB,230,26,JOAO PESSOA,Ausência de reação do condutor,Colisão traseira,Com Vítimas Feridas,Plena Noite,Crescente,Nublado,Dupla,Reta,Sim,2,0,0,1,1,0,1,2,-7.1693,-34.8782,SPRF-PB,DEL01-PB,UOP01-DEL01-PB
602708.0,2024-05-24,sexta-feira,18:38:00,PB,230,12,CABEDELO,Reação tardia ou ineficiente do condutor,Atropelamento de Pedestre,Com Vítimas Feridas,Plena Noite,Decrescente,Chuva,Dupla,Reta,Sim,3,0,2,0,0,1,2,2,-7.068,-34.85,SPRF-PB,DEL01-PB,UOP01-DEL01-PB
602804.0,2024-05-25,sábado,03:59:00,PB,101,88,JOAO PESSOA,Ingestão de álcool pelo condutor,Saída de leito carroçável,Com Vítimas Feridas,Plena Noite,Crescente,Nublado,Dupla,Viaduto;Retorno Regulamentado;Curva,Sim,1,0,0,1,0,0,1,1,-7.16470016,-34.89993643,SPRF-PB,DEL01-PB,UOP01-DEL01-PB
602827.0,2024-05-25,sábado,07:14:00,PB,230,"51,8",CRUZ DO ESPIRITO SANTO,Reação tardia ou ineficiente do condutor,Saída de leito carroçável,Com Vítimas Feridas,Pleno dia,Decrescente,Céu Claro,Dupla,Reta,Não,1,0,0,1,0,0,1,1,-7.198082,-35.072984,SPRF-PB,DEL01-PB,UOP03-DEL01-PB
602833.0,2024-05-25,sábado,06:50:00,PB,230,"334,6",PATOS,Ausência de reação do condutor,Tombamento,Com Vítimas Feridas,Pleno dia,Crescente,Céu Claro,Simples,Reta,Sim,2,0,1,0,0,1,1,2,-7.018,-37.2589,SPRF-PB,DEL03-PB,UOP01-DEL03-PB
602868.0,2024-05-25,sábado,10:50:00,PB,230,17,JOAO PESSOA,Acessar a via sem observar a presença dos outros veículos,Colisão lateral mesmo sentido,Com Vítimas Feridas,Pleno dia,Crescente,Sol,Dupla,Curva;Rotatória,Sim,2,0,1,0,1,0,1,2,-7.1121,-34.8426,SPRF-PB,DEL01-PB,UOP01-DEL01-PB
602913.0,2024-05-25,sábado,16:25:00,PB,101,42,MAMANGUAPE,Velocidade Incompatível,Tombamento,Com Vítimas Feridas,Pleno dia,Decrescente,Sol,Dupla,Reta;Ponte,Sim,1,0,1,0,0,0,1,1,-6.856615,-35.13444297,SPRF-PB,DEL01-PB,UOP04-DEL01-PB
602914.0,2024-05-25,sábado,15:25:00,PB,230,"162,1",CAMPINA GRANDE,Acumulo de óleo sobre o pavimento,Tombamento,Com Vítimas Feridas,Pleno dia,Crescente,Céu Claro,Simples,Reta;Declive,Não,1,0,1,0,0,0,1,1,-7.2277,-35.9439,SPRF-PB,DEL02-PB,UOP01-DEL02-PB
603040.0,2024-05-26,domingo,06:30:00,PB,230,"20,1",JOAO PESSOA,Acessar a via sem observar a presença dos outros veículos,Colisão traseira,Com Vítimas Feridas,Pleno dia,Crescente,Céu Claro,Dupla,Rotatória;Curva,Sim,2,0,1,0,0,1,1,2,-7.13843086,-34.85307455,SPRF-PB,DEL01-PB,UOP01-DEL01-PB
603060.0,2024-05-26,domingo,04:30:00,PB,101,84,BAYEUX,Ausência de reação do condutor,Colisão com objeto,Sem Vítimas,Plena Noite,Decrescente,Ignorado,Dupla,Reta,Sim,1,0,0,0,1,0,0,1,-7.14425777,-34.91759062,SPRF-PB,DEL01-PB,UOP01-DEL01-PB
603061.0,2024-05-26,domingo,08:50:00,PB,230,14,CABEDELO,Reação tardia ou ineficiente do condutor,Colisão lateral mesmo sentido,Com Vítimas Feridas,Pleno dia,Crescente,Chuva,Dupla,Reta,Sim,3,0,1,0,2,0,1,2,-7.0844,-34.8488,SPRF-PB,DEL01-PB,UOP01-DEL01-PB
603119.0,2024-05-26,domingo,13:30:00,PB,101,73,SANTA RITA,Problema com o freio,Saída de leito carroçável,Com Vítimas Feridas,Pleno dia,Crescente,Céu Claro,Dupla,Retorno Regulamentado,Não,3,0,1,0,2,0,1,1,-7.07828212,-34.98823508,SPRF-PB,DEL01-PB,UOP04-DEL01-PB
603160.0,2024-05-26,domingo,17:55:00,PB,230,25,JOAO PESSOA,Manobra de mudança de faixa,Colisão lateral mesmo sentido,Com Vítimas Feridas,Plena Noite,Crescente,Céu Claro,Múltipla,Curva;Desvio Temporário;Em Obras,Sim,2,0,1,0,1,0,1,2,-7.1707,-34.8684,SPRF-PB,DEL01-PB,UOP01-DEL01-PB
603177.0,2024-05-26,domingo,18:30:00,PB,230,"150,8",CAMPINA GRANDE,Reação tardia ou ineficiente do condutor,Colisão com objeto,Com Vítimas Feridas,Plena Noite,Crescente,Céu Claro,Dupla,Reta,Não,1,0,0,1,0,0,1,1,-7.2515,-35.8724,SPRF-PB,DEL02-PB,UOP01-DEL02-PB
603180.0,2024-05-26,domingo,19:00:00,PB,101,"101,3",CONDE,Reação tardia ou ineficiente do condutor,Colisão com objeto,Com Vítimas Feridas,Plena Noite,Decrescente,Céu Claro,Dupla,Reta;Declive,Não,2,0,1,0,0,1,1,2,-7.27367006,-34.93816262,SPRF-PB,DEL01-PB,UOP02-DEL01-PB
603259.0,2024-05-27,segunda-feira,03:10:00,PB,230,13,CABEDELO,Ausência de reação do condutor,Saída de leito carroçável,Sem Vítimas,Plena Noite,Decrescente,Céu Claro,Dupla,Reta,Sim,1,0,0,0,1,0,0,1,-7.0772,-34.8494,SPRF-PB,DEL01-PB,UOP01-DEL01-PB
603285.0,2024-05-27,segunda-feira,07:00:00,PB,230,12,CABEDELO,Acessar a via sem observar a presença dos outros veículos,Atropelamento de Pedestre,Com Vítimas Feridas,Pleno dia,Crescente,Céu Claro,Dupla,Em Obras;Reta,Sim,2,0,1,0,1,0,1,2,-7.068,-34.85,SPRF-PB,DEL01-PB,UOP01-DEL01-PB
603332.0,2024-05-07,terça-feira,19:00:00,PB,101,58,SANTA RITA,Acessar a via sem observar a presença dos outros veículos,Colisão transversal,Com Vítimas Feridas,Plena Noite,Crescente,Céu Claro,Dupla,Reta;Retorno Regulamentado,Não,3,0,3,0,0,0,3,2,-6.98952016,-35.07175684,SPRF-PB,DEL01-PB,UOP04-DEL01-PB
603430.0,2024-05-27,segunda-feira,18:30:00,PB,230,168,CAMPINA GRANDE,Acostamento em desnível,Saída de leito carroçável,Com Vítimas Feridas,Plena Noite,Crescente,Nublado,Simples,Em Obras;Reta,Sim,3,0,2,0,0,1,2,2,-7.188,-35.9687,SPRF-PB,DEL02-PB,UOP02-DEL02-PB
603469.0,2024-05-27,segunda-feira,22:35:00,PB,230,"1,9",CABEDELO,Desrespeitar a preferência no cruzamento,Colisão transversal,Com Vítimas Feridas,Plena Noite,Crescente,Chuva,Dupla,Reta;Retorno Regulamentado;Rotatória,Sim,3,0,0,2,1,0,2,2,-6.98446868,-34.82932091,SPRF-PB,DEL01-PB,UOP01-DEL01-PB
603479.0,2024-05-28,terça-feira,00:10:00,PB,101,105,ALHANDRA,Condutor Dormindo,Saída de leito carroçável,Com Vítimas Feridas,Plena Noite,Crescente,Chuva,Dupla,Reta,Não,1,0,1,0,0,0,1,1,-7.30814609,-34.94344185,SPRF-PB,DEL01-PB,UOP02-DEL01-PB
603515.0,2024-05-28,terça-feira,08:00:00,PB,101,93,JOAO PESSOA,Reação tardia ou ineficiente do condutor,Colisão com objeto,Com Vítimas Feridas,Pleno dia,Crescente,Chuva,Dupla,Reta,Sim,1,0,1,0,0,0,1,1,-7.205825,-34.90879,SPRF-PB,DEL01-PB,UOP02-DEL01-PB
603581.0,2024-05-28,terça-feira,14:00:00,PB,101,118,CAAPORA,Ausência de reação do condutor,Saída de leito carroçável,Com Vítimas Feridas,Pleno dia,Crescente,Chuva,Dupla,Reta,Não,1,0,0,1,0,0,1,1,-7.42128203,-34.96207995,SPRF-PB,DEL01-PB,UOP02-DEL01-PB
603679.0,2024-05-29,quarta-feira,00:40:00,PB,230,"154,9",CAMPINA GRANDE,Animais na Pista,Atropelamento de Animal,Com Vítimas Feridas,Plena Noite,Crescente,Nublado,Simples,Reta;Em Obras,Não,1,0,1,0,0,0,1,1,-7.2777,-35.8985,SPRF-PB,DEL02-PB,UOP01-DEL02-PB
603755.0,2024-05-29,quarta-feira,10:30:00,PB,104,39,BARRA DE SANTA ROSA,Transitar na contramão,Colisão frontal,Com Vítimas Fatais,Pleno dia,Decrescente,Nublado,Simples,Curva,Não,2,1,1,0,0,0,1,2,-6.684069,-36.082622,SPRF-PB,DEL02-PB,UOP04-DEL02-PB
603808.0,2024-05-29,quarta-feira,17:30:00,PB,427,37,POMBAL,Condutor deixou de manter distância do veículo da frente,Colisão traseira,Com Vítimas Feridas,Anoitecer,Crescente,Nublado,Simples,Reta,Sim,2,0,1,0,0,1,1,2,-6.76405124,-37.78910384,SPRF-PB,DEL03-PB,UOP02-DEL03-PB
603823.0,2024-05-29,quarta-feira,17:50:00,PB,230,"155,4",CAMPINA GRANDE,Condutor deixou de manter distância do veículo da frente,Colisão traseira,Com Vítimas Feridas,Plena Noite,Decrescente,Céu Claro,Simples,Em Obras;Reta,Sim,4,0,2,0,2,0,2,2,-7.2748,-35.9058,SPRF-PB,DEL02-PB,UOP01-DEL02-PB
603880.0,2024-05-29,quarta-feira,21:00:00,PB,230,25,JOAO PESSOA,Ausência de reação do condutor,Colisão traseira,Sem Vítimas,Plena Noite,Decrescente,Céu Claro,Simples,Reta,Sim,2,0,0,0,1,1,0,2,-7.1707,-34.8684,SPRF-PB,DEL01-PB,UOP01-DEL01-PB
604069.0,2024-05-30,quinta-feira,17:10:00,PB,101,99,CONDE,Ausência de reação do condutor,Colisão lateral mesmo sentido,Com Vítimas Feridas,Anoitecer,Decrescente,Céu Claro,Dupla,Reta,Sim,2,0,1,0,1,0,1,2,-7.2557332,-34.93469152,SPRF-PB,DEL01-PB,UOP02-DEL01-PB
604137.0,2024-05-30,quinta-feira,23:20:00,PB,230,464,SOUSA,Ausência de reação do condutor,Colisão traseira,Com Vítimas Feridas,Plena Noite,Decrescente,Céu Claro,Simples,Reta,Sim,2,0,1,0,0,1,1,2,-6.7786,-38.2341,SPRF-PB,DEL03-PB,UOP03-DEL03-PB
604181.0,2024-05-31,sexta-feira,07:25:00,PB,101,"77,5",SANTA RITA,Avarias e/ou desgaste excessivo no pneu,Tombamento,Com Vítimas Feridas,Pleno dia,Crescente,Céu Claro,Dupla,Reta;Ponte,Não,2,0,1,1,0,0,2,1,-7.09947194,-34.96574283,SPRF-PB,DEL01-PB,UOP04-DEL01-PB
604183.0,2024-05-31,sexta-feira,07:45:00,PB,230,20,JOAO PESSOA,Condutor deixou de manter distância do veículo da frente,Colisão traseira,Com Vítimas Feridas,Pleno dia,Decrescente,Céu Claro,Dupla,Reta,Sim,3,0,0,1,2,0,1,3,-7.1337,-34.8544,SPRF-PB,DEL01-PB,UOP01-DEL01-PB
604185.0,2024-05-31,sexta-feira,08:36:00,PB,230,"21,8",JOAO PESSOA,Trafegar com motocicleta (ou similar) entre as faixas,Queda de ocupante de veículo,Com Vítimas Feridas,Pleno dia,Decrescente,Céu Claro,Dupla,Reta,Sim,2,0,2,0,0,0,2,1,-7.1495,-34.8517,SPRF-PB,DEL01-PB,UOP01-DEL01-PB
604286.0,2024-05-31,sexta-feira,17:20:00,PB,230,22,JOAO PESSOA,Avarias e/ou desgaste excessivo no pneu,Tombamento,Com Vítimas Feridas,Anoitecer,Crescente,Céu Claro,Dupla,Reta,Sim,2,0,2,0,0,0,2,1,-7.1495,-34.8517,SPRF-PB,DEL01-PB,UOP01-DEL01-PB
604318.0,2024-05-31,sexta-feira,19:43:00,PB,230,4,CABEDELO,Manobra de mudança de faixa,Colisão traseira,Com Vítimas Feridas,Anoitecer,Crescente,Céu Claro,Dupla,Reta,Sim,2,0,2,0,0,0,2,2,-7.0004,-34.8284,SPRF-PB,DEL01-PB,UOP01-DEL01-PB
604324.0,2024-05-31,sexta-feira,20:55:00,PB,230,10,CABEDELO,Manobra de mudança de faixa,Colisão traseira,Com Vítimas Feridas,Plena Noite,Decrescente,Céu Claro,Dupla,Reta,Sim,2,0,2,0,0,0,2,1,-7.0514,-34.8499,SPRF-PB,DEL01-PB,UOP01-DEL01-PB
604329.0,2024-05-31,sexta-feira,21:31:00,PB,101,46,RIO TINTO,Demais falhas mecânicas ou elétricas,Incêndio,Com Vítimas Feridas,Plena Noite,Decrescente,Céu Claro,Dupla,Reta,Não,2,0,1,0,1,0,1,1,-6.89108414,-35.12591625,SPRF-PB,DEL01-PB,UOP04-DEL01-PB
604433.0,2024-06-01,sábado,11:00:00,PB,230,329,PATOS,Ausência de reação do condutor,Saída de leito carroçável,Com Vítimas Fatais,Pleno dia,Crescente,Céu Claro,Simples,Reta;Declive,Não,1,1,0,0,0,0,0,1,-7.0116,-37.2159,SPRF-PB,DEL03-PB,UOP01-DEL03-PB
604457.0,2024-06-01,sábado,14:20:00,PB,230,13,CABEDELO,Trafegar com motocicleta (ou similar) entre as faixas,Colisão traseira,Com Vítimas Feridas,Pleno dia,Decrescente,Céu Claro,Dupla,Reta,Sim,2,0,1,0,1,0,1,2,-7.0772,-34.8494,SPRF-PB,DEL01-PB,UOP01-DEL01-PB
604506.0,2024-06-01,sábado,19:31:00,PB,230,"21,8",JOAO PESSOA,Ausência de reação do condutor,Saída de leito carroçável,Sem Vítimas,Plena Noite,Crescente,Chuva,Simples,Reta,Sim,2,0,0,0,1,1,0,1,-7.1415,-34.8519,SPRF-PB,DEL01-PB,UOP01-DEL01-PB
604536.0,2024-06-01,sábado,22:00:00,PB,230,11,CABEDELO,Pedestre - Ingestão de álcool/ substâncias psicoativas,Atropelamento de Pedestre,Com Vítimas Feridas,Plena Noite,Crescente,Chuva,Dupla,Em Obras;Retorno Regulamentado;Reta,Sim,2,0,1,0,0,1,1,2,-7.0596,-34.8506,SPRF-PB,DEL01-PB,UOP01-DEL01-PB
604561.0,2024-06-02,domingo,00:06:00,PB,230,36,SANTA RITA,Ausência de reação do condutor,Colisão traseira,Com Vítimas Feridas,Plena Noite,Crescente,Céu Claro,Dupla,Aclive,Sim,4,0,0,1,3,0,1,2,-7.1246,-34.9473,SPRF-PB,DEL01-PB,UOP03-DEL01-PB
604579.0,2024-06-02,domingo,03:06:00,PB,101,"11,4",MAMANGUAPE,Ingestão de álcool pelo condutor,Colisão com objeto,Sem Vítimas,Plena Noite,Decrescente,Céu Claro,Dupla,Reta,Sim,1,0,0,0,0,1,0,1,-6.59714833,-35.14467359,SPRF-PB,DEL01-PB,UOP04-DEL01-PB
604636.0,2024-06-02,domingo,10:15:00,PB,101,88,JOAO PESSOA,Velocidade Incompatível,Colisão com objeto,Com Vítimas Feridas,Pleno dia,Crescente,Céu Claro,Simples,Curva,Sim,1,0,1,0,0,0,1,1,-7.16470016,-34.89993643,SPRF-PB,DEL01-PB,UOP01-DEL01-PB
604697.0,2024-06-02,domingo,16:10:00,PB,101,95,CONDE,Avarias e/ou desgaste excessivo no pneu,Tombamento,Com Vítimas Feridas,Pleno dia,Crescente,Céu Claro,Dupla,Reta,Sim,2,0,1,1,0,0,2,1,-7.22379403,-34.91488195,SPRF-PB,DEL01-PB,UOP02-DEL01-PB
604730.0,2024-06-02,domingo,17:08:00,PB,230,45,SANTA RITA,Reação tardia ou ineficiente do condutor,Saída de leito carroçável,Com Vítimas Feridas,Pleno dia,Decrescente,Nublado,Dupla,Reta,Não,5,0,3,1,1,0,4,1,-7.1583,-35.0176,SPRF-PB,DEL01-PB,UOP03-DEL01-PB
604843.0,2024-06-03,segunda-feira,00:10:00,PB,230,153,CAMPINA GRANDE,Ausência de reação do condutor,Saída de leito carroçável,Sem Vítimas,Plena Noite,Crescente,Céu Claro,Simples,Reta,Não,1,0,0,0,0,1,0,1,-7.2763,-35.8887,SPRF-PB,DEL02-PB,UOP01-DEL02-PB
604898.0,2024-06-03,segunda-feira,08:00:00,PB,230,13,CABEDELO,Reação tardia ou ineficiente do condutor,Colisão traseira,Com Vítimas Feridas,Pleno dia,Crescente,Chuva,Dupla,Reta;Em Obras,Sim,2,0,1,0,1,0,1,2,-7.08297795,-34.84894037,SPRF-PB,DEL01-PB,UOP01-DEL01-PB
604909.0,2024-06-03,segunda-feira,08:40:00,PB,101,122,CAAPORA,Acumulo de água sobre o pavimento,Saída de leito carroçável,Com Vítimas Feridas,Pleno dia,Decrescente,Chuva,Dupla,Retorno Regulamentado;Reta;Aclive,Não,3,0,3,0,0,0,3,1,-7.453037,-34.98015717,SPRF-PB,DEL01-PB,UOP02-DEL01-PB
604920.0,2024-06-03,segunda-feira,10:35:00,PB,101,84,BAYEUX,Ausência de reação do condutor,Queda de ocupante de veículo,Com Vítimas Feridas,Pleno dia,Crescente,Chuva,Dupla,Reta,Sim,2,0,1,0,1,0,1,2,-7.13957906,-34.92312806,SPRF-PB,DEL01-PB,UOP01-DEL01-PB
604943.0,2024-06-03,segunda-feira,12:10:00,PB,230,14,CABEDELO,Ausência de reação do condutor,Colisão traseira,Com Vítimas Feridas,Pleno dia,Decrescente,Chuva,Dupla,Reta,Sim,2,0,1,0,1,0,1,2,-7.0844,-34.8488,SPRF-PB,DEL01-PB,UOP01-DEL01-PB
604984.0,2024-06-03,segunda-feira,16:20:00,PB,230,133,MASSARANDUBA,Reação tardia ou ineficiente do condutor,Saída de leito carroçável,Sem Vítimas,Pleno dia,Crescente,Chuva,Dupla,Curva,Não,1,0,0,0,1,0,0,1,-7.2767,-35.7464,SPRF-PB,DEL02-PB,UOP01-DEL02-PB
605012.0,2024-06-03,segunda-feira,15:10:00,PB,230,"112,8",INGA,Condutor Dormindo,Saída de leito carroçável,Com Vítimas Feridas,Pleno dia,Crescente,Chuva,Dupla,Curva,Não,1,0,1,0,0,0,1,1,-7.2117,-35.5822,SPRF-PB,DEL01-PB,UOP03-DEL01-PB
605148.0,2024-06-04,terça-feira,12:15:00,PB,230,"9,8",CABEDELO,Demais falhas mecânicas ou elétricas,Queda de ocupante de veículo,Com Vítimas Feridas,Pleno dia,Crescente,Céu Claro,Dupla,Curva;Declive,Sim,1,0,1,0,0,0,1,1,-7.0433,-34.8466,SPRF-PB,DEL01-PB,UOP01-DEL01-PB
605180.0,2024-06-04,terça-feira,15:10:00,PB,230,9,CABEDELO,Velocidade Incompatível,Colisão com objeto,Com Vítimas Fatais,Pleno dia,Decrescente,Céu Claro,Simples,Viaduto;Reta,Sim,1,1,0,0,0,0,0,1,-7.0433,-34.8466,SPRF-PB,DEL01-PB,UOP01-DEL01-PB
605193.0,2024-06-04,terça-feira,17:30:00,PB,230,36,SANTA RITA,Pedestre cruzava a pista fora da faixa,Atropelamento de Pedestre,Com Vítimas Feridas,Anoitecer,Decrescente,Chuva,Dupla,Reta;Declive,Sim,3,0,1,1,1,0,2,2,-7.1246,-34.9473,SPRF-PB,DEL01-PB,UOP03-DEL01-PB
605212.0,2024-06-04,terça-feira,19:25:00,PB,230,22,JOAO PESSOA,Acostamento em desnível,Tombamento,Com Vítimas Feridas,Plena Noite,Crescente,Chuva,Dupla,Reta,Sim,1,0,1,0,0,0,1,1,-7.1495,-34.8517,SPRF-PB,DEL01-PB,UOP01-DEL01-PB
605264.0,2024-06-05,quarta-feira,05:54:00,PB,230,"24,5",JOAO PESSOA,Manobra de mudança de faixa,Colisão lateral mesmo sentido,Com Vítimas Feridas,Pleno dia,Crescente,Nublado,Dupla,Em Obras;Reta,Sim,2,0,0,1,1,0,1,2,-7.17059031,-34.86832023,SPRF-PB,DEL01-PB,UOP01-DEL01-PB
605272.0,2024-04-13,sábado,12:23:00,PB,101,"27,9",RIO TINTO,Demais falhas mecânicas ou elétricas,Tombamento,Com Vítimas Feridas,Pleno dia,Decrescente,Céu Claro,Dupla,Reta,Não,1,0,0,1,0,0,1,1,-6.72589095,-35.12052811,SPRF-PB,DEL01-PB,UOP04-DEL01-PB