id,data_inversa,dia_semana,horario,uf,br,km,municipio,causa_acidente,tipo_acidente,classificacao_acidente,fase_dia,sentido_via,condicao_metereologica,tipo_pista,tracado_via,uso_solo,pessoas,mortos,feridos_leves,feridos_graves,ilesos,ignorados,feridos,veiculos,latitude,longitude,regional,delegacia,uop
605283.0,2024-06-05,quarta-feira,08:20:00,PB,104,"114,9",LAGOA SECA,Condutor deixou de manter distância do veículo da frente,Colisão traseira,Com Vítimas Feridas,Pleno dia,Decrescente,Céu Claro,Simples,Reta,Sim,2,0,1,0,1,0,1,2,-7.1620139,-35.85712429,SPRF-PB,DEL02-PB,UOP04-DEL02-PB
605359.0,2024-06-05,quarta-feira,17:27:00,PB,101,88,JOAO PESSOA,Ausência de reação do condutor,Tombamento,Com Vítimas Feridas,Plena Noite,Decrescente,Céu Claro,Múltipla,Reta,Sim,1,0,1,0,0,0,1,1,-7.16470016,-34.89993643,SPRF-PB,DEL01-PB,UOP01-DEL01-PB
605363.0,2024-06-05,quarta-feira,18:00:00,PB,101,89,JOAO PESSOA,Manobra de mudança de faixa,Colisão lateral mesmo sentido,Com Vítimas Feridas,Plena Noite,Crescente,Nublado,Dupla,Reta,Sim,2,0,0,1,0,1,1,2,-7.1710694,-34.89765372,SPRF-PB,DEL01-PB,UOP02-DEL01-PB
605405.0,2024-06-05,quarta-feira,19:10:00,PB,101,"83,5",BAYEUX,Ausência de reação do condutor,Colisão traseira,Com Vítimas Feridas,Plena Noite,Decrescente,Céu Claro,Dupla,Reta,Sim,2,0,1,0,1,0,1,2,-7.1337703,-34.92963914,SPRF-PB,DEL01-PB,UOP01-DEL01-PB
605448.0,2024-06-06,quinta-feira,03:00:00,PB,230,"62,9",SAO MIGUEL DE TAIPU,Transitar na contramão,Colisão lateral sentido oposto,Com Vítimas Feridas,Plena Noite,Crescente,Céu Claro,Dupla,Reta,Não,2,0,1,0,1,0,1,2,-7.1989,-35.1649,SPRF-PB,DEL01-PB,UOP03-DEL01-PB
605502.0,2024-06-06,quinta-feira,11:55:00,PB,230,28,JOAO PESSOA,Condutor deixou de manter distância do veículo da frente,Tombamento,Com Vítimas Feridas,Pleno dia,Crescente,Céu Claro,Dupla,Curva,Sim,1,0,0,1,0,0,1,1,-7.1651,-34.8941,SPRF-PB,DEL01-PB,UOP01-DEL01-PB
605516.0,2024-06-06,quinta-feira,13:00:00,PB,230,"27,8",JOAO PESSOA,Trafegar com motocicleta (ou similar) entre as faixas,Colisão lateral mesmo sentido,Com Vítimas Feridas,Pleno dia,Decrescente,Céu Claro,Dupla,Aclive;Reta,Sim,3,0,2,0,1,0,2,2,-7.1677,-34.8855,SPRF-PB,DEL01-PB,UOP01-DEL01-PB
605525.0,2024-06-06,quinta-feira,13:30:00,PB,230,"39,3",SANTA RITA,Ausência de reação do condutor,Colisão traseira,Com Vítimas Feridas,Pleno dia,Crescente,Céu Claro,Dupla,Reta,Sim,2,0,1,0,1,0,1,2,-7.13870764,-34.97145653,SPRF-PB,DEL01-PB,UOP03-DEL01-PB
605534.0,2024-06-06,quinta-feira,15:08:00,PB,230,168,CAMPINA GRANDE,Acessar a via sem observar a presença dos outros veículos,Colisão transversal,Com Vítimas Feridas,Pleno dia,Crescente,Céu Claro,Simples,Em Obras;Reta;Declive,Não,2,0,1,1,0,0,2,2,-7.191796,-35.965804,SPRF-PB,DEL02-PB,UOP02-DEL02-PB
605583.0,2024-06-06,quinta-feira,15:40:00,PB,230,259,JUNCO DO SERIDO,Estacionar ou parar em local proibido,Colisão lateral mesmo sentido,Sem Vítimas,Pleno dia,Crescente,Céu Claro,Simples,Reta,Sim,2,0,0,0,2,0,0,2,-7.0085,-36.697,SPRF-PB,DEL03-PB,UOP01-DEL03-PB
605615.0,2024-06-06,quinta-feira,21:20:00,PB,230,"25,5",JOAO PESSOA,Reação tardia ou ineficiente do condutor,Colisão com objeto,Sem Vítimas,Plena Noite,Decrescente,Garoa/Chuvisco,Dupla,Curva;Viaduto;Interseção de Vias;Declive,Sim,3,0,0,0,3,0,0,1,-7.16999796,-34.87326264,SPRF-PB,DEL01-PB,UOP01-DEL01-PB
605742.0,2024-05-19,domingo,06:00:00,PB,104,112,LAGOA SECA,Ingestão de substâncias psicoativas pelo condutor,Colisão com objeto,Sem Vítimas,Pleno dia,Crescente,Céu Claro,Simples,Reta,Sim,2,0,0,0,0,2,0,2,-7.1450288,-35.85692679,SPRF-PB,DEL02-PB,UOP04-DEL02-PB
605776.0,2024-06-07,sexta-feira,16:40:00,PB,230,"74,6",SOBRADO,Chuva,Saída de leito carroçável,Com Vítimas Feridas,Pleno dia,Decrescente,Chuva,Dupla,Curva,Não,1,0,1,0,0,0,1,1,-7.1894,-35.2596,SPRF-PB,DEL01-PB,UOP03-DEL01-PB
605786.0,2024-05-27,segunda-feira,19:00:00,PB,101,88,JOAO PESSOA,Entrada inopinada do pedestre,Atropelamento de Pedestre,Com Vítimas Feridas,Plena Noite,Decrescente,Nublado,Dupla,Reta,Sim,3,0,3,0,0,0,3,2,-7.16470016,-34.89993643,SPRF-PB,DEL01-PB,UOP01-DEL01-PB
605822.0,2024-06-07,sexta-feira,19:30:00,PB,230,11,CABEDELO,Manobra de mudança de faixa,Colisão lateral mesmo sentido,Com Vítimas Feridas,Plena Noite,Decrescente,Nublado,Dupla,Reta,Sim,1,0,1,0,0,0,1,1,-7.0596,-34.8506,SPRF-PB,DEL01-PB,UOP01-DEL01-PB
606037.0,2024-06-08,sábado,15:25:00,PB,230,26,JOAO PESSOA,Ausência de reação do condutor,Colisão traseira,Com Vítimas Feridas,Pleno dia,Decrescente,Céu Claro,Dupla,Reta;Declive,Sim,8,0,0,1,7,0,1,4,-7.1693,-34.8782,SPRF-PB,DEL01-PB,UOP01-DEL01-PB
606075.0,2024-06-08,sábado,18:50:00,PB,230,"509,6",CAJAZEIRAS,Animais na Pista,Atropelamento de Animal,Com Vítimas Feridas,Plena Noite,Decrescente,Céu Claro,Simples,Reta,Não,1,0,1,0,0,0,1,1,-6.888555,-38.600738,SPRF-PB,DEL03-PB,UOP03-DEL03-PB
606208.0,2024-06-09,domingo,06:30:00,PB,101,84,BAYEUX,Ausência de reação do condutor,Colisão traseira,Com Vítimas Feridas,Pleno dia,Crescente,Chuva,Dupla,Reta,Sim,2,0,1,0,0,1,1,2,-7.13957906,-34.92312806,SPRF-PB,DEL01-PB,UOP01-DEL01-PB
606235.0,2024-06-09,domingo,08:58:00,PB,230,10,CABEDELO,Ausência de reação do condutor,Saída de leito carroçável,Sem Vítimas,Pleno dia,Decrescente,Céu Claro,Dupla,Reta,Sim,1,0,0,0,0,1,0,1,-7.051488,-34.850397,SPRF-PB,DEL01-PB,UOP01-DEL01-PB
606252.0,2024-06-09,domingo,11:10:00,PB,361,"37,9",CATINGUEIRA,Ausência de reação do condutor,Saída de leito carroçável,Com Vítimas Fatais,Pleno dia,Decrescente,Céu Claro,Simples,Reta,Não,1,1,0,0,0,0,0,1,-7.09153248,-37.571741,SPRF-PB,DEL03-PB,UOP01-DEL03-PB
606310.0,2024-06-09,domingo,17:55:00,PB,101,90,JOAO PESSOA,Acessar a via sem observar a presença dos outros veículos,Colisão transversal,Com Vítimas Feridas,Plena Noite,Crescente,Céu Claro,Dupla,Retorno Regulamentado,Sim,2,0,1,0,1,0,1,2,-7.18116059,-34.90083933,SPRF-PB,DEL01-PB,UOP02-DEL01-PB
606404.0,2024-06-09,domingo,19:30:00,PB,230,"229,2",SOLEDADE,Avarias e/ou desgaste excessivo no pneu,Saída de leito carroçável,Com Vítimas Feridas,Plena Noite,Crescente,Nublado,Simples,Reta,Não,2,0,2,0,0,0,2,1,-7.0353,-36.4773,SPRF-PB,DEL02-PB,UOP02-DEL02-PB
606460.0,2024-06-10,segunda-feira,06:50:00,PB,230,"159,5",CAMPINA GRANDE,Acessar a via sem observar a presença dos outros veículos,Colisão transversal,Com Vítimas Feridas,Pleno dia,Crescente,Garoa/Chuvisco,Simples,Interseção de Vias;Reta,Sim,3,0,2,0,1,0,2,2,-7.252,-35.9334,SPRF-PB,DEL02-PB,UOP01-DEL02-PB
606490.0,2024-06-10,segunda-feira,09:40:00,PB,101,"82,6",BAYEUX,Reação tardia ou ineficiente do condutor,Engavetamento,Sem Vítimas,Pleno dia,Crescente,Nublado,Dupla,Declive;Viaduto,Sim,4,0,0,0,4,0,0,4,-7.12911,-34.93714,SPRF-PB,DEL01-PB,UOP01-DEL01-PB
606573.0,2024-06-10,segunda-feira,14:50:00,PB,230,"153,5",CAMPINA GRANDE,Acumulo de areia ou detritos sobre o pavimento,Tombamento,Com Vítimas Feridas,Pleno dia,Crescente,Sol,Simples,Reta;Em Obras,Sim,1,0,1,0,0,0,1,1,-7.27768688,-35.89852452,SPRF-PB,DEL02-PB,UOP01-DEL02-PB
606647.0,2024-06-10,segunda-feira,22:30:00,PB,230,"25,9",JOAO PESSOA,Mal súbito do condutor,Colisão lateral mesmo sentido,Com Vítimas Feridas,Plena Noite,Crescente,Céu Claro,Simples,Reta,Sim,2,0,1,0,1,0,1,2,-7.1707,-34.8684,SPRF-PB,DEL01-PB,UOP01-DEL01-PB
606792.0,2024-06-11,terça-feira,17:00:00,PB,230,25,JOAO PESSOA,Acessar a via sem observar a presença dos outros veículos,Colisão transversal,Com Vítimas Feridas,Anoitecer,Decrescente,Sol,Múltipla,Reta;Interseção de Vias;Em Obras,Sim,2,0,1,0,1,0,1,2,-7.17056214,-34.87128854,SPRF-PB,DEL01-PB,UOP01-DEL01-PB
606810.0,2024-06-11,terça-feira,12:00:00,PB,230,505,CAJAZEIRAS,Velocidade Incompatível,Tombamento,Com Vítimas Feridas,Pleno dia,Crescente,Céu Claro,Simples,Interseção de Vias,Sim,1,0,0,1,0,0,1,1,-6.8988,-38.5722,SPRF-PB,DEL03-PB,UOP03-DEL03-PB
606947.0,2024-06-12,quarta-feira,11:13:00,PB,230,460,SOUSA,Acessar a via sem observar a presença dos outros veículos,Colisão transversal,Com Vítimas Feridas,Pleno dia,Crescente,Céu Claro,Simples,Reta,Sim,3,0,0,2,1,0,2,2,-6.7752,-38.1982,SPRF-PB,DEL03-PB,UOP03-DEL03-PB
606991.0,2024-06-12,quarta-feira,15:48:00,PB,101,127,CAAPORA,Acessar a via sem observar a presença dos outros veículos,Tombamento,Com Vítimas Feridas,Pleno dia,Decrescente,Céu Claro,Dupla,Interseção de Vias;Em Obras;Desvio Temporário,Sim,2,0,0,1,0,1,1,2,-7.49321532,-34.98305125,SPRF-PB,DEL01-PB,UOP02-DEL01-PB
606995.0,2024-06-12,quarta-feira,16:50:00,PB,101,"87,8",JOAO PESSOA,Reação tardia ou ineficiente do condutor,Tombamento,Com Vítimas Feridas,Pleno dia,Crescente,Céu Claro,Dupla,Reta,Sim,1,0,1,0,0,0,1,1,-7.15886802,-34.90628504,SPRF-PB,DEL01-PB,UOP01-DEL01-PB
607026.0,2024-06-12,quarta-feira,18:05:00,PB,230,"38,3",SANTA RITA,Acessar a via sem observar a presença dos outros veículos,Colisão frontal,Com Vítimas Fatais,Plena Noite,Decrescente,Céu Claro,Dupla,Aclive;Reta,Sim,2,1,0,0,1,0,0,2,-7.1341,-34.962,SPRF-PB,DEL01-PB,UOP03-DEL01-PB
607054.0,2024-06-12,quarta-feira,18:30:00,PB,230,"159,9",CAMPINA GRANDE,Mal súbito do condutor,Colisão transversal,Com Vítimas Feridas,Plena Noite,Crescente,Nublado,Simples,Rotatória;Interseção de Vias,Sim,2,0,0,1,0,1,1,2,-7.25249561,-35.93304992,SPRF-PB,DEL02-PB,UOP01-DEL02-PB
607112.0,2024-06-13,quinta-feira,07:15:00,PB,230,"155,8",CAMPINA GRANDE,Acesso irregular,Tombamento,Com Vítimas Feridas,Pleno dia,Decrescente,Céu Claro,Simples,Reta,Sim,2,0,1,1,0,0,2,1,-7.273005,-35.909297,SPRF-PB,DEL02-PB,UOP01-DEL02-PB
607226.0,2024-06-13,quinta-feira,17:55:00,PB,230,21,JOAO PESSOA,Acostamento em desnível,Tombamento,Com Vítimas Feridas,Plena Noite,Crescente,Chuva,Dupla,Reta,Sim,1,0,1,0,0,0,1,1,-7.142943,-34.851599,SPRF-PB,DEL01-PB,UOP01-DEL01-PB
607456.0,2024-06-14,sexta-feira,16:02:00,PB,101,"71,1",SANTA RITA,Velocidade Incompatível,Colisão com objeto,Sem Vítimas,Pleno dia,Decrescente,Chuva,Dupla,Curva,Não,1,0,0,0,1,0,0,1,-7.06838278,-35.0033079,SPRF-PB,DEL01-PB,UOP04-DEL01-PB
607535.0,2024-06-14,sexta-feira,08:00:00,PB,230,"168,9",CAMPINA GRANDE,Demais falhas na via,Tombamento,Com Vítimas Feridas,Plena Noite,Decrescente,Chuva,Simples,Reta,Não,2,0,0,1,0,1,1,1,-7.185413,-35.975773,SPRF-PB,DEL02-PB,UOP02-DEL02-PB
607585.0,2024-06-14,sexta-feira,23:58:00,PB,101,"14,9",MAMANGUAPE,Condutor Dormindo,Saída de leito carroçável,Sem Vítimas,Plena Noite,Decrescente,Nublado,Dupla,Aclive,Não,1,0,0,0,1,0,0,1,-6.61713815,-35.13803934,SPRF-PB,DEL01-PB,UOP04-DEL01-PB
607655.0,2024-06-15,sábado,13:45:00,PB,230,24,JOAO PESSOA,Ausência de reação do condutor,Tombamento,Com Vítimas Feridas,Pleno dia,Crescente,Nublado,Múltipla,Curva;Em Obras,Sim,1,0,1,0,0,0,1,1,-7.17058155,-34.8680625,SPRF-PB,DEL01-PB,UOP01-DEL01-PB
607669.0,2024-06-15,sábado,11:40:00,PB,412,"111,9",SUME,Conversão proibida,Colisão frontal,Com Vítimas Feridas,Pleno dia,Crescente,Chuva,Simples,Reta,Sim,2,0,0,1,1,0,1,2,-7.686819,-36.898468,SPRF-PB,DEL02-PB,UOP02-DEL02-PB
607711.0,2024-06-15,sábado,18:00:00,PB,104,"133,2",QUEIMADAS,Ingestão de álcool pelo condutor,Colisão traseira,Sem Vítimas,Plena Noite,Crescente,Chuva,Simples,Interseção de Vias,Sim,2,0,0,0,2,0,0,2,-7.31674795,-35.89500926,SPRF-PB,DEL02-PB,UOP03-DEL02-PB
607729.0,2024-06-15,sábado,19:20:00,PB,230,99,GURINHEM,Velocidade Incompatível,Colisão traseira,Sem Vítimas,Plena Noite,Crescente,Chuva,Dupla,Reta,Não,2,0,0,0,2,0,0,2,-7.1911,-35.4716,SPRF-PB,DEL01-PB,UOP03-DEL01-PB
607737.0,2024-06-15,sábado,19:40:00,PB,230,"463,3",SOUSA,Acessar a via sem observar a presença dos outros veículos,Colisão transversal,Com Vítimas Feridas,Plena Noite,Decrescente,Nublado,Simples,Reta,Sim,2,0,1,0,1,0,1,2,-6.7783,-38.2256,SPRF-PB,DEL03-PB,UOP03-DEL03-PB
607767.0,2024-06-15,sábado,22:50:00,PB,230,"313,5",SAO MAMEDE,Ausência de sinalização,Colisão traseira,Sem Vítimas,Plena Noite,Crescente,Nublado,Simples,Reta;Declive,Não,3,0,0,0,3,0,0,2,-6.938307,-37.09694,SPRF-PB,DEL03-PB,UOP01-DEL03-PB
607771.0,2024-06-15,sábado,23:00:00,PB,101,"69,3",SANTA RITA,Objeto estático sobre o leito carroçável,Queda de ocupante de veículo,Com Vítimas Feridas,Plena Noite,Crescente,Chuva,Dupla,Reta,Não,2,0,1,1,0,0,2,1,-7.06071589,-35.01964495,SPRF-PB,DEL01-PB,UOP04-DEL01-PB
607783.0,2024-06-15,sábado,22:50:00,PB,230,"469,4",SOUSA,Manobra de mudança de faixa,Colisão lateral mesmo sentido,Com Vítimas Feridas,Plena Noite,Decrescente,Chuva,Simples,Reta,Não,2,0,1,0,1,0,1,2,-6.7839,-38.2775,SPRF-PB,DEL03-PB,UOP03-DEL03-PB
607795.0,2024-06-16,domingo,02:40:00,PB,230,83,BAYEUX,Condutor Dormindo,Colisão com objeto,Sem Vítimas,Plena Noite,Crescente,Céu Claro,Múltipla,Reta,Sim,1,0,0,0,0,1,0,1,-7.13063128,-34.93438482,SPRF-PB,DEL01-PB,UOP03-DEL01-PB
607815.0,2024-06-16,domingo,03:25:00,PB,101,"45,9",MAMANGUAPE,Reação tardia ou ineficiente do condutor,Saída de leito carroçável,Com Vítimas Feridas,Plena Noite,Decrescente,Chuva,Dupla,Reta,Não,4,0,3,0,1,0,3,1,-6.88322894,-35.1303459,SPRF-PB,DEL01-PB,UOP04-DEL01-PB
607833.0,2024-06-16,domingo,05:30:00,PB,230,"21,5",JOAO PESSOA,Ausência de reação do condutor,Colisão lateral mesmo sentido,Sem Vítimas,Pleno dia,Decrescente,Céu Claro,Dupla,Reta,Sim,2,0,0,0,2,0,0,2,-7.1415,-34.8519,SPRF-PB,DEL01-PB,UOP01-DEL01-PB
607870.0,2024-06-16,domingo,09:40:00,PB,101,"22,2",RIO TINTO,Reação tardia ou ineficiente do condutor,Saída de leito carroçável,Com Vítimas Feridas,Pleno dia,Crescente,Chuva,Dupla,Reta,Não,2,0,2,0,0,0,2,1,-6.683908,-35.114418,SPRF-PB,DEL01-PB,UOP04-DEL01-PB
607912.0,2024-06-16,domingo,12:00:00,PB,230,168,CAMPINA GRANDE,Ausência de reação do condutor,Saída de leito carroçável,Com Vítimas Feridas,Pleno dia,Decrescente,Céu Claro,Simples,Reta,Não,1,0,1,0,0,0,1,1,-7.188,-35.9687,SPRF-PB,DEL02-PB,UOP02-DEL02-PB
607928.0,2024-06-16,domingo,16:15:00,PB,0,0,CAMPINA GRANDE,Reação tardia ou ineficiente do condutor,Colisão com objeto,Com Vítimas Feridas,Pleno dia,Não Informado,Chuva,Dupla,Reta,Sim,1,0,1,0,0,0,1,1,-7.248192,-35.846573,SPRF-PB,DEL02-PB,UOP01-DEL02-PB
607974.0,2024-06-16,domingo,19:50:00,PB,230,153,CAMPINA GRANDE,Condutor deixou de manter distância do veículo da frente,Colisão traseira,Com Vítimas Feridas,Plena Noite,Crescente,Chuva,Dupla,Reta;Em Obras,Não,3,0,1,0,2,0,1,2,-7.2763,-35.8887,SPRF-PB,DEL02-PB,UOP01-DEL02-PB
607984.0,2024-06-16,domingo,18:17:00,PB,230,484,SAO JOAO DO RIO DO PEIXE,Ausência de reação do condutor,Tombamento,Com Vítimas Feridas,Anoitecer,Crescente,Céu Claro,Simples,Curva,Não,1,0,0,1,0,0,1,1,-6.8579,-38.3721,SPRF-PB,DEL03-PB,UOP03-DEL03-PB
608006.0,2024-06-16,domingo,21:45:00,PB,230,"39,8",SANTA RITA,Ingestão de álcool pelo condutor,Saída de leito carroçável,Sem Vítimas,Plena Noite,Decrescente,Chuva,Dupla,Curva;Declive,Não,1,0,0,0,0,1,0,1,-7.14141163,-34.97752905,SPRF-PB,DEL01-PB,UOP03-DEL01-PB
608054.0,2024-06-17,segunda-feira,05:45:00,PB,101,"79,8",SANTA RITA,Ausência de reação do condutor,Saída de leito carroçável,Com Vítimas Feridas,Pleno dia,Crescente,Garoa/Chuvisco,Dupla,Curva,Sim,1,0,0,1,0,0,1,1,-7.11753704,-34.94951428,SPRF-PB,DEL01-PB,UOP04-DEL01-PB
608073.0,2024-06-17,segunda-feira,05:00:00,PB,230,486,CAJAZEIRAS,Condutor Dormindo,Saída de leito carroçável,Sem Vítimas,Amanhecer,Crescente,Céu Claro,Simples,Reta,Não,1,0,0,0,0,1,0,1,-6.88735108,-38.47294897,SPRF-PB,DEL03-PB,UOP03-DEL03-PB
608075.0,2024-06-17,segunda-feira,05:20:00,PB,230,499,CAJAZEIRAS,Reação tardia ou ineficiente do condutor,Colisão traseira,Com Vítimas Feridas,Amanhecer,Decrescente,Céu Claro,Simples,Reta,Não,2,0,0,1,0,1,1,2,-6.8995,-38.499,SPRF-PB,DEL03-PB,UOP03-DEL03-PB
608149.0,2024-06-17,segunda-feira,13:30:00,PB,230,18,JOAO PESSOA,Reação tardia ou ineficiente do condutor,Tombamento,Com Vítimas Feridas,Pleno dia,Crescente,Céu Claro,Simples,Curva,Não,2,0,1,0,1,0,1,2,-7.1198,-34.8453,SPRF-PB,DEL01-PB,UOP01-DEL01-PB
608219.0,2024-06-17,segunda-feira,17:00:00,PB,230,"308,4",SAO MAMEDE,Reação tardia ou ineficiente do condutor,Colisão traseira,Com Vítimas Feridas,Anoitecer,Crescente,Céu Claro,Simples,Reta,Não,2,0,0,1,1,0,1,2,-6.9222,-37.052,SPRF-PB,DEL03-PB,UOP01-DEL03-PB
608306.0,2024-06-18,terça-feira,06:25:00,PB,104,"92,9",ESPERANCA,Ultrapassagem Indevida,Colisão frontal,Com Vítimas Fatais,Pleno dia,Crescente,Céu Claro,Simples,Curva;Declive,Não,3,1,0,0,2,0,0,2,-6.98809582,-35.8299852,SPRF-PB,DEL02-PB,UOP04-DEL02-PB
608315.0,2024-06-18,terça-feira,08:00:00,PB,101,72,SANTA RITA,Acessar a via sem observar a presença dos outros veículos,Colisão traseira,Com Vítimas Feridas,Pleno dia,Crescente,Céu Claro,Dupla,Retorno Regulamentado,Não,5,0,2,0,3,0,2,2,-7.07828212,-34.98823508,SPRF-PB,DEL01-PB,UOP04-DEL01-PB
608323.0,2024-06-16,domingo,01:25:00,PB,230,502,CAJAZEIRAS,Animais na Pista,Eventos atípicos,Sem Vítimas,Plena Noite,Decrescente,Garoa/Chuvisco,Simples,Reta,Sim,2,0,0,0,2,0,0,1,-6.8979,-38.5233,SPRF-PB,DEL03-PB,UOP03-DEL03-PB
608345.0,2024-06-18,terça-feira,12:35:00,PB,230,"20,5",JOAO PESSOA,Transitar no Acostamento,Colisão transversal,Com Vítimas Feridas,Pleno dia,Decrescente,Céu Claro,Simples,Curva;Interseção de Vias;Declive,Sim,2,0,1,0,0,1,1,2,-7.1337,-34.8544,SPRF-PB,DEL01-PB,UOP01-DEL01-PB
608415.0,2024-06-18,terça-feira,18:00:00,PB,230,1,CABEDELO,Ausência de reação do condutor,Colisão lateral mesmo sentido,Com Vítimas Feridas,Plena Noite,Decrescente,Céu Claro,Simples,Reta,Sim,2,0,0,1,1,0,1,2,-6.9753,-34.8318,SPRF-PB,DEL01-PB,UOP01-DEL01-PB
608555.0,2024-06-19,quarta-feira,11:09:00,PB,230,"65,1",SAO MIGUEL DE TAIPU,Manobra de mudança de faixa,Colisão traseira,Com Vítimas Fatais,Pleno dia,Crescente,Céu Claro,Dupla,Declive;Reta,Não,2,1,0,0,1,0,0,2,-7.1911,-35.1832,SPRF-PB,DEL01-PB,UOP03-DEL01-PB
608572.0,2024-06-19,quarta-feira,13:00:00,PB,101,"42,5",MAMANGUAPE,Problema com o freio,Saída de leito carroçável,Sem Vítimas,Pleno dia,Decrescente,Nublado,Dupla,Declive;Curva,Não,1,0,0,0,1,0,0,1,-6.856615,-35.13444297,SPRF-PB,DEL01-PB,UOP04-DEL01-PB
608720.0,2024-06-20,quinta-feira,08:05:00,PB,230,26,JOAO PESSOA,Manobra de mudança de faixa,Colisão lateral mesmo sentido,Com Vítimas Feridas,Pleno dia,Crescente,Céu Claro,Dupla,Reta,Sim,2,0,1,0,1,0,1,2,-7.1693,-34.8782,SPRF-PB,DEL01-PB,UOP01-DEL01-PB
608967.0,2024-06-21,sexta-feira,12:15:00,PB,101,"86,4",JOAO PESSOA,Ausência de reação do condutor,Colisão traseira,Com Vítimas Feridas,Pleno dia,Decrescente,Céu Claro,Dupla,Reta,Sim,3,0,2,0,0,1,2,2,-7.15118983,-34.91012184,SPRF-PB,DEL01-PB,UOP01-DEL01-PB
608969.0,2024-06-21,sexta-feira,10:30:00,PB,104,"191,3",ALCANTIL,Reação tardia ou ineficiente do condutor,Saída de leito carroçável,Com Vítimas Feridas,Pleno dia,Decrescente,Nublado,Simples,Reta,Não,1,0,1,0,0,0,1,1,-7.72990593,-36.07500026,SPRF-PB,DEL02-PB,UOP03-DEL02-PB
608999.0,2024-06-21,sexta-feira,15:40:00,PB,230,27,JOAO PESSOA,Reação tardia ou ineficiente do condutor,Colisão lateral mesmo sentido,Com Vítimas Feridas,Pleno dia,Crescente,Céu Claro,Dupla,Reta,Sim,3,0,1,0,2,0,1,2,-7.1677,-34.8855,SPRF-PB,DEL01-PB,UOP01-DEL01-PB
609013.0,2024-06-21,sexta-feira,16:45:00,PB,230,"23,6",JOAO PESSOA,Ausência de reação do condutor,Tombamento,Com Vítimas Feridas,Pleno dia,Crescente,Céu Claro,Dupla,Aclive,Sim,1,0,1,0,0,0,1,1,-7.1562,-34.8574,SPRF-PB,DEL01-PB,UOP01-DEL01-PB
609018.0,2024-06-21,sexta-feira,17:15:00,PB,101,88,JOAO PESSOA,Acumulo de areia ou detritos sobre o pavimento,Colisão com objeto,Com Vítimas Feridas,Anoitecer,Decrescente,Céu Claro,Dupla,Aclive;Curva,Sim,1,0,1,0,0,0,1,1,-7.16470016,-34.89993643,SPRF-PB,DEL01-PB,UOP01-DEL01-PB
609118.0,2024-06-01,sábado,18:10:00,PB,230,87,GURINHEM,Ausência de reação do condutor,Colisão lateral mesmo sentido,Com Vítimas Fatais,Plena Noite,Decrescente,Céu Claro,Dupla,Reta,Não,7,1,0,0,5,1,0,3,-7.171993,-35.384508,SPRF-PB,DEL01-PB,UOP03-DEL01-PB
609198.0,2024-06-22,sábado,07:23:00,PB,230,"375,1",CONDADO,Ingestão de álcool pelo condutor,Colisão traseira,Com Vítimas Feridas,Pleno dia,Crescente,Céu Claro,Simples,Reta,Sim,6,0,0,3,1,2,3,3,-6.9088,-37.5918,SPRF-PB,DEL03-PB,UOP02-DEL03-PB
609208.0,2024-06-22,sábado,08:45:00,PB,230,84,CALDAS BRANDAO,Condutor Dormindo,Saída de leito carroçável,Com Vítimas Feridas,Pleno dia,Decrescente,Nublado,Dupla,Curva,Não,2,0,1,0,1,0,1,1,-7.1635,-35.3439,SPRF-PB,DEL01-PB,UOP03-DEL01-PB
609233.0,2024-06-22,sábado,09:50:00,PB,230,41,SANTA RITA,Condutor Dormindo,Saída de leito carroçável,Sem Vítimas,Pleno dia,Decrescente,Sol,Dupla,Reta;Declive,Sim,1,0,0,0,1,0,0,1,-7.1432,-34.9869,SPRF-PB,DEL01-PB,UOP03-DEL01-PB
609297.0,2024-06-22,sábado,16:55:00,PB,230,"292,5",SANTA LUZIA,Reação tardia ou ineficiente do condutor,Queda de ocupante de veículo,Com Vítimas Feridas,Pleno dia,Crescente,Sol,Simples,Declive;Reta,Não,1,0,0,1,0,0,1,1,-6.8684,-36.9222,SPRF-PB,DEL03-PB,UOP01-DEL03-PB
609322.0,2024-06-22,sábado,18:40:00,PB,230,162,CAMPINA GRANDE,Condutor deixou de manter distância do veículo da frente,Colisão traseira,Com Vítimas Feridas,Plena Noite,Decrescente,Céu Claro,Simples,Em Obras;Reta;Declive,Não,3,0,2,0,0,1,2,2,-7.2277,-35.9439,SPRF-PB,DEL02-PB,UOP01-DEL02-PB
609339.0,2024-06-22,sábado,21:55:00,PB,230,385,SAO BENTINHO,Animais na Pista,Atropelamento de Animal,Com Vítimas Feridas,Plena Noite,Decrescente,Céu Claro,Simples,Reta;Aclive,Não,1,0,1,0,0,0,1,1,-6.9074,-37.6767,SPRF-PB,DEL03-PB,UOP02-DEL03-PB
609363.0,2024-06-23,domingo,02:53:00,PB,230,"233,9",JUAZEIRINHO,Transitar na contramão,Colisão frontal,Com Vítimas Fatais,Plena Noite,Crescente,Chuva,Simples,Reta,Não,2,1,0,0,1,0,0,2,-7.0495,-36.5348,SPRF-PB,DEL02-PB,UOP02-DEL02-PB
609463.0,2024-06-23,domingo,09:30:00,PB,230,10,CABEDELO,Acessar a via sem observar a presença dos outros veículos,Saída de leito carroçável,Com Vítimas Feridas,Pleno dia,Crescente,Céu Claro,Dupla,Curva,Sim,2,0,1,0,1,0,1,2,-7.05342792,-34.85058546,SPRF-PB,DEL01-PB,UOP01-DEL01-PB