id,data_inversa,dia_semana,horario,uf,br,km,municipio,causa_acidente,tipo_acidente,classificacao_acidente,fase_dia,sentido_via,condicao_metereologica,tipo_pista,tracado_via,uso_solo,pessoas,mortos,feridos_leves,feridos_graves,ilesos,ignorados,feridos,veiculos,latitude,longitude,regional,delegacia,uop
612637.0,2024-07-06,sábado,21:30:00,PB,104,"1,4",NOVA FLORESTA,Pedestre andava na pista,Atropelamento de Pedestre,Com Vítimas Fatais,Plena Noite,Decrescente,Chuva,Simples,Reta,Não,2,1,0,0,0,1,0,2,-6.442351,-36.20277203,SPRF-PB,DEL02-PB,UOP04-DEL02-PB
612777.0,2024-07-07,domingo,16:08:00,PB,101,"9,3",MAMANGUAPE,Manobra de mudança de faixa,Colisão lateral mesmo sentido,Com Vítimas Feridas,Pleno dia,Decrescente,Céu Claro,Dupla,Reta,Não,4,0,3,0,0,1,3,2,-6.57453301,-35.14429822,SPRF-PB,DEL01-PB,UOP04-DEL01-PB
612864.0,2024-07-07,domingo,20:33:00,PB,230,316,SAO MAMEDE,Ausência de reação do condutor,Saída de leito carroçável,Com Vítimas Feridas,Plena Noite,Decrescente,Céu Claro,Simples,Reta,Não,5,0,2,0,3,0,2,1,-6.9507,-37.1169,SPRF-PB,DEL03-PB,UOP01-DEL03-PB
612904.0,2024-07-07,domingo,18:00:00,PB,230,"240,7",JUAZEIRINHO,Reação tardia ou ineficiente do condutor,Colisão transversal,Com Vítimas Feridas,Plena Noite,Decrescente,Nublado,Simples,Reta,Sim,4,0,1,2,1,0,3,2,-7.0634,-36.563,SPRF-PB,DEL02-PB,UOP02-DEL02-PB
613035.0,2024-07-08,segunda-feira,15:00:00,PB,230,22,JOAO PESSOA,Manobra de mudança de faixa,Colisão lateral mesmo sentido,Com Vítimas Feridas,Pleno dia,Decrescente,Céu Claro,Dupla,Reta,Sim,2,0,1,0,0,1,1,2,-7.15804261,-34.85826421,SPRF-PB,DEL01-PB,UOP01-DEL01-PB
613150.0,2024-07-08,segunda-feira,23:40:00,PB,230,472,SOUSA,Pedestre andava na pista,Atropelamento de Pedestre,Com Vítimas Feridas,Plena Noite,Decrescente,Céu Claro,Simples,Curva,Não,2,0,0,1,0,1,1,2,-6.7994,-38.2987,SPRF-PB,DEL03-PB,UOP03-DEL03-PB
613181.0,2024-07-09,terça-feira,08:20:00,PB,230,17,JOAO PESSOA,Manobra de mudança de faixa,Colisão transversal,Com Vítimas Feridas,Pleno dia,Crescente,Céu Claro,Dupla,Retorno Regulamentado,Sim,4,0,1,1,0,2,2,3,-7.11833138,-34.84414816,SPRF-PB,DEL01-PB,UOP01-DEL01-PB
613319.0,2024-07-09,terça-feira,18:41:00,PB,230,6,CABEDELO,Ausência de reação do condutor,Colisão transversal,Sem Vítimas,Plena Noite,Crescente,Chuva,Dupla,Reta,Sim,2,0,0,0,2,0,0,2,-7.02,-34.8359,SPRF-PB,DEL01-PB,UOP01-DEL01-PB
613389.0,2024-07-10,quarta-feira,05:15:00,PB,230,78,SOBRADO,Acessar a via sem observar a presença dos outros veículos,Colisão transversal,Com Vítimas Feridas,Amanhecer,Decrescente,Chuva,Dupla,Reta,Não,2,0,0,1,1,0,1,2,-7.1849,-35.2955,SPRF-PB,DEL01-PB,UOP03-DEL01-PB
613607.0,2024-07-11,quinta-feira,05:00:00,PB,230,"476,6",SOUSA,Transitar na contramão,Colisão frontal,Com Vítimas Feridas,Pleno dia,Decrescente,Céu Claro,Simples,Rotatória,Não,2,0,0,2,0,0,2,2,-6.8298,-38.3177,SPRF-PB,DEL03-PB,UOP03-DEL03-PB
613633.0,2024-07-11,quinta-feira,07:50:00,PB,230,"12,4",CABEDELO,Condutor deixou de manter distância do veículo da frente,Colisão traseira,Com Vítimas Feridas,Pleno dia,Decrescente,Céu Claro,Dupla,Reta,Sim,2,0,1,0,1,0,1,2,-7.068,-34.85,SPRF-PB,DEL01-PB,UOP01-DEL01-PB
613748.0,2024-07-11,quinta-feira,12:50:00,PB,361,"19,1",SANTA TERESINHA,Condutor deixou de manter distância do veículo da frente,Colisão traseira,Com Vítimas Feridas,Pleno dia,Decrescente,Céu Claro,Simples,Aclive;Em Obras,Não,2,0,1,0,0,1,1,2,-7.07275181,-37.41688032,SPRF-PB,DEL03-PB,UOP01-DEL03-PB
613937.0,2024-07-12,sexta-feira,15:07:00,PB,230,10,CABEDELO,Ausência de reação do condutor,Colisão traseira,Com Vítimas Feridas,Pleno dia,Crescente,Céu Claro,Dupla,Reta,Sim,2,0,1,0,0,1,1,2,-7.0514,-34.8499,SPRF-PB,DEL01-PB,UOP01-DEL01-PB
614006.0,2024-07-12,sexta-feira,20:15:00,PB,230,154,CAMPINA GRANDE,Acostamento em desnível,Tombamento,Com Vítimas Feridas,Plena Noite,Crescente,Chuva,Simples,Em Obras;Reta,Sim,2,0,1,0,1,0,1,1,-7.2777,-35.8985,SPRF-PB,DEL02-PB,UOP01-DEL02-PB
614039.0,2024-07-12,sexta-feira,22:20:00,PB,230,157,CAMPINA GRANDE,Acumulo de areia ou detritos sobre o pavimento,Tombamento,Com Vítimas Feridas,Plena Noite,Decrescente,Céu Claro,Simples,Reta;Em Obras,Sim,3,0,1,1,1,0,2,2,-7.264,-35.9199,SPRF-PB,DEL02-PB,UOP01-DEL02-PB
614112.0,2024-07-13,sábado,09:20:00,PB,230,"172,8",CAMPINA GRANDE,Transitar na contramão,Colisão frontal,Com Vítimas Feridas,Pleno dia,Decrescente,Garoa/Chuvisco,Simples,Declive,Não,5,0,1,0,4,0,1,2,-7.1798,-36.0027,SPRF-PB,DEL02-PB,UOP02-DEL02-PB
614198.0,2024-07-13,sábado,17:45:00,PB,230,69,SOBRADO,Pedestre cruzava a pista fora da faixa,Atropelamento de Pedestre,Com Vítimas Feridas,Plena Noite,Crescente,Céu Claro,Dupla,Reta,Não,3,0,1,2,0,0,3,2,-7.1887,-35.2151,SPRF-PB,DEL01-PB,UOP03-DEL01-PB
614239.0,2024-07-13,sábado,19:45:00,PB,361,"13,2",SANTA TERESINHA,Ausência de reação do condutor,Colisão traseira,Com Vítimas Feridas,Plena Noite,Crescente,Céu Claro,Simples,Reta,Não,2,0,1,0,1,0,1,2,-7.0446912,-37.37211497,SPRF-PB,DEL03-PB,UOP01-DEL03-PB
614261.0,2024-07-13,sábado,22:30:00,PB,230,148,CAMPINA GRANDE,Ingestão de álcool pelo condutor,Saída de leito carroçável,Sem Vítimas,Plena Noite,Decrescente,Nublado,Dupla,Rotatória,Não,2,0,0,0,2,0,0,2,-7.238,-35.8656,SPRF-PB,DEL02-PB,UOP01-DEL02-PB
614301.0,2024-07-14,domingo,05:04:00,PB,230,51,CRUZ DO ESPIRITO SANTO,Ingestão de álcool pelo condutor,Queda de ocupante de veículo,Com Vítimas Feridas,Amanhecer,Decrescente,Nublado,Dupla,Curva,Não,2,0,0,2,0,0,2,1,-7.1897,-35.0615,SPRF-PB,DEL01-PB,UOP03-DEL01-PB
614370.0,2024-07-14,domingo,11:05:00,PB,230,70,SOBRADO,Demais falhas mecânicas ou elétricas,Saída de leito carroçável,Com Vítimas Feridas,Pleno dia,Crescente,Céu Claro,Dupla,Reta,Não,5,0,2,0,3,0,2,1,-7.1919,-35.2261,SPRF-PB,DEL01-PB,UOP03-DEL01-PB
614441.0,2024-07-14,domingo,17:35:00,PB,230,171,CAMPINA GRANDE,Retorno proibido,Colisão frontal,Sem Vítimas,Plena Noite,Crescente,Nublado,Simples,Reta,Não,3,0,0,0,2,1,0,3,-7.18,-35.9938,SPRF-PB,DEL02-PB,UOP02-DEL02-PB
614454.0,2024-07-14,domingo,18:53:00,PB,230,20,JOAO PESSOA,Ausência de reação do condutor,Tombamento,Sem Vítimas,Plena Noite,Crescente,Céu Claro,Simples,Reta,Sim,1,0,0,0,1,0,0,1,-7.1337,-34.8544,SPRF-PB,DEL01-PB,UOP01-DEL01-PB
614490.0,2024-07-14,domingo,20:50:00,PB,230,"79,7",CALDAS BRANDAO,Reação tardia ou ineficiente do condutor,Saída de leito carroçável,Com Vítimas Feridas,Plena Noite,Decrescente,Céu Claro,Dupla,Reta,Não,1,0,1,0,0,0,1,1,-7.1828,-35.3041,SPRF-PB,DEL01-PB,UOP03-DEL01-PB
614521.0,2024-07-14,domingo,23:40:00,PB,101,76,SANTA RITA,Ingestão de álcool pelo condutor,Saída de leito carroçável,Sem Vítimas,Plena Noite,Decrescente,Céu Claro,Dupla,Aclive;Reta,Não,1,0,0,0,1,0,0,1,-7.093985,-34.967641,SPRF-PB,DEL01-PB,UOP04-DEL01-PB
614537.0,2024-07-15,segunda-feira,06:40:00,PB,101,84,JOAO PESSOA,Reação tardia ou ineficiente do condutor,Colisão traseira,Sem Vítimas,Pleno dia,Crescente,Céu Claro,Dupla,Reta;Viaduto;Aclive,Sim,3,0,0,0,3,0,0,3,-7.13957906,-34.92312806,SPRF-PB,DEL01-PB,UOP01-DEL01-PB
614543.0,2024-07-15,segunda-feira,07:20:00,PB,230,20,JOAO PESSOA,Manobra de mudança de faixa,Colisão lateral mesmo sentido,Com Vítimas Feridas,Pleno dia,Decrescente,Céu Claro,Simples,Curva,Sim,3,0,2,0,1,0,2,2,-7.1337,-34.8544,SPRF-PB,DEL01-PB,UOP01-DEL01-PB
614555.0,2024-07-15,segunda-feira,07:40:00,PB,230,"16,5",JOAO PESSOA,Condutor deixou de manter distância do veículo da frente,Tombamento,Com Vítimas Feridas,Pleno dia,Crescente,Nublado,Dupla,Declive;Reta,Sim,1,0,1,0,0,0,1,1,-7.1039,-34.8458,SPRF-PB,DEL01-PB,UOP01-DEL01-PB
614557.0,2024-07-15,segunda-feira,08:13:00,PB,101,83,BAYEUX,Trafegar com motocicleta (ou similar) entre as faixas,Colisão traseira,Com Vítimas Feridas,Pleno dia,Crescente,Céu Claro,Dupla,Aclive;Reta;Viaduto,Não,3,0,2,0,1,0,2,2,-7.1337703,-34.92963914,SPRF-PB,DEL01-PB,UOP01-DEL01-PB
614618.0,2024-07-15,segunda-feira,11:30:00,PB,116,"10,1",CACHOEIRA DOS INDIOS,Conversão proibida,Colisão frontal,Com Vítimas Feridas,Pleno dia,Crescente,Sol,Simples,Curva,Não,5,0,4,0,1,0,4,2,-6.97696,-38.73984,SPRF-CE,DEL05-CE,UOP03-DEL05-CE
614707.0,2024-07-15,segunda-feira,18:45:00,PB,230,"1,8",CAMPINA GRANDE,Reação tardia ou ineficiente do condutor,Colisão traseira,Com Vítimas Feridas,Plena Noite,Decrescente,Céu Claro,Simples,Aclive;Reta,Sim,3,0,1,0,2,0,1,2,-7.20837135,-35.94656702,SPRF-PB,DEL01-PB,UOP01-DEL01-PB
614734.0,2024-07-15,segunda-feira,22:30:00,PB,230,36,SANTA RITA,Pista Escorregadia,Tombamento,Com Vítimas Feridas,Plena Noite,Crescente,Nublado,Dupla,Aclive;Curva,Sim,2,0,1,1,0,0,2,1,-7.1246,-34.9473,SPRF-PB,DEL01-PB,UOP03-DEL01-PB
614746.0,2024-07-16,terça-feira,00:30:00,PB,230,464,SOUSA,Animais na Pista,Atropelamento de Animal,Sem Vítimas,Plena Noite,Crescente,Céu Claro,Simples,Reta,Não,1,0,0,0,1,0,0,1,-6.7786,-38.2341,SPRF-PB,DEL03-PB,UOP03-DEL03-PB
614763.0,2024-06-30,domingo,18:30:00,PB,230,57,CRUZ DO ESPIRITO SANTO,Reação tardia ou ineficiente do condutor,Colisão traseira,Com Vítimas Feridas,Plena Noite,Crescente,Céu Claro,Dupla,Reta,Não,7,0,1,0,6,0,1,2,-7.203447,-35.119091,SPRF-PB,DEL01-PB,UOP03-DEL01-PB
614856.0,2024-07-16,terça-feira,16:00:00,PB,230,"105,5",MOGEIRO,Ausência de reação do condutor,Saída de leito carroçável,Com Vítimas Feridas,Pleno dia,Decrescente,Céu Claro,Dupla,Aclive;Retorno Regulamentado;Curva,Não,1,0,1,0,0,0,1,1,-7.204501,-35.538037,SPRF-PB,DEL01-PB,UOP03-DEL01-PB
614888.0,2024-07-16,terça-feira,19:10:00,PB,230,13,CABEDELO,Ausência de reação do condutor,Tombamento,Com Vítimas Feridas,Plena Noite,Crescente,Céu Claro,Dupla,Reta,Sim,2,0,2,0,0,0,2,1,-7.0772,-34.8494,SPRF-PB,DEL01-PB,UOP01-DEL01-PB
614969.0,2024-07-17,quarta-feira,07:20:00,PB,101,83,BAYEUX,Demais falhas na via,Tombamento,Com Vítimas Feridas,Pleno dia,Crescente,Sol,Dupla,Em Obras,Sim,2,0,2,0,0,0,2,1,-7.13217238,-34.93156672,SPRF-PB,DEL01-PB,UOP01-DEL01-PB
614973.0,2024-07-17,quarta-feira,06:30:00,PB,230,48,SANTA RITA,Ausência de reação do condutor,Saída de leito carroçável,Sem Vítimas,Pleno dia,Decrescente,Céu Claro,Dupla,Em Obras;Reta,Não,1,0,0,0,1,0,0,1,-7.17713001,-35.04366875,SPRF-PB,DEL01-PB,UOP03-DEL01-PB
614998.0,2024-07-17,quarta-feira,10:20:00,PB,104,"97,7",ESPERANCA,Conversão proibida,Colisão transversal,Com Vítimas Feridas,Pleno dia,Crescente,Céu Claro,Simples,Aclive;Curva,Sim,2,0,1,0,1,0,1,2,-7.02803215,-35.85657159,SPRF-PB,DEL02-PB,UOP04-DEL02-PB
615021.0,2024-07-17,quarta-feira,13:20:00,PB,230,"121,2",RIACHAO DO BACAMARTE,Animais na Pista,Atropelamento de Animal,Com Vítimas Feridas,Pleno dia,Crescente,Céu Claro,Dupla,Reta,Não,1,0,1,0,0,0,1,1,-7.2452,-35.649,SPRF-PB,DEL02-PB,UOP01-DEL02-PB
615030.0,2024-07-17,quarta-feira,14:50:00,PB,230,23,JOAO PESSOA,Velocidade Incompatível,Colisão com objeto,Com Vítimas Feridas,Pleno dia,Decrescente,Céu Claro,Dupla,Reta,Sim,2,0,0,1,1,0,1,2,-7.1562,-34.8574,SPRF-PB,DEL01-PB,UOP01-DEL01-PB
615171.0,2024-07-18,quinta-feira,08:00:00,PB,101,90,JOAO PESSOA,Reação tardia ou ineficiente do condutor,Tombamento,Com Vítimas Feridas,Pleno dia,Crescente,Céu Claro,Dupla,Retorno Regulamentado;Curva,Sim,1,0,1,0,0,0,1,1,-7.179652,-34.900417,SPRF-PB,DEL01-PB,UOP02-DEL01-PB
615188.0,2024-07-18,quinta-feira,08:18:00,PB,230,148,CAMPINA GRANDE,Acumulo de óleo sobre o pavimento,Tombamento,Com Vítimas Feridas,Pleno dia,Crescente,Nublado,Simples,Rotatória,Sim,2,0,0,1,1,0,1,1,-7.23671827,-35.86784601,SPRF-PB,DEL02-PB,UOP01-DEL02-PB
615205.0,2024-07-18,quinta-feira,09:15:00,PB,230,20,JOAO PESSOA,Ausência de reação do condutor,Engavetamento,Sem Vítimas,Pleno dia,Decrescente,Céu Claro,Dupla,Reta,Sim,3,0,0,0,3,0,0,3,-7.13719596,-34.8537612,SPRF-PB,DEL01-PB,UOP01-DEL01-PB
615266.0,2024-07-18,quinta-feira,16:18:00,PB,361,"9,6",PATOS,Animais na Pista,Tombamento,Com Vítimas Feridas,Pleno dia,Crescente,Céu Claro,Simples,Reta,Não,1,0,1,0,0,0,1,1,-7.03986263,-37.34214306,SPRF-PB,DEL03-PB,UOP01-DEL03-PB
615438.0,2024-07-19,sexta-feira,11:45:00,PB,230,"462,5",SOUSA,Ausência de reação do condutor,Colisão traseira,Com Vítimas Feridas,Pleno dia,Decrescente,Céu Claro,Simples,Reta,Sim,2,0,1,0,1,0,1,2,-6.7783,-38.2256,SPRF-PB,DEL03-PB,UOP03-DEL03-PB
615557.0,2024-07-19,sexta-feira,17:35:00,PB,104,162,BARRA DE SANTANA,Reação tardia ou ineficiente do condutor,Colisão com objeto,Com Vítimas Feridas,Anoitecer,Decrescente,Céu Claro,Simples,Ponte;Reta,Não,1,0,1,0,0,0,1,1,-7.53584039,-36.0066495,SPRF-PB,DEL02-PB,UOP03-DEL02-PB
615608.0,2024-07-19,sexta-feira,21:05:00,PB,230,"503,5",CAJAZEIRAS,Acessar a via sem observar a presença dos outros veículos,Colisão transversal,Com Vítimas Feridas,Plena Noite,Crescente,Céu Claro,Simples,Interseção de Vias;Declive;Reta,Sim,3,0,0,1,2,0,1,2,-6.901352,-38.559077,SPRF-PB,DEL03-PB,UOP03-DEL03-PB
615644.0,2024-07-20,sábado,03:28:00,PB,230,22,JOAO PESSOA,Reação tardia ou ineficiente do condutor,Colisão com objeto,Sem Vítimas,Plena Noite,Decrescente,Nublado,Dupla,Reta,Sim,1,0,0,0,0,1,0,1,-7.1495,-34.8517,SPRF-PB,DEL01-PB,UOP01-DEL01-PB
615658.0,2024-07-20,sábado,08:45:00,PB,230,11,CABEDELO,Acumulo de areia ou detritos sobre o pavimento,Tombamento,Com Vítimas Feridas,Pleno dia,Decrescente,Céu Claro,Dupla,Reta,Sim,2,0,2,0,0,0,2,1,-7.0596,-34.8506,SPRF-PB,DEL01-PB,UOP01-DEL01-PB
615773.0,2024-07-20,sábado,18:20:00,PB,104,136,QUEIMADAS,Ingestão de álcool pelo condutor,Saída de leito carroçável,Sem Vítimas,Plena Noite,Decrescente,Céu Claro,Simples,Reta,Não,1,0,0,0,1,0,0,1,-7.34336909,-35.89968752,SPRF-PB,DEL02-PB,UOP03-DEL02-PB
615830.0,2024-07-21,domingo,00:15:00,PB,101,91,JOAO PESSOA,Ingestão de álcool pelo condutor,Colisão com objeto,Sem Vítimas,Plena Noite,Crescente,Garoa/Chuvisco,Dupla,Interseção de Vias;Reta,Sim,1,0,0,0,0,1,0,1,-7.18826412,-34.90308264,SPRF-PB,DEL01-PB,UOP02-DEL01-PB
615892.0,2024-07-21,domingo,08:09:00,PB,230,87,GURINHEM,Animais na Pista,Colisão com objeto,Sem Vítimas,Pleno dia,Decrescente,Céu Claro,Dupla,Reta,Não,1,0,0,0,1,0,0,1,-7.16828341,-35.36956783,SPRF-PB,DEL01-PB,UOP03-DEL01-PB
615926.0,2024-07-21,domingo,14:10:00,PB,101,79,SANTA RITA,Demais falhas mecânicas ou elétricas,Queda de ocupante de veículo,Com Vítimas Feridas,Pleno dia,Crescente,Céu Claro,Dupla,Reta,Não,1,0,0,1,0,0,1,1,-7.1147526,-34.95793891,SPRF-PB,DEL01-PB,UOP04-DEL01-PB
616026.0,2024-07-21,domingo,19:40:00,PB,230,"1,4",CABEDELO,Ingestão de álcool pelo condutor,Colisão traseira,Com Vítimas Feridas,Plena Noite,Crescente,Céu Claro,Simples,Reta,Sim,2,0,1,0,1,0,1,2,-6.9805391,-34.83037233,SPRF-PB,DEL01-PB,UOP01-DEL01-PB
616105.0,2024-07-22,segunda-feira,06:45:00,PB,230,"69,9",SOBRADO,Ausência de reação do condutor,Colisão lateral mesmo sentido,Com Vítimas Feridas,Pleno dia,Decrescente,Céu Claro,Dupla,Reta,Não,3,0,2,0,1,0,2,2,-7.1919,-35.2261,SPRF-PB,DEL01-PB,UOP03-DEL01-PB
616220.0,2024-07-22,segunda-feira,17:35:00,PB,101,83,BAYEUX,Pista Escorregadia,Tombamento,Com Vítimas Feridas,Plena Noite,Crescente,Céu Claro,Dupla,Reta,Sim,1,0,1,0,0,0,1,1,-7.1337703,-34.92963914,SPRF-PB,DEL01-PB,UOP01-DEL01-PB
616234.0,2024-07-22,segunda-feira,17:35:00,PB,101,"83,8",BAYEUX,Reação tardia ou ineficiente do condutor,Engavetamento,Com Vítimas Feridas,Anoitecer,Crescente,Garoa/Chuvisco,Dupla,Reta,Sim,6,0,2,0,4,0,2,4,-7.1337703,-34.92963914,SPRF-PB,DEL01-PB,UOP01-DEL01-PB
616311.0,2024-07-23,terça-feira,07:55:00,PB,230,"12,3",CABEDELO,Acumulo de areia ou detritos sobre o pavimento,Tombamento,Com Vítimas Feridas,Pleno dia,Decrescente,Sol,Dupla,Reta,Sim,1,0,0,1,0,0,1,1,-7.068,-34.85,SPRF-PB,DEL01-PB,UOP01-DEL01-PB
616337.0,2024-07-23,terça-feira,10:40:00,PB,101,86,JOAO PESSOA,Reação tardia ou ineficiente do condutor,Colisão traseira,Com Vítimas Feridas,Pleno dia,Decrescente,Céu Claro,Dupla,Declive,Sim,2,0,1,0,1,0,1,2,-7.15118983,-34.91012184,SPRF-PB,DEL01-PB,UOP01-DEL01-PB
616359.0,2024-07-23,terça-feira,12:50:00,PB,230,21,JOAO PESSOA,Demais falhas mecânicas ou elétricas,Tombamento,Com Vítimas Feridas,Pleno dia,Crescente,Céu Claro,Dupla,Reta,Sim,2,0,2,0,0,0,2,1,-7.1415,-34.8519,SPRF-PB,DEL01-PB,UOP01-DEL01-PB
616384.0,2024-07-23,terça-feira,14:54:00,PB,101,85,BAYEUX,Reação tardia ou ineficiente do condutor,Tombamento,Com Vítimas Feridas,Pleno dia,Decrescente,Céu Claro,Simples,Reta,Não,2,0,2,0,0,0,2,1,-7.14538184,-34.91662887,SPRF-PB,DEL01-PB,UOP01-DEL01-PB
616411.0,2024-07-23,terça-feira,18:00:00,PB,230,22,JOAO PESSOA,Trafegar com motocicleta (ou similar) entre as faixas,Colisão traseira,Com Vítimas Feridas,Plena Noite,Crescente,Céu Claro,Dupla,Reta,Sim,2,0,0,1,1,0,1,2,-7.1495,-34.8517,SPRF-PB,DEL01-PB,UOP01-DEL01-PB
616416.0,2024-06-09,domingo,17:53:00,PB,230,"488,5",CAJAZEIRAS,Animais na Pista,Atropelamento de Animal,Com Vítimas Feridas,Anoitecer,Decrescente,Chuva,Simples,Declive;Reta,Sim,1,0,0,1,0,0,1,1,-6.8688,-38.404,SPRF-PB,DEL03-PB,UOP03-DEL03-PB
616418.0,2024-07-23,terça-feira,15:40:00,PB,101,"106,9",ALHANDRA,Acumulo de óleo sobre o pavimento,Tombamento,Com Vítimas Feridas,Pleno dia,Crescente,Céu Claro,Dupla,Reta,Sim,2,0,2,0,0,0,2,1,-7.31642501,-34.94666379,SPRF-PB,DEL01-PB,UOP02-DEL01-PB
616423.0,2024-07-23,terça-feira,18:30:00,PB,230,"17,1",JOAO PESSOA,Condutor deixou de manter distância do veículo da frente,Colisão traseira,Sem Vítimas,Anoitecer,Crescente,Céu Claro,Dupla,Reta,Sim,3,0,0,0,3,0,0,3,-7.1121,-34.8426,SPRF-PB,DEL01-PB,UOP01-DEL01-PB
616536.0,2024-07-24,quarta-feira,08:20:00,PB,230,"112,8",INGA,Pista Escorregadia,Colisão com objeto,Sem Vítimas,Pleno dia,Crescente,Chuva,Dupla,Curva,Não,1,0,0,0,1,0,0,1,-7.2117,-35.5822,SPRF-PB,DEL01-PB,UOP03-DEL01-PB
616545.0,2024-07-24,quarta-feira,11:15:00,PB,101,52,SANTA RITA,Condutor deixou de manter distância do veículo da frente,Colisão traseira,Sem Vítimas,Pleno dia,Decrescente,Céu Claro,Dupla,Reta;Aclive,Não,4,0,0,0,4,0,0,2,-6.93821564,-35.09935736,SPRF-PB,DEL01-PB,UOP04-DEL01-PB
616586.0,2024-07-24,quarta-feira,15:40:00,PB,230,"20,5",JOAO PESSOA,Acostamento em desnível,Tombamento,Com Vítimas Feridas,Pleno dia,Crescente,Céu Claro,Dupla,Reta,Sim,2,0,1,1,0,0,2,1,-7.14173477,-34.85188007,SPRF-PB,DEL01-PB,UOP01-DEL01-PB
616739.0,2024-07-25,quinta-feira,09:40:00,PB,230,19,JOAO PESSOA,Acumulo de areia ou detritos sobre o pavimento,Tombamento,Com Vítimas Feridas,Pleno dia,Decrescente,Sol,Dupla,Curva,Sim,1,0,1,0,0,0,1,1,-7.1281,-34.8466,SPRF-PB,DEL01-PB,UOP01-DEL01-PB
616860.0,2024-07-25,quinta-feira,18:20:00,PB,230,"107,6",INGA,Pedestre andava na pista,Atropelamento de Pedestre,Com Vítimas Feridas,Anoitecer,Decrescente,Céu Claro,Dupla,Reta,Não,2,0,0,1,0,1,1,2,-7.2039,-35.5389,SPRF-PB,DEL01-PB,UOP03-DEL01-PB
616930.0,2024-07-26,sexta-feira,07:40:00,PB,101,90,JOAO PESSOA,Acessar a via sem observar a presença dos outros veículos,Colisão lateral mesmo sentido,Com Vítimas Feridas,Pleno dia,Crescente,Céu Claro,Dupla,Curva;Interseção de Vias;Retorno Regulamentado;Em Obras,Sim,2,0,0,1,1,0,1,2,-7.18116059,-34.90085006,SPRF-PB,DEL01-PB,UOP02-DEL01-PB
616936.0,2024-07-26,sexta-feira,08:20:00,PB,101,89,JOAO PESSOA,Ausência de reação do condutor,Engavetamento,Com Vítimas Feridas,Pleno dia,Crescente,Céu Claro,Dupla,Reta,Sim,4,0,1,0,3,0,1,3,-7.1710694,-34.89765372,SPRF-PB,DEL01-PB,UOP02-DEL01-PB
616988.0,2024-07-26,sexta-feira,12:45:00,PB,101,96,CONDE,Acessar a via sem observar a presença dos outros veículos,Colisão lateral mesmo sentido,Com Vítimas Feridas,Pleno dia,Crescente,Céu Claro,Dupla,Reta,Não,2,0,1,1,0,0,2,2,-7.230921,-34.921149,SPRF-PB,DEL01-PB,UOP02-DEL01-PB
617001.0,2024-07-08,segunda-feira,20:10:00,PB,104,"133,6",QUEIMADAS,Ultrapassagem Indevida,Colisão frontal,Com Vítimas Feridas,Plena Noite,Crescente,Céu Claro,Simples,Reta,Não,3,0,2,0,0,1,2,2,-7.31674795,-35.89500926,SPRF-PB,DEL02-PB,UOP03-DEL02-PB
617002.0,2024-07-26,sexta-feira,14:00:00,PB,230,24,JOAO PESSOA,Conversão proibida,Colisão transversal,Com Vítimas Feridas,Pleno dia,Decrescente,Nublado,Múltipla,Interseção de Vias,Sim,2,0,0,1,0,1,1,2,-7.17062601,-34.87127781,SPRF-PB,DEL01-PB,UOP01-DEL01-PB
617003.0,2024-07-26,sexta-feira,13:30:00,PB,230,"165,2",CAMPINA GRANDE,Acessar a via sem observar a presença dos outros veículos,Colisão lateral mesmo sentido,Sem Vítimas,Pleno dia,Crescente,Céu Claro,Simples,Rotatória;Interseção de Vias,Não,2,0,0,0,2,0,0,2,-7.2051,-35.951,SPRF-PB,DEL02-PB,UOP01-DEL02-PB
617048.0,2024-07-26,sexta-feira,17:40:00,PB,230,20,JOAO PESSOA,Condutor deixou de manter distância do veículo da frente,Colisão traseira,Com Vítimas Feridas,Anoitecer,Crescente,Céu Claro,Dupla,Curva,Sim,2,0,0,1,1,0,1,2,-7.1337,-34.8544,SPRF-PB,DEL01-PB,UOP01-DEL01-PB
617065.0,2024-07-26,sexta-feira,18:00:00,PB,427,37,POMBAL,Ausência de reação do condutor,Atropelamento de Pedestre,Com Vítimas Feridas,Anoitecer,Crescente,Céu Claro,Simples,Reta,Não,2,0,1,0,1,0,1,2,-6.7655659,-37.79078007,SPRF-PB,DEL03-PB,UOP02-DEL03-PB
617143.0,2024-07-27,sábado,04:00:00,PB,230,468,SOUSA,Animais na Pista,Atropelamento de Animal,Sem Vítimas,Plena Noite,Crescente,Céu Claro,Simples,Reta,Não,1,0,0,0,1,0,0,1,-6.7817,-38.2695,SPRF-PB,DEL03-PB,UOP03-DEL03-PB
617162.0,2024-07-27,sábado,07:20:00,PB,230,21,JOAO PESSOA,Demais falhas na via,Queda de ocupante de veículo,Com Vítimas Feridas,Pleno dia,Crescente,Garoa/Chuvisco,Dupla,Reta,Sim,1,0,1,0,0,0,1,1,-7.14236974,-34.85183001,SPRF-PB,DEL01-PB,UOP01-DEL01-PB
617193.0,2024-07-27,sábado,10:25:00,PB,230,"23,9",JOAO PESSOA,Avarias e/ou desgaste excessivo no pneu,Tombamento,Com Vítimas Feridas,Pleno dia,Decrescente,Sol,Múltipla,Viaduto;Aclive;Reta,Sim,2,0,2,0,0,0,2,1,-7.1562,-34.8574,SPRF-PB,DEL01-PB,UOP01-DEL01-PB
617276.0,2024-07-27,sábado,17:50:00,PB,230,"234,4",JUAZEIRINHO,Pedestre andava na pista,Atropelamento de Pedestre,Com Vítimas Fatais,Plena Noite,Decrescente,Céu Claro,Simples,Reta,Não,2,1,0,0,1,0,0,2,-7.0416,-36.5166,SPRF-PB,DEL02-PB,UOP02-DEL02-PB