id,data_inversa,dia_semana,horario,uf,br,km,municipio,causa_acidente,tipo_acidente,classificacao_acidente,fase_dia,sentido_via,condicao_metereologica,tipo_pista,tracado_via,uso_solo,pessoas,mortos,feridos_leves,feridos_graves,ilesos,ignorados,feridos,veiculos,latitude,longitude,regional,delegacia,uop
621046.0,2024-08-13,terça-feira,18:50:00,PB,101,"85,2",BAYEUX,Trafegar com motocicleta (ou similar) entre as faixas,Colisão traseira,Com Vítimas Feridas,Plena Noite,Decrescente,Céu Claro,Dupla,Reta,Sim,2,0,1,0,1,0,1,2,-7.14538184,-34.91662887,SPRF-PB,DEL01-PB,UOP01-DEL01-PB
621067.0,2024-08-13,terça-feira,17:00:00,PB,230,390,SAO BENTINHO,Velocidade Incompatível,Saída de leito carroçável,Com Vítimas Feridas,Anoitecer,Crescente,Céu Claro,Simples,Reta;Declive,Não,1,0,0,1,0,0,1,1,-6.8946,-37.7176,SPRF-PB,DEL03-PB,UOP02-DEL03-PB
621068.0,2024-08-13,terça-feira,19:30:00,PB,230,"334,8",PATOS,Acessar a via sem observar a presença dos outros veículos,Colisão transversal,Com Vítimas Feridas,Plena Noite,Crescente,Céu Claro,Simples,Reta,Sim,2,0,1,0,0,1,1,2,-7.018,-37.2589,SPRF-PB,DEL03-PB,UOP01-DEL03-PB
621100.0,2024-05-18,sábado,06:50:00,PB,101,"116,2",CAAPORA,Avarias e/ou desgaste excessivo no pneu,Colisão com objeto,Sem Vítimas,Pleno dia,Decrescente,Chuva,Dupla,Reta,Não,2,0,0,0,2,0,0,1,-7.407083,-34.954646,SPRF-PB,DEL01-PB,UOP02-DEL01-PB
621128.0,2024-08-14,quarta-feira,08:25:00,PB,230,"10,1",CABEDELO,Pedestre cruzava a pista fora da faixa,Atropelamento de Pedestre,Com Vítimas Feridas,Pleno dia,Crescente,Céu Claro,Dupla,Em Obras;Reta,Sim,2,0,1,0,1,0,1,2,-7.05476952,-34.85067129,SPRF-PB,DEL01-PB,UOP01-DEL01-PB
621161.0,2024-08-14,quarta-feira,11:35:00,PB,230,18,JOAO PESSOA,Manobra de mudança de faixa,Colisão lateral mesmo sentido,Com Vítimas Feridas,Pleno dia,Decrescente,Céu Claro,Dupla,Reta,Sim,3,0,2,0,1,0,2,2,-7.12644367,-34.84528542,SPRF-PB,DEL01-PB,UOP01-DEL01-PB
621176.0,2024-08-14,quarta-feira,12:44:00,PB,230,"22,8",JOAO PESSOA,Ausência de reação do condutor,Engavetamento,Sem Vítimas,Pleno dia,Decrescente,Céu Claro,Dupla,Reta,Sim,4,0,0,0,4,0,0,4,-7.159385,-34.859116,SPRF-PB,DEL01-PB,UOP01-DEL01-PB
621193.0,2024-08-14,quarta-feira,14:00:00,PB,230,88,JOAO PESSOA,Reação tardia ou ineficiente do condutor,Colisão lateral mesmo sentido,Com Vítimas Feridas,Pleno dia,Decrescente,Céu Claro,Dupla,Viaduto;Curva,Não,3,0,2,0,1,0,2,2,-7.16601297,-34.89462733,SPRF-PB,DEL01-PB,UOP03-DEL01-PB
621210.0,2024-08-14,quarta-feira,15:45:00,PB,101,89,JOAO PESSOA,Acessar a via sem observar a presença dos outros veículos,Colisão transversal,Com Vítimas Feridas,Pleno dia,Decrescente,Céu Claro,Dupla,Reta,Sim,4,0,0,2,1,1,2,4,-7.17800976,-34.89958405,SPRF-PB,DEL01-PB,UOP02-DEL01-PB
621256.0,2024-08-14,quarta-feira,19:20:00,PB,101,67,SANTA RITA,Demais falhas mecânicas ou elétricas,Saída de leito carroçável,Sem Vítimas,Plena Noite,Crescente,Céu Claro,Dupla,Reta,Não,28,0,0,0,28,0,0,1,-7.05298058,-35.03595029,SPRF-PB,DEL01-PB,UOP04-DEL01-PB
621281.0,2024-08-14,quarta-feira,22:30:00,PB,230,"465,4",SOUSA,Acessar a via sem observar a presença dos outros veículos,Colisão transversal,Com Vítimas Feridas,Plena Noite,Decrescente,Céu Claro,Simples,Reta;Interseção de Vias,Sim,3,0,1,1,0,1,2,2,-6.781235,-38.254983,SPRF-PB,DEL03-PB,UOP03-DEL03-PB
621405.0,2024-08-15,quinta-feira,17:35:00,PB,230,"198,5",POCINHOS,Reação tardia ou ineficiente do condutor,Capotamento,Com Vítimas Feridas,Anoitecer,Decrescente,Céu Claro,Simples,Reta,Não,1,0,1,0,0,0,1,1,-7.1106,-36.22,SPRF-PB,DEL02-PB,UOP02-DEL02-PB
621530.0,2024-08-16,sexta-feira,09:30:00,PB,361,"3,9",PATOS,Acessar a via sem observar a presença dos outros veículos,Colisão transversal,Com Vítimas Feridas,Pleno dia,Crescente,Céu Claro,Simples,Reta,Sim,2,0,1,0,1,0,1,2,-7.031892,-37.292592,SPRF-PB,DEL03-PB,UOP01-DEL03-PB
621572.0,2024-08-16,sexta-feira,14:50:00,PB,101,40,MAMANGUAPE,Manobra de mudança de faixa,Tombamento,Com Vítimas Feridas,Pleno dia,Decrescente,Céu Claro,Dupla,Em Obras;Reta,Sim,1,0,0,1,0,0,1,1,-6.838737,-35.13633,SPRF-PB,DEL01-PB,UOP04-DEL01-PB
621596.0,2024-08-16,sexta-feira,17:25:00,PB,101,99,CONDE,Acessar a via sem observar a presença dos outros veículos,Colisão transversal,Com Vítimas Feridas,Anoitecer,Decrescente,Céu Claro,Dupla,Retorno Regulamentado,Sim,2,0,1,0,1,0,1,2,-7.2557332,-34.93469152,SPRF-PB,DEL01-PB,UOP02-DEL01-PB
621641.0,2024-08-16,sexta-feira,20:30:00,PB,230,"185,4",POCINHOS,Reação tardia ou ineficiente do condutor,Colisão com objeto,Com Vítimas Feridas,Plena Noite,Decrescente,Céu Claro,Simples,Em Obras;Reta,Não,1,0,1,0,0,0,1,1,-7.151,-36.1114,SPRF-PB,DEL02-PB,UOP02-DEL02-PB
621658.0,2024-08-16,sexta-feira,21:13:00,PB,230,"19,5",JOAO PESSOA,Área urbana sem a presença de local apropriado para a travessia de pedestres,Atropelamento de Pedestre,Com Vítimas Fatais,Plena Noite,Crescente,Céu Claro,Dupla,Reta,Sim,2,2,0,0,0,0,0,2,-7.13148682,-34.85274294,SPRF-PB,DEL01-PB,UOP01-DEL01-PB
621744.0,2024-08-17,sábado,05:00:00,PB,230,"172,4",CAMPINA GRANDE,Transitar na contramão,Colisão frontal,Sem Vítimas,Pleno dia,Decrescente,Céu Claro,Simples,Em Obras;Declive,Não,2,0,0,0,1,1,0,2,-7.1798,-36.0027,SPRF-PB,DEL02-PB,UOP02-DEL02-PB
621805.0,2024-08-17,sábado,12:45:00,PB,230,"334,9",PATOS,Acessar a via sem observar a presença dos outros veículos,Colisão transversal,Com Vítimas Feridas,Pleno dia,Crescente,Céu Claro,Simples,Curva,Sim,2,0,2,0,0,0,2,2,-7.018,-37.2589,SPRF-PB,DEL03-PB,UOP01-DEL03-PB
621937.0,2024-08-17,sábado,20:30:00,PB,230,"256,5",TENORIO,Transitar na contramão,Colisão frontal,Com Vítimas Feridas,Plena Noite,Crescente,Céu Claro,Simples,Reta,Não,3,0,2,0,1,0,2,2,-7.014693,-36.676513,SPRF-PB,DEL03-PB,UOP01-DEL03-PB
621966.0,2024-08-18,domingo,03:30:00,PB,230,4,CABEDELO,Animais na Pista,Atropelamento de Animal,Sem Vítimas,Plena Noite,Decrescente,Chuva,Múltipla,Viaduto;Reta,Sim,2,0,0,0,2,0,0,1,-7.0004,-34.8284,SPRF-PB,DEL01-PB,UOP01-DEL01-PB
622012.0,2024-08-18,domingo,08:10:00,PB,230,160,CAMPINA GRANDE,Reação tardia ou ineficiente do condutor,Colisão transversal,Com Vítimas Feridas,Pleno dia,Crescente,Céu Claro,Simples,Reta,Não,3,0,1,0,2,0,1,2,-7.2436,-35.9375,SPRF-PB,DEL02-PB,UOP01-DEL02-PB
622037.0,2024-08-18,domingo,12:00:00,PB,230,"20,8",JOAO PESSOA,Acostamento em desnível,Tombamento,Com Vítimas Feridas,Pleno dia,Crescente,Céu Claro,Dupla,Reta,Sim,1,0,1,0,0,0,1,1,-7.15812493,-34.85824585,SPRF-PB,DEL01-PB,UOP01-DEL01-PB
622064.0,2024-08-18,domingo,15:25:00,PB,101,"87,8",JOAO PESSOA,Ausência de reação do condutor,Colisão traseira,Com Vítimas Feridas,Pleno dia,Crescente,Chuva,Dupla,Reta,Sim,3,0,0,1,2,0,1,2,-7.15886802,-34.90628504,SPRF-PB,DEL01-PB,UOP01-DEL01-PB
622155.0,2024-08-18,domingo,19:50:00,PB,230,"135,9",MASSARANDUBA,Velocidade Incompatível,Saída de leito carroçável,Sem Vítimas,Plena Noite,Decrescente,Céu Claro,Dupla,Curva;Aclive,Não,2,0,0,0,2,0,0,1,-7.2818,-35.7675,SPRF-PB,DEL02-PB,UOP01-DEL02-PB
622177.0,2024-08-18,domingo,21:10:00,PB,104,131,CAMPINA GRANDE,Transitar na contramão,Colisão frontal,Sem Vítimas,Plena Noite,Crescente,Céu Claro,Simples,Reta,Não,2,0,0,0,1,1,0,2,-7.29900408,-35.89187256,SPRF-PB,DEL02-PB,UOP03-DEL02-PB
622227.0,2024-08-19,segunda-feira,06:10:00,PB,101,83,BAYEUX,Ausência de reação do condutor,Tombamento,Com Vítimas Feridas,Pleno dia,Crescente,Céu Claro,Dupla,Reta,Sim,2,0,2,0,0,0,2,1,-7.1337703,-34.92963914,SPRF-PB,DEL01-PB,UOP01-DEL01-PB
622257.0,2024-08-19,segunda-feira,07:30:00,PB,101,94,CONDE,Condutor deixou de manter distância do veículo da frente,Colisão traseira,Com Vítimas Feridas,Pleno dia,Decrescente,Céu Claro,Dupla,Reta,Não,2,0,1,0,1,0,1,2,-7.21483297,-34.9117521,SPRF-PB,DEL01-PB,UOP02-DEL01-PB
622360.0,2024-08-19,segunda-feira,18:00:00,PB,230,"492,6",CAJAZEIRAS,Animais na Pista,Atropelamento de Animal,Com Vítimas Feridas,Plena Noite,Crescente,Céu Claro,Simples,Reta,Não,1,0,1,0,0,0,1,1,-6.8721,-38.4409,SPRF-PB,DEL03-PB,UOP03-DEL03-PB
622371.0,2024-08-19,segunda-feira,18:40:00,PB,230,18,JOAO PESSOA,Trafegar com motocicleta (ou similar) entre as faixas,Colisão lateral mesmo sentido,Com Vítimas Feridas,Plena Noite,Decrescente,Céu Claro,Dupla,Reta,Sim,4,0,1,0,3,0,1,2,-7.1198,-34.8453,SPRF-PB,DEL01-PB,UOP01-DEL01-PB
622422.0,2024-08-20,terça-feira,00:10:00,PB,230,16,JOAO PESSOA,Transitar na contramão,Colisão frontal,Com Vítimas Feridas,Pleno dia,Crescente,Céu Claro,Dupla,Curva,Sim,2,0,1,0,1,0,1,2,-7.093,-34.8482,SPRF-PB,DEL01-PB,UOP01-DEL01-PB
622496.0,2024-08-20,terça-feira,11:00:00,PB,361,4,PATOS,Ausência de reação do condutor,Saída de leito carroçável,Com Vítimas Feridas,Pleno dia,Decrescente,Céu Claro,Simples,Reta,Sim,1,0,1,0,0,0,1,1,-7.03208047,-37.29365088,SPRF-PB,DEL03-PB,UOP01-DEL03-PB
622582.0,2024-08-20,terça-feira,20:40:00,PB,230,"9,9",CABEDELO,Mal súbito do condutor,Saída de leito carroçável,Com Vítimas Feridas,Plena Noite,Crescente,Céu Claro,Dupla,Curva;Em Obras,Sim,1,0,1,0,0,0,1,1,-7.0514,-34.8499,SPRF-PB,DEL01-PB,UOP01-DEL01-PB
622605.0,2024-08-20,terça-feira,23:15:00,PB,230,57,CRUZ DO ESPIRITO SANTO,Acessar a via sem observar a presença dos outros veículos,Colisão traseira,Com Vítimas Feridas,Plena Noite,Decrescente,Céu Claro,Dupla,Reta;Retorno Regulamentado,Sim,3,0,1,1,0,1,2,2,-7.2028,-35.1125,SPRF-PB,DEL01-PB,UOP03-DEL01-PB
622629.0,2024-08-21,quarta-feira,07:40:00,PB,101,99,CONDE,Avarias e/ou desgaste excessivo no pneu,Tombamento,Com Vítimas Feridas,Pleno dia,Decrescente,Céu Claro,Dupla,Reta,Não,2,0,2,0,0,0,2,1,-7.25198474,-34.93301511,SPRF-PB,DEL01-PB,UOP02-DEL01-PB
622630.0,2024-08-21,quarta-feira,07:15:00,PB,230,"11,2",CABEDELO,Ausência de reação do condutor,Colisão lateral mesmo sentido,Com Vítimas Feridas,Pleno dia,Decrescente,Céu Claro,Dupla,Reta,Sim,3,0,1,0,2,0,1,2,-7.0596,-34.8506,SPRF-PB,DEL01-PB,UOP01-DEL01-PB
622660.0,2024-08-21,quarta-feira,09:11:00,PB,230,"8,4",CABEDELO,Manobra de mudança de faixa,Colisão lateral mesmo sentido,Com Vítimas Feridas,Pleno dia,Decrescente,Céu Claro,Dupla,Reta,Não,3,0,1,0,2,0,1,2,-7.0355,-34.8429,SPRF-PB,DEL01-PB,UOP01-DEL01-PB
622696.0,2024-08-08,quinta-feira,16:30:00,PB,101,"86,6",JOAO PESSOA,Reação tardia ou ineficiente do condutor,Engavetamento,Sem Vítimas,Pleno dia,Crescente,Nublado,Dupla,Reta,Sim,3,0,0,0,3,0,0,3,-7.15118983,-34.91012184,SPRF-PB,DEL01-PB,UOP01-DEL01-PB
622920.0,2024-08-22,quinta-feira,18:08:00,PB,230,"3,3",CABEDELO,Ausência de reação do condutor,Colisão com objeto,Com Vítimas Feridas,Plena Noite,Decrescente,Céu Claro,Dupla,Desvio Temporário;Em Obras;Reta,Sim,1,0,1,0,0,0,1,1,-6.9915,-34.8287,SPRF-PB,DEL01-PB,UOP01-DEL01-PB
622928.0,2024-08-22,quinta-feira,17:00:00,PB,230,84,CALDAS BRANDAO,Ingestão de álcool pelo condutor,Colisão lateral mesmo sentido,Com Vítimas Feridas,Pleno dia,Crescente,Céu Claro,Dupla,Curva,Não,2,0,0,1,1,0,1,2,-7.1635,-35.3439,SPRF-PB,DEL01-PB,UOP03-DEL01-PB
622934.0,2024-08-22,quinta-feira,18:00:00,PB,230,"156,9",CAMPINA GRANDE,Acumulo de areia ou detritos sobre o pavimento,Tombamento,Com Vítimas Feridas,Plena Noite,Crescente,Céu Claro,Simples,Desvio Temporário;Em Obras,Não,1,0,1,0,0,0,1,1,-7.252,-35.9334,SPRF-PB,DEL02-PB,UOP01-DEL02-PB
622958.0,2024-08-22,quinta-feira,22:00:00,PB,230,"27,8",JOAO PESSOA,Acumulo de óleo sobre o pavimento,Tombamento,Com Vítimas Feridas,Plena Noite,Crescente,Céu Claro,Dupla,Retorno Regulamentado,Sim,1,0,1,0,0,0,1,1,-7.16527846,-34.89830732,SPRF-PB,DEL01-PB,UOP01-DEL01-PB
622976.0,2024-08-22,quinta-feira,22:40:00,PB,230,139,CAMPINA GRANDE,Condutor Dormindo,Saída de leito carroçável,Com Vítimas Feridas,Plena Noite,Decrescente,Vento,Dupla,Reta,Não,1,0,1,0,0,0,1,1,-7.2696,-35.7899,SPRF-PB,DEL02-PB,UOP01-DEL02-PB
623026.0,2024-08-23,sexta-feira,07:40:00,PB,230,36,SANTA RITA,Condutor deixou de manter distância do veículo da frente,Colisão traseira,Com Vítimas Feridas,Pleno dia,Decrescente,Nublado,Simples,Declive,Sim,2,0,0,1,1,0,1,2,-7.12530455,-34.94548202,SPRF-PB,DEL01-PB,UOP03-DEL01-PB
623066.0,2024-08-23,sexta-feira,10:45:00,PB,230,"140,6",MASSARANDUBA,Ingestão de álcool pelo condutor,Colisão com objeto,Com Vítimas Fatais,Pleno dia,Decrescente,Céu Claro,Dupla,Reta,Não,3,1,0,0,1,1,0,3,-7.26129,-35.806317,SPRF-PB,DEL02-PB,UOP01-DEL02-PB
623095.0,2024-08-23,sexta-feira,15:00:00,PB,101,"51,1",RIO TINTO,Ingestão de álcool pelo condutor,Queda de ocupante de veículo,Com Vítimas Feridas,Pleno dia,Crescente,Céu Claro,Dupla,Reta,Não,1,0,1,0,0,0,1,1,-6.92250294,-35.1082039,SPRF-PB,DEL01-PB,UOP04-DEL01-PB
623107.0,2024-08-23,sexta-feira,15:50:00,PB,230,164,CAMPINA GRANDE,Ausência de reação do condutor,Colisão traseira,Com Vítimas Feridas,Pleno dia,Decrescente,Céu Claro,Simples,Reta,Não,2,0,0,1,1,0,1,2,-7.2128,-35.9499,SPRF-PB,DEL02-PB,UOP01-DEL02-PB
623214.0,2024-08-23,sexta-feira,22:30:00,PB,230,"156,6",CAMPINA GRANDE,Acumulo de areia ou detritos sobre o pavimento,Tombamento,Com Vítimas Feridas,Plena Noite,Crescente,Céu Claro,Simples,Reta,Sim,1,0,1,0,0,0,1,1,-7.265778,-35.91782,SPRF-PB,DEL02-PB,UOP01-DEL02-PB
623242.0,2024-08-24,sábado,04:28:00,PB,101,"81,3",BAYEUX,Condutor deixou de manter distância do veículo da frente,Colisão traseira,Com Vítimas Feridas,Amanhecer,Decrescente,Céu Claro,Dupla,Reta;Retorno Regulamentado;Declive,Sim,4,0,1,0,3,0,1,2,-7.12508575,-34.94513217,SPRF-PB,DEL01-PB,UOP01-DEL01-PB
623316.0,2024-08-24,sábado,12:00:00,PB,230,23,JOAO PESSOA,Manobra de mudança de faixa,Colisão lateral mesmo sentido,Com Vítimas Feridas,Pleno dia,Decrescente,Céu Claro,Simples,Reta,Sim,2,0,1,0,1,0,1,2,-7.1562,-34.8574,SPRF-PB,DEL01-PB,UOP01-DEL01-PB
623332.0,2024-08-24,sábado,13:30:00,PB,230,"313,2",SAO MAMEDE,Ausência de reação do condutor,Colisão traseira,Com Vítimas Feridas,Pleno dia,Decrescente,Sol,Simples,Reta,Não,2,0,1,0,1,0,1,2,-6.9371,-37.0949,SPRF-PB,DEL03-PB,UOP01-DEL03-PB
623343.0,2024-08-24,sábado,13:40:00,PB,230,8,CABEDELO,Mal súbito do condutor,Queda de ocupante de veículo,Com Vítimas Feridas,Pleno dia,Crescente,Céu Claro,Dupla,Reta,Sim,1,0,1,0,0,0,1,1,-7.0355,-34.8429,SPRF-PB,DEL01-PB,UOP01-DEL01-PB
623356.0,2024-08-24,sábado,14:14:00,PB,230,"154,4",CAMPINA GRANDE,Manobra de mudança de faixa,Colisão frontal,Com Vítimas Feridas,Pleno dia,Decrescente,Céu Claro,Simples,Reta;Em Obras,Sim,7,0,5,2,0,0,7,2,-7.277958,-35.89792,SPRF-PB,DEL02-PB,UOP01-DEL02-PB
623454.0,2024-08-25,domingo,00:20:00,PB,101,34,MAMANGUAPE,Ingestão de álcool pelo condutor,Saída de leito carroçável,Com Vítimas Feridas,Plena Noite,Crescente,Céu Claro,Dupla,Reta,Não,1,0,1,0,0,0,1,1,-6.78533891,-35.13428131,SPRF-PB,DEL01-PB,UOP04-DEL01-PB
623482.0,2024-08-25,domingo,04:30:00,PB,101,"85,5",BAYEUX,Acessar a via sem observar a presença dos outros veículos,Colisão lateral mesmo sentido,Com Vítimas Feridas,Amanhecer,Crescente,Céu Claro,Dupla,Reta,Sim,2,0,1,0,1,0,1,2,-7.14538184,-34.91662887,SPRF-PB,DEL01-PB,UOP01-DEL01-PB
623594.0,2024-08-25,domingo,17:27:00,PB,101,110,ALHANDRA,Velocidade Incompatível,Saída de leito carroçável,Sem Vítimas,Pleno dia,Crescente,Céu Claro,Dupla,Interseção de Vias,Não,1,0,0,0,0,1,0,1,-7.35280214,-34.94934624,SPRF-PB,DEL01-PB,UOP02-DEL01-PB
623640.0,2024-08-25,domingo,20:45:00,PB,104,129,CAMPINA GRANDE,Condutor deixou de manter distância do veículo da frente,Colisão traseira,Com Vítimas Feridas,Plena Noite,Crescente,Vento,Simples,Reta,Sim,3,0,0,1,2,0,1,2,-7.28197575,-35.88917971,SPRF-PB,DEL02-PB,UOP01-DEL02-PB
623683.0,2024-08-26,segunda-feira,06:10:00,PB,101,84,BAYEUX,Reação tardia ou ineficiente do condutor,Colisão lateral mesmo sentido,Com Vítimas Feridas,Pleno dia,Crescente,Sol,Dupla,Reta,Sim,2,0,1,0,1,0,1,2,-7.13957906,-34.92312806,SPRF-PB,DEL01-PB,UOP01-DEL01-PB
623689.0,2024-08-26,segunda-feira,06:30:00,PB,101,91,JOAO PESSOA,Pedestre cruzava a pista fora da faixa,Atropelamento de Pedestre,Com Vítimas Feridas,Pleno dia,Crescente,Céu Claro,Dupla,Reta,Sim,3,0,2,0,0,1,2,2,-7.18826412,-34.90308264,SPRF-PB,DEL01-PB,UOP02-DEL01-PB
623690.0,2024-08-26,segunda-feira,06:20:00,PB,230,80,RIACHAO DO POCO,Acesso irregular,Colisão lateral mesmo sentido,Com Vítimas Feridas,Pleno dia,Decrescente,Céu Claro,Dupla,Reta,Não,2,0,2,0,0,0,2,2,-7.1807,-35.3127,SPRF-PB,DEL01-PB,UOP03-DEL01-PB
623716.0,2024-08-26,segunda-feira,08:15:00,PB,101,83,BAYEUX,Condutor deixou de manter distância do veículo da frente,Colisão lateral mesmo sentido,Com Vítimas Feridas,Pleno dia,Crescente,Sol,Dupla,Reta,Sim,2,0,0,1,1,0,1,2,-7.13482085,-34.92884159,SPRF-PB,DEL01-PB,UOP01-DEL01-PB
623734.0,2024-08-26,segunda-feira,08:30:00,PB,230,"471,9",SOUSA,Ausência de reação do condutor,Saída de leito carroçável,Sem Vítimas,Pleno dia,Decrescente,Céu Claro,Simples,Reta,Não,1,0,0,0,0,1,0,1,-6.7994,-38.2987,SPRF-PB,DEL03-PB,UOP03-DEL03-PB
623776.0,2024-08-26,segunda-feira,09:45:00,PB,230,"491,6",CAJAZEIRAS,Condutor deixou de manter distância do veículo da frente,Saída de leito carroçável,Com Vítimas Feridas,Pleno dia,Decrescente,Céu Claro,Simples,Declive;Reta,Não,2,0,1,1,0,0,2,1,-6.869,-38.4324,SPRF-PB,DEL03-PB,UOP03-DEL03-PB
623794.0,2024-08-26,segunda-feira,14:20:00,PB,230,"13,5",CABEDELO,Manobra de mudança de faixa,Colisão lateral mesmo sentido,Com Vítimas Feridas,Pleno dia,Crescente,Sol,Dupla,Reta,Sim,2,0,1,0,1,0,1,2,-7.0772,-34.8494,SPRF-PB,DEL01-PB,UOP01-DEL01-PB
623804.0,2024-07-15,segunda-feira,05:10:00,PB,104,"135,7",QUEIMADAS,Ultrapassagem Indevida,Colisão frontal,Com Vítimas Fatais,Amanhecer,Decrescente,Céu Claro,Simples,Reta,Não,3,1,0,1,0,1,1,3,-7.33449509,-35.89813347,SPRF-PB,DEL02-PB,UOP03-DEL02-PB
623865.0,2024-08-26,segunda-feira,18:40:00,PB,405,"49,5",SAO JOAO DO RIO DO PEIXE,Animais na Pista,Atropelamento de Animal,Com Vítimas Fatais,Plena Noite,Decrescente,Céu Claro,Simples,Reta,Não,1,1,0,0,0,0,0,1,-6.844136,-38.382595,SPRF-PB,DEL03-PB,UOP03-DEL03-PB
623929.0,2024-08-27,terça-feira,08:14:00,PB,230,10,CABEDELO,Trafegar com motocicleta (ou similar) entre as faixas,Tombamento,Com Vítimas Feridas,Pleno dia,Crescente,Céu Claro,Dupla,Reta,Sim,2,0,1,0,1,0,1,2,-7.0514,-34.8499,SPRF-PB,DEL01-PB,UOP01-DEL01-PB
624006.0,2024-08-27,terça-feira,16:30:00,PB,230,240,JUAZEIRINHO,Ingestão de álcool pelo condutor,Colisão frontal,Com Vítimas Feridas,Pleno dia,Decrescente,Nublado,Simples,Reta,Sim,2,0,0,1,0,1,1,2,-7.0634,-36.563,SPRF-PB,DEL02-PB,UOP02-DEL02-PB
624058.0,2024-08-27,terça-feira,21:50:00,PB,101,89,JOAO PESSOA,Mal súbito do condutor,Tombamento,Com Vítimas Feridas,Plena Noite,Crescente,Céu Claro,Dupla,Declive;Reta,Sim,1,0,0,1,0,0,1,1,-7.1710694,-34.89765372,SPRF-PB,DEL01-PB,UOP02-DEL01-PB
624136.0,2024-08-28,quarta-feira,11:30:00,PB,230,449,APARECIDA,Acessar a via sem observar a presença dos outros veículos,Colisão transversal,Com Vítimas Feridas,Pleno dia,Crescente,Céu Claro,Simples,Reta,Não,3,0,0,1,2,0,1,2,-6.7778,-38.0488,SPRF-PB,DEL03-PB,UOP03-DEL03-PB
624215.0,2024-08-28,quarta-feira,17:00:00,PB,230,"495,2",CAJAZEIRAS,Acessar a via sem observar a presença dos outros veículos,Colisão frontal,Com Vítimas Feridas,Anoitecer,Crescente,Céu Claro,Simples,Reta,Não,2,0,2,0,0,0,2,2,-6.8838,-38.4671,SPRF-PB,DEL03-PB,UOP03-DEL03-PB
624243.0,2024-08-28,quarta-feira,21:30:00,PB,230,343,PATOS,Transitar na contramão,Colisão frontal,Com Vítimas Feridas,Plena Noite,Crescente,Céu Claro,Simples,Reta,Não,2,0,0,1,0,1,1,2,-6.9845,-37.3305,SPRF-PB,DEL03-PB,UOP01-DEL03-PB
624259.0,2024-08-29,quinta-feira,01:00:00,PB,230,"288,8",SANTA LUZIA,Transitar na contramão,Colisão frontal,Com Vítimas Feridas,Plena Noite,Decrescente,Céu Claro,Simples,Reta,Sim,2,0,1,0,1,0,1,2,-6.8871,-36.894,SPRF-PB,DEL03-PB,UOP01-DEL03-PB
624269.0,2024-08-29,quinta-feira,06:10:00,PB,230,28,JOAO PESSOA,Manobra de mudança de faixa,Colisão lateral mesmo sentido,Com Vítimas Feridas,Pleno dia,Decrescente,Céu Claro,Dupla,Interseção de Vias;Reta,Sim,3,0,2,0,0,1,2,2,-7.1651,-34.8941,SPRF-PB,DEL01-PB,UOP01-DEL01-PB
624293.0,2024-08-29,quinta-feira,05:30:00,PB,230,"455,4",SOUSA,Animais na Pista,Atropelamento de Animal,Com Vítimas Feridas,Pleno dia,Decrescente,Sol,Simples,Reta,Não,2,0,1,1,0,0,2,1,-6.775924,-38.192514,SPRF-PB,DEL03-PB,UOP03-DEL03-PB
624303.0,2024-08-29,quinta-feira,09:10:00,PB,230,22,JOAO PESSOA,Trafegar com motocicleta (ou similar) entre as faixas,Colisão lateral mesmo sentido,Com Vítimas Feridas,Pleno dia,Decrescente,Sol,Dupla,Reta,Sim,4,0,1,0,3,0,1,3,-7.1495,-34.8517,SPRF-PB,DEL01-PB,UOP01-DEL01-PB
624411.0,2024-08-29,quinta-feira,18:05:00,PB,230,"136,9",CAMPINA GRANDE,Ausência de reação do condutor,Tombamento,Com Vítimas Feridas,Plena Noite,Decrescente,Céu Claro,Dupla,Curva;Declive,Não,2,0,0,1,1,0,1,2,-7.27597722,-35.78256011,SPRF-PB,DEL02-PB,UOP01-DEL02-PB
624416.0,2024-08-29,quinta-feira,19:05:00,PB,230,"22,8",JOAO PESSOA,Ausência de reação do condutor,Engavetamento,Com Vítimas Feridas,Plena Noite,Decrescente,Céu Claro,Dupla,Reta,Sim,4,0,1,0,3,0,1,3,-7.1495,-34.8517,SPRF-PB,DEL01-PB,UOP01-DEL01-PB
624485.0,2024-08-30,sexta-feira,07:30:00,PB,101,85,BAYEUX,Condutor deixou de manter distância do veículo da frente,Colisão traseira,Com Vítimas Feridas,Pleno dia,Crescente,Céu Claro,Dupla,Reta,Sim,3,0,2,0,1,0,2,2,-7.14538184,-34.91662887,SPRF-PB,DEL01-PB,UOP01-DEL01-PB
624518.0,2024-08-30,sexta-feira,10:50:00,PB,230,11,CABEDELO,Ausência de reação do condutor,Colisão traseira,Com Vítimas Feridas,Pleno dia,Decrescente,Céu Claro,Dupla,Reta;Em Obras,Sim,2,0,0,1,1,0,1,2,-7.06798941,-34.84991217,SPRF-PB,DEL01-PB,UOP01-DEL01-PB
624532.0,2024-08-30,sexta-feira,12:20:00,PB,104,"106,6",SAO SEBASTIAO DE LAGOA DE  ROCA,Reação tardia ou ineficiente do condutor,Queda de ocupante de veículo,Com Vítimas Feridas,Pleno dia,Crescente,Céu Claro,Simples,Aclive;Curva;Interseção de Vias,Não,3,0,1,0,2,0,1,1,-7.09569811,-35.86106094,SPRF-PB,DEL02-PB,UOP04-DEL02-PB