id,data_inversa,dia_semana,horario,uf,br,km,municipio,causa_acidente,tipo_acidente,classificacao_acidente,fase_dia,sentido_via,condicao_metereologica,tipo_pista,tracado_via,uso_solo,pessoas,mortos,feridos_leves,feridos_graves,ilesos,ignorados,feridos,veiculos,latitude,longitude,regional,delegacia,uop
624593.0,2024-07-01,segunda-feira,14:10:00,PB,0,0,JOAO PESSOA,Condutor deixou de manter distância do veículo da frente,Colisão traseira,Sem Vítimas,Pleno dia,Não Informado,Céu Claro,Dupla,Reta,Sim,2,0,0,0,2,0,0,2,-7.167036,-34.859083,SPRF-PB,DEL01-PB,UOP02-DEL01-PB
624595.0,2024-08-30,sexta-feira,17:20:00,PB,230,"22,9",JOAO PESSOA,Condutor deixou de manter distância do veículo da frente,Colisão traseira,Com Vítimas Feridas,Anoitecer,Crescente,Céu Claro,Dupla,Reta,Não,3,0,1,1,1,0,2,2,-7.1415,-34.8519,SPRF-PB,DEL01-PB,UOP01-DEL01-PB
624627.0,2024-08-30,sexta-feira,18:55:00,PB,101,94,CONDE,Pista esburacada,Colisão traseira,Com Vítimas Feridas,Plena Noite,Decrescente,Céu Claro,Dupla,Em Obras;Reta,Não,2,0,1,0,0,1,1,2,-7.21483297,-34.9117521,SPRF-PB,DEL01-PB,UOP02-DEL01-PB
624670.0,2024-08-30,sexta-feira,21:10:00,PB,230,"502,7",CAJAZEIRAS,Ingestão de álcool pelo condutor,Colisão traseira,Com Vítimas Feridas,Plena Noite,Crescente,Céu Claro,Simples,Interseção de Vias;Curva,Sim,3,0,1,0,1,1,1,3,-6.8979,-38.5233,SPRF-PB,DEL03-PB,UOP03-DEL03-PB
624716.0,2024-08-31,sábado,01:30:00,PB,230,27,JOAO PESSOA,Reação tardia ou ineficiente do condutor,Colisão com objeto,Sem Vítimas,Plena Noite,Decrescente,Céu Claro,Dupla,Curva,Sim,1,0,0,0,0,1,0,1,-7.16500735,-34.89239506,SPRF-PB,DEL01-PB,UOP01-DEL01-PB
624830.0,2024-08-31,sábado,13:27:00,PB,230,"22,8",JOAO PESSOA,Ausência de reação do condutor,Colisão traseira,Com Vítimas Feridas,Pleno dia,Crescente,Céu Claro,Dupla,Reta,Sim,2,0,1,0,1,0,1,2,-7.1495,-34.8517,SPRF-PB,DEL01-PB,UOP01-DEL01-PB
624957.0,2024-08-31,sábado,23:45:00,PB,101,"119,1",CAAPORA,Pedestre cruzava a pista fora da faixa,Atropelamento de Pedestre,Com Vítimas Fatais,Plena Noite,Decrescente,Céu Claro,Dupla,Em Obras;Curva;Ponte;Aclive,Não,2,1,0,0,1,0,0,2,-7.42897814,-34.96672977,SPRF-PB,DEL01-PB,UOP02-DEL01-PB
625082.0,2024-09-01,domingo,15:20:00,PB,230,28,JOAO PESSOA,Ausência de reação do condutor,Colisão traseira,Com Vítimas Feridas,Pleno dia,Decrescente,Céu Claro,Múltipla,Reta,Sim,2,0,0,1,1,0,1,2,-7.1651,-34.8941,SPRF-PB,DEL01-PB,UOP01-DEL01-PB
625160.0,2024-09-01,domingo,18:30:00,PB,230,"476,2",MARIZOPOLIS,Ausência de reação do condutor,Tombamento,Com Vítimas Feridas,Plena Noite,Decrescente,Céu Claro,Simples,Reta,Sim,1,0,0,1,0,0,1,1,-6.84423,-38.348855,SPRF-PB,DEL03-PB,UOP03-DEL03-PB
625217.0,2024-09-02,segunda-feira,04:59:00,PB,230,27,JOAO PESSOA,Área urbana sem a presença de local apropriado para a travessia de pedestres,Atropelamento de Pedestre,Com Vítimas Feridas,Amanhecer,Decrescente,Céu Claro,Simples,Reta,Sim,2,0,2,0,0,0,2,2,-7.1677,-34.8855,SPRF-PB,DEL01-PB,UOP01-DEL01-PB
625234.0,2024-09-02,segunda-feira,08:10:00,PB,230,18,JOAO PESSOA,Pista Escorregadia,Tombamento,Com Vítimas Feridas,Pleno dia,Crescente,Chuva,Dupla,Reta;Declive,Sim,2,0,2,0,0,0,2,1,-7.1198,-34.8453,SPRF-PB,DEL01-PB,UOP01-DEL01-PB
625255.0,2024-09-02,segunda-feira,10:15:00,PB,230,"25,5",JOAO PESSOA,Condutor deixou de manter distância do veículo da frente,Colisão traseira,Com Vítimas Feridas,Pleno dia,Decrescente,Céu Claro,Múltipla,Viaduto;Curva;Declive,Sim,3,0,1,1,1,0,2,2,-7.17045387,-34.87020171,SPRF-PB,DEL01-PB,UOP01-DEL01-PB
625302.0,2024-09-02,segunda-feira,12:40:00,PB,101,"75,5",SANTA RITA,Ausência de reação do condutor,Colisão com objeto,Sem Vítimas,Pleno dia,Crescente,Sol,Dupla,Aclive;Curva,Não,1,0,0,0,0,1,0,1,-7.08342296,-34.97202399,SPRF-PB,DEL01-PB,UOP04-DEL01-PB
625379.0,2024-09-02,segunda-feira,19:10:00,PB,230,"122,5",RIACHAO DO BACAMARTE,Transitar na contramão,Colisão frontal,Com Vítimas Feridas,Plena Noite,Crescente,Céu Claro,Dupla,Reta,Não,2,0,0,1,1,0,1,2,-7.2466,-35.6577,SPRF-PB,DEL02-PB,UOP01-DEL02-PB
625396.0,2024-09-02,segunda-feira,20:40:00,PB,230,"325,5",PATOS,Reação tardia ou ineficiente do condutor,Saída de leito carroçável,Com Vítimas Feridas,Anoitecer,Crescente,Céu Claro,Simples,Curva,Não,1,0,1,0,0,0,1,1,-6.9912,-37.1874,SPRF-PB,DEL03-PB,UOP01-DEL03-PB
625397.0,2024-09-02,segunda-feira,19:10:00,PB,104,168,BARRA DE SANTANA,Transitar na contramão,Colisão frontal,Com Vítimas Feridas,Plena Noite,Decrescente,Céu Claro,Simples,Curva,Não,2,0,1,0,1,0,1,2,-7.57824042,-36.01455389,SPRF-PB,DEL02-PB,UOP03-DEL02-PB
625406.0,2024-09-02,segunda-feira,21:58:00,PB,230,"39,2",SANTA RITA,Transitar na contramão,Colisão frontal,Com Vítimas Feridas,Plena Noite,Decrescente,Chuva,Dupla,Reta;Aclive,Não,4,0,4,0,0,0,4,2,-7.1381,-34.9707,SPRF-PB,DEL01-PB,UOP03-DEL01-PB
625476.0,2024-09-03,terça-feira,10:00:00,PB,230,9,CABEDELO,Reação tardia ou ineficiente do condutor,Colisão traseira,Sem Vítimas,Pleno dia,Decrescente,Sol,Dupla,Reta,Sim,3,0,0,0,3,0,0,3,-7.0433,-34.8466,SPRF-PB,DEL01-PB,UOP01-DEL01-PB
625638.0,2024-09-04,quarta-feira,06:30:00,PB,104,"131,5",QUEIMADAS,Animais na Pista,Atropelamento de Animal,Com Vítimas Feridas,Pleno dia,Decrescente,Céu Claro,Simples,Reta,Não,1,0,0,1,0,0,1,1,-7.29900408,-35.89187256,SPRF-PB,DEL02-PB,UOP03-DEL02-PB
625644.0,2024-09-04,quarta-feira,07:30:00,PB,101,89,JOAO PESSOA,Acessar a via sem observar a presença dos outros veículos,Tombamento,Com Vítimas Feridas,Amanhecer,Crescente,Sol,Dupla,Interseção de Vias;Em Obras,Não,2,0,1,1,0,0,2,1,-7.18087696,-34.90073919,SPRF-PB,DEL01-PB,UOP02-DEL01-PB
625733.0,2024-09-04,quarta-feira,17:45:00,PB,230,15,CABEDELO,Trafegar com motocicleta (ou similar) entre as faixas,Colisão traseira,Com Vítimas Feridas,Anoitecer,Crescente,Céu Claro,Dupla,Reta,Sim,2,0,1,0,1,0,1,2,-7.093,-34.8482,SPRF-PB,DEL01-PB,UOP01-DEL01-PB
625736.0,2024-09-04,quarta-feira,15:40:00,PB,405,"10,2",UIRAUNA,Conversão proibida,Colisão transversal,Com Vítimas Feridas,Pleno dia,Decrescente,Céu Claro,Simples,Reta,Sim,2,0,0,1,0,1,1,2,-6.530987,-38.414745,SPRF-PB,DEL03-PB,UOP03-DEL03-PB
625753.0,2024-09-04,quarta-feira,15:50:00,PB,230,291,SANTA LUZIA,Ausência de reação do condutor,Tombamento,Com Vítimas Feridas,Pleno dia,Crescente,Sol,Simples,Reta,Sim,2,0,1,0,0,1,1,2,-6.8691,-36.9142,SPRF-PB,DEL03-PB,UOP01-DEL03-PB
625804.0,2024-09-04,quarta-feira,21:10:00,PB,230,327,PATOS,Condutor deixou de manter distância do veículo da frente,Colisão traseira,Com Vítimas Feridas,Plena Noite,Crescente,Céu Claro,Simples,Reta,Não,3,0,1,0,2,0,1,2,-7.0001,-37.203,SPRF-PB,DEL03-PB,UOP01-DEL03-PB
625846.0,2024-09-05,quinta-feira,06:54:00,PB,101,"84,5",BAYEUX,Trafegar com motocicleta (ou similar) entre as faixas,Colisão lateral mesmo sentido,Com Vítimas Feridas,Pleno dia,Crescente,Céu Claro,Dupla,Reta,Sim,3,0,2,0,1,0,2,2,-7.13957906,-34.92312806,SPRF-PB,DEL01-PB,UOP01-DEL01-PB
625872.0,2024-09-05,quinta-feira,09:25:00,PB,230,"22,5",JOAO PESSOA,Trafegar com motocicleta (ou similar) entre as faixas,Colisão lateral mesmo sentido,Com Vítimas Feridas,Pleno dia,Decrescente,Céu Claro,Dupla,Reta,Sim,1,0,1,0,0,0,1,1,-7.1495,-34.8517,SPRF-PB,DEL01-PB,UOP01-DEL01-PB
625891.0,2024-08-24,sábado,05:40:00,PB,361,"20,7",SANTA TERESINHA,Acessar a via sem observar a presença dos outros veículos,Colisão transversal,Com Vítimas Fatais,Pleno dia,Decrescente,Céu Claro,Simples,Aclive,Não,3,1,1,0,1,0,1,2,-7.07981191,-37.42222407,SPRF-PB,DEL03-PB,UOP01-DEL03-PB
625996.0,2024-09-05,quinta-feira,19:36:00,PB,230,"162,9",CAMPINA GRANDE,Reação tardia ou ineficiente do condutor,Colisão traseira,Com Vítimas Feridas,Plena Noite,Decrescente,Céu Claro,Simples,Reta;Declive,Não,2,0,0,2,0,0,2,1,-7.226427,-35.943659,SPRF-PB,DEL02-PB,UOP01-DEL02-PB
625997.0,2024-09-05,quinta-feira,19:50:00,PB,101,"95,1",CONDE,Ausência de reação do condutor,Tombamento,Com Vítimas Feridas,Plena Noite,Decrescente,Céu Claro,Dupla,Em Obras;Reta,Não,1,0,1,0,0,0,1,1,-7.22379403,-34.91488195,SPRF-PB,DEL01-PB,UOP02-DEL01-PB
626047.0,2024-09-06,sexta-feira,03:49:00,PB,101,78,SANTA RITA,Animais na Pista,Atropelamento de Animal,Com Vítimas Feridas,Plena Noite,Decrescente,Céu Claro,Dupla,Reta,Sim,1,0,1,0,0,0,1,1,-7.10808295,-34.96293885,SPRF-PB,DEL01-PB,UOP04-DEL01-PB
626068.0,2024-09-06,sexta-feira,07:20:00,PB,230,14,CABEDELO,Acessar a via sem observar a presença dos outros veículos,Colisão transversal,Com Vítimas Feridas,Pleno dia,Decrescente,Céu Claro,Simples,Interseção de Vias;Reta,Sim,3,0,2,1,0,0,3,2,-7.0844,-34.8488,SPRF-PB,DEL01-PB,UOP01-DEL01-PB
626256.0,2024-09-06,sexta-feira,20:30:00,PB,230,"364,8",MALTA,Ausência de reação do condutor,Atropelamento de Pedestre,Com Vítimas Feridas,Plena Noite,Crescente,Céu Claro,Simples,Reta,Sim,2,0,1,1,0,0,2,2,-6.9111,-37.4973,SPRF-PB,DEL03-PB,UOP02-DEL03-PB
626311.0,2024-09-07,sábado,03:00:00,PB,230,"12,5",CABEDELO,Ingestão de álcool pelo condutor,Atropelamento de Pedestre,Com Vítimas Fatais,Plena Noite,Decrescente,Céu Claro,Dupla,Reta,Sim,5,1,0,0,2,2,0,2,-7.068,-34.85,SPRF-PB,DEL01-PB,UOP01-DEL01-PB
626365.0,2024-09-07,sábado,02:00:00,PB,412,127,MONTEIRO,Condutor Dormindo,Saída de leito carroçável,Com Vítimas Fatais,Plena Noite,Crescente,Ignorado,Simples,Reta,Não,1,1,0,0,0,0,0,1,-7.780533,-37.00621,SPRF-PB,DEL02-PB,UOP02-DEL02-PB
626474.0,2024-09-07,sábado,18:52:00,PB,427,8,PAULISTA,Ingestão de álcool pelo condutor,Saída de leito carroçável,Com Vítimas Fatais,Plena Noite,Crescente,Céu Claro,Simples,Reta,Não,1,1,0,0,0,0,0,1,-6.666203,-37.5629,SPRF-PB,DEL03-PB,UOP02-DEL03-PB
626481.0,2024-09-07,sábado,18:30:00,PB,230,121,RIACHAO DO BACAMARTE,Transitar na contramão,Colisão traseira,Com Vítimas Feridas,Plena Noite,Decrescente,Céu Claro,Dupla,Curva;Interseção de Vias,Não,2,0,1,0,0,1,1,2,-7.2452,-35.649,SPRF-PB,DEL02-PB,UOP01-DEL02-PB
626504.0,2024-09-07,sábado,21:00:00,PB,230,26,JOAO PESSOA,Ausência de reação do condutor,Colisão traseira,Com Vítimas Feridas,Plena Noite,Decrescente,Céu Claro,Simples,Reta,Sim,3,0,2,0,0,1,2,2,-7.1693,-34.8782,SPRF-PB,DEL01-PB,UOP01-DEL01-PB
626541.0,2024-09-07,sábado,20:00:00,PB,104,87,REMIGIO,Deficiência do Sistema de Iluminação/Sinalização,Colisão lateral mesmo sentido,Com Vítimas Feridas,Plena Noite,Crescente,Céu Claro,Simples,Declive;Curva,Sim,3,0,1,1,1,0,2,2,-6.96178,-35.802777,SPRF-PB,DEL02-PB,UOP04-DEL02-PB
626554.0,2024-09-08,domingo,00:30:00,PB,230,"153,8",CAMPINA GRANDE,Reação tardia ou ineficiente do condutor,Saída de leito carroçável,Com Vítimas Feridas,Plena Noite,Crescente,Nublado,Simples,Curva,Não,1,0,0,1,0,0,1,1,-7.27828286,-35.89056373,SPRF-PB,DEL02-PB,UOP01-DEL02-PB
626594.0,2024-02-26,segunda-feira,00:11:00,PB,101,85,BAYEUX,Ingestão de álcool pelo condutor,Saída de leito carroçável,Sem Vítimas,Plena Noite,Decrescente,Chuva,Dupla,Reta,Sim,2,0,0,0,2,0,0,1,-7.14538184,-34.91662887,SPRF-PB,DEL01-PB,UOP01-DEL01-PB
626635.0,2024-09-08,domingo,11:20:00,PB,230,132,CAMPINA GRANDE,Ausência de reação do condutor,Saída de leito carroçável,Com Vítimas Feridas,Pleno dia,Decrescente,Nublado,Dupla,Curva,Não,1,0,0,1,0,0,1,1,-7.2774,-35.7367,SPRF-PB,DEL02-PB,UOP01-DEL02-PB
626665.0,2024-07-12,sexta-feira,10:48:00,PB,230,73,SOBRADO,Acumulo de água sobre o pavimento,Capotamento,Com Vítimas Feridas,Pleno dia,Crescente,Chuva,Dupla,Declive,Não,2,0,2,0,0,0,2,1,-7.1901,-35.2505,SPRF-PB,DEL01-PB,UOP03-DEL01-PB
626746.0,2024-09-08,domingo,18:00:00,PB,230,107,INGA,Demais falhas mecânicas ou elétricas,Incêndio,Sem Vítimas,Plena Noite,Crescente,Céu Claro,Dupla,Reta,Não,1,0,0,0,1,0,0,1,-7.2039,-35.5389,SPRF-PB,DEL01-PB,UOP03-DEL01-PB
626787.0,2024-09-08,domingo,21:15:00,PB,412,140,MONTEIRO,Ingestão de álcool pelo condutor,Colisão frontal,Com Vítimas Fatais,Plena Noite,Crescente,Céu Claro,Simples,Reta;Declive,Não,3,1,0,2,0,0,2,2,-7.865465,-37.086636,SPRF-PB,DEL02-PB,UOP02-DEL02-PB
627060.0,2024-09-10,terça-feira,07:20:00,PB,230,"101,4",GURINHEM,Condutor Dormindo,Saída de leito carroçável,Com Vítimas Feridas,Pleno dia,Decrescente,Céu Claro,Dupla,Reta,Não,1,0,1,0,0,0,1,1,-7.1973,-35.4885,SPRF-PB,DEL01-PB,UOP03-DEL01-PB
627067.0,2024-09-10,terça-feira,08:10:00,PB,230,"324,7",QUIXABA,Ultrapassagem Indevida,Colisão com objeto,Com Vítimas Feridas,Pleno dia,Crescente,Céu Claro,Simples,Reta,Não,2,0,2,0,0,0,2,1,-6.9868,-37.1796,SPRF-PB,DEL03-PB,UOP01-DEL03-PB
627073.0,2024-08-08,quinta-feira,10:30:00,PB,230,93,GURINHEM,Demais falhas mecânicas ou elétricas,Incêndio,Com Vítimas Feridas,Pleno dia,Decrescente,Céu Claro,Dupla,Declive,Não,1,0,1,0,0,0,1,1,-7.1777,-35.4181,SPRF-PB,DEL01-PB,UOP03-DEL01-PB
627093.0,2024-09-10,terça-feira,10:30:00,PB,230,"0,7",CABEDELO,Ausência de reação do condutor,Colisão traseira,Com Vítimas Feridas,Pleno dia,Crescente,Céu Claro,Simples,Reta,Sim,3,0,2,0,0,1,2,3,-6.974277,-34.8321,SPRF-PB,DEL01-PB,UOP01-DEL01-PB
627107.0,2024-09-10,terça-feira,11:50:00,PB,230,27,JOAO PESSOA,Acumulo de óleo sobre o pavimento,Queda de ocupante de veículo,Com Vítimas Feridas,Pleno dia,Decrescente,Sol,Simples,Curva;Declive;Interseção de Vias;Viaduto,Sim,1,0,1,0,0,0,1,1,-7.16576813,-34.89480972,SPRF-PB,DEL01-PB,UOP01-DEL01-PB
627169.0,2024-09-10,terça-feira,17:20:00,PB,230,19,JOAO PESSOA,Manobra de mudança de faixa,Colisão lateral mesmo sentido,Com Vítimas Feridas,Plena Noite,Crescente,Céu Claro,Dupla,Reta,Sim,7,0,2,0,5,0,2,3,-7.1281,-34.8466,SPRF-PB,DEL01-PB,UOP01-DEL01-PB
627304.0,2024-09-11,quarta-feira,13:28:00,PB,230,"136,4",MASSARANDUBA,Velocidade Incompatível,Saída de leito carroçável,Com Vítimas Feridas,Pleno dia,Crescente,Chuva,Dupla,Curva;Aclive,Não,4,0,4,0,0,0,4,2,-7.276882,-35.772982,SPRF-PB,DEL02-PB,UOP01-DEL02-PB
627381.0,2024-09-11,quarta-feira,18:50:00,PB,230,"42,8",SANTA RITA,Ausência de reação do condutor,Tombamento,Com Vítimas Feridas,Plena Noite,Decrescente,Chuva,Dupla,Reta,Não,1,0,1,0,0,0,1,1,-7.14466918,-34.99757051,SPRF-PB,DEL01-PB,UOP03-DEL01-PB
627416.0,2024-09-11,quarta-feira,21:07:00,PB,101,88,JOAO PESSOA,Acumulo de óleo sobre o pavimento,Queda de ocupante de veículo,Com Vítimas Feridas,Plena Noite,Crescente,Céu Claro,Simples,Curva,Sim,2,0,2,0,0,0,2,1,-7.1673223,-34.8968482,SPRF-PB,DEL01-PB,UOP01-DEL01-PB
627506.0,2024-09-12,quinta-feira,11:25:00,PB,101,73,SANTA RITA,Ausência de reação do condutor,Colisão com objeto,Com Vítimas Feridas,Pleno dia,Crescente,Céu Claro,Dupla,Reta,Não,3,0,2,1,0,0,3,1,-7.0777252,-34.98927712,SPRF-PB,DEL01-PB,UOP04-DEL01-PB
627525.0,2024-09-12,quinta-feira,07:20:00,PB,104,"102,6",SAO SEBASTIAO DE LAGOA DE  ROCA,Acessar a via sem observar a presença dos outros veículos,Saída de leito carroçável,Sem Vítimas,Pleno dia,Decrescente,Céu Claro,Simples,Reta;Aclive,Não,2,0,0,0,2,0,0,2,-7.06249,-35.85547,SPRF-PB,DEL02-PB,UOP04-DEL02-PB
627576.0,2024-09-12,quinta-feira,18:25:00,PB,230,25,JOAO PESSOA,Condutor deixou de manter distância do veículo da frente,Colisão lateral mesmo sentido,Com Vítimas Feridas,Plena Noite,Crescente,Céu Claro,Dupla,Interseção de Vias,Sim,1,0,1,0,0,0,1,1,-7.17043063,-34.86961842,SPRF-PB,DEL01-PB,UOP01-DEL01-PB
627590.0,2024-09-12,quinta-feira,19:15:00,PB,230,"17,4",JOAO PESSOA,Reação tardia ou ineficiente do condutor,Colisão traseira,Com Vítimas Feridas,Plena Noite,Crescente,Céu Claro,Múltipla,Reta;Retorno Regulamentado,Sim,2,0,1,0,1,0,1,2,-7.11818233,-34.84369755,SPRF-PB,DEL01-PB,UOP01-DEL01-PB
627612.0,2024-09-12,quinta-feira,21:00:00,PB,230,"75,2",SOBRADO,Velocidade Incompatível,Saída de leito carroçável,Com Vítimas Fatais,Plena Noite,Crescente,Céu Claro,Dupla,Retorno Regulamentado,Não,1,1,0,0,0,0,0,1,-7.188292,-35.280698,SPRF-PB,DEL01-PB,UOP03-DEL01-PB
627678.0,2024-09-13,sexta-feira,06:55:00,PB,230,"13,8",CABEDELO,Velocidade Incompatível,Colisão traseira,Com Vítimas Feridas,Pleno dia,Decrescente,Nublado,Dupla,Reta;Retorno Regulamentado,Sim,2,0,1,0,1,0,1,2,-7.0772,-34.8494,SPRF-PB,DEL01-PB,UOP01-DEL01-PB
627702.0,2024-09-13,sexta-feira,08:00:00,PB,230,"18,9",JOAO PESSOA,Trafegar com motocicleta (ou similar) entre as faixas,Colisão transversal,Com Vítimas Feridas,Pleno dia,Crescente,Céu Claro,Dupla,Curva;Em Obras,Sim,3,0,1,0,2,0,1,2,-7.1198,-34.8453,SPRF-PB,DEL01-PB,UOP01-DEL01-PB
627757.0,2024-09-13,sexta-feira,13:04:00,PB,230,336,PATOS,Ausência de reação do condutor,Saída de leito carroçável,Sem Vítimas,Pleno dia,Decrescente,Sol,Simples,Reta,Sim,1,0,0,0,1,0,0,1,-7.0103,-37.2748,SPRF-PB,DEL03-PB,UOP01-DEL03-PB
627790.0,2024-09-13,sexta-feira,17:10:00,PB,101,93,JOAO PESSOA,Condutor deixou de manter distância do veículo da frente,Colisão traseira,Com Vítimas Feridas,Pleno dia,Decrescente,Céu Claro,Dupla,Reta;Em Obras;Desvio Temporário,Não,2,0,1,0,1,0,1,2,-7.205825,-34.90879,SPRF-PB,DEL01-PB,UOP02-DEL01-PB
627831.0,2024-09-08,domingo,08:50:00,PB,230,"107,3",INGA,Velocidade Incompatível,Saída de leito carroçável,Com Vítimas Feridas,Pleno dia,Decrescente,Chuva,Dupla,Curva;Declive,Não,2,0,1,1,0,0,2,1,-7.20266233,-35.55390358,SPRF-PB,DEL01-PB,UOP03-DEL01-PB
627861.0,2024-09-13,sexta-feira,20:55:00,PB,230,"1,5",CABEDELO,Ingestão de álcool pelo condutor,Colisão frontal,Sem Vítimas,Plena Noite,Crescente,Céu Claro,Simples,Reta;Interseção de Vias,Sim,2,0,0,0,2,0,0,2,-6.98081976,-34.8302722,SPRF-PB,DEL01-PB,UOP01-DEL01-PB
627939.0,2024-09-14,sábado,08:20:00,PB,230,"17,1",JOAO PESSOA,Avarias e/ou desgaste excessivo no pneu,Queda de ocupante de veículo,Com Vítimas Feridas,Pleno dia,Crescente,Céu Claro,Dupla,Curva,Sim,1,0,1,0,0,0,1,1,-7.1121,-34.8426,SPRF-PB,DEL01-PB,UOP01-DEL01-PB
627976.0,2024-09-14,sábado,11:50:00,PB,101,"82,4",BAYEUX,Avarias e/ou desgaste excessivo no pneu,Tombamento,Com Vítimas Feridas,Pleno dia,Crescente,Céu Claro,Dupla,Viaduto,Sim,2,0,1,0,0,1,1,1,-7.12911,-34.93714,SPRF-PB,DEL01-PB,UOP01-DEL01-PB
628013.0,2024-09-14,sábado,14:20:00,PB,230,"221,7",SOLEDADE,Condutor deixou de manter distância do veículo da frente,Colisão traseira,Com Vítimas Feridas,Pleno dia,Crescente,Céu Claro,Simples,Reta,Não,2,0,1,0,0,1,1,2,-7.0409,-36.4063,SPRF-PB,DEL02-PB,UOP02-DEL02-PB
628106.0,2024-09-14,sábado,21:15:00,PB,101,84,BAYEUX,Pedestre - Ingestão de álcool/ substâncias psicoativas,Atropelamento de Pedestre,Com Vítimas Feridas,Plena Noite,Decrescente,Céu Claro,Dupla,Reta,Sim,2,0,1,0,0,1,1,2,-7.13957906,-34.92312806,SPRF-PB,DEL01-PB,UOP01-DEL01-PB
628110.0,2024-09-14,sábado,19:30:00,PB,230,"502,1",CAJAZEIRAS,Ausência de reação do condutor,Saída de leito carroçável,Sem Vítimas,Plena Noite,Decrescente,Céu Claro,Simples,Reta,Não,1,0,0,0,1,0,0,1,-6.90174536,-38.55974686,SPRF-PB,DEL03-PB,UOP03-DEL03-PB
628183.0,2024-09-15,domingo,05:40:00,PB,230,"38,4",SANTA RITA,Demais falhas mecânicas ou elétricas,Incêndio,Sem Vítimas,Pleno dia,Crescente,Céu Claro,Dupla,Reta,Não,1,0,0,0,1,0,0,1,-7.1341,-34.962,SPRF-PB,DEL01-PB,UOP03-DEL01-PB
628266.0,2024-09-15,domingo,14:02:00,PB,230,308,SAO MAMEDE,Reação tardia ou ineficiente do condutor,Colisão transversal,Com Vítimas Fatais,Pleno dia,Decrescente,Céu Claro,Simples,Reta,Não,2,1,0,0,1,0,0,2,-6.9222,-37.052,SPRF-PB,DEL03-PB,UOP01-DEL03-PB
628294.0,2024-09-15,domingo,16:00:00,PB,230,67,SOBRADO,Ingestão de álcool pelo condutor,Saída de leito carroçável,Sem Vítimas,Pleno dia,Decrescente,Céu Claro,Dupla,Reta,Não,2,0,0,0,2,0,0,1,-7.1856,-35.1989,SPRF-PB,DEL01-PB,UOP03-DEL01-PB
628325.0,2024-09-15,domingo,18:40:00,PB,230,"12,3",JOAO PESSOA,Reação tardia ou ineficiente do condutor,Tombamento,Com Vítimas Feridas,Plena Noite,Crescente,Céu Claro,Dupla,Reta;Em Obras,Sim,1,0,0,1,0,0,1,1,-7.068,-34.85,SPRF-PB,DEL01-PB,UOP01-DEL01-PB
628388.0,2024-09-15,domingo,21:00:00,PB,101,86,JOAO PESSOA,Ingestão de álcool pelo condutor,Colisão traseira,Com Vítimas Feridas,Plena Noite,Decrescente,Céu Claro,Dupla,Reta,Sim,2,0,1,0,1,0,1,2,-7.15118983,-34.91012184,SPRF-PB,DEL01-PB,UOP01-DEL01-PB
628536.0,2024-09-16,segunda-feira,12:30:00,PB,104,"116,2",LAGOA SECA,Ultrapassagem Indevida,Colisão lateral sentido oposto,Com Vítimas Feridas,Pleno dia,Decrescente,Sol,Simples,Curva,Não,2,0,0,1,1,0,1,2,-7.175525,-35.860103,SPRF-PB,DEL02-PB,UOP04-DEL02-PB
628616.0,2024-09-16,segunda-feira,19:50:00,PB,101,88,JOAO PESSOA,Manobra de mudança de faixa,Colisão traseira,Com Vítimas Feridas,Plena Noite,Crescente,Céu Claro,Dupla,Curva,Sim,2,0,1,0,1,0,1,2,-7.16470016,-34.89993643,SPRF-PB,DEL01-PB,UOP01-DEL01-PB
628617.0,2024-09-16,segunda-feira,20:25:00,PB,101,88,JOAO PESSOA,Ausência de reação do condutor,Colisão traseira,Com Vítimas Feridas,Plena Noite,Crescente,Nublado,Dupla,Reta,Sim,5,0,1,0,4,0,1,2,-7.16991968,-34.8972559,SPRF-PB,DEL01-PB,UOP01-DEL01-PB
628642.0,2024-09-17,terça-feira,05:45:00,PB,101,105,ALHANDRA,Reação tardia ou ineficiente do condutor,Colisão traseira,Sem Vítimas,Amanhecer,Crescente,Céu Claro,Simples,Aclive,Não,2,0,0,0,2,0,0,2,-7.30814609,-34.94344185,SPRF-PB,DEL01-PB,UOP02-DEL01-PB
628655.0,2024-09-17,terça-feira,07:15:00,PB,230,12,JOAO PESSOA,Avarias e/ou desgaste excessivo no pneu,Tombamento,Com Vítimas Feridas,Pleno dia,Decrescente,Sol,Dupla,Reta;Em Obras,Sim,2,0,2,0,0,0,2,1,-7.068,-34.85,SPRF-PB,DEL01-PB,UOP01-DEL01-PB
628690.0,2024-09-17,terça-feira,10:12:00,PB,230,"21,5",JOAO PESSOA,Reação tardia ou ineficiente do condutor,Engavetamento,Com Vítimas Feridas,Pleno dia,Decrescente,Nublado,Dupla,Reta,Sim,5,0,2,0,3,0,2,3,-7.1430586,-34.85141516,SPRF-PB,DEL01-PB,UOP01-DEL01-PB
628702.0,2024-09-17,terça-feira,11:15:00,PB,230,"21,5",JOAO PESSOA,Reação tardia ou ineficiente do condutor,Colisão traseira,Sem Vítimas,Pleno dia,Crescente,Sol,Dupla,Reta,Sim,3,0,0,0,3,0,0,3,-7.1415,-34.8519,SPRF-PB,DEL01-PB,UOP01-DEL01-PB