id,data_inversa,dia_semana,horario,uf,br,km,municipio,causa_acidente,tipo_acidente,classificacao_acidente,fase_dia,sentido_via,condicao_metereologica,tipo_pista,tracado_via,uso_solo,pessoas,mortos,feridos_leves,feridos_graves,ilesos,ignorados,feridos,veiculos,latitude,longitude,regional,delegacia,uop
628754.0,2024-09-17,terça-feira,14:57:00,PB,101,75,SANTA RITA,Acessar a via sem observar a presença dos outros veículos,Colisão traseira,Sem Vítimas,Pleno dia,Decrescente,Céu Claro,Dupla,Curva;Declive,Não,3,0,0,0,2,1,0,2,-7.08626714,-34.96916485,SPRF-PB,DEL01-PB,UOP04-DEL01-PB
628759.0,2024-09-17,terça-feira,16:40:00,PB,101,"98,8",CONDE,Reação tardia ou ineficiente do condutor,Colisão com objeto,Com Vítimas Feridas,Pleno dia,Decrescente,Nublado,Dupla,Reta,Sim,1,0,1,0,0,0,1,1,-7.24692282,-34.93113937,SPRF-PB,DEL01-PB,UOP02-DEL01-PB
628765.0,2024-09-17,terça-feira,17:25:00,PB,230,24,JOAO PESSOA,Condutor deixou de manter distância do veículo da frente,Colisão traseira,Com Vítimas Feridas,Plena Noite,Decrescente,Céu Claro,Dupla,Reta;Aclive;Viaduto,Sim,2,0,1,0,1,0,1,2,-7.16652077,-34.86340826,SPRF-PB,DEL01-PB,UOP01-DEL01-PB
628774.0,2024-09-17,terça-feira,18:10:00,PB,230,"23,5",JOAO PESSOA,Transitar na contramão,Colisão frontal,Com Vítimas Feridas,Plena Noite,Decrescente,Céu Claro,Dupla,Declive;Interseção de Vias;Reta,Sim,2,0,1,1,0,0,2,2,-7.16416691,-34.86200327,SPRF-PB,DEL01-PB,UOP01-DEL01-PB
628808.0,2024-09-17,terça-feira,19:40:00,PB,230,165,CAMPINA GRANDE,Ultrapassagem Indevida,Colisão frontal,Com Vítimas Fatais,Plena Noite,Decrescente,Céu Claro,Simples,Curva;Declive,Não,5,1,2,2,0,0,4,2,-7.208648,-35.953494,SPRF-PB,DEL02-PB,UOP01-DEL02-PB
628888.0,2024-09-18,quarta-feira,06:50:00,PB,230,462,SOUSA,Acumulo de areia ou detritos sobre o pavimento,Saída de leito carroçável,Com Vítimas Feridas,Pleno dia,Crescente,Céu Claro,Simples,Reta,Sim,1,0,1,0,0,0,1,1,-6.7768,-38.215,SPRF-PB,DEL03-PB,UOP03-DEL03-PB
628957.0,2024-09-18,quarta-feira,17:38:00,PB,230,"21,8",JOAO PESSOA,Trafegar com motocicleta (ou similar) entre as faixas,Colisão lateral mesmo sentido,Com Vítimas Feridas,Anoitecer,Decrescente,Céu Claro,Dupla,Reta,Sim,2,0,1,0,1,0,1,2,-7.1415,-34.8519,SPRF-PB,DEL01-PB,UOP01-DEL01-PB
628975.0,2024-09-18,quarta-feira,18:00:00,PB,230,"166,3",CAMPINA GRANDE,Acessar a via sem observar a presença dos outros veículos,Colisão transversal,Com Vítimas Feridas,Plena Noite,Crescente,Céu Claro,Simples,Reta,Sim,2,0,0,1,1,0,1,2,-7.197222,-35.955952,SPRF-PB,DEL02-PB,UOP02-DEL02-PB
629030.0,2024-09-18,quarta-feira,23:21:00,PB,230,"180,5",POCINHOS,Sinalização mal posicionada,Colisão com objeto,Com Vítimas Feridas,Plena Noite,Crescente,Céu Claro,Simples,Desvio Temporário;Em Obras,Não,1,0,1,0,0,0,1,1,-7.165,-36.067,SPRF-PB,DEL02-PB,UOP02-DEL02-PB
629037.0,2024-09-18,quarta-feira,22:30:00,PB,230,387,SAO BENTINHO,Velocidade Incompatível,Saída de leito carroçável,Com Vítimas Feridas,Plena Noite,Crescente,Céu Claro,Simples,Curva,Não,2,0,1,0,0,1,1,1,-6.9041,-37.6943,SPRF-PB,DEL03-PB,UOP02-DEL03-PB
629053.0,2024-09-19,quinta-feira,06:13:00,PB,230,"23,7",JOAO PESSOA,Trafegar com motocicleta (ou similar) entre as faixas,Colisão traseira,Com Vítimas Feridas,Pleno dia,Decrescente,Céu Claro,Dupla,Viaduto;Declive,Sim,3,0,2,0,1,0,2,2,-7.1562,-34.8574,SPRF-PB,DEL01-PB,UOP01-DEL01-PB
629100.0,2024-09-19,quinta-feira,07:30:00,PB,230,"166,7",CAMPINA GRANDE,Ultrapassagem Indevida,Colisão frontal,Com Vítimas Feridas,Pleno dia,Crescente,Céu Claro,Simples,Curva,Sim,3,0,2,1,0,0,3,2,-7.1976,-35.955,SPRF-PB,DEL02-PB,UOP02-DEL02-PB
629110.0,2024-09-19,quinta-feira,10:30:00,PB,230,83,BAYEUX,Demais falhas mecânicas ou elétricas,Tombamento,Com Vítimas Feridas,Pleno dia,Crescente,Céu Claro,Dupla,Reta,Sim,2,0,2,0,0,0,2,1,-7.13507746,-34.92819786,SPRF-PB,DEL01-PB,UOP03-DEL01-PB
629121.0,2024-09-19,quinta-feira,11:20:00,PB,230,27,JOAO PESSOA,Ausência de reação do condutor,Colisão com objeto,Com Vítimas Feridas,Pleno dia,Crescente,Sol,Dupla,Viaduto;Curva,Sim,1,0,1,0,0,0,1,1,-7.1650161,-34.89458084,SPRF-PB,DEL01-PB,UOP01-DEL01-PB
629124.0,2024-09-19,quinta-feira,10:07:00,PB,101,86,BAYEUX,Ausência de reação do condutor,Tombamento,Com Vítimas Feridas,Pleno dia,Decrescente,Sol,Dupla,Reta,Sim,1,0,1,0,0,0,1,1,-7.15118983,-34.91012184,SPRF-PB,DEL01-PB,UOP01-DEL01-PB
629192.0,2024-09-19,quinta-feira,16:30:00,PB,230,463,SOUSA,Acessar a via sem observar a presença dos outros veículos,Colisão transversal,Com Vítimas Feridas,Pleno dia,Decrescente,Céu Claro,Simples,Reta,Sim,2,0,2,0,0,0,2,2,-6.7783,-38.2256,SPRF-PB,DEL03-PB,UOP03-DEL03-PB
629290.0,2024-09-20,sexta-feira,07:20:00,PB,230,16,JOAO PESSOA,Reação tardia ou ineficiente do condutor,Tombamento,Com Vítimas Feridas,Pleno dia,Decrescente,Céu Claro,Dupla,Reta;Aclive,Sim,1,0,1,0,0,0,1,1,-7.1039,-34.8458,SPRF-PB,DEL01-PB,UOP01-DEL01-PB
629357.0,2024-09-20,sexta-feira,08:45:00,PB,101,88,JOAO PESSOA,Ausência de reação do condutor,Colisão lateral mesmo sentido,Sem Vítimas,Pleno dia,Decrescente,Céu Claro,Dupla,Reta,Sim,1,0,0,0,0,1,0,1,-7.16791842,-34.89661217,SPRF-PB,DEL01-PB,UOP01-DEL01-PB
629434.0,2024-09-20,sexta-feira,18:00:00,PB,230,197,POCINHOS,Ausência de reação do condutor,Tombamento,Com Vítimas Feridas,Plena Noite,Crescente,Céu Claro,Simples,Reta,Não,1,0,0,1,0,0,1,1,-7.1134,-36.2118,SPRF-PB,DEL02-PB,UOP02-DEL02-PB
629481.0,2024-09-20,sexta-feira,20:20:00,PB,230,98,GURINHEM,Demais falhas mecânicas ou elétricas,Incêndio,Sem Vítimas,Plena Noite,Decrescente,Céu Claro,Dupla,Reta,Não,1,0,0,0,1,0,0,1,-7.1889,-35.4624,SPRF-PB,DEL01-PB,UOP03-DEL01-PB
629487.0,2024-09-20,sexta-feira,19:00:00,PB,412,129,MONTEIRO,Objeto estático sobre o leito carroçável,Colisão com objeto,Com Vítimas Feridas,Anoitecer,Crescente,Céu Claro,Simples,Reta;Declive,Não,8,0,0,8,0,0,8,2,-7.794985,-37.01978,SPRF-PB,DEL02-PB,UOP02-DEL02-PB
629540.0,2024-09-21,sábado,08:05:00,PB,101,"31,8",RIO TINTO,Condutor Dormindo,Colisão com objeto,Com Vítimas Feridas,Pleno dia,Decrescente,Sol,Dupla,Reta,Não,1,0,1,0,0,0,1,1,-6.758091,-35.13408691,SPRF-PB,DEL01-PB,UOP04-DEL01-PB
629545.0,2024-09-21,sábado,08:45:00,PB,230,71,SOBRADO,Acessar a via sem observar a presença dos outros veículos,Colisão traseira,Com Vítimas Feridas,Pleno dia,Decrescente,Céu Claro,Dupla,Reta,Não,3,0,1,1,1,0,2,2,-7.1913,-35.2333,SPRF-PB,DEL01-PB,UOP03-DEL01-PB
629609.0,2024-09-21,sábado,16:18:00,PB,230,"22,8",JOAO PESSOA,Condutor deixou de manter distância do veículo da frente,Colisão traseira,Com Vítimas Feridas,Pleno dia,Crescente,Céu Claro,Dupla,Reta,Sim,2,0,1,0,1,0,1,2,-7.1495,-34.8517,SPRF-PB,DEL01-PB,UOP01-DEL01-PB
629686.0,2024-09-21,sábado,19:55:00,PB,101,"12,1",MAMANGUAPE,Ausência de reação do condutor,Queda de ocupante de veículo,Com Vítimas Feridas,Plena Noite,Decrescente,Ignorado,Dupla,Em Obras;Declive;Curva,Não,1,0,1,0,0,0,1,1,-6.6013612,-35.14274669,SPRF-PB,DEL01-PB,UOP04-DEL01-PB
629732.0,2024-09-22,domingo,01:55:00,PB,101,"88,5",JOAO PESSOA,Pista Escorregadia,Tombamento,Com Vítimas Feridas,Plena Noite,Decrescente,Chuva,Dupla,Curva,Sim,1,0,1,0,0,0,1,1,-7.16470016,-34.89993643,SPRF-PB,DEL01-PB,UOP02-DEL01-PB
629773.0,2024-09-22,domingo,06:25:00,PB,230,"19,8",JOAO PESSOA,Reação tardia ou ineficiente do condutor,Colisão com objeto,Sem Vítimas,Pleno dia,Crescente,Céu Claro,Dupla,Curva,Sim,2,0,0,0,0,2,0,1,-7.1337,-34.8544,SPRF-PB,DEL01-PB,UOP01-DEL01-PB
629790.0,2024-09-22,domingo,08:30:00,PB,104,"117,8",CAMPINA GRANDE,Reação tardia ou ineficiente do condutor,Colisão traseira,Com Vítimas Feridas,Pleno dia,Crescente,Garoa/Chuvisco,Simples,Reta,Não,2,0,0,1,1,0,1,2,-7.19030697,-35.86736609,SPRF-PB,DEL02-PB,UOP04-DEL02-PB
629820.0,2024-09-22,domingo,10:40:00,PB,230,464,SOUSA,Ingestão de álcool pelo condutor,Colisão traseira,Sem Vítimas,Pleno dia,Crescente,Céu Claro,Simples,Reta,Sim,2,0,0,0,2,0,0,2,-6.7786,-38.2341,SPRF-PB,DEL03-PB,UOP03-DEL03-PB
629838.0,2024-09-22,domingo,11:30:00,PB,230,"136,9",CAMPINA GRANDE,Pista Escorregadia,Saída de leito carroçável,Com Vítimas Feridas,Pleno dia,Crescente,Chuva,Dupla,Curva,Não,1,0,1,0,0,0,1,1,-7.2818,-35.7675,SPRF-PB,DEL02-PB,UOP01-DEL02-PB
629839.0,2024-09-22,domingo,13:00:00,PB,230,"161,8",CAMPINA GRANDE,Condutor deixou de manter distância do veículo da frente,Colisão traseira,Com Vítimas Feridas,Pleno dia,Decrescente,Sol,Simples,Reta;Em Obras,Não,4,0,1,0,3,0,1,2,-7.2361,-35.941,SPRF-PB,DEL02-PB,UOP01-DEL02-PB
629850.0,2024-09-22,domingo,14:00:00,PB,230,"115,7",INGA,Mal súbito do condutor,Colisão com objeto,Com Vítimas Fatais,Pleno dia,Decrescente,Céu Claro,Dupla,Declive;Reta,Não,2,1,0,0,0,1,0,2,-7.2296,-35.5998,SPRF-PB,DEL01-PB,UOP03-DEL01-PB
629861.0,2024-09-22,domingo,16:10:00,PB,101,"23,6",MAMANGUAPE,Ingestão de álcool pelo condutor,Colisão com objeto,Sem Vítimas,Pleno dia,Crescente,Céu Claro,Simples,Reta,Não,3,0,0,0,3,0,0,1,-6.69006397,-35.11528625,SPRF-PB,DEL01-PB,UOP04-DEL01-PB
629864.0,2024-09-22,domingo,15:00:00,PB,104,10,CUITE,Ingestão de álcool pelo condutor,Colisão traseira,Com Vítimas Feridas,Pleno dia,Crescente,Céu Claro,Simples,Curva,Sim,4,0,1,0,3,0,1,2,-6.48512231,-36.15364552,SPRF-PB,DEL02-PB,UOP04-DEL02-PB
629871.0,2024-09-22,domingo,15:00:00,PB,104,113,LAGOA SECA,Acessar a via sem observar a presença dos outros veículos,Colisão frontal,Com Vítimas Feridas,Pleno dia,Decrescente,Sol,Simples,Reta,Sim,2,0,0,1,1,0,1,2,-7.15342626,-35.85241772,SPRF-PB,DEL02-PB,UOP04-DEL02-PB
629892.0,2024-09-22,domingo,18:10:00,PB,101,"44,9",MAMANGUAPE,Manobra de mudança de faixa,Colisão traseira,Com Vítimas Feridas,Plena Noite,Crescente,Céu Claro,Dupla,Reta,Não,3,0,1,1,1,0,2,2,-6.87451305,-35.13232736,SPRF-PB,DEL01-PB,UOP04-DEL01-PB
629972.0,2024-09-22,domingo,17:00:00,PB,230,"54,9",CRUZ DO ESPIRITO SANTO,Reação tardia ou ineficiente do condutor,Saída de leito carroçável,Sem Vítimas,Anoitecer,Crescente,Céu Claro,Dupla,Reta,Não,1,0,0,0,0,1,0,1,-7.2007,-35.0854,SPRF-PB,DEL01-PB,UOP03-DEL01-PB
630001.0,2024-09-23,segunda-feira,06:27:00,PB,230,17,JOAO PESSOA,Manobra de mudança de faixa,Colisão lateral mesmo sentido,Com Vítimas Feridas,Pleno dia,Decrescente,Sol,Dupla,Retorno Regulamentado,Sim,2,0,1,0,0,1,1,2,-7.1121,-34.8426,SPRF-PB,DEL01-PB,UOP01-DEL01-PB
630006.0,2024-09-23,segunda-feira,06:55:00,PB,101,83,BAYEUX,Ausência de reação do condutor,Colisão traseira,Com Vítimas Feridas,Pleno dia,Crescente,Sol,Dupla,Reta;Aclive,Sim,2,0,1,0,1,0,1,2,-7.1337703,-34.92963914,SPRF-PB,DEL01-PB,UOP01-DEL01-PB
630031.0,2024-09-23,segunda-feira,09:45:00,PB,230,25,JOAO PESSOA,Condutor deixou de manter distância do veículo da frente,Colisão traseira,Com Vítimas Feridas,Pleno dia,Crescente,Sol,Múltipla,Reta,Sim,4,0,1,1,2,0,2,2,-7.16924594,-34.87731457,SPRF-PB,DEL01-PB,UOP01-DEL01-PB
630032.0,2024-09-23,segunda-feira,10:30:00,PB,101,98,CONDE,Ausência de reação do condutor,Colisão traseira,Com Vítimas Feridas,Pleno dia,Decrescente,Sol,Dupla,Reta,Não,2,0,1,0,1,0,1,2,-7.24956567,-34.93203163,SPRF-PB,DEL01-PB,UOP02-DEL01-PB
630043.0,2024-09-23,segunda-feira,11:40:00,PB,101,"107,7",ALHANDRA,Condutor Dormindo,Saída de leito carroçável,Com Vítimas Feridas,Pleno dia,Decrescente,Céu Claro,Dupla,Reta,Não,1,0,1,0,0,0,1,1,-7.32917589,-34.94706011,SPRF-PB,DEL01-PB,UOP02-DEL01-PB
630090.0,2024-09-23,segunda-feira,16:50:00,PB,230,20,JOAO PESSOA,Condutor deixou de manter distância do veículo da frente,Colisão traseira,Com Vítimas Feridas,Pleno dia,Decrescente,Nublado,Dupla,Reta;Viaduto,Sim,2,0,1,0,1,0,1,2,-7.1376825,-34.85339826,SPRF-PB,DEL01-PB,UOP01-DEL01-PB
630224.0,2024-09-24,terça-feira,06:30:00,PB,412,103,SUME,Reação tardia ou ineficiente do condutor,Capotamento,Com Vítimas Feridas,Pleno dia,Crescente,Céu Claro,Simples,Reta,Não,1,0,1,0,0,0,1,1,-7.632896,-36.857582,SPRF-PB,DEL02-PB,UOP02-DEL02-PB
630274.0,2024-09-24,terça-feira,16:45:00,PB,230,"22,2",JOAO PESSOA,Acessar a via sem observar a presença dos outros veículos,Tombamento,Com Vítimas Feridas,Pleno dia,Crescente,Céu Claro,Dupla,Reta,Sim,1,0,1,0,0,0,1,1,-7.1495,-34.8517,SPRF-PB,DEL01-PB,UOP01-DEL01-PB
630391.0,2024-09-25,quarta-feira,08:10:00,PB,230,23,JOAO PESSOA,Trafegar com motocicleta (ou similar) entre as faixas,Colisão lateral mesmo sentido,Com Vítimas Feridas,Pleno dia,Decrescente,Nublado,Dupla,Reta,Sim,6,0,4,0,2,0,4,5,-7.1562,-34.8574,SPRF-PB,DEL01-PB,UOP01-DEL01-PB
630449.0,2024-09-25,quarta-feira,13:10:00,PB,230,73,SOBRADO,Velocidade Incompatível,Capotamento,Com Vítimas Feridas,Pleno dia,Decrescente,Céu Claro,Dupla,Reta,Não,1,0,1,0,0,0,1,1,-7.1901,-35.2505,SPRF-PB,DEL01-PB,UOP03-DEL01-PB
630461.0,2024-09-25,quarta-feira,14:00:00,PB,230,"23,9",JOAO PESSOA,Condutor deixou de manter distância do veículo da frente,Colisão traseira,Com Vítimas Feridas,Pleno dia,Decrescente,Céu Claro,Dupla,Reta;Aclive,Sim,2,0,0,1,1,0,1,2,-7.1562,-34.8574,SPRF-PB,DEL01-PB,UOP01-DEL01-PB
630491.0,2024-09-25,quarta-feira,17:10:00,PB,230,"22,5",JOAO PESSOA,Condutor deixou de manter distância do veículo da frente,Tombamento,Com Vítimas Feridas,Anoitecer,Crescente,Céu Claro,Dupla,Reta,Sim,1,0,1,0,0,0,1,1,-7.1495,-34.8517,SPRF-PB,DEL01-PB,UOP01-DEL01-PB
630573.0,2024-09-26,quinta-feira,05:35:00,PB,230,11,CABEDELO,Acumulo de areia ou detritos sobre o pavimento,Tombamento,Com Vítimas Feridas,Pleno dia,Crescente,Céu Claro,Dupla,Reta,Não,1,0,1,0,0,0,1,1,-7.06534721,-34.85043216,SPRF-PB,DEL01-PB,UOP01-DEL01-PB
630677.0,2024-09-26,quinta-feira,17:42:00,PB,230,20,JOAO PESSOA,Manobra de mudança de faixa,Colisão lateral mesmo sentido,Com Vítimas Feridas,Anoitecer,Decrescente,Céu Claro,Dupla,Reta,Sim,2,0,1,0,1,0,1,2,-7.1337,-34.8544,SPRF-PB,DEL01-PB,UOP01-DEL01-PB
630689.0,2024-09-26,quinta-feira,16:00:00,PB,361,"70,4",PIANCO,Velocidade Incompatível,Saída de leito carroçável,Com Vítimas Feridas,Pleno dia,Crescente,Céu Claro,Simples,Reta,Não,1,0,1,0,0,0,1,1,-7.19693595,-37.80719699,SPRF-PB,DEL03-PB,UOP01-DEL03-PB
630693.0,2024-09-26,quinta-feira,17:30:00,PB,230,"170,1",CAMPINA GRANDE,Conversão proibida,Colisão transversal,Com Vítimas Feridas,Anoitecer,Decrescente,Vento,Simples,Reta;Interseção de Vias,Sim,2,0,0,1,1,0,1,2,-7.1806,-35.9873,SPRF-PB,DEL02-PB,UOP02-DEL02-PB
630800.0,2024-09-27,sexta-feira,06:56:00,PB,104,"96,5",ESPERANCA,Entrada inopinada do pedestre,Atropelamento de Pedestre,Com Vítimas Feridas,Pleno dia,Crescente,Garoa/Chuvisco,Simples,Interseção de Vias,Sim,2,0,1,0,1,0,1,2,-7.0164046,-35.85722923,SPRF-PB,DEL02-PB,UOP04-DEL02-PB
630809.0,2024-09-27,sexta-feira,08:10:00,PB,101,83,BAYEUX,Ausência de reação do condutor,Colisão traseira,Com Vítimas Feridas,Pleno dia,Crescente,Céu Claro,Dupla,Reta,Sim,3,0,1,0,2,0,1,2,-7.1337703,-34.92963914,SPRF-PB,DEL01-PB,UOP01-DEL01-PB
630917.0,2024-09-27,sexta-feira,17:45:00,PB,104,"133,2",QUEIMADAS,Ausência de reação do condutor,Colisão traseira,Com Vítimas Feridas,Anoitecer,Crescente,Nublado,Simples,Reta,Não,2,0,0,1,0,1,1,2,-7.31674795,-35.89500926,SPRF-PB,DEL02-PB,UOP03-DEL02-PB
630960.0,2024-09-27,sexta-feira,15:55:00,PB,230,"183,2",POCINHOS,Condutor Dormindo,Colisão frontal,Com Vítimas Feridas,Pleno dia,Decrescente,Céu Claro,Simples,Reta,Não,6,0,1,0,5,0,1,2,-7.1548,-36.0934,SPRF-PB,DEL02-PB,UOP02-DEL02-PB
630994.0,2024-09-27,sexta-feira,21:40:00,PB,434,8,UIRAUNA,Ausência de reação do condutor,Colisão traseira,Com Vítimas Feridas,Plena Noite,Crescente,Céu Claro,Simples,Reta,Não,5,0,5,0,0,0,5,2,-6.45648691,-38.44497693,SPRF-PB,DEL03-PB,UOP03-DEL03-PB
631043.0,2024-09-28,sábado,04:10:00,PB,230,"35,9",SANTA RITA,Reação tardia ou ineficiente do condutor,Colisão com objeto,Com Vítimas Fatais,Amanhecer,Crescente,Chuva,Dupla,Aclive;Reta,Sim,1,1,0,0,0,0,0,1,-7.125666,-34.948612,SPRF-PB,DEL01-PB,UOP03-DEL01-PB
631055.0,2024-09-28,sábado,07:15:00,PB,101,90,JOAO PESSOA,Pedestre cruzava a pista fora da faixa,Atropelamento de Pedestre,Com Vítimas Feridas,Amanhecer,Crescente,Céu Claro,Dupla,Reta,Sim,2,0,0,1,0,1,1,2,-7.179652,-34.900417,SPRF-PB,DEL01-PB,UOP02-DEL01-PB
631092.0,2024-09-28,sábado,09:19:00,PB,101,89,JOAO PESSOA,Demais falhas mecânicas ou elétricas,Tombamento,Com Vítimas Feridas,Pleno dia,Decrescente,Céu Claro,Dupla,Reta,Sim,1,0,1,0,0,0,1,1,-7.168335,-34.89671516,SPRF-PB,DEL01-PB,UOP02-DEL01-PB
631103.0,2024-09-28,sábado,10:30:00,PB,230,21,JOAO PESSOA,Condutor deixou de manter distância do veículo da frente,Colisão lateral mesmo sentido,Com Vítimas Feridas,Pleno dia,Decrescente,Céu Claro,Dupla,Reta,Sim,5,0,1,0,4,0,1,2,-7.1415,-34.8519,SPRF-PB,DEL01-PB,UOP01-DEL01-PB
631109.0,2024-09-28,sábado,10:10:00,PB,230,19,JOAO PESSOA,Condutor deixou de manter distância do veículo da frente,Colisão traseira,Sem Vítimas,Pleno dia,Decrescente,Céu Claro,Dupla,Reta,Sim,3,0,0,0,3,0,0,2,-7.1281,-34.8466,SPRF-PB,DEL01-PB,UOP01-DEL01-PB
631113.0,2024-09-28,sábado,11:00:00,PB,230,21,JOAO PESSOA,Condutor deixou de manter distância do veículo da frente,Engavetamento,Com Vítimas Feridas,Pleno dia,Crescente,Céu Claro,Dupla,Reta,Sim,9,0,1,0,7,1,1,4,-7.1415,-34.8519,SPRF-PB,DEL01-PB,UOP01-DEL01-PB
631157.0,2024-09-28,sábado,14:40:00,PB,101,88,JOAO PESSOA,Acumulo de areia ou detritos sobre o pavimento,Tombamento,Com Vítimas Feridas,Pleno dia,Decrescente,Céu Claro,Simples,Curva;Viaduto,Não,1,0,1,0,0,0,1,1,-7.16470016,-34.89993643,SPRF-PB,DEL01-PB,UOP01-DEL01-PB
631387.0,2024-09-29,domingo,16:25:00,PB,230,12,CABEDELO,Acessar a via sem observar a presença dos outros veículos,Colisão transversal,Sem Vítimas,Pleno dia,Crescente,Céu Claro,Dupla,Retorno Regulamentado,Sim,3,0,0,0,3,0,0,2,-7.07306176,-34.84977007,SPRF-PB,DEL01-PB,UOP01-DEL01-PB
631422.0,2024-09-29,domingo,18:00:00,PB,230,290,SANTA LUZIA,Transitar na contramão,Colisão frontal,Com Vítimas Feridas,Anoitecer,Decrescente,Céu Claro,Simples,Reta,Sim,3,0,2,1,0,0,3,2,-6.8742,-36.9085,SPRF-PB,DEL03-PB,UOP01-DEL03-PB
631423.0,2024-09-29,domingo,18:30:00,PB,101,"84,6",BAYEUX,Ausência de reação do condutor,Engavetamento,Com Vítimas Feridas,Plena Noite,Decrescente,Céu Claro,Dupla,Reta,Sim,4,0,2,0,1,1,2,3,-7.13957906,-34.92312806,SPRF-PB,DEL01-PB,UOP01-DEL01-PB
631493.0,2024-09-29,domingo,20:36:00,PB,230,"461,7",SOUSA,Pedestre cruzava a pista fora da faixa,Atropelamento de Pedestre,Com Vítimas Fatais,Plena Noite,Decrescente,Céu Claro,Simples,Reta,Sim,2,1,0,0,0,1,0,2,-6.7753,-38.2061,SPRF-PB,DEL03-PB,UOP03-DEL03-PB
631546.0,2024-09-30,segunda-feira,07:00:00,PB,101,"81,8",BAYEUX,Ausência de reação do condutor,Colisão traseira,Sem Vítimas,Pleno dia,Decrescente,Céu Claro,Dupla,Reta,Sim,3,0,0,0,3,0,0,3,-7.12791825,-34.93962097,SPRF-PB,DEL01-PB,UOP01-DEL01-PB
631563.0,2024-09-30,segunda-feira,08:15:00,PB,230,12,CABEDELO,Objeto estático sobre o leito carroçável,Colisão com objeto,Com Vítimas Feridas,Pleno dia,Decrescente,Sol,Dupla,Reta,Sim,1,0,1,0,0,0,1,1,-7.068,-34.85,SPRF-PB,DEL01-PB,UOP01-DEL01-PB
631775.0,2024-10-01,terça-feira,07:00:00,PB,230,"27,9",JOAO PESSOA,Ausência de reação do condutor,Tombamento,Com Vítimas Feridas,Pleno dia,Decrescente,Céu Claro,Dupla,Reta,Não,2,0,2,0,0,0,2,1,-7.1651,-34.8941,SPRF-PB,DEL01-PB,UOP01-DEL01-PB
631806.0,2024-10-01,terça-feira,10:30:00,PB,101,84,BAYEUX,Condutor deixou de manter distância do veículo da frente,Colisão traseira,Sem Vítimas,Pleno dia,Crescente,Sol,Dupla,Reta,Sim,3,0,0,0,3,0,0,3,-7.14478334,-34.9171257,SPRF-PB,DEL01-PB,UOP01-DEL01-PB
631848.0,2024-10-01,terça-feira,13:45:00,PB,230,"48,1",CRUZ DO ESPIRITO SANTO,Velocidade Incompatível,Colisão lateral mesmo sentido,Sem Vítimas,Pleno dia,Decrescente,Céu Claro,Dupla,Reta,Não,3,0,0,0,3,0,0,3,-7.174,-35.0397,SPRF-PB,DEL01-PB,UOP03-DEL01-PB
631899.0,2024-10-01,terça-feira,18:55:00,PB,230,292,SANTA LUZIA,Animais na Pista,Atropelamento de Animal,Com Vítimas Feridas,Plena Noite,Decrescente,Céu Claro,Simples,Reta,Sim,2,0,1,1,0,0,2,1,-6.8684,-36.9222,SPRF-PB,DEL03-PB,UOP01-DEL03-PB
632104.0,2024-10-02,quarta-feira,18:25:00,PB,230,"18,9",JOAO PESSOA,Condutor deixou de manter distância do veículo da frente,Colisão traseira,Com Vítimas Feridas,Plena Noite,Crescente,Céu Claro,Dupla,Reta,Sim,2,0,1,0,0,1,1,2,-7.1198,-34.8453,SPRF-PB,DEL01-PB,UOP01-DEL01-PB
632297.0,2024-10-03,quinta-feira,16:15:00,PB,230,22,JOAO PESSOA,Manobra de mudança de faixa,Colisão lateral mesmo sentido,Com Vítimas Feridas,Pleno dia,Decrescente,Céu Claro,Simples,Reta,Sim,3,0,2,0,1,0,2,2,-7.1495,-34.8517,SPRF-PB,DEL01-PB,UOP01-DEL01-PB
632305.0,2024-10-03,quinta-feira,17:00:00,PB,230,"16,9",JOAO PESSOA,Manobra de mudança de faixa,Colisão lateral mesmo sentido,Com Vítimas Feridas,Pleno dia,Decrescente,Céu Claro,Dupla,Reta,Sim,2,0,1,0,0,1,1,2,-7.11289117,-34.84229207,SPRF-PB,DEL01-PB,UOP01-DEL01-PB
632317.0,2024-10-03,quinta-feira,17:15:00,PB,101,"73,7",SANTA RITA,Acessar a via sem observar a presença dos outros veículos,Colisão transversal,Com Vítimas Feridas,Anoitecer,Crescente,Ignorado,Dupla,Reta;Declive,Não,8,0,6,0,2,0,6,2,-7.07828212,-34.98823508,SPRF-PB,DEL01-PB,UOP04-DEL01-PB
632390.0,2024-10-04,sexta-feira,01:45:00,PB,104,142,QUEIMADAS,Animais na Pista,Atropelamento de Animal,Com Vítimas Feridas,Amanhecer,Decrescente,Céu Claro,Simples,Reta,Sim,1,0,1,0,0,0,1,1,-7.39577502,-35.89744631,SPRF-PB,DEL02-PB,UOP03-DEL02-PB
632417.0,2024-10-04,sexta-feira,08:20:00,PB,230,"509,5",CAJAZEIRAS,Demais falhas mecânicas ou elétricas,Tombamento,Com Vítimas Feridas,Pleno dia,Crescente,Céu Claro,Simples,Reta,Não,1,0,0,1,0,0,1,1,-6.8931,-38.5804,SPRF-PB,DEL03-PB,UOP03-DEL03-PB
632441.0,2024-10-04,sexta-feira,06:45:00,PB,104,"173,2",ALCANTIL,Transitar na contramão,Colisão lateral sentido oposto,Com Vítimas Feridas,Pleno dia,Crescente,Céu Claro,Simples,Reta,Não,5,0,1,0,4,0,1,2,-7.59492614,-36.04486366,SPRF-PB,DEL02-PB,UOP03-DEL02-PB