id,data_inversa,dia_semana,horario,uf,br,km,municipio,causa_acidente,tipo_acidente,classificacao_acidente,fase_dia,sentido_via,condicao_metereologica,tipo_pista,tracado_via,uso_solo,pessoas,mortos,feridos_leves,feridos_graves,ilesos,ignorados,feridos,veiculos,latitude,longitude,regional,delegacia,uop
636888.0,2024-10-23,quarta-feira,14:30:00,PB,230,"334,6",PATOS,Reação tardia ou ineficiente do condutor,Colisão transversal,Com Vítimas Feridas,Pleno dia,Crescente,Céu Claro,Simples,Reta,Sim,4,0,0,3,0,1,3,2,-7.018,-37.2589,SPRF-PB,DEL03-PB,UOP01-DEL03-PB
636893.0,2024-10-23,quarta-feira,15:40:00,PB,230,28,JOAO PESSOA,Trafegar com motocicleta (ou similar) entre as faixas,Colisão traseira,Com Vítimas Feridas,Pleno dia,Crescente,Céu Claro,Dupla,Reta;Viaduto;Aclive,Sim,2,0,0,1,1,0,1,2,-7.1651,-34.8941,SPRF-PB,DEL01-PB,UOP01-DEL01-PB
636920.0,2024-10-23,quarta-feira,17:50:00,PB,230,25,JOAO PESSOA,Ausência de reação do condutor,Colisão traseira,Com Vítimas Feridas,Plena Noite,Crescente,Céu Claro,Simples,Reta,Sim,3,0,1,0,2,0,1,2,-7.1707,-34.8684,SPRF-PB,DEL01-PB,UOP01-DEL01-PB
636931.0,2024-10-23,quarta-feira,18:35:00,PB,230,26,JOAO PESSOA,Transitar na contramão,Colisão traseira,Com Vítimas Feridas,Plena Noite,Crescente,Céu Claro,Dupla,Reta,Sim,2,0,1,0,1,0,1,2,-7.1690255,-34.88008976,SPRF-PB,DEL01-PB,UOP01-DEL01-PB
636960.0,2024-10-23,quarta-feira,20:58:00,PB,101,100,CONDE,Avarias e/ou desgaste excessivo no pneu,Queda de ocupante de veículo,Com Vítimas Feridas,Plena Noite,Crescente,Céu Claro,Dupla,Reta,Sim,1,0,1,0,0,0,1,1,-7.26469806,-34.93677965,SPRF-PB,DEL01-PB,UOP02-DEL01-PB
637007.0,2024-10-24,quinta-feira,06:40:00,PB,230,287,SANTA LUZIA,Acessar a via sem observar a presença dos outros veículos,Colisão transversal,Com Vítimas Fatais,Pleno dia,Crescente,Céu Claro,Simples,Curva;Aclive;Interseção de Vias,Sim,2,1,0,0,0,1,0,2,-6.866113,-36.91774,SPRF-PB,DEL03-PB,UOP01-DEL03-PB
637056.0,2024-09-26,quinta-feira,13:21:00,PB,230,17,JOAO PESSOA,Reação tardia ou ineficiente do condutor,Engavetamento,Sem Vítimas,Pleno dia,Decrescente,Céu Claro,Dupla,Viaduto;Reta,Sim,7,0,0,0,6,1,0,5,-7.1121,-34.8426,SPRF-PB,DEL01-PB,UOP01-DEL01-PB
637069.0,2024-10-24,quinta-feira,12:55:00,PB,101,"88,8",JOAO PESSOA,Condutor deixou de manter distância do veículo da frente,Colisão lateral mesmo sentido,Com Vítimas Feridas,Pleno dia,Crescente,Sol,Dupla,Curva;Interseção de Vias,Sim,2,0,1,0,1,0,1,2,-7.16885796,-34.89709204,SPRF-PB,DEL01-PB,UOP02-DEL01-PB
637094.0,2024-10-24,quinta-feira,15:30:00,PB,101,"82,2",BAYEUX,Reação tardia ou ineficiente do condutor,Colisão lateral mesmo sentido,Com Vítimas Feridas,Pleno dia,Crescente,Céu Claro,Dupla,Reta,Sim,2,0,1,0,1,0,1,2,-7.12911,-34.93714,SPRF-PB,DEL01-PB,UOP01-DEL01-PB
637207.0,2024-10-25,sexta-feira,04:00:00,PB,230,"15,1",JOAO PESSOA,Ausência de reação do condutor,Colisão com objeto,Com Vítimas Feridas,Amanhecer,Decrescente,Céu Claro,Dupla,Reta,Sim,1,0,1,0,0,0,1,1,-7.093,-34.8482,SPRF-PB,DEL01-PB,UOP01-DEL01-PB
637224.0,2024-10-25,sexta-feira,06:45:00,PB,230,62,CRUZ DO ESPIRITO SANTO,Conversão proibida,Colisão transversal,Com Vítimas Feridas,Pleno dia,Crescente,Céu Claro,Dupla,Reta,Sim,3,0,2,0,1,0,2,2,-7.202,-35.1574,SPRF-PB,DEL01-PB,UOP03-DEL01-PB
637232.0,2024-10-25,sexta-feira,07:30:00,PB,104,130,QUEIMADAS,Manobra de mudança de faixa,Colisão lateral mesmo sentido,Com Vítimas Feridas,Pleno dia,Decrescente,Céu Claro,Simples,Reta,Sim,2,0,2,0,0,0,2,1,-7.29013399,-35.89029705,SPRF-PB,DEL02-PB,UOP01-DEL02-PB
637234.0,2024-10-25,sexta-feira,07:04:00,PB,230,15,JOAO PESSOA,Reação tardia ou ineficiente do condutor,Colisão traseira,Sem Vítimas,Pleno dia,Decrescente,Sol,Dupla,Declive;Reta,Sim,2,0,0,0,2,0,0,2,-7.093,-34.8482,SPRF-PB,DEL01-PB,UOP01-DEL01-PB
637273.0,2024-10-25,sexta-feira,12:00:00,PB,230,124,RIACHAO DO BACAMARTE,Condutor usando celular,Saída de leito carroçável,Com Vítimas Feridas,Pleno dia,Decrescente,Céu Claro,Dupla,Reta,Não,2,0,2,0,0,0,2,1,-7.2465,-35.6751,SPRF-PB,DEL02-PB,UOP01-DEL02-PB
637303.0,2024-10-01,terça-feira,14:00:00,PB,101,"104,6",ALHANDRA,Reação tardia ou ineficiente do condutor,Saída de leito carroçável,Sem Vítimas,Pleno dia,Decrescente,Sol,Dupla,Reta,Não,3,0,0,0,2,1,0,1,-7.30814609,-34.94344185,SPRF-PB,DEL01-PB,UOP02-DEL01-PB
637372.0,2024-10-25,sexta-feira,18:36:00,PB,101,87,JOAO PESSOA,Reação tardia ou ineficiente do condutor,Colisão traseira,Com Vítimas Feridas,Plena Noite,Decrescente,Céu Claro,Dupla,Reta,Sim,3,0,2,0,1,0,2,2,-7.15886802,-34.90628504,SPRF-PB,DEL01-PB,UOP01-DEL01-PB
637382.0,2024-10-25,sexta-feira,16:46:00,PB,230,"232,2",JUAZEIRINHO,Demais falhas mecânicas ou elétricas,Saída de leito carroçável,Com Vítimas Feridas,Pleno dia,Decrescente,Céu Claro,Simples,Reta,Não,4,0,1,1,2,0,2,1,-7.0338,-36.5016,SPRF-PB,DEL02-PB,UOP02-DEL02-PB
637448.0,2024-10-26,sábado,02:30:00,PB,434,"8,2",JOCA CLAUDINO,Ingestão de álcool pelo condutor,Colisão com objeto,Com Vítimas Fatais,Plena Noite,Crescente,Céu Claro,Simples,Reta,Não,1,1,0,0,0,0,0,1,-6.45648691,-38.44497693,SPRF-PB,DEL03-PB,UOP03-DEL03-PB
637464.0,2024-10-26,sábado,05:10:00,PB,101,59,SANTA RITA,Demais falhas mecânicas ou elétricas,Incêndio,Sem Vítimas,Pleno dia,Decrescente,Céu Claro,Dupla,Reta,Não,1,0,0,0,1,0,0,1,-6.99374406,-35.06888509,SPRF-PB,DEL01-PB,UOP04-DEL01-PB
637594.0,2024-10-26,sábado,14:29:00,PB,412,142,MONTEIRO,Condutor deixou de manter distância do veículo da frente,Colisão traseira,Com Vítimas Feridas,Pleno dia,Decrescente,Céu Claro,Simples,Reta,Sim,2,0,2,0,0,0,2,2,-7.878574,-37.099098,SPRF-PB,DEL02-PB,UOP02-DEL02-PB
637595.0,2024-10-26,sábado,16:23:00,PB,405,8,UIRAUNA,Ultrapassagem Indevida,Colisão lateral sentido oposto,Com Vítimas Feridas,Pleno dia,Crescente,Céu Claro,Simples,Curva;Ponte,Não,2,0,0,1,1,0,1,2,-6.514012,-38.414757,SPRF-PB,DEL03-PB,UOP03-DEL03-PB
637610.0,2024-10-26,sábado,18:15:00,PB,230,"502,8",CAJAZEIRAS,Animais na Pista,Atropelamento de Animal,Com Vítimas Feridas,Plena Noite,Decrescente,Céu Claro,Simples,Reta;Em Obras,Sim,2,0,1,1,0,0,2,1,-6.8979,-38.5233,SPRF-PB,DEL03-PB,UOP03-DEL03-PB
637625.0,2024-10-26,sábado,16:00:00,PB,230,175,POCINHOS,Ingestão de álcool pelo condutor,Tombamento,Com Vítimas Feridas,Anoitecer,Crescente,Céu Claro,Simples,Reta,Sim,1,0,1,0,0,0,1,1,-7.16653,-36.042962,SPRF-PB,DEL02-PB,UOP02-DEL02-PB
637668.0,2024-10-27,domingo,00:47:00,PB,230,27,JOAO PESSOA,Reação tardia ou ineficiente do condutor,Saída de leito carroçável,Sem Vítimas,Plena Noite,Decrescente,Céu Claro,Dupla,Reta;Aclive,Sim,2,0,0,0,0,2,0,2,-7.1677,-34.8855,SPRF-PB,DEL01-PB,UOP01-DEL01-PB
637670.0,2024-10-26,sábado,22:20:00,PB,230,"433,8",POMBAL,Condutor Dormindo,Saída de leito carroçável,Sem Vítimas,Pleno dia,Crescente,Céu Claro,Simples,Reta,Não,1,0,0,0,0,1,0,1,-6.7459,-37.9677,SPRF-PB,DEL03-PB,UOP02-DEL03-PB
637698.0,2024-10-27,domingo,05:05:00,PB,101,"99,3",CONDE,Acumulo de água sobre o pavimento,Tombamento,Com Vítimas Feridas,Amanhecer,Decrescente,Garoa/Chuvisco,Dupla,Interseção de Vias;Reta;Rotatória,Não,3,0,0,1,2,0,1,2,-7.25917936,-34.93553638,SPRF-PB,DEL01-PB,UOP02-DEL01-PB
637774.0,2024-10-27,domingo,14:30:00,PB,101,"82,3",BAYEUX,Demais falhas mecânicas ou elétricas,Tombamento,Com Vítimas Feridas,Pleno dia,Decrescente,Céu Claro,Dupla,Viaduto;Declive;Reta,Sim,2,0,2,0,0,0,2,1,-7.12911,-34.93714,SPRF-PB,DEL01-PB,UOP01-DEL01-PB
637797.0,2024-10-27,domingo,16:30:00,PB,101,"75,5",SANTA RITA,Demais falhas mecânicas ou elétricas,Tombamento,Com Vítimas Feridas,Pleno dia,Decrescente,Céu Claro,Dupla,Curva,Não,2,0,2,0,0,0,2,1,-7.0866975,-34.96911049,SPRF-PB,DEL01-PB,UOP04-DEL01-PB
637816.0,2024-10-27,domingo,18:30:00,PB,101,88,JOAO PESSOA,Reação tardia ou ineficiente do condutor,Colisão com objeto,Com Vítimas Fatais,Plena Noite,Crescente,Céu Claro,Simples,Reta,Sim,1,1,0,0,0,0,0,1,-7.16470016,-34.89993643,SPRF-PB,DEL01-PB,UOP01-DEL01-PB
637865.0,2024-10-27,domingo,21:10:00,PB,230,"151,3",CAMPINA GRANDE,Ingestão de álcool pelo condutor,Colisão lateral sentido oposto,Sem Vítimas,Plena Noite,Crescente,Céu Claro,Simples,Reta,Sim,2,0,0,0,2,0,0,2,-7.2587,-35.8778,SPRF-PB,DEL02-PB,UOP01-DEL02-PB
637878.0,2024-10-27,domingo,21:30:00,PB,405,"31,9",SAO JOAO DO RIO DO PEIXE,Ausência de reação do condutor,Colisão traseira,Com Vítimas Feridas,Plena Noite,Crescente,Céu Claro,Simples,Reta,Sim,2,0,0,1,1,0,1,2,-6.710421,-38.448498,SPRF-PB,DEL03-PB,UOP03-DEL03-PB
637912.0,2024-10-28,segunda-feira,02:35:00,PB,104,119,LAGOA SECA,Manobra de mudança de faixa,Colisão frontal,Com Vítimas Feridas,Plena Noite,Decrescente,Céu Claro,Simples,Reta,Não,2,0,1,0,1,0,1,2,-7.20325615,-35.8752172,SPRF-PB,DEL02-PB,UOP04-DEL02-PB
637915.0,2024-10-28,segunda-feira,05:00:00,PB,230,27,JOAO PESSOA,Animais na Pista,Atropelamento de Animal,Com Vítimas Feridas,Pleno dia,Crescente,Céu Claro,Dupla,Reta,Não,2,0,0,1,1,0,1,1,-7.1677,-34.8855,SPRF-PB,DEL01-PB,UOP01-DEL01-PB
637937.0,2024-10-28,segunda-feira,06:25:00,PB,101,91,JOAO PESSOA,Acessar a via sem observar a presença dos outros veículos,Colisão lateral mesmo sentido,Sem Vítimas,Pleno dia,Decrescente,Céu Claro,Dupla,Reta,Sim,2,0,0,0,2,0,0,2,-7.18826412,-34.90308264,SPRF-PB,DEL01-PB,UOP02-DEL01-PB
637943.0,2024-10-28,segunda-feira,07:55:00,PB,101,"90,8",JOAO PESSOA,Demais falhas mecânicas ou elétricas,Queda de ocupante de veículo,Com Vítimas Feridas,Pleno dia,Crescente,Sol,Dupla,Reta;Declive,Sim,1,0,1,0,0,0,1,1,-7.18451033,-34.90192002,SPRF-PB,DEL01-PB,UOP02-DEL01-PB
637981.0,2024-10-28,segunda-feira,12:00:00,PB,230,"27,3",JOAO PESSOA,Avarias e/ou desgaste excessivo no pneu,Queda de ocupante de veículo,Com Vítimas Feridas,Pleno dia,Decrescente,Céu Claro,Dupla,Reta,Sim,2,0,2,0,0,0,2,1,-7.1677,-34.8855,SPRF-PB,DEL01-PB,UOP01-DEL01-PB
638001.0,2024-10-28,segunda-feira,13:45:00,PB,230,186,POCINHOS,Condutor Dormindo,Colisão frontal,Com Vítimas Feridas,Pleno dia,Crescente,Céu Claro,Simples,Reta,Não,4,0,2,0,2,0,2,2,-7.1486,-36.1208,SPRF-PB,DEL02-PB,UOP02-DEL02-PB
638047.0,2024-10-28,segunda-feira,18:05:00,PB,230,"26,4",JOAO PESSOA,Pedestre andava na pista,Atropelamento de Pedestre,Com Vítimas Feridas,Plena Noite,Crescente,Céu Claro,Múltipla,Reta,Sim,2,0,1,1,0,0,2,2,-7.1693,-34.8782,SPRF-PB,DEL01-PB,UOP01-DEL01-PB
638112.0,2024-10-29,terça-feira,00:45:00,PB,101,"110,4",ALHANDRA,Ausência de reação do condutor,Colisão lateral mesmo sentido,Com Vítimas Feridas,Plena Noite,Crescente,Céu Claro,Dupla,Reta,Não,2,0,1,0,1,0,1,2,-7.35255626,-34.94940909,SPRF-PB,DEL01-PB,UOP02-DEL01-PB
638126.0,2024-10-29,terça-feira,06:50:00,PB,101,"85,7",JOAO PESSOA,Ausência de reação do condutor,Colisão traseira,Com Vítimas Feridas,Pleno dia,Crescente,Céu Claro,Dupla,Reta,Sim,3,0,1,0,2,0,1,3,-7.15118983,-34.91012184,SPRF-PB,DEL01-PB,UOP01-DEL01-PB
638152.0,2024-10-29,terça-feira,09:45:00,PB,230,"27,9",JOAO PESSOA,Acumulo de óleo sobre o pavimento,Tombamento,Com Vítimas Feridas,Pleno dia,Crescente,Céu Claro,Simples,Viaduto;Curva,Sim,1,0,1,0,0,0,1,1,-7.16507076,-34.89839125,SPRF-PB,DEL01-PB,UOP01-DEL01-PB
638210.0,2024-10-29,terça-feira,14:00:00,PB,361,"0,2",PATOS,Manobra de mudança de faixa,Colisão transversal,Com Vítimas Feridas,Pleno dia,Crescente,Céu Claro,Simples,Reta;Declive,Sim,2,0,1,0,1,0,1,2,-7.0185995,-37.26078,SPRF-PB,DEL03-PB,UOP01-DEL03-PB
638231.0,2024-10-29,terça-feira,17:15:00,PB,230,23,JOAO PESSOA,Ausência de reação do condutor,Colisão com objeto,Com Vítimas Feridas,Plena Noite,Decrescente,Céu Claro,Dupla,Em Obras;Reta;Aclive,Sim,1,0,0,1,0,0,1,1,-7.16563351,-34.86285567,SPRF-PB,DEL01-PB,UOP01-DEL01-PB
638261.0,2024-10-29,terça-feira,19:20:00,PB,230,41,SANTA RITA,Acessar a via sem observar a presença dos outros veículos,Queda de ocupante de veículo,Com Vítimas Feridas,Plena Noite,Decrescente,Céu Claro,Dupla,Retorno Regulamentado,Sim,2,0,2,0,0,0,2,1,-7.1432,-34.9869,SPRF-PB,DEL01-PB,UOP03-DEL01-PB
638395.0,2024-10-30,quarta-feira,14:20:00,PB,230,27,JOAO PESSOA,Entrada inopinada do pedestre,Atropelamento de Pedestre,Com Vítimas Feridas,Pleno dia,Crescente,Céu Claro,Dupla,Reta,Sim,2,0,1,0,0,1,1,2,-7.1677,-34.8855,SPRF-PB,DEL01-PB,UOP01-DEL01-PB
638438.0,2024-10-30,quarta-feira,17:40:00,PB,230,170,CAMPINA GRANDE,Acessar a via sem observar a presença dos outros veículos,Colisão transversal,Com Vítimas Feridas,Anoitecer,Crescente,Nublado,Simples,Curva;Em Obras,Não,2,0,0,1,1,0,1,2,-7.1806,-35.9873,SPRF-PB,DEL02-PB,UOP02-DEL02-PB
638569.0,2024-10-31,quinta-feira,12:10:00,PB,230,18,JOAO PESSOA,Ausência de reação do condutor,Colisão traseira,Com Vítimas Feridas,Pleno dia,Decrescente,Céu Claro,Dupla,Reta,Sim,3,0,1,0,2,0,1,3,-7.1198,-34.8453,SPRF-PB,DEL01-PB,UOP01-DEL01-PB
638582.0,2024-10-31,quinta-feira,13:20:00,PB,230,"17,9",JOAO PESSOA,Ausência de reação do condutor,Colisão traseira,Com Vítimas Feridas,Pleno dia,Decrescente,Céu Claro,Dupla,Reta,Sim,2,0,1,0,1,0,1,2,-7.12160943,-34.84509993,SPRF-PB,DEL01-PB,UOP01-DEL01-PB
638616.0,2024-10-31,quinta-feira,16:20:00,PB,230,8,CABEDELO,Conversão proibida,Colisão lateral mesmo sentido,Com Vítimas Feridas,Pleno dia,Crescente,Céu Claro,Dupla,Reta;Em Obras,Sim,2,0,1,0,1,0,1,2,-7.0355,-34.8429,SPRF-PB,DEL01-PB,UOP01-DEL01-PB
638630.0,2024-10-31,quinta-feira,13:30:00,PB,230,494,CAJAZEIRAS,Ausência de reação do condutor,Capotamento,Com Vítimas Feridas,Pleno dia,Decrescente,Céu Claro,Simples,Reta,Não,4,0,1,0,3,0,1,1,-6.879,-38.4593,SPRF-PB,DEL03-PB,UOP03-DEL03-PB
638710.0,2024-11-01,sexta-feira,00:20:00,PB,104,"129,8",CAMPINA GRANDE,Ausência de reação do condutor,Colisão com objeto,Com Vítimas Feridas,Plena Noite,Decrescente,Céu Claro,Simples,Curva;Em Obras,Sim,1,0,1,0,0,0,1,1,-7.27910232,-35.88890076,SPRF-PB,DEL02-PB,UOP01-DEL02-PB
638721.0,2024-11-01,sexta-feira,00:40:00,PB,230,"122,7",RIACHAO DO BACAMARTE,Condutor Dormindo,Colisão com objeto,Sem Vítimas,Plena Noite,Crescente,Nublado,Dupla,Reta;Ponte,Sim,1,0,0,0,1,0,0,1,-7.247851,-35.664921,SPRF-PB,DEL02-PB,UOP01-DEL02-PB
638728.0,2024-11-01,sexta-feira,05:35:00,PB,230,28,JOAO PESSOA,Reação tardia ou ineficiente do condutor,Colisão com objeto,Com Vítimas Feridas,Pleno dia,Decrescente,Céu Claro,Múltipla,Reta;Aclive,Sim,2,0,1,1,0,0,2,1,-7.16470016,-34.89993643,SPRF-PB,DEL01-PB,UOP01-DEL01-PB
638745.0,2024-10-30,quarta-feira,05:30:00,PB,230,506,CAJAZEIRAS,Acessar a via sem observar a presença dos outros veículos,Colisão transversal,Com Vítimas Feridas,Pleno dia,Decrescente,Céu Claro,Simples,Reta;Em Obras,Não,2,0,1,0,0,1,1,2,-6.9008,-38.5559,SPRF-PB,DEL03-PB,UOP03-DEL03-PB
638859.0,2024-11-01,sexta-feira,19:05:00,PB,230,"17,4",JOAO PESSOA,Demais falhas mecânicas ou elétricas,Tombamento,Com Vítimas Feridas,Plena Noite,Decrescente,Céu Claro,Dupla,Reta,Não,1,0,1,0,0,0,1,1,-7.1121,-34.8426,SPRF-PB,DEL01-PB,UOP01-DEL01-PB
638870.0,2024-11-01,sexta-feira,19:35:00,PB,101,116,PEDRAS DE FOGO,Reação tardia ou ineficiente do condutor,Colisão traseira,Com Vítimas Feridas,Plena Noite,Decrescente,Céu Claro,Dupla,Reta;Aclive,Sim,3,0,1,0,2,0,1,2,-7.396321,-34.95577703,SPRF-PB,DEL01-PB,UOP02-DEL01-PB
638920.0,2024-11-01,sexta-feira,23:35:00,PB,230,"157,5",CAMPINA GRANDE,Conversão proibida,Colisão transversal,Com Vítimas Feridas,Plena Noite,Crescente,Céu Claro,Simples,Reta,Sim,3,0,2,0,1,0,2,2,-7.25677951,-35.92833281,SPRF-PB,DEL02-PB,UOP01-DEL02-PB
638998.0,2024-11-02,sábado,08:25:00,PB,230,"11,1",CABEDELO,Condutor deixou de manter distância do veículo da frente,Colisão traseira,Com Vítimas Feridas,Pleno dia,Decrescente,Sol,Dupla,Reta;Retorno Regulamentado,Sim,3,0,1,0,2,0,1,2,-7.0596,-34.8506,SPRF-PB,DEL01-PB,UOP01-DEL01-PB
639006.0,2024-11-02,sábado,10:00:00,PB,230,"17,9",JOAO PESSOA,Trafegar com motocicleta (ou similar) entre as faixas,Colisão traseira,Com Vítimas Feridas,Pleno dia,Decrescente,Sol,Dupla,Reta,Sim,3,0,0,1,2,0,1,3,-7.12127504,-34.845092,SPRF-PB,DEL01-PB,UOP01-DEL01-PB
639009.0,2024-11-02,sábado,09:50:00,PB,101,62,SANTA RITA,Ausência de reação do condutor,Colisão lateral mesmo sentido,Sem Vítimas,Pleno dia,Crescente,Céu Claro,Dupla,Reta;Aclive,Não,3,0,0,0,3,0,0,3,-6.93821564,-35.09935736,SPRF-PB,DEL01-PB,UOP04-DEL01-PB
639046.0,2024-11-02,sábado,13:10:00,PB,230,"123,9",RIACHAO DO BACAMARTE,Velocidade Incompatível,Saída de leito carroçável,Com Vítimas Feridas,Pleno dia,Decrescente,Céu Claro,Dupla,Reta;Declive;Em Obras,Não,4,0,4,0,0,0,4,1,-7.2478,-35.6672,SPRF-PB,DEL02-PB,UOP01-DEL02-PB
639072.0,2024-11-02,sábado,16:30:00,PB,230,56,CRUZ DO ESPIRITO SANTO,Acessar a via sem observar a presença dos outros veículos,Colisão transversal,Com Vítimas Feridas,Pleno dia,Decrescente,Céu Claro,Dupla,Reta,Não,5,0,3,0,2,0,3,2,-7.203447,-35.115994,SPRF-PB,DEL01-PB,UOP03-DEL01-PB
639073.0,2024-11-02,sábado,17:00:00,PB,230,112,INGA,Ingestão de álcool pelo condutor,Saída de leito carroçável,Sem Vítimas,Anoitecer,Crescente,Céu Claro,Dupla,Reta,Não,2,0,0,0,2,0,0,1,-7.2117,-35.5822,SPRF-PB,DEL01-PB,UOP03-DEL01-PB
639112.0,2024-11-02,sábado,18:40:00,PB,230,"477,1",MARIZOPOLIS,Acessar a via sem observar a presença dos outros veículos,Colisão transversal,Com Vítimas Feridas,Plena Noite,Decrescente,Céu Claro,Simples,Rotatória;Reta,Sim,5,0,0,1,4,0,1,2,-6.84759567,-38.35782051,SPRF-PB,DEL03-PB,UOP03-DEL03-PB
639154.0,2024-11-02,sábado,21:20:00,PB,101,78,SANTA RITA,Ingestão de álcool pelo condutor,Colisão lateral sentido oposto,Sem Vítimas,Plena Noite,Crescente,Céu Claro,Dupla,Reta,Não,2,0,0,0,2,0,0,2,-7.09947194,-34.96574283,SPRF-PB,DEL01-PB,UOP04-DEL01-PB
639254.0,2024-11-03,domingo,12:25:00,PB,230,15,CABEDELO,Ingestão de álcool pelo condutor,Colisão com objeto,Sem Vítimas,Pleno dia,Crescente,Céu Claro,Dupla,Viaduto;Aclive,Sim,1,0,0,0,0,1,0,1,-7.093,-34.8482,SPRF-PB,DEL01-PB,UOP01-DEL01-PB
639262.0,2024-11-03,domingo,13:40:00,PB,101,"99,6",ALHANDRA,Ausência de reação do condutor,Colisão lateral mesmo sentido,Com Vítimas Feridas,Pleno dia,Crescente,Céu Claro,Dupla,Reta,Não,2,0,0,1,1,0,1,2,-7.2557332,-34.93469152,SPRF-PB,DEL01-PB,UOP02-DEL01-PB
639278.0,2024-11-03,domingo,14:40:00,PB,361,"91,9",PIANCO,Transitar na contramão,Colisão frontal,Com Vítimas Fatais,Pleno dia,Crescente,Céu Claro,Simples,Reta,Não,3,2,0,1,0,0,1,2,-7.22001249,-37.97606723,SPRF-PB,DEL03-PB,UOP01-DEL03-PB
639324.0,2024-11-03,domingo,18:10:00,PB,230,"161,7",CAMPINA GRANDE,Transitar na contramão,Colisão frontal,Sem Vítimas,Plena Noite,Crescente,Céu Claro,Simples,Reta;Em Obras,Não,2,0,0,0,1,1,0,2,-7.2361,-35.941,SPRF-PB,DEL02-PB,UOP01-DEL02-PB
639378.0,2024-11-03,domingo,21:30:00,PB,104,"7,2",CUITE,Ingestão de álcool pelo condutor,Colisão frontal,Com Vítimas Fatais,Plena Noite,Crescente,Céu Claro,Simples,Reta,Sim,6,1,1,0,0,4,1,2,-6.4782038,-36.16965294,SPRF-PB,DEL02-PB,UOP04-DEL02-PB
639479.0,2024-11-04,segunda-feira,09:30:00,PB,230,17,JOAO PESSOA,Condutor deixou de manter distância do veículo da frente,Colisão traseira,Com Vítimas Feridas,Pleno dia,Crescente,Céu Claro,Dupla,Reta,Sim,2,0,0,1,1,0,1,2,-7.11487137,-34.84201312,SPRF-PB,DEL01-PB,UOP01-DEL01-PB
639524.0,2024-11-04,segunda-feira,01:40:00,PB,230,159,CAMPINA GRANDE,Ausência de reação do condutor,Saída de leito carroçável,Sem Vítimas,Amanhecer,Decrescente,Ignorado,Dupla,Rotatória;Em Obras;Interseção de Vias,Sim,1,0,0,0,0,1,0,1,-7.252,-35.9334,SPRF-PB,DEL02-PB,UOP01-DEL02-PB
639554.0,2024-11-04,segunda-feira,16:10:00,PB,230,"15,5",JOAO PESSOA,Avarias e/ou desgaste excessivo no pneu,Tombamento,Com Vítimas Feridas,Anoitecer,Crescente,Céu Claro,Dupla,Aclive;Reta,Sim,2,0,1,0,1,0,1,1,-7.10385972,-34.84589215,SPRF-PB,DEL01-PB,UOP01-DEL01-PB
639587.0,2024-11-04,segunda-feira,17:30:00,PB,101,"87,7",JOAO PESSOA,Ausência de reação do condutor,Colisão com objeto,Com Vítimas Feridas,Pleno dia,Decrescente,Céu Claro,Dupla,Reta,Não,1,0,0,1,0,0,1,1,-7.15886802,-34.90628504,SPRF-PB,DEL01-PB,UOP01-DEL01-PB
639738.0,2024-11-05,terça-feira,13:15:00,PB,230,"1,1",CABEDELO,Acessar a via sem observar a presença dos outros veículos,Colisão transversal,Com Vítimas Feridas,Pleno dia,Decrescente,Céu Claro,Simples,Reta;Interseção de Vias,Sim,2,0,1,0,1,0,1,2,-6.9753,-34.8318,SPRF-PB,DEL01-PB,UOP01-DEL01-PB
639762.0,2024-11-05,terça-feira,16:00:00,PB,230,16,JOAO PESSOA,Condutor deixou de manter distância do veículo da frente,Colisão lateral mesmo sentido,Com Vítimas Feridas,Pleno dia,Decrescente,Céu Claro,Dupla,Reta,Não,3,0,2,0,1,0,2,2,-7.1039,-34.8458,SPRF-PB,DEL01-PB,UOP01-DEL01-PB
639825.0,2024-11-05,terça-feira,20:00:00,PB,230,"456,4",SOUSA,Acessar a via sem observar a presença dos outros veículos,Colisão transversal,Com Vítimas Feridas,Plena Noite,Decrescente,Céu Claro,Simples,Reta,Não,3,0,2,0,1,0,2,2,-6.774677,-38.201607,SPRF-PB,DEL03-PB,UOP03-DEL03-PB
639849.0,2024-11-06,quarta-feira,04:10:00,PB,230,25,JOAO PESSOA,Ingestão de substâncias psicoativas pelo condutor,Colisão com objeto,Com Vítimas Feridas,Amanhecer,Crescente,Garoa/Chuvisco,Dupla,Desvio Temporário;Em Obras,Sim,1,0,1,0,0,0,1,1,-7.1707,-34.8684,SPRF-PB,DEL01-PB,UOP01-DEL01-PB
639875.0,2024-11-06,quarta-feira,07:30:00,PB,230,"18,5",JOAO PESSOA,Reação tardia ou ineficiente do condutor,Colisão traseira,Com Vítimas Feridas,Pleno dia,Decrescente,Céu Claro,Dupla,Aclive,Sim,1,0,0,1,0,0,1,1,-7.1198,-34.8453,SPRF-PB,DEL01-PB,UOP01-DEL01-PB
639885.0,2024-11-06,quarta-feira,08:20:00,PB,230,22,JOAO PESSOA,Trafegar com motocicleta (ou similar) entre as faixas,Colisão lateral mesmo sentido,Com Vítimas Feridas,Pleno dia,Decrescente,Céu Claro,Dupla,Reta,Sim,2,0,1,0,1,0,1,2,-7.1495,-34.8517,SPRF-PB,DEL01-PB,UOP01-DEL01-PB
639900.0,2024-11-06,quarta-feira,10:40:00,PB,230,"11,5",JOAO PESSOA,Reação tardia ou ineficiente do condutor,Colisão traseira,Sem Vítimas,Pleno dia,Decrescente,Céu Claro,Dupla,Reta,Sim,3,0,0,0,3,0,0,3,-7.0596,-34.8506,SPRF-PB,DEL01-PB,UOP01-DEL01-PB