id,data_inversa,dia_semana,horario,uf,br,km,municipio,causa_acidente,tipo_acidente,classificacao_acidente,fase_dia,sentido_via,condicao_metereologica,tipo_pista,tracado_via,uso_solo,pessoas,mortos,feridos_leves,feridos_graves,ilesos,ignorados,feridos,veiculos,latitude,longitude,regional,delegacia,uop
643722.0,2024-11-23,sábado,14:00:00,PB,230,19,JOAO PESSOA,Reação tardia ou ineficiente do condutor,Engavetamento,Com Vítimas Feridas,Pleno dia,Crescente,Céu Claro,Dupla,Reta;Aclive,Sim,5,0,1,1,3,0,2,3,-7.1281,-34.8466,SPRF-PB,DEL01-PB,UOP01-DEL01-PB
643735.0,2024-11-23,sábado,15:25:00,PB,230,"158,7",CAMPINA GRANDE,Acessar a via sem observar a presença dos outros veículos,Colisão transversal,Com Vítimas Feridas,Pleno dia,Crescente,Céu Claro,Simples,Retorno Regulamentado;Reta,Sim,2,0,1,0,1,0,1,2,-7.256815,-35.928217,SPRF-PB,DEL02-PB,UOP01-DEL02-PB
643818.0,2024-11-23,sábado,21:15:00,PB,230,"12,2",CABEDELO,Desrespeitar a preferência no cruzamento,Colisão transversal,Com Vítimas Feridas,Plena Noite,Decrescente,Céu Claro,Dupla,Reta;Interseção de Vias;Retorno Regulamentado,Sim,4,0,0,4,0,0,4,2,-7.07413712,-34.84942675,SPRF-PB,DEL01-PB,UOP01-DEL01-PB
643835.0,2024-11-23,sábado,22:25:00,PB,230,15,CABEDELO,Manobra de mudança de faixa,Tombamento,Com Vítimas Feridas,Plena Noite,Crescente,Céu Claro,Dupla,Reta;Declive;Viaduto,Sim,2,0,2,0,0,0,2,1,-7.093,-34.8482,SPRF-PB,DEL01-PB,UOP01-DEL01-PB
643866.0,2024-11-24,domingo,00:50:00,PB,230,"35,5",SANTA RITA,Demais falhas mecânicas ou elétricas,Tombamento,Com Vítimas Feridas,Plena Noite,Crescente,Céu Claro,Dupla,Aclive;Curva,Não,2,0,0,2,0,0,2,1,-7.1268,-34.9412,SPRF-PB,DEL01-PB,UOP01-DEL01-PB
643967.0,2024-11-24,domingo,15:40:00,PB,101,"90,2",JOAO PESSOA,Acessar a via sem observar a presença dos outros veículos,Colisão transversal,Com Vítimas Feridas,Pleno dia,Crescente,Céu Claro,Dupla,Em Obras;Reta;Interseção de Vias,Sim,3,0,1,1,0,1,2,2,-7.18098168,-34.90083998,SPRF-PB,DEL01-PB,UOP02-DEL01-PB
643980.0,2024-11-24,domingo,17:00:00,PB,230,"123,4",CAMPINA GRANDE,Demais falhas mecânicas ou elétricas,Tombamento,Com Vítimas Feridas,Pleno dia,Crescente,Sol,Dupla,Curva;Aclive,Não,8,0,7,1,0,0,8,1,-7.2478,-35.6672,SPRF-PB,DEL02-PB,UOP01-DEL02-PB
643990.0,2024-11-24,domingo,16:45:00,PB,230,"17,5",JOAO PESSOA,Velocidade Incompatível,Saída de leito carroçável,Sem Vítimas,Anoitecer,Crescente,Céu Claro,Dupla,Curva,Sim,2,0,0,0,1,1,0,2,-7.1184629,-34.84428406,SPRF-PB,DEL01-PB,UOP01-DEL01-PB
643999.0,2024-11-24,domingo,18:00:00,PB,230,"18,8",JOAO PESSOA,Reação tardia ou ineficiente do condutor,Tombamento,Com Vítimas Feridas,Anoitecer,Decrescente,Céu Claro,Dupla,Curva,Sim,1,0,0,1,0,0,1,1,-7.1281,-34.8466,SPRF-PB,DEL01-PB,UOP01-DEL01-PB
644089.0,2024-11-25,segunda-feira,06:20:00,PB,104,"145,9",QUEIMADAS,Condutor deixou de manter distância do veículo da frente,Colisão traseira,Com Vítimas Feridas,Amanhecer,Decrescente,Céu Claro,Simples,Reta,Não,4,0,0,3,1,0,3,2,-7.42278697,-35.89513073,SPRF-PB,DEL02-PB,UOP03-DEL02-PB
644106.0,2024-11-25,segunda-feira,06:35:00,PB,101,"82,5",SANTA RITA,Reação tardia ou ineficiente do condutor,Colisão traseira,Com Vítimas Feridas,Pleno dia,Crescente,Céu Claro,Múltipla,Aclive;Viaduto;Reta,Sim,3,0,2,0,1,0,2,2,-7.12911,-34.93714,SPRF-PB,DEL01-PB,UOP01-DEL01-PB
644167.0,2024-11-25,segunda-feira,12:50:00,PB,230,"22,9",JOAO PESSOA,Demais falhas mecânicas ou elétricas,Tombamento,Com Vítimas Feridas,Pleno dia,Decrescente,Céu Claro,Dupla,Reta,Não,2,0,2,0,0,0,2,1,-7.1495,-34.8517,SPRF-PB,DEL01-PB,UOP01-DEL01-PB
644234.0,2024-11-25,segunda-feira,17:19:00,PB,101,20,MAMANGUAPE,Demais falhas mecânicas ou elétricas,Incêndio,Sem Vítimas,Anoitecer,Crescente,Céu Claro,Dupla,Reta;Aclive,Não,1,0,0,0,0,1,0,1,-6.66323695,-35.1143428,SPRF-PB,DEL01-PB,UOP04-DEL01-PB
644248.0,2024-11-25,segunda-feira,19:50:00,PB,230,17,JOAO PESSOA,Ausência de reação do condutor,Tombamento,Com Vítimas Feridas,Plena Noite,Crescente,Céu Claro,Dupla,Curva,Sim,2,0,1,0,1,0,1,1,-7.1121,-34.8426,SPRF-PB,DEL01-PB,UOP01-DEL01-PB
644318.0,2024-11-26,terça-feira,07:30:00,PB,230,"22,2",JOAO PESSOA,Ausência de reação do condutor,Tombamento,Com Vítimas Feridas,Pleno dia,Decrescente,Céu Claro,Dupla,Reta,Sim,1,0,1,0,0,0,1,1,-7.1495,-34.8517,SPRF-PB,DEL01-PB,UOP01-DEL01-PB
644340.0,2024-11-26,terça-feira,08:00:00,PB,104,"138,3",QUEIMADAS,Acessar a via sem observar a presença dos outros veículos,Colisão transversal,Com Vítimas Feridas,Pleno dia,Decrescente,Céu Claro,Simples,Reta;Aclive,Não,3,0,2,0,0,1,2,2,-7.35858658,-35.90165246,SPRF-PB,DEL02-PB,UOP03-DEL02-PB
644428.0,2024-11-26,terça-feira,17:50:00,PB,230,39,SANTA RITA,Entrada inopinada do pedestre,Atropelamento de Pedestre,Com Vítimas Fatais,Anoitecer,Crescente,Céu Claro,Dupla,Reta;Declive,Não,4,1,0,0,3,0,0,2,-7.1381,-34.9707,SPRF-PB,DEL01-PB,UOP03-DEL01-PB
644429.0,2024-11-26,terça-feira,17:30:00,PB,230,"22,3",JOAO PESSOA,Ausência de reação do condutor,Tombamento,Com Vítimas Feridas,Plena Noite,Crescente,Céu Claro,Dupla,Reta,Sim,1,0,0,1,0,0,1,1,-7.1495,-34.8517,SPRF-PB,DEL01-PB,UOP01-DEL01-PB
644537.0,2024-11-27,quarta-feira,07:45:00,PB,230,"23,9",JOAO PESSOA,Reação tardia ou ineficiente do condutor,Colisão traseira,Com Vítimas Feridas,Pleno dia,Decrescente,Céu Claro,Dupla,Viaduto;Aclive;Reta,Sim,2,0,0,1,1,0,1,2,-7.1637,-34.8618,SPRF-PB,DEL01-PB,UOP01-DEL01-PB
644581.0,2024-11-27,quarta-feira,12:50:00,PB,230,"20,8",JOAO PESSOA,Acostamento em desnível,Tombamento,Com Vítimas Feridas,Pleno dia,Crescente,Céu Claro,Simples,Reta,Sim,1,0,0,1,0,0,1,1,-7.1337,-34.8544,SPRF-PB,DEL01-PB,UOP01-DEL01-PB
644627.0,2024-11-27,quarta-feira,15:40:00,PB,230,"477,1",MARIZOPOLIS,Condutor deixou de manter distância do veículo da frente,Engavetamento,Sem Vítimas,Pleno dia,Crescente,Céu Claro,Simples,Reta;Em Obras,Não,3,0,0,0,3,0,0,3,-6.8384,-38.3156,SPRF-PB,DEL03-PB,UOP03-DEL03-PB
644629.0,2024-11-27,quarta-feira,16:40:00,PB,101,"31,9",MAMANGUAPE,Reação tardia ou ineficiente do condutor,Tombamento,Com Vítimas Feridas,Pleno dia,Crescente,Céu Claro,Dupla,Reta,Não,1,0,1,0,0,0,1,1,-6.758091,-35.13408691,SPRF-PB,DEL01-PB,UOP04-DEL01-PB
644729.0,2024-11-28,quinta-feira,06:49:00,PB,101,84,BAYEUX,Velocidade Incompatível,Colisão traseira,Com Vítimas Feridas,Pleno dia,Crescente,Céu Claro,Dupla,Reta,Sim,3,0,2,0,1,0,2,2,-7.13957906,-34.92312806,SPRF-PB,DEL01-PB,UOP01-DEL01-PB
644735.0,2024-11-28,quinta-feira,08:25:00,PB,230,"20,8",JOAO PESSOA,Trafegar com motocicleta (ou similar) entre as faixas,Colisão lateral mesmo sentido,Com Vítimas Feridas,Pleno dia,Crescente,Céu Claro,Dupla,Reta,Sim,2,0,1,0,1,0,1,2,-7.1337,-34.8544,SPRF-PB,DEL01-PB,UOP01-DEL01-PB
644749.0,2024-11-28,quinta-feira,09:10:00,PB,230,"25,7",JOAO PESSOA,Velocidade Incompatível,Colisão com objeto,Com Vítimas Feridas,Pleno dia,Decrescente,Céu Claro,Dupla,Curva;Viaduto,Sim,1,0,0,1,0,0,1,1,-7.1697632,-34.87544847,SPRF-PB,DEL01-PB,UOP01-DEL01-PB
644797.0,2024-11-28,quinta-feira,12:40:00,PB,0,0,MAMANGUAPE,Frear bruscamente,Colisão traseira,Sem Vítimas,Pleno dia,Não Informado,Céu Claro,Simples,Interseção de Vias,Não,5,0,0,0,4,1,0,2,-6.83371552,-35.12535095,SPRF-PB,DEL01-PB,UOP03-DEL01-PB
644845.0,2024-11-28,quinta-feira,18:55:00,PB,230,"20,8",JOAO PESSOA,Reação tardia ou ineficiente do condutor,Tombamento,Com Vítimas Feridas,Plena Noite,Crescente,Garoa/Chuvisco,Dupla,Reta,Sim,1,0,0,1,0,0,1,1,-7.1337,-34.8544,SPRF-PB,DEL01-PB,UOP01-DEL01-PB
644855.0,2024-11-28,quinta-feira,18:30:00,PB,230,1,PATOS,Manobra de mudança de faixa,Colisão transversal,Com Vítimas Feridas,Plena Noite,Decrescente,Céu Claro,Simples,Reta;Interseção de Vias,Sim,2,0,0,1,1,0,1,2,-7.024862,-37.280304,SPRF-PB,DEL03-PB,UOP01-DEL03-PB
644876.0,2024-11-28,quinta-feira,17:40:00,PB,230,"373,5",CONDADO,Acessar a via sem observar a presença dos outros veículos,Colisão traseira,Com Vítimas Feridas,Anoitecer,Crescente,Céu Claro,Simples,Reta,Sim,2,0,0,1,1,0,1,2,-6.91038,-37.600985,SPRF-PB,DEL03-PB,UOP02-DEL03-PB
644936.0,2024-11-29,sexta-feira,08:00:00,PB,230,25,JOAO PESSOA,Condutor deixou de manter distância do veículo da frente,Colisão traseira,Com Vítimas Feridas,Pleno dia,Crescente,Céu Claro,Simples,Reta,Sim,2,0,1,0,1,0,1,2,-7.1707,-34.8684,SPRF-PB,DEL01-PB,UOP01-DEL01-PB
644937.0,2024-11-29,sexta-feira,08:15:00,PB,230,19,JOAO PESSOA,Condutor deixou de manter distância do veículo da frente,Colisão traseira,Com Vítimas Feridas,Pleno dia,Decrescente,Céu Claro,Dupla,Reta,Sim,3,0,1,1,1,0,2,2,-7.1281,-34.8466,SPRF-PB,DEL01-PB,UOP01-DEL01-PB
644995.0,2024-11-29,sexta-feira,13:45:00,PB,230,10,CABEDELO,Condutor deixou de manter distância do veículo da frente,Colisão traseira,Com Vítimas Feridas,Pleno dia,Crescente,Céu Claro,Dupla,Reta,Sim,2,0,1,0,1,0,1,2,-7.0514,-34.8499,SPRF-PB,DEL01-PB,UOP01-DEL01-PB
645069.0,2024-11-29,sexta-feira,18:55:00,PB,101,109,ALHANDRA,Acessar a via sem observar a presença dos outros veículos,Colisão transversal,Com Vítimas Feridas,Plena Noite,Decrescente,Nublado,Simples,Reta,Sim,3,0,3,0,0,0,3,2,-7.34361299,-34.94797909,SPRF-PB,DEL01-PB,UOP02-DEL01-PB
645124.0,2024-11-30,sábado,01:00:00,PB,230,512,BOM JESUS,Condutor deixou de manter distância do veículo da frente,Colisão traseira,Com Vítimas Feridas,Plena Noite,Crescente,Céu Claro,Simples,Reta,Não,2,0,1,0,0,1,1,2,-6.8878,-38.605,SPRF-PB,DEL03-PB,UOP03-DEL03-PB
645142.0,2024-11-30,sábado,03:20:00,PB,230,"38,9",SANTA RITA,Ausência de reação do condutor,Queda de ocupante de veículo,Com Vítimas Feridas,Amanhecer,Crescente,Céu Claro,Dupla,Reta;Aclive,Não,1,0,1,0,0,0,1,1,-7.1341,-34.962,SPRF-PB,DEL01-PB,UOP03-DEL01-PB
645155.0,2024-11-30,sábado,06:15:00,PB,101,"85,5",BAYEUX,Reação tardia ou ineficiente do condutor,Tombamento,Com Vítimas Feridas,Pleno dia,Crescente,Céu Claro,Dupla,Reta,Sim,1,0,1,0,0,0,1,1,-7.14943835,-34.91216898,SPRF-PB,DEL01-PB,UOP01-DEL01-PB
645204.0,2024-11-30,sábado,11:10:00,PB,230,498,CAJAZEIRAS,Acessar a via sem observar a presença dos outros veículos,Colisão transversal,Com Vítimas Feridas,Pleno dia,Crescente,Céu Claro,Simples,Reta,Sim,4,0,1,0,1,2,1,2,-6.897686,-38.524968,SPRF-PB,DEL03-PB,UOP03-DEL03-PB
645237.0,2024-11-30,sábado,16:05:00,PB,101,"22,5",RIO TINTO,Reação tardia ou ineficiente do condutor,Saída de leito carroçável,Com Vítimas Feridas,Pleno dia,Crescente,Céu Claro,Dupla,Reta,Não,1,0,0,1,0,0,1,1,-6.68063902,-35.11411168,SPRF-PB,DEL01-PB,UOP04-DEL01-PB
645245.0,2024-11-30,sábado,16:40:00,PB,230,26,JOAO PESSOA,Reação tardia ou ineficiente do condutor,Colisão lateral mesmo sentido,Com Vítimas Feridas,Pleno dia,Crescente,Céu Claro,Dupla,Aclive,Sim,3,0,2,0,1,0,2,2,-7.1693,-34.8782,SPRF-PB,DEL01-PB,UOP01-DEL01-PB
645333.0,2024-12-01,domingo,00:15:00,PB,101,87,JOAO PESSOA,Área urbana sem a presença de local apropriado para a travessia de pedestres,Atropelamento de Pedestre,Com Vítimas Feridas,Plena Noite,Decrescente,Céu Claro,Dupla,Curva,Sim,2,0,0,1,0,1,1,2,-7.15886802,-34.90628504,SPRF-PB,DEL01-PB,UOP01-DEL01-PB
645364.0,2024-12-01,domingo,03:51:00,PB,101,"124,1",CAAPORA,Pista esburacada,Colisão com objeto,Com Vítimas Feridas,Plena Noite,Decrescente,Céu Claro,Dupla,Em Obras;Declive;Curva,Não,1,0,1,0,0,0,1,1,-7.46746892,-34.9772648,SPRF-PB,DEL01-PB,UOP02-DEL01-PB
645406.0,2024-12-01,domingo,08:20:00,PB,230,"22,7",JOAO PESSOA,Ausência de reação do condutor,Tombamento,Com Vítimas Feridas,Pleno dia,Decrescente,Céu Claro,Dupla,Reta,Sim,2,0,0,1,0,1,1,2,-7.15718127,-34.85777613,SPRF-PB,DEL01-PB,UOP01-DEL01-PB
645428.0,2024-12-01,domingo,10:40:00,PB,230,36,SANTA RITA,Manobra de mudança de faixa,Colisão lateral mesmo sentido,Com Vítimas Feridas,Pleno dia,Crescente,Céu Claro,Dupla,Reta,Não,2,0,1,0,1,0,1,2,-7.1246,-34.9473,SPRF-PB,DEL01-PB,UOP03-DEL01-PB
645497.0,2024-12-01,domingo,17:08:00,PB,101,89,JOAO PESSOA,Acessar a via sem observar a presença dos outros veículos,Colisão transversal,Com Vítimas Feridas,Anoitecer,Decrescente,Nublado,Dupla,Reta,Sim,2,0,2,0,0,0,2,2,-7.1710694,-34.89765372,SPRF-PB,DEL01-PB,UOP02-DEL01-PB
645557.0,2024-12-01,domingo,21:20:00,PB,230,7,CABEDELO,Reação tardia ou ineficiente do condutor,Tombamento,Com Vítimas Feridas,Plena Noite,Decrescente,Nublado,Dupla,Em Obras;Interseção de Vias;Reta,Sim,1,0,1,0,0,0,1,1,-7.03558213,-34.84274268,SPRF-PB,DEL01-PB,UOP01-DEL01-PB
645617.0,2024-12-02,segunda-feira,06:15:00,PB,101,81,BAYEUX,Condutor deixou de manter distância do veículo da frente,Tombamento,Com Vítimas Feridas,Pleno dia,Crescente,Nublado,Dupla,Reta,Sim,1,0,1,0,0,0,1,1,-7.12508575,-34.94513217,SPRF-PB,DEL01-PB,UOP01-DEL01-PB
645661.0,2024-12-02,segunda-feira,06:00:00,PB,101,83,BAYEUX,Condutor deixou de manter distância do veículo da frente,Colisão lateral mesmo sentido,Com Vítimas Feridas,Pleno dia,Crescente,Céu Claro,Dupla,Reta,Sim,2,0,1,0,1,0,1,2,-7.1337703,-34.92963914,SPRF-PB,DEL01-PB,UOP01-DEL01-PB
645757.0,2024-12-02,segunda-feira,18:45:00,PB,230,88,JOAO PESSOA,Acumulo de areia ou detritos sobre o pavimento,Tombamento,Com Vítimas Feridas,Plena Noite,Decrescente,Garoa/Chuvisco,Dupla,Curva,Não,2,0,2,0,0,0,2,1,-7.16528196,-34.89827394,SPRF-PB,DEL01-PB,UOP03-DEL01-PB
645777.0,2024-12-02,segunda-feira,19:45:00,PB,230,49,SANTA RITA,Acessar a via sem observar a presença dos outros veículos,Colisão traseira,Com Vítimas Feridas,Plena Noite,Decrescente,Céu Claro,Dupla,Reta,Não,3,0,3,0,0,0,3,2,-7.1803,-35.0485,SPRF-PB,DEL01-PB,UOP03-DEL01-PB
645867.0,2024-12-03,terça-feira,10:00:00,PB,230,"17,6",JOAO PESSOA,Manobra de mudança de faixa,Colisão lateral mesmo sentido,Com Vítimas Feridas,Pleno dia,Crescente,Céu Claro,Dupla,Curva,Sim,2,0,1,0,0,1,1,2,-7.12001347,-34.84528542,SPRF-PB,DEL01-PB,UOP01-DEL01-PB
645934.0,2024-12-03,terça-feira,17:20:00,PB,230,17,JOAO PESSOA,Condutor deixou de manter distância do veículo da frente,Tombamento,Com Vítimas Feridas,Anoitecer,Crescente,Céu Claro,Dupla,Reta,Sim,2,0,2,0,0,0,2,1,-7.1121,-34.8426,SPRF-PB,DEL01-PB,UOP01-DEL01-PB
645976.0,2024-12-03,terça-feira,19:40:00,PB,101,127,CAAPORA,Ingestão de substâncias psicoativas pelo condutor,Saída de leito carroçável,Sem Vítimas,Plena Noite,Decrescente,Céu Claro,Dupla,Retorno Regulamentado;Reta,Sim,2,0,0,0,2,0,0,1,-7.49352627,-34.98332893,SPRF-PB,DEL01-PB,UOP02-DEL01-PB
645988.0,2024-12-03,terça-feira,21:15:00,PB,230,40,SANTA RITA,Condutor Dormindo,Colisão com objeto,Com Vítimas Feridas,Plena Noite,Decrescente,Céu Claro,Dupla,Reta;Declive,Não,1,0,1,0,0,0,1,1,-7.1414,-34.9778,SPRF-PB,DEL01-PB,UOP03-DEL01-PB
646000.0,2024-12-03,terça-feira,21:55:00,PB,230,"157,7",CAMPINA GRANDE,Desrespeitar a preferência no cruzamento,Colisão transversal,Com Vítimas Feridas,Plena Noite,Crescente,Garoa/Chuvisco,Simples,Interseção de Vias;Reta;Rotatória,Sim,3,0,0,1,2,0,1,2,-7.26280878,-35.92140555,SPRF-PB,DEL02-PB,UOP01-DEL02-PB
646008.0,2024-12-03,terça-feira,15:35:00,PB,412,139,MONTEIRO,Ausência de reação do condutor,Tombamento,Com Vítimas Feridas,Pleno dia,Crescente,Céu Claro,Simples,Reta,Não,1,0,0,1,0,0,1,1,-7.85846,-37.080975,SPRF-PB,DEL02-PB,UOP02-DEL02-PB
646125.0,2024-12-04,quarta-feira,16:15:00,PB,230,10,CABEDELO,Acostamento em desnível,Colisão com objeto,Com Vítimas Feridas,Pleno dia,Crescente,Céu Claro,Dupla,Em Obras;Reta,Sim,1,0,1,0,0,0,1,1,-7.0514,-34.8499,SPRF-PB,DEL01-PB,UOP01-DEL01-PB
646157.0,2024-12-04,quarta-feira,18:35:00,PB,230,"86,2",JOAO PESSOA,Transitar na contramão,Colisão frontal,Com Vítimas Feridas,Plena Noite,Crescente,Céu Claro,Dupla,Declive;Curva,Não,2,0,1,1,0,0,2,2,-7.15302104,-34.90853418,SPRF-PB,DEL01-PB,UOP03-DEL01-PB
646184.0,2024-12-04,quarta-feira,21:50:00,PB,101,"87,2",JOAO PESSOA,Ausência de reação do condutor,Colisão traseira,Sem Vítimas,Pleno dia,Decrescente,Céu Claro,Dupla,Interseção de Vias;Reta,Sim,2,0,0,0,1,1,0,2,-7.16118239,-34.90431774,SPRF-PB,DEL01-PB,UOP01-DEL01-PB
646239.0,2024-12-05,quinta-feira,08:00:00,PB,104,"138,3",QUEIMADAS,Ausência de reação do condutor,Colisão traseira,Com Vítimas Feridas,Pleno dia,Crescente,Céu Claro,Simples,Reta,Não,2,0,1,0,1,0,1,2,-7.356537,-35.90155,SPRF-PB,DEL02-PB,UOP03-DEL02-PB
646279.0,2024-12-05,quinta-feira,11:00:00,PB,230,"479,6",MARIZOPOLIS,Acessar a via sem observar a presença dos outros veículos,Colisão transversal,Com Vítimas Feridas,Pleno dia,Crescente,Nublado,Simples,Reta,Não,3,0,1,0,2,0,1,2,-6.844442,-38.35034,SPRF-PB,DEL03-PB,UOP03-DEL03-PB
646337.0,2024-12-05,quinta-feira,17:45:00,PB,230,27,JOAO PESSOA,Velocidade Incompatível,Tombamento,Com Vítimas Feridas,Anoitecer,Decrescente,Céu Claro,Dupla,Reta,Não,2,0,1,0,0,1,1,1,-7.1677,-34.8855,SPRF-PB,DEL01-PB,UOP01-DEL01-PB
646396.0,2024-12-06,sexta-feira,01:00:00,PB,104,"118,4",LAGOA SECA,Ingestão de álcool pelo condutor,Tombamento,Com Vítimas Feridas,Plena Noite,Crescente,Céu Claro,Simples,Reta,Sim,1,0,1,0,0,0,1,1,-7.19637839,-35.87571339,SPRF-PB,DEL02-PB,UOP04-DEL02-PB
646441.0,2024-06-17,segunda-feira,14:00:00,PB,361,"18,9",SANTA TERESINHA,Transitar na contramão,Colisão frontal,Com Vítimas Fatais,Pleno dia,Decrescente,Céu Claro,Simples,Curva,Não,7,3,1,2,0,1,3,2,-7.07137,-37.415845,SPRF-PB,DEL03-PB,UOP01-DEL03-PB
646461.0,2024-12-06,sexta-feira,10:42:00,PB,230,28,JOAO PESSOA,Pista Escorregadia,Tombamento,Com Vítimas Feridas,Pleno dia,Decrescente,Céu Claro,Dupla,Aclive;Curva;Interseção de Vias,Sim,2,0,2,0,0,0,2,1,-7.1651,-34.8941,SPRF-PB,DEL01-PB,UOP01-DEL01-PB
646469.0,2024-12-06,sexta-feira,11:20:00,PB,101,"89,8",JOAO PESSOA,Demais falhas mecânicas ou elétricas,Tombamento,Com Vítimas Feridas,Pleno dia,Decrescente,Nublado,Dupla,Aclive;Reta,Sim,2,0,1,1,0,0,2,1,-7.1710694,-34.89765372,SPRF-PB,DEL01-PB,UOP02-DEL01-PB
646508.0,2024-12-06,sexta-feira,15:00:00,PB,101,45,MAMANGUAPE,Acessar a via sem observar a presença dos outros veículos,Colisão traseira,Com Vítimas Feridas,Pleno dia,Crescente,Céu Claro,Dupla,Retorno Regulamentado;Reta,Não,4,0,2,0,2,0,2,2,-6.88322894,-35.1303459,SPRF-PB,DEL01-PB,UOP04-DEL01-PB
646520.0,2024-12-06,sexta-feira,16:30:00,PB,230,25,JOAO PESSOA,Reação tardia ou ineficiente do condutor,Tombamento,Com Vítimas Feridas,Pleno dia,Decrescente,Céu Claro,Simples,Interseção de Vias,Sim,3,0,2,0,0,1,2,2,-7.1707,-34.8684,SPRF-PB,DEL01-PB,UOP01-DEL01-PB
646539.0,2024-12-06,sexta-feira,17:51:00,PB,230,11,CABEDELO,Manobra de mudança de faixa,Colisão lateral mesmo sentido,Com Vítimas Feridas,Plena Noite,Decrescente,Nublado,Dupla,Reta,Sim,2,0,0,1,1,0,1,2,-7.0596,-34.8506,SPRF-PB,DEL01-PB,UOP01-DEL01-PB
646546.0,2024-12-06,sexta-feira,18:25:00,PB,230,71,SOBRADO,Acumulo de óleo sobre o pavimento,Tombamento,Com Vítimas Feridas,Plena Noite,Decrescente,Céu Claro,Dupla,Curva,Não,2,0,2,0,0,0,2,1,-7.1913,-35.2333,SPRF-PB,DEL01-PB,UOP03-DEL01-PB
646589.0,2024-12-06,sexta-feira,17:40:00,PB,230,157,CAMPINA GRANDE,Conversão proibida,Colisão transversal,Com Vítimas Feridas,Plena Noite,Crescente,Céu Claro,Simples,Reta;Em Obras,Sim,4,0,0,2,0,2,2,3,-7.264,-35.9199,SPRF-PB,DEL02-PB,UOP01-DEL02-PB
646601.0,2024-12-06,sexta-feira,19:00:00,PB,230,460,SOUSA,Ausência de reação do condutor,Eventos atípicos,Com Vítimas Feridas,Plena Noite,Decrescente,Céu Claro,Simples,Reta,Sim,1,0,0,1,0,0,1,1,-6.7752,-38.1982,SPRF-PB,DEL03-PB,UOP03-DEL03-PB
646788.0,2024-12-07,sábado,13:05:00,PB,101,"59,3",SANTA RITA,Demais falhas mecânicas ou elétricas,Queda de ocupante de veículo,Com Vítimas Feridas,Pleno dia,Crescente,Céu Claro,Dupla,Reta,Não,2,0,2,0,0,0,2,1,-6.99352402,-35.06896004,SPRF-PB,DEL01-PB,UOP04-DEL01-PB
646797.0,2024-12-07,sábado,13:44:00,PB,230,"16,8",JOAO PESSOA,Reação tardia ou ineficiente do condutor,Colisão traseira,Sem Vítimas,Pleno dia,Decrescente,Céu Claro,Dupla,Reta,Sim,2,0,0,0,2,0,0,2,-7.1039,-34.8458,SPRF-PB,DEL01-PB,UOP01-DEL01-PB
646811.0,2024-12-07,sábado,16:00:00,PB,230,"26,4",JOAO PESSOA,Reação tardia ou ineficiente do condutor,Tombamento,Com Vítimas Feridas,Pleno dia,Decrescente,Sol,Dupla,Aclive;Reta,Sim,1,0,1,0,0,0,1,1,-7.1693,-34.8782,SPRF-PB,DEL01-PB,UOP01-DEL01-PB
646881.0,2024-12-07,sábado,19:40:00,PB,230,"169,2",CAMPINA GRANDE,Reação tardia ou ineficiente do condutor,Tombamento,Com Vítimas Feridas,Plena Noite,Crescente,Céu Claro,Simples,Reta,Sim,1,0,0,1,0,0,1,1,-7.1853,-35.9764,SPRF-PB,DEL02-PB,UOP02-DEL02-PB
646896.0,2024-12-07,sábado,21:45:00,PB,104,"135,4",QUEIMADAS,Ausência de reação do condutor,Colisão traseira,Com Vítimas Feridas,Plena Noite,Decrescente,Céu Claro,Simples,Reta,Não,3,0,2,0,1,0,2,2,-7.33449509,-35.89813347,SPRF-PB,DEL02-PB,UOP03-DEL02-PB
646920.0,2024-12-07,sábado,20:25:00,PB,230,503,CAJAZEIRAS,Conversão proibida,Colisão transversal,Com Vítimas Feridas,Plena Noite,Decrescente,Nublado,Simples,Reta,Sim,2,0,0,1,0,1,1,2,-6.901688,-38.56793,SPRF-PB,DEL03-PB,UOP03-DEL03-PB
646923.0,2024-12-07,sábado,20:10:00,PB,230,"459,9",SOUSA,Ausência de reação do condutor,Colisão traseira,Com Vítimas Fatais,Plena Noite,Decrescente,Nublado,Simples,Reta,Sim,2,1,0,0,0,1,0,2,-6.778446,-38.232785,SPRF-PB,DEL03-PB,UOP03-DEL03-PB
646938.0,2024-12-07,sábado,23:45:00,PB,101,83,BAYEUX,Ingestão de álcool pelo condutor,Tombamento,Com Vítimas Fatais,Plena Noite,Decrescente,Nublado,Dupla,Interseção de Vias,Sim,1,1,0,0,0,0,0,1,-7.12911,-34.93714,SPRF-PB,DEL01-PB,UOP01-DEL01-PB
646951.0,2024-12-08,domingo,02:50:00,PB,101,"110,2",ALHANDRA,Acessar a via sem observar a presença dos outros veículos,Saída de leito carroçável,Sem Vítimas,Plena Noite,Crescente,Céu Claro,Dupla,Reta,Sim,1,0,0,0,1,0,0,1,-7.35255626,-34.94940909,SPRF-PB,DEL01-PB,UOP02-DEL01-PB
647172.0,2024-12-09,segunda-feira,01:40:00,PB,230,11,CABEDELO,Reação tardia ou ineficiente do condutor,Capotamento,Sem Vítimas,Plena Noite,Decrescente,Céu Claro,Dupla,Reta,Sim,1,0,0,0,0,1,0,1,-7.06591056,-34.84997749,SPRF-PB,DEL01-PB,UOP01-DEL01-PB