id,data_inversa,dia_semana,horario,uf,br,km,municipio,causa_acidente,tipo_acidente,classificacao_acidente,fase_dia,sentido_via,condicao_metereologica,tipo_pista,tracado_via,uso_solo,pessoas,mortos,feridos_leves,feridos_graves,ilesos,ignorados,feridos,veiculos,latitude,longitude,regional,delegacia,uop
647185.0,2024-12-09,segunda-feira,06:10:00,PB,230,40,SANTA RITA,Acumulo de água sobre o pavimento,Queda de ocupante de veículo,Com Vítimas Feridas,Pleno dia,Decrescente,Chuva,Dupla,Declive,Não,1,0,1,0,0,0,1,1,-7.1414,-34.9778,SPRF-PB,DEL01-PB,UOP03-DEL01-PB
647207.0,2024-12-09,segunda-feira,07:50:00,PB,101,89,JOAO PESSOA,Acessar a via sem observar a presença dos outros veículos,Colisão lateral mesmo sentido,Com Vítimas Feridas,Pleno dia,Crescente,Céu Claro,Dupla,Reta;Em Obras;Retorno Regulamentado,Não,2,0,1,0,1,0,1,2,-7.1808168,-34.90072668,SPRF-PB,DEL01-PB,UOP02-DEL01-PB
647235.0,2024-12-09,segunda-feira,08:45:00,PB,230,"87,1",GURINHEM,Manobra de mudança de faixa,Colisão traseira,Com Vítimas Feridas,Pleno dia,Decrescente,Céu Claro,Dupla,Reta,Não,3,0,0,1,1,1,1,3,-7.1673,-35.3656,SPRF-PB,DEL01-PB,UOP03-DEL01-PB
647291.0,2024-12-09,segunda-feira,12:30:00,PB,405,37,SAO JOAO DO RIO DO PEIXE,Ausência de reação do condutor,Saída de leito carroçável,Com Vítimas Feridas,Pleno dia,Decrescente,Céu Claro,Simples,Reta;Ponte,Sim,1,0,1,0,0,0,1,1,-6.760087,-38.434673,SPRF-PB,DEL03-PB,UOP03-DEL03-PB
647337.0,2024-12-09,segunda-feira,17:00:00,PB,230,"184,1",POCINHOS,Acumulo de areia ou detritos sobre o pavimento,Saída de leito carroçável,Com Vítimas Feridas,Pleno dia,Decrescente,Sol,Simples,Desvio Temporário,Não,1,0,1,0,0,0,1,1,-7.153,-36.1016,SPRF-PB,DEL02-PB,UOP02-DEL02-PB
647369.0,2024-12-09,segunda-feira,21:30:00,PB,101,109,ALHANDRA,Condutor Dormindo,Saída de leito carroçável,Com Vítimas Feridas,Plena Noite,Crescente,Céu Claro,Dupla,Reta,Não,1,0,0,1,0,0,1,1,-7.34361299,-34.94797909,SPRF-PB,DEL01-PB,UOP02-DEL01-PB
647387.0,2024-12-09,segunda-feira,21:45:00,PB,230,"369,2",CONDADO,Animais na Pista,Atropelamento de Animal,Com Vítimas Feridas,Plena Noite,Crescente,Céu Claro,Simples,Reta,Não,1,0,0,1,0,0,1,1,-6.9068,-37.5407,SPRF-PB,DEL03-PB,UOP02-DEL03-PB
647445.0,2024-12-10,terça-feira,09:15:00,PB,230,"19,9",JOAO PESSOA,Reação tardia ou ineficiente do condutor,Colisão traseira,Com Vítimas Feridas,Pleno dia,Decrescente,Sol,Dupla,Curva,Não,2,0,0,1,1,0,1,2,-7.1281,-34.8466,SPRF-PB,DEL01-PB,UOP01-DEL01-PB
647487.0,2024-12-10,terça-feira,11:45:00,PB,104,146,QUEIMADAS,Transitar na contramão,Colisão frontal,Com Vítimas Feridas,Pleno dia,Crescente,Sol,Simples,Reta,Não,5,0,1,4,0,0,5,2,-7.42350341,-35.89509487,SPRF-PB,DEL02-PB,UOP03-DEL02-PB
647527.0,2024-12-10,terça-feira,17:00:00,PB,101,89,JOAO PESSOA,Acessar a via sem observar a presença dos outros veículos,Colisão transversal,Sem Vítimas,Pleno dia,Crescente,Céu Claro,Dupla,Em Obras;Retorno Regulamentado;Reta,Sim,2,0,0,0,2,0,0,2,-7.18106058,-34.9008715,SPRF-PB,DEL01-PB,UOP02-DEL01-PB
647642.0,2024-12-11,quarta-feira,07:35:00,PB,230,21,JOAO PESSOA,Ausência de reação do condutor,Colisão traseira,Com Vítimas Feridas,Pleno dia,Decrescente,Céu Claro,Dupla,Reta,Sim,3,0,2,0,1,0,2,2,-7.14558846,-34.85083938,SPRF-PB,DEL01-PB,UOP01-DEL01-PB
647695.0,2024-12-11,quarta-feira,12:31:00,PB,230,16,JOAO PESSOA,Pedestre andava na pista,Atropelamento de Pedestre,Com Vítimas Feridas,Pleno dia,Decrescente,Céu Claro,Dupla,Reta,Sim,3,0,0,1,1,1,1,2,-7.1039,-34.8458,SPRF-PB,DEL01-PB,UOP01-DEL01-PB
647737.0,2024-12-11,quarta-feira,16:15:00,PB,230,154,CAMPINA GRANDE,Manobra de mudança de faixa,Colisão lateral sentido oposto,Com Vítimas Feridas,Pleno dia,Decrescente,Céu Claro,Simples,Reta,Não,2,0,1,0,1,0,1,2,-7.2777,-35.8985,SPRF-PB,DEL02-PB,UOP01-DEL02-PB
647771.0,2024-12-11,quarta-feira,17:46:00,PB,104,116,LAGOA SECA,Ausência de reação do condutor,Colisão traseira,Com Vítimas Feridas,Plena Noite,Crescente,Céu Claro,Simples,Aclive,Não,3,0,1,1,0,1,2,2,-7.18022102,-35.86480593,SPRF-PB,DEL02-PB,UOP04-DEL02-PB
647788.0,2024-12-11,quarta-feira,19:37:00,PB,230,"37,5",SANTA RITA,Reação tardia ou ineficiente do condutor,Tombamento,Com Vítimas Feridas,Plena Noite,Crescente,Céu Claro,Dupla,Aclive;Reta,Sim,5,0,1,2,0,2,3,4,-7.133665,-34.961454,SPRF-PB,DEL01-PB,UOP03-DEL01-PB
647821.0,2024-12-11,quarta-feira,21:56:00,PB,230,12,CABEDELO,Avarias e/ou desgaste excessivo no pneu,Tombamento,Com Vítimas Feridas,Plena Noite,Crescente,Nublado,Dupla,Em Obras;Reta,Sim,2,0,1,1,0,0,2,1,-7.068,-34.85,SPRF-PB,DEL01-PB,UOP01-DEL01-PB
647831.0,2024-12-11,quarta-feira,21:35:00,PB,361,"3,7",PATOS,Acessar a via sem observar a presença dos outros veículos,Colisão transversal,Com Vítimas Feridas,Plena Noite,Crescente,Céu Claro,Simples,Reta,Sim,2,0,1,0,0,1,1,2,-7.031378,-37.291122,SPRF-PB,DEL03-PB,UOP01-DEL03-PB
647835.0,2024-12-11,quarta-feira,22:40:00,PB,230,230,JUAZEIRINHO,Ausência de reação do condutor,Tombamento,Com Vítimas Feridas,Plena Noite,Crescente,Céu Claro,Simples,Reta,Não,1,0,0,1,0,0,1,1,-7.0347,-36.4864,SPRF-PB,DEL02-PB,UOP02-DEL02-PB
647864.0,2024-12-12,quinta-feira,07:20:00,PB,230,"21,8",JOAO PESSOA,Reação tardia ou ineficiente do condutor,Colisão lateral mesmo sentido,Com Vítimas Feridas,Pleno dia,Decrescente,Céu Claro,Dupla,Reta,Sim,3,0,1,1,1,0,2,2,-7.1415,-34.8519,SPRF-PB,DEL01-PB,UOP01-DEL01-PB
647946.0,2024-12-12,quinta-feira,15:00:00,PB,230,"21,7",JOAO PESSOA,Reação tardia ou ineficiente do condutor,Engavetamento,Com Vítimas Feridas,Pleno dia,Decrescente,Sol,Dupla,Reta,Sim,5,0,1,0,4,0,1,4,-7.15135829,-34.85309243,SPRF-PB,DEL01-PB,UOP01-DEL01-PB
647952.0,2024-12-12,quinta-feira,15:25:00,PB,230,12,CABEDELO,Manobra de mudança de faixa,Colisão lateral mesmo sentido,Com Vítimas Feridas,Pleno dia,Decrescente,Céu Claro,Dupla,Reta;Em Obras,Sim,3,0,1,0,2,0,1,2,-7.07489307,-34.84938383,SPRF-PB,DEL01-PB,UOP01-DEL01-PB
647975.0,2024-12-12,quinta-feira,16:50:00,PB,101,90,JOAO PESSOA,Ausência de reação do condutor,Tombamento,Com Vítimas Feridas,Pleno dia,Decrescente,Céu Claro,Dupla,Reta,Sim,2,0,2,0,0,0,2,1,-7.179652,-34.900417,SPRF-PB,DEL01-PB,UOP02-DEL01-PB
647991.0,2024-12-12,quinta-feira,18:50:00,PB,230,20,JOAO PESSOA,Reação tardia ou ineficiente do condutor,Tombamento,Com Vítimas Feridas,Plena Noite,Crescente,Céu Claro,Dupla,Reta,Sim,1,0,1,0,0,0,1,1,-7.1337,-34.8544,SPRF-PB,DEL01-PB,UOP01-DEL01-PB
648050.0,2024-11-26,terça-feira,21:50:00,PB,230,"0,5",CABEDELO,Velocidade Incompatível,Colisão traseira,Com Vítimas Feridas,Plena Noite,Crescente,Céu Claro,Simples,Reta,Sim,2,0,0,1,1,0,1,2,-6.97479673,-34.83194399,SPRF-PB,DEL01-PB,UOP01-DEL01-PB
648098.0,2024-12-13,sexta-feira,08:10:00,PB,104,"130,5",CAMPINA GRANDE,Reação tardia ou ineficiente do condutor,Colisão transversal,Com Vítimas Feridas,Pleno dia,Crescente,Sol,Simples,Reta,Sim,3,0,3,0,0,0,3,2,-7.29013399,-35.89029705,SPRF-PB,DEL02-PB,UOP03-DEL02-PB
648100.0,2024-12-13,sexta-feira,07:40:00,PB,230,158,CAMPINA GRANDE,Acessar a via sem observar a presença dos outros veículos,Colisão transversal,Com Vítimas Feridas,Pleno dia,Decrescente,Céu Claro,Simples,Reta,Sim,3,0,1,0,2,0,1,2,-7.2582,-35.9267,SPRF-PB,DEL02-PB,UOP01-DEL02-PB
648140.0,2024-11-22,sexta-feira,20:30:00,PB,427,18,PAULISTA,Reação tardia ou ineficiente do condutor,Capotamento,Com Vítimas Feridas,Plena Noite,Crescente,Céu Claro,Simples,Reta,Não,1,0,0,1,0,0,1,1,-6.70914886,-37.63779904,SPRF-PB,DEL03-PB,UOP02-DEL03-PB
648219.0,2024-12-13,sexta-feira,18:30:00,PB,230,143,CAMPINA GRANDE,Acumulo de óleo sobre o pavimento,Tombamento,Com Vítimas Feridas,Plena Noite,Decrescente,Céu Claro,Dupla,Reta,Sim,1,0,1,0,0,0,1,1,-7.2557,-35.8223,SPRF-PB,DEL02-PB,UOP01-DEL02-PB
648246.0,2024-12-13,sexta-feira,19:50:00,PB,230,349,PATOS,Animais na Pista,Atropelamento de Animal,Sem Vítimas,Plena Noite,Decrescente,Céu Claro,Simples,Reta,Não,2,0,0,0,2,0,0,1,-6.9548,-37.3764,SPRF-PB,DEL03-PB,UOP01-DEL03-PB
648342.0,2024-12-14,sábado,06:30:00,PB,230,"17,6",JOAO PESSOA,Condutor Dormindo,Colisão com objeto,Com Vítimas Feridas,Pleno dia,Crescente,Nublado,Dupla,Curva;Viaduto,Sim,1,0,1,0,0,0,1,1,-7.1121,-34.8426,SPRF-PB,DEL01-PB,UOP01-DEL01-PB
648416.0,2024-12-14,sábado,12:40:00,PB,101,45,MAMANGUAPE,Acessar a via sem observar a presença dos outros veículos,Colisão traseira,Com Vítimas Feridas,Pleno dia,Crescente,Sol,Dupla,Curva,Não,3,0,1,0,1,1,1,3,-6.88322894,-35.1303459,SPRF-PB,DEL01-PB,UOP04-DEL01-PB
648494.0,2024-12-14,sábado,18:05:00,PB,101,"82,7",BAYEUX,Acessar a via sem observar a presença dos outros veículos,Colisão transversal,Com Vítimas Feridas,Plena Noite,Crescente,Céu Claro,Simples,Interseção de Vias,Sim,2,0,1,0,0,1,1,2,-7.12911,-34.93714,SPRF-PB,DEL01-PB,UOP01-DEL01-PB
648543.0,2024-12-14,sábado,19:50:00,PB,101,"0,4",MATARACA,Ausência de reação do condutor,Colisão traseira,Com Vítimas Fatais,Plena Noite,Decrescente,Chuva,Dupla,Reta;Declive,Não,3,2,0,0,0,1,0,2,-6.5089776,-35.1105616,SPRF-PB,DEL01-PB,UOP04-DEL01-PB
648552.0,2024-12-14,sábado,21:50:00,PB,230,"20,1",JOAO PESSOA,Reação tardia ou ineficiente do condutor,Colisão com objeto,Sem Vítimas,Plena Noite,Decrescente,Céu Claro,Dupla,Declive;Reta,Sim,1,0,0,0,1,0,0,1,-7.1337,-34.8544,SPRF-PB,DEL01-PB,UOP01-DEL01-PB
648597.0,2024-12-15,domingo,02:40:00,PB,230,17,JOAO PESSOA,Pista Escorregadia,Colisão lateral mesmo sentido,Com Vítimas Feridas,Plena Noite,Decrescente,Garoa/Chuvisco,Dupla,Curva,Sim,2,0,1,0,1,0,1,2,-7.1121,-34.8426,SPRF-PB,DEL01-PB,UOP01-DEL01-PB
648624.0,2024-12-15,domingo,06:00:00,PB,101,88,JOAO PESSOA,Reação tardia ou ineficiente do condutor,Tombamento,Com Vítimas Feridas,Pleno dia,Decrescente,Sol,Simples,Curva,Não,1,0,1,0,0,0,1,1,-7.16470016,-34.89993643,SPRF-PB,DEL01-PB,UOP01-DEL01-PB
648714.0,2024-12-15,domingo,15:00:00,PB,230,16,JOAO PESSOA,Mal súbito do condutor,Queda de ocupante de veículo,Com Vítimas Feridas,Pleno dia,Decrescente,Céu Claro,Dupla,Reta,Sim,1,0,1,0,0,0,1,1,-7.1039,-34.8458,SPRF-PB,DEL01-PB,UOP01-DEL01-PB
648720.0,2024-12-15,domingo,15:20:00,PB,230,"16,5",JOAO PESSOA,Reação tardia ou ineficiente do condutor,Engavetamento,Com Vítimas Feridas,Pleno dia,Decrescente,Céu Claro,Dupla,Reta,Sim,9,0,1,1,7,0,2,4,-7.1039,-34.8458,SPRF-PB,DEL01-PB,UOP01-DEL01-PB
648730.0,2024-12-15,domingo,16:40:00,PB,101,"89,8",JOAO PESSOA,Acessar a via sem observar a presença dos outros veículos,Colisão transversal,Com Vítimas Feridas,Anoitecer,Crescente,Céu Claro,Múltipla,Retorno Regulamentado;Reta,Sim,4,0,0,1,2,1,1,3,-7.1710694,-34.89765372,SPRF-PB,DEL01-PB,UOP02-DEL01-PB
648763.0,2024-12-15,domingo,18:30:00,PB,101,"89,5",JOAO PESSOA,Ausência de reação do condutor,Colisão traseira,Com Vítimas Feridas,Anoitecer,Decrescente,Céu Claro,Dupla,Reta,Sim,4,0,1,0,2,1,1,2,-7.1710694,-34.89765372,SPRF-PB,DEL01-PB,UOP02-DEL01-PB
648785.0,2024-12-15,domingo,19:01:00,PB,230,41,SANTA RITA,Manobra de mudança de faixa,Colisão lateral mesmo sentido,Sem Vítimas,Plena Noite,Crescente,Céu Claro,Dupla,Retorno Regulamentado;Reta,Sim,3,0,0,0,2,1,0,2,-7.14289514,-34.98923063,SPRF-PB,DEL01-PB,UOP03-DEL01-PB
648786.0,2024-12-15,domingo,18:50:00,PB,230,"8,2",CABEDELO,Ausência de reação do condutor,Colisão traseira,Com Vítimas Feridas,Plena Noite,Crescente,Céu Claro,Simples,Reta,Sim,3,0,0,2,0,1,2,2,-7.0355,-34.8429,SPRF-PB,DEL01-PB,UOP01-DEL01-PB
648882.0,2024-12-16,segunda-feira,07:55:00,PB,230,24,JOAO PESSOA,Demais falhas mecânicas ou elétricas,Tombamento,Com Vítimas Feridas,Pleno dia,Decrescente,Céu Claro,Dupla,Aclive,Sim,1,0,1,0,0,0,1,1,-7.1637,-34.8618,SPRF-PB,DEL01-PB,UOP01-DEL01-PB
648974.0,2024-12-16,segunda-feira,15:25:00,PB,230,"9,9",CABEDELO,Pedestre andava na pista,Atropelamento de Pedestre,Com Vítimas Feridas,Pleno dia,Decrescente,Sol,Dupla,Em Obras;Reta,Sim,2,0,2,0,0,0,2,2,-7.0433,-34.8466,SPRF-PB,DEL01-PB,UOP01-DEL01-PB
648998.0,2024-12-16,segunda-feira,12:45:00,PB,230,204,SOLEDADE,Condutor deixou de manter distância do veículo da frente,Colisão traseira,Sem Vítimas,Pleno dia,Crescente,Céu Claro,Simples,Reta,Não,2,0,0,0,2,0,0,2,-7.0932,-36.2743,SPRF-PB,DEL02-PB,UOP02-DEL02-PB
649007.0,2024-12-16,segunda-feira,18:40:00,PB,104,"94,4",ESPERANCA,Condutor deixou de manter distância do veículo da frente,Colisão traseira,Com Vítimas Feridas,Plena Noite,Decrescente,Céu Claro,Simples,Declive;Reta,Não,6,0,5,0,1,0,5,2,-7.00018745,-35.84307951,SPRF-PB,DEL02-PB,UOP04-DEL02-PB
649096.0,2024-12-17,terça-feira,07:10:00,PB,230,"5,5",CABEDELO,Animais na Pista,Atropelamento de Animal,Com Vítimas Feridas,Pleno dia,Decrescente,Céu Claro,Dupla,Reta,Sim,1,0,1,0,0,0,1,1,-7.01,-34.8312,SPRF-PB,DEL01-PB,UOP01-DEL01-PB
649140.0,2024-12-17,terça-feira,11:06:00,PB,230,"24,5",JOAO PESSOA,Conversão proibida,Colisão lateral mesmo sentido,Com Vítimas Feridas,Pleno dia,Crescente,Céu Claro,Dupla,Curva;Em Obras,Sim,3,0,1,1,1,0,2,2,-7.1637,-34.8618,SPRF-PB,DEL01-PB,UOP01-DEL01-PB
649181.0,2024-12-17,terça-feira,14:40:00,PB,412,"78,8",SERRA BRANCA,Animais na Pista,Capotamento,Com Vítimas Feridas,Pleno dia,Crescente,Sol,Simples,Declive,Não,1,0,1,0,0,0,1,1,-7.498733,-36.681053,SPRF-PB,DEL02-PB,UOP02-DEL02-PB
649199.0,2024-12-17,terça-feira,15:30:00,PB,230,"12,1",CABEDELO,Acessar a via sem observar a presença dos outros veículos,Colisão transversal,Com Vítimas Feridas,Pleno dia,Crescente,Céu Claro,Dupla,Em Obras;Retorno Regulamentado;Reta,Sim,3,0,3,0,0,0,3,2,-7.073127,-34.849755,SPRF-PB,DEL01-PB,UOP01-DEL01-PB
649211.0,2024-12-17,terça-feira,16:50:00,PB,230,27,JOAO PESSOA,Condutor deixou de manter distância do veículo da frente,Colisão traseira,Com Vítimas Feridas,Pleno dia,Crescente,Céu Claro,Dupla,Reta,Sim,2,0,1,0,1,0,1,2,-7.1677,-34.8855,SPRF-PB,DEL01-PB,UOP01-DEL01-PB
649238.0,2024-12-17,terça-feira,17:19:00,PB,230,"464,1",SOUSA,Acessar a via sem observar a presença dos outros veículos,Colisão transversal,Com Vítimas Feridas,Pleno dia,Crescente,Céu Claro,Simples,Reta,Sim,2,0,1,0,0,1,1,2,-6.781711,-38.270667,SPRF-PB,DEL03-PB,UOP03-DEL03-PB
649276.0,2024-12-17,terça-feira,23:20:00,PB,230,"7,6",CABEDELO,Acessar a via sem observar a presença dos outros veículos,Colisão transversal,Com Vítimas Feridas,Plena Noite,Decrescente,Céu Claro,Múltipla,Reta,Sim,3,0,1,0,1,1,1,3,-7.03372,-34.841728,SPRF-PB,DEL01-PB,UOP01-DEL01-PB
649289.0,2024-12-18,quarta-feira,02:05:00,PB,230,"20,8",JOAO PESSOA,Acostamento em desnível,Tombamento,Com Vítimas Feridas,Plena Noite,Crescente,Garoa/Chuvisco,Dupla,Reta,Não,2,0,1,0,0,1,1,1,-7.1337,-34.8544,SPRF-PB,DEL01-PB,UOP01-DEL01-PB
649366.0,2024-12-18,quarta-feira,13:14:00,PB,230,23,JOAO PESSOA,Mal súbito do condutor,Colisão com objeto,Sem Vítimas,Pleno dia,Crescente,Céu Claro,Dupla,Reta,Sim,1,0,0,0,1,0,0,1,-7.1562,-34.8574,SPRF-PB,DEL01-PB,UOP01-DEL01-PB
649548.0,2024-12-19,quinta-feira,09:55:00,PB,230,"39,1",SANTA RITA,Demais falhas mecânicas ou elétricas,Queda de ocupante de veículo,Com Vítimas Feridas,Pleno dia,Crescente,Céu Claro,Dupla,Reta;Declive,Não,1,0,0,1,0,0,1,1,-7.1381,-34.9707,SPRF-PB,DEL01-PB,UOP03-DEL01-PB
649678.0,2024-12-19,quinta-feira,20:45:00,PB,230,20,JOAO PESSOA,Acostamento em desnível,Tombamento,Com Vítimas Feridas,Plena Noite,Crescente,Chuva,Dupla,Reta,Não,3,0,2,0,1,0,2,2,-7.13982544,-34.85233426,SPRF-PB,DEL01-PB,UOP01-DEL01-PB
649744.0,2024-12-20,sexta-feira,01:15:00,PB,412,118,SUME,Animais na Pista,Atropelamento de Animal,Sem Vítimas,Plena Noite,Crescente,Céu Claro,Simples,Reta,Não,2,0,0,0,2,0,0,1,-7.725514,-36.947811,SPRF-PB,DEL02-PB,UOP02-DEL02-PB
649899.0,2024-12-20,sexta-feira,10:00:00,PB,230,"367,5",MALTA,Acessar a via sem observar a presença dos outros veículos,Colisão transversal,Com Vítimas Feridas,Pleno dia,Crescente,Céu Claro,Simples,Reta,Sim,2,0,0,1,1,0,1,2,-6.9048,-37.5252,SPRF-PB,DEL03-PB,UOP02-DEL03-PB
649936.0,2024-12-20,sexta-feira,19:32:00,PB,101,"89,8",JOAO PESSOA,Acessar a via sem observar a presença dos outros veículos,Colisão transversal,Com Vítimas Feridas,Plena Noite,Crescente,Céu Claro,Dupla,Reta,Sim,2,0,0,1,1,0,1,2,-7.1710694,-34.89765372,SPRF-PB,DEL01-PB,UOP02-DEL01-PB
649962.0,2024-12-20,sexta-feira,20:35:00,PB,101,"15,4",MAMANGUAPE,Transitar na contramão,Colisão frontal,Com Vítimas Feridas,Plena Noite,Decrescente,Céu Claro,Dupla,Retorno Regulamentado;Reta,Não,4,0,3,0,0,1,3,2,-6.62207781,-35.13047486,SPRF-PB,DEL01-PB,UOP04-DEL01-PB
650029.0,2024-12-21,sábado,01:40:00,PB,230,"214,5",SOLEDADE,Ausência de reação do condutor,Saída de leito carroçável,Sem Vítimas,Plena Noite,Decrescente,Céu Claro,Simples,Reta,Sim,1,0,0,0,0,1,0,1,-7.0577,-36.3629,SPRF-PB,DEL02-PB,UOP02-DEL02-PB
650089.0,2024-12-21,sábado,07:03:00,PB,101,81,BAYEUX,Reação tardia ou ineficiente do condutor,Tombamento,Com Vítimas Feridas,Pleno dia,Decrescente,Céu Claro,Dupla,Reta,Sim,1,0,1,0,0,0,1,1,-7.12508575,-34.94513217,SPRF-PB,DEL01-PB,UOP01-DEL01-PB
650107.0,2024-12-21,sábado,08:41:00,PB,230,"15,1",JOAO PESSOA,Condutor usando celular,Tombamento,Com Vítimas Feridas,Pleno dia,Decrescente,Sol,Dupla,Reta,Sim,2,0,1,1,0,0,2,1,-7.093,-34.8482,SPRF-PB,DEL01-PB,UOP01-DEL01-PB
650163.0,2024-12-21,sábado,11:20:00,PB,230,6,CABEDELO,Manobra de mudança de faixa,Colisão transversal,Com Vítimas Feridas,Pleno dia,Decrescente,Céu Claro,Múltipla,Reta,Sim,3,0,3,0,0,0,3,2,-7.02007831,-34.83556509,SPRF-PB,DEL01-PB,UOP01-DEL01-PB
650327.0,2024-12-21,sábado,21:19:00,PB,230,291,SANTA LUZIA,Animais na Pista,Atropelamento de Animal,Com Vítimas Feridas,Plena Noite,Crescente,Céu Claro,Simples,Reta,Sim,1,0,1,0,0,0,1,1,-6.8691,-36.9142,SPRF-PB,DEL03-PB,UOP01-DEL03-PB
650344.0,2024-12-21,sábado,22:30:00,PB,230,339,PATOS,Animais na Pista,Atropelamento de Animal,Com Vítimas Feridas,Plena Noite,Decrescente,Céu Claro,Simples,Aclive;Reta,Não,1,0,1,0,0,0,1,1,-7.0057,-37.2998,SPRF-PB,DEL03-PB,UOP01-DEL03-PB
650374.0,2024-12-22,domingo,00:50:00,PB,101,"118,7",CAAPORA,Reação tardia ou ineficiente do condutor,Colisão traseira,Com Vítimas Feridas,Plena Noite,Decrescente,Chuva,Dupla,Aclive;Reta,Não,2,0,1,1,0,0,2,2,-7.42128203,-34.96207995,SPRF-PB,DEL01-PB,UOP02-DEL01-PB
650508.0,2024-12-22,domingo,13:55:00,PB,230,"14,8",JOAO PESSOA,Reação tardia ou ineficiente do condutor,Colisão traseira,Com Vítimas Feridas,Pleno dia,Crescente,Sol,Dupla,Viaduto,Sim,3,0,1,0,2,0,1,2,-7.0844,-34.8488,SPRF-PB,DEL01-PB,UOP01-DEL01-PB
650543.0,2024-12-22,domingo,09:00:00,PB,230,"259,6",JUNCO DO SERIDO,Ingestão de álcool pelo condutor,Colisão traseira,Com Vítimas Feridas,Pleno dia,Crescente,Céu Claro,Simples,Reta,Sim,2,0,0,1,1,0,1,2,-7.0085,-36.697,SPRF-PB,DEL03-PB,UOP01-DEL03-PB
650560.0,2024-12-22,domingo,17:00:00,PB,230,19,JOAO PESSOA,Trafegar com motocicleta (ou similar) entre as faixas,Tombamento,Com Vítimas Feridas,Pleno dia,Decrescente,Céu Claro,Dupla,Em Obras;Reta,Sim,2,0,1,1,0,0,2,1,-7.1281,-34.8466,SPRF-PB,DEL01-PB,UOP01-DEL01-PB
650569.0,2024-12-22,domingo,17:10:00,PB,230,"334,5",PATOS,Acessar a via sem observar a presença dos outros veículos,Colisão transversal,Com Vítimas Feridas,Anoitecer,Decrescente,Céu Claro,Simples,Curva,Sim,2,0,1,0,0,1,1,2,-7.01341517,-37.26339854,SPRF-PB,DEL03-PB,UOP01-DEL03-PB
650704.0,2024-12-23,segunda-feira,07:15:00,PB,230,"10,4",CABEDELO,Demais falhas mecânicas ou elétricas,Tombamento,Com Vítimas Feridas,Pleno dia,Decrescente,Céu Claro,Dupla,Em Obras,Sim,2,0,2,0,0,0,2,1,-7.0514,-34.8499,SPRF-PB,DEL01-PB,UOP01-DEL01-PB
650759.0,2024-12-23,segunda-feira,10:58:00,PB,230,"248,7",JUAZEIRINHO,Transitar na contramão,Colisão frontal,Com Vítimas Fatais,Pleno dia,Crescente,Céu Claro,Simples,Reta,Não,4,1,0,0,3,0,0,2,-7.06061502,-36.65140986,SPRF-PB,DEL02-PB,UOP02-DEL02-PB
650769.0,2024-12-23,segunda-feira,10:45:00,PB,230,"368,5",MALTA,Ingestão de álcool pelo condutor,Saída de leito carroçável,Com Vítimas Feridas,Pleno dia,Decrescente,Sol,Simples,Reta,Não,1,0,0,1,0,0,1,1,-6.9057,-37.5322,SPRF-PB,DEL03-PB,UOP02-DEL03-PB
650770.0,2024-12-23,segunda-feira,13:01:00,PB,101,78,SANTA RITA,Transitar no Acostamento,Colisão com objeto,Com Vítimas Feridas,Pleno dia,Decrescente,Céu Claro,Dupla,Reta,Não,1,0,1,0,0,0,1,1,-7.10808295,-34.96293885,SPRF-PB,DEL01-PB,UOP04-DEL01-PB
650777.0,2024-12-23,segunda-feira,14:10:00,PB,230,"147,9",CAMPINA GRANDE,Condutor deixou de manter distância do veículo da frente,Colisão traseira,Com Vítimas Feridas,Pleno dia,Crescente,Céu Claro,Dupla,Rotatória,Sim,3,0,1,0,2,0,1,2,-7.2425,-35.8567,SPRF-PB,DEL02-PB,UOP01-DEL02-PB
650811.0,2024-12-23,segunda-feira,15:47:00,PB,101,58,SANTA RITA,Reação tardia ou ineficiente do condutor,Saída de leito carroçável,Com Vítimas Feridas,Pleno dia,Decrescente,Céu Claro,Dupla,Reta,Não,2,0,1,1,0,0,2,1,-6.98564991,-35.07334684,SPRF-PB,DEL01-PB,UOP04-DEL01-PB
650907.0,2024-12-23,segunda-feira,23:24:00,PB,230,"15,2",JOAO PESSOA,Reação tardia ou ineficiente do condutor,Colisão lateral mesmo sentido,Com Vítimas Feridas,Plena Noite,Crescente,Céu Claro,Dupla,Curva;Aclive,Sim,3,0,2,0,1,0,2,2,-7.093,-34.8482,SPRF-PB,DEL01-PB,UOP01-DEL01-PB
650926.0,2024-12-24,terça-feira,03:46:00,PB,230,"92,7",GURINHEM,Ausência de reação do condutor,Saída de leito carroçável,Com Vítimas Feridas,Plena Noite,Decrescente,Céu Claro,Dupla,Declive;Reta,Não,3,0,1,2,0,0,3,1,-7.180322,-35.427577,SPRF-PB,DEL01-PB,UOP03-DEL01-PB
650958.0,2024-12-24,terça-feira,09:00:00,PB,230,"40,3",SANTA RITA,Reação tardia ou ineficiente do condutor,Saída de leito carroçável,Sem Vítimas,Pleno dia,Decrescente,Céu Claro,Múltipla,Declive;Reta,Não,1,0,0,0,1,0,0,1,-7.1414,-34.9778,SPRF-PB,DEL01-PB,UOP03-DEL01-PB
651015.0,2024-12-24,terça-feira,13:10:00,PB,104,"105,1",SAO SEBASTIAO DE LAGOA DE  ROCA,Acesso irregular,Colisão transversal,Com Vítimas Feridas,Pleno dia,Crescente,Céu Claro,Simples,Declive;Reta,Não,3,0,2,1,0,0,3,2,-7.08938993,-35.85454407,SPRF-PB,DEL02-PB,UOP04-DEL02-PB