id,data_inversa,dia_semana,horario,uf,br,km,municipio,causa_acidente,tipo_acidente,classificacao_acidente,fase_dia,sentido_via,condicao_metereologica,tipo_pista,tracado_via,uso_solo,pessoas,mortos,feridos_leves,feridos_graves,ilesos,ignorados,feridos,veiculos,latitude,longitude,regional,delegacia,uop
651071.0,2024-12-24,terça-feira,17:39:00,PB,230,"84,7",BAYEUX,Chuva,Queda de ocupante de veículo,Com Vítimas Feridas,Plena Noite,Crescente,Chuva,Dupla,Reta,Sim,2,0,1,1,0,0,2,1,-7.143487,-34.918642,SPRF-PB,DEL01-PB,UOP03-DEL01-PB
651161.0,2024-12-25,quarta-feira,07:30:00,PB,101,"57,2",SANTA RITA,Demais falhas mecânicas ou elétricas,Tombamento,Com Vítimas Feridas,Pleno dia,Decrescente,Céu Claro,Dupla,Reta,Não,2,0,2,0,0,0,2,1,-6.97775678,-35.0777086,SPRF-PB,DEL01-PB,UOP04-DEL01-PB
651164.0,2024-12-25,quarta-feira,07:45:00,PB,101,"52,8",SANTA RITA,Ingestão de álcool pelo condutor,Saída de leito carroçável,Com Vítimas Feridas,Pleno dia,Crescente,Sol,Dupla,Aclive;Reta,Não,1,0,1,0,0,0,1,1,-6.94606786,-35.09493776,SPRF-PB,DEL01-PB,UOP04-DEL01-PB
651169.0,2024-12-25,quarta-feira,06:20:00,PB,104,197,ALCANTIL,Condutor Dormindo,Saída de leito carroçável,Com Vítimas Feridas,Pleno dia,Crescente,Céu Claro,Simples,Declive,Não,1,0,0,1,0,0,1,1,-7.76755928,-36.09949271,SPRF-PB,DEL02-PB,UOP03-DEL02-PB
651170.0,2024-12-25,quarta-feira,09:30:00,PB,230,12,CABEDELO,Manobra de mudança de faixa,Colisão lateral mesmo sentido,Com Vítimas Feridas,Pleno dia,Decrescente,Céu Claro,Dupla,Reta,Sim,2,0,1,0,1,0,1,2,-7.068,-34.85,SPRF-PB,DEL01-PB,UOP01-DEL01-PB
651243.0,2024-12-25,quarta-feira,15:35:00,PB,427,"36,8",POMBAL,Ausência de reação do condutor,Colisão traseira,Com Vítimas Feridas,Pleno dia,Decrescente,Céu Claro,Simples,Declive;Reta,Sim,2,0,1,0,0,1,1,2,-6.75891,-37.770646,SPRF-PB,DEL03-PB,UOP02-DEL03-PB
651284.0,2024-12-25,quarta-feira,19:10:00,PB,230,"158,3",CAMPINA GRANDE,Animais na Pista,Queda de ocupante de veículo,Com Vítimas Feridas,Plena Noite,Crescente,Céu Claro,Simples,Reta,Não,1,0,0,1,0,0,1,1,-7.2582,-35.9267,SPRF-PB,DEL02-PB,UOP01-DEL02-PB
651333.0,2024-12-26,quinta-feira,03:10:00,PB,101,85,BAYEUX,Ausência de reação do condutor,Colisão com objeto,Com Vítimas Feridas,Plena Noite,Decrescente,Céu Claro,Dupla,Reta,Sim,1,0,0,1,0,0,1,1,-7.14538184,-34.91662887,SPRF-PB,DEL01-PB,UOP01-DEL01-PB
651457.0,2024-12-26,quinta-feira,15:20:00,PB,101,97,CONDE,Condutor Dormindo,Colisão transversal,Com Vítimas Feridas,Pleno dia,Crescente,Céu Claro,Dupla,Reta,Sim,2,0,0,1,1,0,1,2,-7.23846306,-34.9268519,SPRF-PB,DEL01-PB,UOP02-DEL01-PB
651507.0,2024-12-26,quinta-feira,18:15:00,PB,101,"85,3",BAYEUX,Manobra de mudança de faixa,Colisão frontal,Com Vítimas Feridas,Plena Noite,Crescente,Céu Claro,Dupla,Reta,Sim,2,0,0,1,1,0,1,2,-7.14538184,-34.91662887,SPRF-PB,DEL01-PB,UOP01-DEL01-PB
651520.0,2024-12-26,quinta-feira,19:50:00,PB,230,144,CAMPINA GRANDE,Ultrapassagem Indevida,Colisão lateral mesmo sentido,Com Vítimas Feridas,Plena Noite,Decrescente,Céu Claro,Dupla,Reta,Sim,4,0,1,0,2,1,1,3,-7.2536,-35.8317,SPRF-PB,DEL02-PB,UOP01-DEL02-PB
651602.0,2024-12-27,sexta-feira,11:00:00,PB,230,10,CABEDELO,Avarias e/ou desgaste excessivo no pneu,Tombamento,Com Vítimas Feridas,Pleno dia,Crescente,Céu Claro,Dupla,Reta,Não,2,0,0,1,1,0,1,1,-7.05843977,-34.8507303,SPRF-PB,DEL01-PB,UOP01-DEL01-PB
651604.0,2024-12-27,sexta-feira,10:55:00,PB,101,29,RIO TINTO,Reação tardia ou ineficiente do condutor,Tombamento,Com Vítimas Feridas,Pleno dia,Crescente,Sol,Dupla,Reta,Não,2,0,2,0,0,0,2,1,-6.74032319,-35.13146581,SPRF-PB,DEL01-PB,UOP04-DEL01-PB
651652.0,2024-12-27,sexta-feira,15:00:00,PB,230,"160,9",CAMPINA GRANDE,Condutor deixou de manter distância do veículo da frente,Colisão traseira,Com Vítimas Feridas,Pleno dia,Crescente,Céu Claro,Simples,Reta,Sim,2,0,1,0,1,0,1,2,-7.2436,-35.9375,SPRF-PB,DEL02-PB,UOP01-DEL02-PB
651718.0,2024-12-27,sexta-feira,17:30:00,PB,230,170,CAMPINA GRANDE,Acesso irregular,Colisão lateral mesmo sentido,Com Vítimas Feridas,Anoitecer,Crescente,Céu Claro,Simples,Reta,Sim,2,0,1,0,1,0,1,2,-7.1806,-35.9873,SPRF-PB,DEL02-PB,UOP02-DEL02-PB
651720.0,2024-12-27,sexta-feira,18:40:00,PB,230,6,CABEDELO,Pedestre andava na pista,Atropelamento de Pedestre,Com Vítimas Feridas,Plena Noite,Crescente,Céu Claro,Múltipla,Reta,Sim,3,0,3,0,0,0,3,2,-7.02,-34.8359,SPRF-PB,DEL01-PB,UOP01-DEL01-PB
651893.0,2024-12-28,sábado,15:00:00,PB,230,"135,9",MASSARANDUBA,Velocidade Incompatível,Saída de leito carroçável,Com Vítimas Feridas,Pleno dia,Decrescente,Céu Claro,Dupla,Curva;Declive,Não,1,0,1,0,0,0,1,1,-7.2789,-35.7591,SPRF-PB,DEL02-PB,UOP01-DEL02-PB
651913.0,2024-12-16,segunda-feira,10:55:00,PB,230,"22,8",JOAO PESSOA,Condutor deixou de manter distância do veículo da frente,Colisão traseira,Com Vítimas Feridas,Pleno dia,Decrescente,Céu Claro,Dupla,Reta,Sim,3,0,1,0,2,0,1,3,-7.1562,-34.8574,SPRF-PB,DEL01-PB,UOP01-DEL01-PB
651918.0,2024-12-28,sábado,17:00:00,PB,230,"124,1",MASSARANDUBA,Ausência de reação do condutor,Colisão transversal,Com Vítimas Feridas,Pleno dia,Crescente,Sol,Dupla,Aclive;Reta,Não,2,0,1,0,1,0,1,2,-7.2465,-35.6751,SPRF-PB,DEL02-PB,UOP01-DEL02-PB
651933.0,2024-12-28,sábado,18:20:00,PB,230,326,PATOS,Ausência de reação do condutor,Tombamento,Com Vítimas Feridas,Plena Noite,Crescente,Céu Claro,Simples,Reta,Não,1,0,1,0,0,0,1,1,-6.996,-37.1958,SPRF-PB,DEL03-PB,UOP01-DEL03-PB
651988.0,2024-12-29,domingo,03:00:00,PB,230,465,SOUSA,Condutor Dormindo,Colisão com objeto,Com Vítimas Feridas,Plena Noite,Decrescente,Céu Claro,Simples,Reta,Sim,1,0,0,1,0,0,1,1,-6.78132576,-38.25953926,SPRF-PB,DEL03-PB,UOP03-DEL03-PB
652026.0,2024-12-29,domingo,11:45:00,PB,230,"20,3",JOAO PESSOA,Ausência de reação do condutor,Colisão lateral mesmo sentido,Sem Vítimas,Pleno dia,Crescente,Céu Claro,Dupla,Curva,Sim,2,0,0,0,2,0,0,2,-7.1337,-34.8544,SPRF-PB,DEL01-PB,UOP01-DEL01-PB
652080.0,2024-12-29,domingo,18:45:00,PB,230,"35,4",SANTA RITA,Ultrapassagem Indevida,Colisão lateral mesmo sentido,Com Vítimas Feridas,Plena Noite,Decrescente,Céu Claro,Dupla,Interseção de Vias;Declive;Reta,Não,2,0,0,1,1,0,1,2,-7.12525132,-34.94534254,SPRF-PB,DEL01-PB,UOP01-DEL01-PB
652081.0,2024-12-29,domingo,19:05:00,PB,101,"90,1",JOAO PESSOA,Ausência de reação do condutor,Colisão traseira,Com Vítimas Feridas,Plena Noite,Crescente,Céu Claro,Múltipla,Interseção de Vias;Rotatória;Reta;Em Obras;Retorno Regulamentado,Sim,6,0,0,1,5,0,1,2,-7.18089448,-34.90077496,SPRF-PB,DEL01-PB,UOP02-DEL01-PB
652107.0,2024-12-29,domingo,19:00:00,PB,104,"1,8",NOVA FLORESTA,Transitar na contramão,Colisão frontal,Com Vítimas Fatais,Plena Noite,Decrescente,Nublado,Simples,Reta,Não,2,1,0,1,0,0,1,2,-6.45169185,-36.20342671,SPRF-PB,DEL02-PB,UOP04-DEL02-PB
652135.0,2024-12-30,segunda-feira,01:55:00,PB,230,23,JOAO PESSOA,Ausência de reação do condutor,Colisão traseira,Com Vítimas Feridas,Plena Noite,Crescente,Nublado,Dupla,Reta,Não,3,0,1,0,1,1,1,2,-7.1562,-34.8574,SPRF-PB,DEL01-PB,UOP01-DEL01-PB
652249.0,2024-12-30,segunda-feira,17:20:00,PB,101,84,BAYEUX,Trafegar com motocicleta (ou similar) entre as faixas,Colisão traseira,Com Vítimas Feridas,Anoitecer,Decrescente,Céu Claro,Dupla,Reta,Sim,2,0,0,1,1,0,1,2,-7.13957906,-34.92312806,SPRF-PB,DEL01-PB,UOP01-DEL01-PB
652276.0,2024-12-30,segunda-feira,18:20:00,PB,230,168,CAMPINA GRANDE,Acessar a via sem observar a presença dos outros veículos,Colisão transversal,Com Vítimas Feridas,Plena Noite,Crescente,Céu Claro,Simples,Reta,Sim,2,0,0,2,0,0,2,2,-7.188,-35.9687,SPRF-PB,DEL02-PB,UOP02-DEL02-PB
652326.0,2024-12-31,terça-feira,05:50:00,PB,230,"137,8",MASSARANDUBA,Ausência de reação do condutor,Saída de leito carroçável,Com Vítimas Feridas,Pleno dia,Decrescente,Céu Claro,Dupla,Reta,Não,5,0,0,3,2,0,3,1,-7.2766,-35.7739,SPRF-PB,DEL02-PB,UOP01-DEL02-PB
652373.0,2024-12-31,terça-feira,12:50:00,PB,101,"33,7",MAMANGUAPE,Demais falhas mecânicas ou elétricas,Incêndio,Sem Vítimas,Pleno dia,Decrescente,Céu Claro,Dupla,Em Obras;Reta,Não,2,0,0,0,2,0,0,1,-6.77627801,-35.13350468,SPRF-PB,DEL01-PB,UOP04-DEL01-PB
652405.0,2024-12-31,terça-feira,16:45:00,PB,230,5,CABEDELO,Acumulo de areia ou detritos sobre o pavimento,Tombamento,Com Vítimas Feridas,Pleno dia,Decrescente,Céu Claro,Múltipla,Retorno Regulamentado;Viaduto,Sim,2,0,1,0,0,1,1,1,-7.02073851,-34.8360157,SPRF-PB,DEL01-PB,UOP01-DEL01-PB
652459.0,2024-12-31,terça-feira,22:49:00,PB,101,"81,6",BAYEUX,Transtornos Mentais (exceto suicidio),Saída de leito carroçável,Com Vítimas Feridas,Plena Noite,Crescente,Céu Claro,Dupla,Reta;Aclive,Sim,3,0,2,0,1,0,2,1,-7.12771,-34.939754,SPRF-PB,DEL01-PB,UOP01-DEL01-PB
653667.0,2024-07-19,sexta-feira,18:35:00,PB,230,"16,2",JOAO PESSOA,Manobra de mudança de faixa,Colisão lateral mesmo sentido,Sem Vítimas,Plena Noite,Crescente,Céu Claro,Múltipla,Declive,Sim,3,0,0,0,3,0,0,3,-7.1039,-34.8458,SPRF-PB,DEL01-PB,UOP01-DEL01-PB
654011.0,2024-02-16,sexta-feira,13:00:00,PB,230,460,SOUSA,Acessar a via sem observar a presença dos outros veículos,Colisão lateral sentido oposto,Com Vítimas Feridas,Pleno dia,Crescente,Céu Claro,Simples,Reta,Sim,2,0,0,1,1,0,1,2,-6.7752,-38.1982,SPRF-PB,DEL03-PB,UOP03-DEL03-PB
655434.0,2024-12-20,sexta-feira,00:00:00,PB,230,"138,6",MASSARANDUBA,Condutor Dormindo,Saída de leito carroçável,Com Vítimas Feridas,Plena Noite,Crescente,Chuva,Dupla,Reta,Não,1,0,0,1,0,0,1,1,-7.2755,-35.7831,SPRF-PB,DEL02-PB,UOP01-DEL02-PB
655586.0,2024-12-15,domingo,20:00:00,PB,434,12,JOCA CLAUDINO,Transitar na contramão,Colisão frontal,Com Vítimas Feridas,Plena Noite,Crescente,Céu Claro,Simples,Reta,Não,3,0,0,2,0,1,2,2,-6.45060396,-38.475986,SPRF-PB,DEL03-PB,UOP03-DEL03-PB
657876.0,2024-11-13,quarta-feira,23:17:00,PB,230,"22,6",JOAO PESSOA,Ausência de reação do condutor,Colisão traseira,Com Vítimas Feridas,Plena Noite,Crescente,Céu Claro,Dupla,Reta,Não,2,0,0,1,1,0,1,2,-7.1495,-34.8517,SPRF-PB,DEL01-PB,UOP01-DEL01-PB
661295.0,2024-12-21,sábado,07:00:00,PB,230,"135,2",CAMPINA GRANDE,Ausência de reação do condutor,Saída de leito carroçável,Com Vítimas Feridas,Pleno dia,Crescente,Céu Claro,Dupla,Curva,Não,1,0,1,0,0,0,1,1,-7.28210346,-35.76839447,SPRF-PB,DEL02-PB,UOP01-DEL02-PB
405213.0,2022-01-01,sábado,09:00:00,PB,116,"8,7",CACHOEIRA DOS INDIOS,Mal súbito do condutor,Colisão com objeto,Sem Vítimas,Pleno dia,Crescente,Céu Claro,Simples,Reta,Não,3,0,0,0,2,1,0,2,"-6,964668","-38,727608",SPRF-CE,DEL05-CE,UOP03-DEL05-CE
406125.0,2022-01-05,quarta-feira,12:00:00,PB,230,350,MALTA,Acessar a via sem observar a presença dos outros veículos,Colisão transversal,Com Vítimas Feridas,Pleno dia,Crescente,Céu Claro,Simples,Reta,Sim,2,0,1,0,0,1,1,2,"-6,904166","-37,521376",SPRF-PB,DEL03-PB,UOP01-DEL03-PB
407220.0,2022-01-07,sexta-feira,08:50:00,PB,230,12,CABEDELO,Manobra de mudança de faixa,Colisão lateral mesmo sentido,Com Vítimas Feridas,Pleno dia,Crescente,Céu Claro,Dupla,Reta,Sim,3,0,1,0,1,1,1,3,"-7,068","-34,85",SPRF-PB,DEL01-PB,UOP01-DEL01-PB
407960.0,2022-01-10,segunda-feira,14:50:00,PB,101,"81,8",BAYEUX,Ausência de reação do condutor,Colisão traseira,Com Vítimas Feridas,Pleno dia,Crescente,Céu Claro,Dupla,Reta;Retorno Regulamentado,Sim,6,0,3,0,2,2,3,5,"-7,12691586","-34,94169351",SPRF-PB,DEL01-PB,UOP01-DEL01-PB
408319.0,2022-01-13,quinta-feira,02:40:00,PB,230,"136,9",CAMPINA GRANDE,Problema com o freio,Tombamento,Sem Vítimas,Plena Noite,Decrescente,Nublado,Dupla,Declive;Curva,Não,2,0,0,0,1,1,0,2,"-7,2766","-35,7739",SPRF-PB,DEL02-PB,UOP01-DEL02-PB
408335.0,2022-01-13,quinta-feira,04:40:00,PB,230,"471,6",SOUSA,Chuva,Engavetamento,Sem Vítimas,Pleno dia,Decrescente,Chuva,Simples,Reta,Não,5,0,0,0,3,3,0,5,"-6,7943","-38,2918",SPRF-PB,DEL03-PB,UOP03-DEL03-PB
408768.0,2022-01-15,sábado,09:30:00,PB,230,"146,2",CAMPINA GRANDE,Manobra de mudança de faixa,Colisão traseira,Com Vítimas Feridas,Pleno dia,Decrescente,Nublado,Dupla,Reta,Sim,3,0,0,1,2,0,1,2,"-7,2468","-35,8484",SPRF-PB,DEL02-PB,UOP01-DEL02-PB
408872.0,2022-01-15,sábado,20:20:00,PB,230,261,JUNCO DO SERIDO,Ingestão de álcool pelo condutor,Colisão traseira,Com Vítimas Feridas,Plena Noite,Decrescente,Chuva,Simples,Reta,Sim,2,0,0,1,1,0,1,2,"-6,9942","-36,7127",SPRF-PB,DEL03-PB,UOP01-DEL03-PB
409580.0,2022-01-18,terça-feira,03:00:00,PB,101,"109,9",ALHANDRA,Entrada inopinada do pedestre,Atropelamento de Pedestre,Com Vítimas Fatais,Plena Noite,Decrescente,Nublado,Dupla,Reta,Sim,3,1,0,0,1,1,0,3,"-7,35108883","-34,948796",SPRF-PB,DEL01-PB,UOP02-DEL01-PB
409651.0,2022-01-18,terça-feira,11:45:00,PB,101,"8,6",MAMANGUAPE,Ausência de reação do condutor,Saída de leito carroçável,Com Vítimas Feridas,Pleno dia,Decrescente,Céu Claro,Dupla,Reta,Não,2,0,1,0,0,1,1,2,"-6,56597091","-35,14256709",SPRF-PB,DEL01-PB,UOP04-DEL01-PB
409792.0,2022-01-19,quarta-feira,01:10:00,PB,101,42,MAMANGUAPE,Problema na suspensão,Saída de leito carroçável,Com Vítimas Feridas,Plena Noite,Crescente,Céu Claro,Dupla,Reta,Não,2,0,2,0,0,0,2,1,"-6,856615","-35,13444297",SPRF-PB,DEL01-PB,UOP04-DEL01-PB
410069.0,2022-01-20,quinta-feira,06:41:00,PB,361,"4,3",PATOS,Conversão proibida,Colisão lateral mesmo sentido,Com Vítimas Feridas,Pleno dia,Crescente,Céu Claro,Simples,Reta,Sim,3,0,0,1,0,2,1,2,"-7,032674","-37,296102",SPRF-PB,DEL03-PB,UOP01-DEL03-PB
410453.0,2022-01-21,sexta-feira,23:30:00,PB,116,"7,1",CACHOEIRA DOS INDIOS,Ausência de reação do condutor,Tombamento,Sem Vítimas,Plena Noite,Decrescente,Céu Claro,Simples,Reta,Não,1,0,0,0,0,1,0,1,"-6,956637","-38,723457",SPRF-CE,DEL05-CE,UOP03-DEL05-CE
410978.0,2022-01-25,terça-feira,04:45:00,PB,230,41,SANTA RITA,Transitar na contramão,Colisão frontal,Com Vítimas Feridas,Amanhecer,Decrescente,Céu Claro,Dupla,Reta,Sim,2,0,0,1,1,0,1,2,"-7,1432","-34,9869",SPRF-PB,DEL01-PB,UOP03-DEL01-PB
411139.0,2022-01-26,quarta-feira,04:05:00,PB,101,"120,8",CAAPORA,Reação tardia ou ineficiente do condutor,Colisão traseira,Com Vítimas Fatais,Plena Noite,Decrescente,Céu Claro,Dupla,Declive,Não,3,1,1,0,0,1,1,2,"-7,43522578","-34,9727831",SPRF-PB,DEL01-PB,UOP02-DEL01-PB
411683.0,2022-01-28,sexta-feira,20:55:00,PB,101,119,CAAPORA,Acumulo de água sobre o pavimento,Colisão com objeto,Sem Vítimas,Plena Noite,Crescente,Chuva,Dupla,Declive;Ponte,Não,6,0,0,0,5,1,0,5,"-7,42897814","-34,96672977",SPRF-PB,DEL01-PB,UOP02-DEL01-PB
412194.0,2022-01-31,segunda-feira,16:45:00,PB,0,0,JOAO PESSOA,Velocidade Incompatível,Colisão com objeto,Com Vítimas Feridas,Pleno dia,Não Informado,Céu Claro,Simples,Reta,Sim,5,0,2,0,3,0,2,3,"-7,15886802","-34,90628504",SPRF-PB,DEL01-PB,UOP02-DEL01-PB
412236.0,2022-01-31,segunda-feira,21:25:00,PB,101,"117,4",CAAPORA,Ausência de reação do condutor,Colisão traseira,Com Vítimas Fatais,Plena Noite,Crescente,Céu Claro,Dupla,Aclive;Reta,Não,11,2,7,0,1,1,7,3,"-7,41357983","-34,95743528",SPRF-PB,DEL01-PB,UOP02-DEL01-PB
412247.0,2022-01-31,segunda-feira,19:15:00,PB,405,30,SAO JOAO DO RIO DO PEIXE,Demais falhas mecânicas ou elétricas,Incêndio,Sem Vítimas,Plena Noite,Decrescente,Céu Claro,Simples,Reta,Não,2,0,0,0,1,2,0,3,"-6,701545","-38,447842",SPRF-PB,DEL03-PB,UOP03-DEL03-PB
412285.0,2022-02-01,terça-feira,07:45:00,PB,230,281,SANTA LUZIA,Ausência de reação do condutor,Colisão com objeto,Com Vítimas Feridas,Pleno dia,Crescente,Céu Claro,Simples,Curva,Não,2,0,1,0,0,1,1,2,"-6,9305","-36,8516",SPRF-PB,DEL03-PB,UOP01-DEL03-PB
412719.0,2022-02-03,quinta-feira,21:20:00,PB,101,"103,8",ALHANDRA,Ausência de reação do condutor,Colisão traseira,Com Vítimas Feridas,Plena Noite,Crescente,Ignorado,Dupla,Reta,Não,3,0,1,0,1,2,1,4,"-7,29910332","-34,93823513",SPRF-PB,DEL01-PB,UOP02-DEL01-PB
413128.0,2022-02-05,sábado,21:15:00,PB,230,465,SOUSA,Ingestão de álcool pelo condutor,Colisão frontal,Sem Vítimas,Plena Noite,Crescente,Céu Claro,Simples,Reta,Sim,3,0,0,0,2,1,0,3,"-6,780169","-38,248689",SPRF-PB,DEL03-PB,UOP03-DEL03-PB
413354.0,2022-02-06,domingo,19:00:00,PB,412,"141,5",MONTEIRO,Pedestre andava na pista,Atropelamento de Pedestre,Com Vítimas Fatais,Plena Noite,Decrescente,Céu Claro,Simples,Reta,Não,3,1,1,0,0,1,1,3,"-7,872064","-37,092819",SPRF-PB,DEL02-PB,UOP02-DEL02-PB
413950.0,2022-02-09,quarta-feira,22:10:00,PB,101,"94,5",CONDE,Reação tardia ou ineficiente do condutor,Colisão traseira,Com Vítimas Feridas,Plena Noite,Decrescente,Céu Claro,Dupla,Declive,Não,2,0,0,1,0,1,1,2,"-7,21483297","-34,9117521",SPRF-PB,DEL01-PB,UOP02-DEL01-PB
415076.0,2022-02-15,terça-feira,07:30:00,PB,230,408,POMBAL,Ausência de reação do condutor,Colisão traseira,Com Vítimas Feridas,Pleno dia,Crescente,Céu Claro,Simples,Reta,Sim,4,0,1,1,0,2,2,3,"-6,7641","-37,794",SPRF-PB,DEL03-PB,UOP02-DEL03-PB
415433.0,2022-02-17,quinta-feira,08:00:00,PB,230,277,SANTA LUZIA,Reação tardia ou ineficiente do condutor,Colisão frontal,Com Vítimas Fatais,Pleno dia,Decrescente,Céu Claro,Simples,Reta;Aclive,Não,2,1,0,0,1,0,0,2,"-6,9579","-36,8398",SPRF-PB,DEL03-PB,UOP01-DEL03-PB
416469.0,2022-02-22,terça-feira,11:10:00,PB,101,"54,2",SANTA RITA,Mal súbito do condutor,Colisão traseira,Com Vítimas Feridas,Pleno dia,Crescente,Sol,Dupla,Aclive,Não,3,0,0,1,1,1,1,3,"-6,95396379","-35,09058058",SPRF-PB,DEL01-PB,UOP04-DEL01-PB
417045.0,2022-02-25,sexta-feira,05:10:00,PB,230,"280,1",SANTA LUZIA,Velocidade Incompatível,Tombamento,Com Vítimas Feridas,Amanhecer,Crescente,Céu Claro,Simples,Curva;Declive,Não,2,0,0,1,0,1,1,2,"-6,9359","-36,8505",SPRF-PB,DEL03-PB,UOP01-DEL03-PB
418353.0,2022-03-03,quinta-feira,12:40:00,PB,230,"206,1",SOLEDADE,Frear bruscamente,Colisão traseira,Sem Vítimas,Pleno dia,Crescente,Sol,Simples,Reta,Não,2,0,0,0,2,0,0,2,"-7,09","-36,2887",SPRF-PB,DEL02-PB,UOP02-DEL02-PB
418406.0,2022-03-03,quinta-feira,15:35:00,PB,230,"156,2",CAMPINA GRANDE,Acessar a via sem observar a presença dos outros veículos,Colisão transversal,Com Vítimas Feridas,Pleno dia,Decrescente,Sol,Simples,Reta,Sim,3,0,1,0,2,0,1,2,"-7,2693","-35,9138",SPRF-PB,DEL02-PB,UOP01-DEL02-PB
418652.0,2022-03-04,sexta-feira,20:20:00,PB,230,"147,7",CAMPINA GRANDE,Manobra de mudança de faixa,Colisão transversal,Sem Vítimas,Plena Noite,Crescente,Céu Claro,Dupla,Rotatória,Sim,3,0,0,0,2,1,0,3,"-7,236268","-35,867497",SPRF-PB,DEL02-PB,UOP01-DEL02-PB
419139.0,2022-03-07,segunda-feira,06:57:00,PB,230,"502,6",CAJAZEIRAS,Ausência de reação do condutor,Saída de leito carroçável,Com Vítimas Feridas,Pleno dia,Decrescente,Nublado,Simples,Curva,Sim,2,0,1,0,0,2,1,3,"-6,8979","-38,5233",SPRF-PB,DEL03-PB,UOP03-DEL03-PB
420130.0,2022-03-12,sábado,13:40:00,PB,230,27,JOAO PESSOA,Carga excessiva e/ou mal acondicionada,Tombamento,Sem Vítimas,Pleno dia,Crescente,Céu Claro,Simples,Curva,Sim,3,0,0,0,1,2,0,2,"-7,1677","-34,8855",SPRF-PB,DEL01-PB,UOP01-DEL01-PB
420317.0,2022-03-13,domingo,09:45:00,PB,230,"37,6",SANTA RITA,Pedestre cruzava a pista fora da faixa,Atropelamento de Pedestre,Com Vítimas Fatais,Pleno dia,Crescente,Nublado,Dupla,Reta;Aclive,Sim,3,1,0,0,1,1,0,3,"-7,12929345","-34,95360252",SPRF-PB,DEL01-PB,UOP03-DEL01-PB
420455.0,2022-03-13,domingo,21:55:00,PB,230,181,POCINHOS,Pedestre andava na pista,Atropelamento de Pedestre,Com Vítimas Feridas,Plena Noite,Decrescente,Céu Claro,Simples,Reta,Não,2,0,1,0,1,0,1,2,"-7,1613","-36,0747",SPRF-PB,DEL02-PB,UOP02-DEL02-PB
420465.0,2022-03-13,domingo,22:50:00,PB,110,75,PATOS,Reação tardia ou ineficiente do condutor,Saída de leito carroçável,Sem Vítimas,Plena Noite,Crescente,Chuva,Simples,Rotatória,Não,1,0,0,0,1,0,0,1,"-6,94057055","-37,40638733",SPRF-PB,DEL03-PB,UOP01-DEL03-PB
420672.0,2022-03-14,segunda-feira,19:20:00,PB,230,"156,4",CAMPINA GRANDE,Ausência de reação do condutor,Colisão traseira,Com Vítimas Feridas,Plena Noite,Crescente,Chuva,Simples,Reta,Sim,3,0,0,2,0,1,2,2,"-7,269782","-35,913155",SPRF-PB,DEL02-PB,UOP01-DEL02-PB
420798.0,2022-03-15,terça-feira,16:15:00,PB,361,"6,4",PATOS,Condutor deixou de manter distância do veículo da frente,Colisão traseira,Sem Vítimas,Pleno dia,Crescente,Sol,Simples,Reta,Sim,2,0,0,0,2,0,0,2,"-7,03594312","-37,31112598",SPRF-PB,DEL03-PB,UOP01-DEL03-PB
421036.0,2022-03-16,quarta-feira,17:00:00,PB,104,"101,8",ESPERANCA,Demais falhas mecânicas ou elétricas,Colisão com objeto,Com Vítimas Feridas,Anoitecer,Crescente,Céu Claro,Simples,Reta,Não,2,0,1,0,1,0,1,1,"-7,053754","-35,854309",SPRF-PB,DEL02-PB,UOP04-DEL02-PB
421111.0,2022-03-17,quinta-feira,12:30:00,PB,230,407,POMBAL,Demais falhas mecânicas ou elétricas,Colisão traseira,Com Vítimas Feridas,Pleno dia,Decrescente,Céu Claro,Simples,Curva,Sim,3,0,0,1,1,1,1,3,"-6,7733","-37,798",SPRF-PB,DEL03-PB,UOP02-DEL03-PB
421200.0,2022-03-18,sexta-feira,02:40:00,PB,230,28,JOAO PESSOA,Carga excessiva e/ou mal acondicionada,Tombamento,Com Vítimas Feridas,Amanhecer,Crescente,Chuva,Dupla,Viaduto,Não,2,0,1,0,0,1,1,2,"-7,1651","-34,8941",SPRF-PB,DEL01-PB,UOP01-DEL01-PB
421305.0,2022-03-18,sexta-feira,13:30:00,PB,101,"122,6",CAAPORA,Demais falhas mecânicas ou elétricas,Colisão traseira,Sem Vítimas,Pleno dia,Decrescente,Céu Claro,Dupla,Reta,Não,3,0,0,0,2,1,0,3,"-7,45038197","-34,97994215",SPRF-PB,DEL01-PB,UOP02-DEL01-PB
421398.0,2022-03-18,sexta-feira,19:40:00,PB,230,"461,9",SOUSA,Ausência de reação do condutor,Colisão traseira,Com Vítimas Feridas,Plena Noite,Crescente,Céu Claro,Simples,Reta,Sim,2,0,0,1,0,1,1,2,"-6,7753","-38,2061",SPRF-PB,DEL03-PB,UOP03-DEL03-PB
421551.0,2022-03-19,sábado,15:00:00,PB,104,"186,2",ALCANTIL,Velocidade Incompatível,Tombamento,Com Vítimas Feridas,Pleno dia,Crescente,Céu Claro,Simples,Curva,Não,1,0,1,0,0,0,1,1,"-7,67890361","-36,06349826",SPRF-PB,DEL02-PB,UOP03-DEL02-PB
422817.0,2022-03-26,sábado,10:15:00,PB,230,42,SANTA RITA,Acessar a via sem observar a presença dos outros veículos,Colisão lateral mesmo sentido,Com Vítimas Feridas,Pleno dia,Crescente,Chuva,Múltipla,Curva,Sim,3,0,1,0,2,0,1,2,"-7,1426","-34,9956",SPRF-PB,DEL01-PB,UOP03-DEL01-PB