id,data_inversa,dia_semana,horario,uf,br,km,municipio,causa_acidente,tipo_acidente,classificacao_acidente,fase_dia,sentido_via,condicao_metereologica,tipo_pista,tracado_via,uso_solo,pessoas,mortos,feridos_leves,feridos_graves,ilesos,ignorados,feridos,veiculos,latitude,longitude,regional,delegacia,uop
423068.0,2022-03-27,domingo,16:40:00,PB,230,"159,5",CAMPINA GRANDE,Acessar a via sem observar a presença dos outros veículos,Colisão transversal,Com Vítimas Feridas,Pleno dia,Decrescente,Chuva,Simples,Reta,Sim,3,0,1,0,1,1,1,3,"-7,252","-35,9334",SPRF-PB,DEL02-PB,UOP01-DEL02-PB
423183.0,2022-03-28,segunda-feira,07:00:00,PB,101,85,BAYEUX,Condutor deixou de manter distância do veículo da frente,Colisão traseira,Com Vítimas Feridas,Pleno dia,Decrescente,Nublado,Dupla,Reta,Sim,2,0,1,0,0,1,1,2,"-7,15118983","-34,91012184",SPRF-PB,DEL01-PB,UOP01-DEL01-PB
423205.0,2022-03-28,segunda-feira,08:35:00,PB,230,"126,1",RIACHAO DO BACAMARTE,Reação tardia ou ineficiente do condutor,Colisão com objeto,Com Vítimas Feridas,Pleno dia,Crescente,Nublado,Dupla,Curva,Não,2,0,1,0,0,1,1,2,"-7,260531","-35,69783092",SPRF-PB,DEL02-PB,UOP01-DEL02-PB
423363.0,2022-03-29,terça-feira,07:55:00,PB,230,27,JOAO PESSOA,Trafegar com motocicleta (ou similar) entre as faixas,Colisão traseira,Com Vítimas Feridas,Pleno dia,Decrescente,Céu Claro,Múltipla,Reta;Viaduto;Aclive,Sim,2,0,0,1,1,0,1,2,"-7,1677","-34,8855",SPRF-PB,DEL01-PB,UOP01-DEL01-PB
423492.0,2022-03-30,quarta-feira,02:40:00,PB,230,"135,4",CAMPINA GRANDE,Demais falhas mecânicas ou elétricas,Tombamento,Com Vítimas Feridas,Plena Noite,Decrescente,Céu Claro,Dupla,Curva,Não,2,0,1,0,0,2,1,3,"-7,2789","-35,7591",SPRF-PB,DEL02-PB,UOP01-DEL02-PB
423766.0,2022-03-31,quinta-feira,11:40:00,PB,434,3,UIRAUNA,Ausência de reação do condutor,Saída de leito carroçável,Sem Vítimas,Pleno dia,Crescente,Nublado,Simples,Reta,Não,1,0,0,0,0,1,0,1,"-6,488414","-38,42081697",SPRF-PB,DEL03-PB,UOP03-DEL03-PB
423994.0,2022-04-01,sexta-feira,19:56:00,PB,230,24,JOAO PESSOA,Acessar a via sem observar a presença dos outros veículos,Colisão lateral mesmo sentido,Com Vítimas Fatais,Plena Noite,Decrescente,Céu Claro,Dupla,Interseção de Vias;Reta,Sim,4,1,1,0,1,2,1,4,"-7,1637","-34,8618",SPRF-PB,DEL01-PB,UOP01-DEL01-PB
426200.0,2022-04-08,sexta-feira,05:50:00,PB,230,"156,6",CAMPINA GRANDE,Ausência de reação do condutor,Colisão transversal,Com Vítimas Feridas,Pleno dia,Decrescente,Céu Claro,Simples,Rotatória,Sim,3,0,1,0,1,1,1,3,"-7,26804144","-35,91526028",SPRF-PB,DEL02-PB,UOP01-DEL02-PB
444950.0,2022-02-18,sexta-feira,10:53:00,PB,101,"4,7",MATARACA,Manobra de mudança de faixa,Colisão lateral mesmo sentido,Com Vítimas Feridas,Pleno dia,Crescente,Céu Claro,Dupla,Reta,Não,4,0,1,0,2,1,1,3,"-6,5406751","-35,11731147",SPRF-PB,DEL01-PB,UOP04-DEL01-PB
444958.0,2022-04-20,quarta-feira,13:10:00,PB,230,85,GURINHEM,Transitar na contramão,Colisão frontal,Com Vítimas Fatais,Pleno dia,Decrescente,Sol,Dupla,Reta,Não,2,1,0,0,1,0,0,2,"-7,16684328","-35,36087036",SPRF-PB,DEL01-PB,UOP03-DEL01-PB
445252.0,2022-04-22,sexta-feira,01:30:00,PB,101,93,JOAO PESSOA,Manobra de mudança de faixa,Colisão traseira,Sem Vítimas,Plena Noite,Crescente,Céu Claro,Dupla,Aclive,Não,3,0,0,0,2,1,0,3,"-7,205825","-34,90879",SPRF-PB,DEL01-PB,UOP02-DEL01-PB
445374.0,2022-02-06,domingo,22:00:00,PB,230,"288,2",SANTA LUZIA,Animais na Pista,Atropelamento de Animal,Com Vítimas Feridas,Plena Noite,Crescente,Céu Claro,Simples,Reta,Não,9,0,4,4,1,0,8,2,"-6,8929","-36,8861",SPRF-PB,DEL03-PB,UOP01-DEL03-PB
445903.0,2022-04-25,segunda-feira,05:20:00,PB,230,"507,6",CAJAZEIRAS,Problema com o freio,Tombamento,Com Vítimas Feridas,Pleno dia,Decrescente,Nublado,Simples,Curva,Não,1,0,1,0,0,0,1,1,"-6,9024","-38,5643",SPRF-PB,DEL03-PB,UOP03-DEL03-PB
446692.0,2022-04-29,sexta-feira,14:00:00,PB,101,"88,9",JOAO PESSOA,Manobra de mudança de faixa,Colisão lateral mesmo sentido,Com Vítimas Feridas,Pleno dia,Crescente,Céu Claro,Dupla,Reta,Sim,3,0,1,0,2,0,1,3,"-7,1708","-34,898626",SPRF-PB,DEL01-PB,UOP02-DEL01-PB
447068.0,2022-05-01,domingo,05:05:00,PB,104,186,ALCANTIL,Reação tardia ou ineficiente do condutor,Saída de leito carroçável,Com Vítimas Fatais,Amanhecer,Decrescente,Céu Claro,Simples,Curva,Não,2,1,0,0,0,1,0,2,"-7,68863293","-36,06166381",SPRF-PB,DEL02-PB,UOP03-DEL02-PB
447146.0,2022-05-01,domingo,15:25:00,PB,101,40,MAMANGUAPE,Avarias e/ou desgaste excessivo no pneu,Saída de leito carroçável,Com Vítimas Feridas,Pleno dia,Crescente,Céu Claro,Simples,Declive,Sim,5,0,3,0,1,1,3,3,"-6,838737","-35,13633",SPRF-PB,DEL01-PB,UOP04-DEL01-PB
447655.0,2022-05-04,quarta-feira,05:45:00,PB,230,"27,8",JOAO PESSOA,Manobra de mudança de faixa,Colisão traseira,Sem Vítimas,Pleno dia,Crescente,Garoa/Chuvisco,Dupla,Viaduto,Sim,4,0,0,0,3,1,0,3,"-7,1677","-34,8855",SPRF-PB,DEL01-PB,UOP01-DEL01-PB
448293.0,2022-05-07,sábado,12:15:00,PB,101,82,BAYEUX,Velocidade Incompatível,Colisão com objeto,Com Vítimas Feridas,Pleno dia,Decrescente,Sol,Dupla,Aclive,Sim,5,0,2,2,0,1,4,3,"-7,13235945","-34,93103977",SPRF-PB,DEL01-PB,UOP01-DEL01-PB
448683.0,2022-05-09,segunda-feira,06:59:00,PB,101,"99,7",ALHANDRA,Demais falhas mecânicas ou elétricas,Colisão com objeto,Sem Vítimas,Pleno dia,Crescente,Céu Claro,Dupla,Retorno Regulamentado,Não,2,0,0,0,1,1,0,2,"-7,26469806","-34,93677965",SPRF-PB,DEL01-PB,UOP02-DEL01-PB
448784.0,2022-05-09,segunda-feira,14:45:00,PB,230,"179,6",CAMPINA GRANDE,Condutor deixou de manter distância do veículo da frente,Colisão transversal,Sem Vítimas,Pleno dia,Crescente,Céu Claro,Simples,Curva,Não,5,0,0,0,2,3,0,4,"-7,1663","-36,0578",SPRF-PB,DEL02-PB,UOP02-DEL02-PB
448952.0,2022-05-10,terça-feira,14:00:00,PB,101,"112,5",ALHANDRA,Demais falhas mecânicas ou elétricas,Incêndio,Sem Vítimas,Pleno dia,Decrescente,Céu Claro,Dupla,Aclive,Não,2,0,0,0,1,1,0,2,"-7,36987092","-34,95429127",SPRF-PB,DEL01-PB,UOP02-DEL01-PB
449253.0,2022-05-11,quarta-feira,17:17:00,PB,230,"153,6",CAMPINA GRANDE,Transitar na contramão,Colisão frontal,Com Vítimas Fatais,Pleno dia,Decrescente,Nublado,Simples,Reta,Sim,3,1,0,0,1,1,0,3,"-7,2763","-35,8887",SPRF-PB,DEL02-PB,UOP01-DEL02-PB
449632.0,2022-05-13,sexta-feira,16:00:00,PB,230,159,CAMPINA GRANDE,Velocidade Incompatível,Colisão traseira,Sem Vítimas,Pleno dia,Decrescente,Chuva,Simples,Declive,Sim,4,0,0,0,4,0,0,4,"-7,252","-35,9334",SPRF-PB,DEL02-PB,UOP01-DEL02-PB
450233.0,2022-05-16,segunda-feira,11:35:00,PB,101,123,CAAPORA,Demais falhas mecânicas ou elétricas,Colisão com objeto,Com Vítimas Feridas,Pleno dia,Decrescente,Céu Claro,Dupla,Reta;Declive,Não,6,0,2,2,1,1,4,3,"-7,45909075","-34,98049935",SPRF-PB,DEL01-PB,UOP02-DEL01-PB
450238.0,2022-01-29,sábado,14:30:00,PB,104,"10,7",CUITE,Conversão proibida,Colisão transversal,Com Vítimas Feridas,Pleno dia,Crescente,Céu Claro,Simples,Reta,Não,3,0,1,1,1,0,2,2,"-6,4848007","-36,14867075",SPRF-PB,DEL02-PB,UOP04-DEL02-PB
450964.0,2022-05-20,sexta-feira,17:55:00,PB,101,80,SANTA RITA,Condutor deixou de manter distância do veículo da frente,Engavetamento,Sem Vítimas,Anoitecer,Decrescente,Nublado,Dupla,Reta,Sim,3,0,0,0,3,0,0,3,"-7,11753704","-34,94951428",SPRF-PB,DEL01-PB,UOP04-DEL01-PB
451012.0,2022-05-20,sexta-feira,22:00:00,PB,230,19,JOAO PESSOA,Manobra de mudança de faixa,Colisão lateral mesmo sentido,Sem Vítimas,Plena Noite,Crescente,Chuva,Dupla,Reta,Sim,2,0,0,0,2,0,0,2,"-7,1281","-34,8466",SPRF-PB,DEL01-PB,UOP01-DEL01-PB
451569.0,2022-05-23,segunda-feira,14:27:00,PB,230,"380,6",CONDADO,Demais falhas mecânicas ou elétricas,Tombamento,Com Vítimas Feridas,Pleno dia,Crescente,Céu Claro,Simples,Reta,Não,3,0,1,1,0,1,2,2,"-6,9141","-37,636",SPRF-PB,DEL03-PB,UOP02-DEL03-PB
452058.0,2022-05-26,quinta-feira,06:55:00,PB,230,"35,7",SANTA RITA,Ausência de reação do condutor,Colisão traseira,Com Vítimas Feridas,Pleno dia,Decrescente,Nublado,Simples,Curva,Sim,32,0,14,3,14,1,17,22,"-7,12533649","-34,94656563",SPRF-PB,DEL01-PB,UOP01-DEL01-PB
452203.0,2022-05-26,quinta-feira,23:30:00,PB,230,82,CALDAS BRANDAO,Acessar a via sem observar a presença dos outros veículos,Colisão transversal,Sem Vítimas,Plena Noite,Decrescente,Nublado,Dupla,Declive,Sim,2,0,0,0,2,0,0,2,"-7,1727","-35,3284",SPRF-PB,DEL01-PB,UOP03-DEL01-PB
452518.0,2022-05-28,sábado,13:39:00,PB,101,81,BAYEUX,Reação tardia ou ineficiente do condutor,Colisão lateral mesmo sentido,Com Vítimas Feridas,Pleno dia,Crescente,Nublado,Dupla,Interseção de Vias,Sim,3,0,2,0,0,1,2,2,"-7,12508575","-34,94513217",SPRF-PB,DEL01-PB,UOP01-DEL01-PB
453378.0,2022-06-01,quarta-feira,21:50:00,PB,230,501,CAJAZEIRAS,Condutor deixou de manter distância do veículo da frente,Colisão traseira,Com Vítimas Feridas,Plena Noite,Decrescente,Garoa/Chuvisco,Simples,Reta,Não,2,0,0,1,1,0,1,2,"-6,899","-38,5159",SPRF-PB,DEL03-PB,UOP03-DEL03-PB
453453.0,2022-06-02,quinta-feira,10:37:00,PB,101,"27,1",MAMANGUAPE,Acumulo de água sobre o pavimento,Saída de leito carroçável,Com Vítimas Feridas,Pleno dia,Decrescente,Nublado,Dupla,Reta,Não,5,0,1,0,3,2,1,4,"-6,72589095","-35,12052811",SPRF-PB,DEL01-PB,UOP04-DEL01-PB
453834.0,2022-06-04,sábado,08:20:00,PB,230,123,RIACHAO DO BACAMARTE,Reação tardia ou ineficiente do condutor,Atropelamento de Pedestre,Com Vítimas Feridas,Pleno dia,Decrescente,Nublado,Dupla,Curva,Não,2,0,0,1,0,1,1,2,"-7,2478","-35,6672",SPRF-PB,DEL02-PB,UOP01-DEL02-PB
454320.0,2022-06-06,segunda-feira,16:50:00,PB,230,"147,9",CAMPINA GRANDE,Manobra de mudança de faixa,Colisão transversal,Com Vítimas Feridas,Anoitecer,Crescente,Chuva,Dupla,Rotatória,Sim,2,0,1,0,1,0,1,2,"-7,23691832","-35,8678856",SPRF-PB,DEL02-PB,UOP01-DEL02-PB
454799.0,2022-06-09,quinta-feira,07:58:00,PB,230,"42,1",SANTA RITA,Chuva,Saída de leito carroçável,Sem Vítimas,Pleno dia,Decrescente,Chuva,Dupla,Curva,Sim,3,0,0,0,1,2,0,3,"-7,1432","-34,9869",SPRF-PB,DEL01-PB,UOP03-DEL01-PB
454820.0,2022-06-09,quinta-feira,12:10:00,PB,230,"45,5",SANTA RITA,Transitar no acostamento,Colisão lateral mesmo sentido,Com Vítimas Feridas,Pleno dia,Decrescente,Nublado,Dupla,Reta,Não,4,0,0,2,1,1,2,3,"-7,16263848","-35,02334118",SPRF-PB,DEL01-PB,UOP03-DEL01-PB
454943.0,2022-06-10,sexta-feira,05:25:00,PB,104,137,QUEIMADAS,Condutor Dormindo,Colisão traseira,Com Vítimas Feridas,Amanhecer,Crescente,Céu Claro,Simples,Reta,Sim,2,0,1,0,0,1,1,2,"-7,34437542","-35,89988329",SPRF-PB,DEL02-PB,UOP03-DEL02-PB
455146.0,2022-06-11,sábado,05:00:00,PB,101,86,JOAO PESSOA,Acessar a via sem observar a presença dos outros veículos,Colisão transversal,Com Vítimas Feridas,Amanhecer,Decrescente,Nublado,Dupla,Aclive,Sim,2,0,0,1,1,0,1,2,"-7,1677","-34,8855",SPRF-PB,DEL01-PB,UOP01-DEL01-PB
455509.0,2022-06-12,domingo,23:30:00,PB,230,"130,4",MASSARANDUBA,Velocidade Incompatível,Tombamento,Com Vítimas Feridas,Plena Noite,Decrescente,Céu Claro,Dupla,Declive,Não,1,0,1,0,0,0,1,1,"-7,2685","-35,7213",SPRF-PB,DEL02-PB,UOP01-DEL02-PB
456345.0,2022-06-17,sexta-feira,12:40:00,PB,230,"17,3",JOAO PESSOA,Condutor deixou de manter distância do veículo da frente,Colisão lateral mesmo sentido,Sem Vítimas,Pleno dia,Decrescente,Céu Claro,Dupla,Reta,Sim,2,0,0,0,2,0,0,2,"-7,1121","-34,8426",SPRF-PB,DEL01-PB,UOP01-DEL01-PB
456528.0,2022-06-18,sábado,12:10:00,PB,230,407,POMBAL,Acessar a via sem observar a presença dos outros veículos,Colisão transversal,Com Vítimas Feridas,Pleno dia,Decrescente,Céu Claro,Simples,Interseção de Vias;Curva,Sim,4,0,1,0,1,2,1,4,"-6,7733","-37,798",SPRF-PB,DEL03-PB,UOP02-DEL03-PB
456721.0,2022-06-18,sábado,15:30:00,PB,230,258,JUNCO DO SERIDO,Carga excessiva e/ou mal acondicionada,Derramamento de carga,Sem Vítimas,Pleno dia,Crescente,Céu Claro,Simples,Curva,Não,2,0,0,0,1,2,0,3,"-7,0089","-36,6889",SPRF-PB,DEL03-PB,UOP01-DEL03-PB
456743.0,2022-06-19,domingo,10:05:00,PB,230,"504,7",CAJAZEIRAS,Transitar na contramão,Colisão frontal,Com Vítimas Fatais,Pleno dia,Decrescente,Céu Claro,Simples,Reta,Sim,2,1,0,0,1,0,0,2,"-6,8944","-38,5429",SPRF-PB,DEL03-PB,UOP03-DEL03-PB
457350.0,2022-06-22,quarta-feira,12:30:00,PB,405,"5,1",UIRAUNA,Ausência de reação do condutor,Colisão com objeto,Sem Vítimas,Pleno dia,Decrescente,Nublado,Simples,Reta,Não,2,0,0,0,1,1,0,2,"-6,494732","-38,394413",SPRF-PB,DEL03-PB,UOP03-DEL03-PB
457670.0,2022-06-24,sexta-feira,06:00:00,PB,101,"85,1",BAYEUX,Demais falhas mecânicas ou elétricas,Colisão traseira,Com Vítimas Feridas,Pleno dia,Decrescente,Chuva,Dupla,Reta,Sim,3,0,1,0,1,1,1,3,"-7,14538184","-34,91662887",SPRF-PB,DEL01-PB,UOP01-DEL01-PB
458130.0,2022-06-26,domingo,15:25:00,PB,101,82,BAYEUX,Ausência de reação do condutor,Engavetamento,Sem Vítimas,Pleno dia,Crescente,Céu Claro,Dupla,Reta,Não,3,0,0,0,3,0,0,3,"-7,12911","-34,93714",SPRF-PB,DEL01-PB,UOP01-DEL01-PB
458254.0,2022-06-27,segunda-feira,06:10:00,PB,230,38,SANTA RITA,Ausência de reação do condutor,Colisão traseira,Com Vítimas Feridas,Pleno dia,Decrescente,Nublado,Dupla,Aclive,Não,8,0,0,1,7,0,1,8,"-7,1341","-34,962",SPRF-PB,DEL01-PB,UOP03-DEL01-PB
458431.0,2022-06-28,terça-feira,05:40:00,PB,101,"33,3",MAMANGUAPE,Demais falhas mecânicas ou elétricas,Incêndio,Sem Vítimas,Amanhecer,Decrescente,Nublado,Dupla,Reta,Não,2,0,0,0,1,1,0,2,"-6,77627801","-35,13350468",SPRF-PB,DEL01-PB,UOP04-DEL01-PB
458584.0,2022-06-28,terça-feira,22:35:00,PB,110,"191,9",MONTEIRO,Ultrapassagem Indevida,Colisão frontal,Com Vítimas Feridas,Plena Noite,Crescente,Nublado,Simples,Reta,Não,2,0,0,1,1,0,1,2,"-7,94462803","-37,19769698",SPRF-PB,DEL02-PB,UOP02-DEL02-PB
459477.0,2022-07-03,domingo,18:20:00,PB,101,"85,9",BAYEUX,Acesso irregular,Colisão lateral mesmo sentido,Com Vítimas Feridas,Plena Noite,Crescente,Chuva,Múltipla,Reta,Não,2,0,1,0,0,1,1,2,"-7,14538184","-34,91662887",SPRF-PB,DEL01-PB,UOP01-DEL01-PB
459892.0,2022-07-05,terça-feira,17:30:00,PB,230,16,JOAO PESSOA,Ausência de reação do condutor,Colisão traseira,Com Vítimas Feridas,Anoitecer,Decrescente,Céu Claro,Dupla,Aclive,Sim,4,0,2,0,2,0,2,4,"-7,10418038","-34,84560923",SPRF-PB,DEL01-PB,UOP01-DEL01-PB
460297.0,2022-07-07,quinta-feira,17:50:00,PB,230,"146,2",CAMPINA GRANDE,Frear bruscamente,Colisão traseira,Com Vítimas Feridas,Anoitecer,Decrescente,Chuva,Dupla,Reta,Sim,2,0,1,0,1,0,1,2,"-7,2468","-35,8484",SPRF-PB,DEL02-PB,UOP01-DEL02-PB
460600.0,2022-07-09,sábado,06:35:00,PB,101,125,CAAPORA,Demais falhas mecânicas ou elétricas,Saída de leito carroçável,Sem Vítimas,Pleno dia,Decrescente,Céu Claro,Dupla,Reta,Não,2,0,0,0,1,1,0,2,"-7,47616812","-34,97864057",SPRF-PB,DEL01-PB,UOP02-DEL01-PB
461296.0,2022-06-22,quarta-feira,12:30:00,PB,101,"72,7",SANTA RITA,Estacionar ou parar em local proibido,Colisão traseira,Com Vítimas Feridas,Pleno dia,Crescente,Chuva,Dupla,Declive,Não,6,0,1,0,5,0,1,3,"-7,07320663","-34,99569975",SPRF-PB,DEL01-PB,UOP04-DEL01-PB
461613.0,2022-07-14,quinta-feira,09:40:00,PB,230,13,CABEDELO,Ultrapassagem Indevida,Colisão lateral mesmo sentido,Com Vítimas Feridas,Pleno dia,Decrescente,Céu Claro,Dupla,Interseção de Vias,Sim,2,0,1,0,1,0,1,2,"-7,0772","-34,8494",SPRF-PB,DEL01-PB,UOP01-DEL01-PB
461771.0,2022-07-15,sexta-feira,09:10:00,PB,101,"116,2",CAAPORA,Acumulo de água sobre o pavimento,Colisão traseira,Com Vítimas Feridas,Pleno dia,Decrescente,Chuva,Dupla,Reta;Declive,Não,3,0,1,0,2,0,1,3,"-7,405261","-34,95492",SPRF-PB,DEL01-PB,UOP02-DEL01-PB
461903.0,2022-07-15,sexta-feira,21:25:00,PB,104,192,ALCANTIL,Transitar na contramão,Colisão frontal,Com Vítimas Feridas,Plena Noite,Crescente,Céu Claro,Simples,Reta,Não,2,0,1,0,1,0,1,2,"-7,73784713","-36,07930276",SPRF-PB,DEL02-PB,UOP03-DEL02-PB
462323.0,2022-07-17,domingo,22:00:00,PB,230,48,SANTA RITA,Transitar na contramão,Colisão lateral sentido oposto,Com Vítimas Feridas,Plena Noite,Decrescente,Céu Claro,Dupla,Reta,Não,6,0,2,0,3,1,2,4,"-7,174","-35,0397",SPRF-PB,DEL01-PB,UOP03-DEL01-PB
462918.0,2022-07-21,quinta-feira,01:30:00,PB,230,374,CONDADO,Reação tardia ou ineficiente do condutor,Colisão com objeto,Com Vítimas Feridas,Plena Noite,Crescente,Nublado,Simples,Ponte,Sim,1,0,1,0,0,0,1,1,"-6,9068","-37,5834",SPRF-PB,DEL03-PB,UOP02-DEL03-PB
463326.0,2022-07-22,sexta-feira,19:35:00,PB,101,82,BAYEUX,Pedestre andava na pista,Atropelamento de Pedestre,Com Vítimas Feridas,Plena Noite,Crescente,Nublado,Dupla,Reta,Sim,3,0,0,2,0,1,2,2,"-7,12911","-34,93714",SPRF-PB,DEL01-PB,UOP01-DEL01-PB
463689.0,2022-07-24,domingo,03:20:00,PB,230,"236,5",JUAZEIRINHO,Condutor Dormindo,Tombamento,Com Vítimas Feridas,Plena Noite,Crescente,Céu Claro,Simples,Reta,Não,1,0,1,0,0,0,1,1,"-7,05011649","-36,53710485",SPRF-PB,DEL02-PB,UOP02-DEL02-PB
463950.0,2022-07-24,domingo,22:30:00,PB,101,94,JOAO PESSOA,Demais falhas mecânicas ou elétricas,Incêndio,Sem Vítimas,Plena Noite,Crescente,Garoa/Chuvisco,Dupla,Reta,Não,2,0,0,0,1,1,0,2,"-7,21483297","-34,9117521",SPRF-PB,DEL01-PB,UOP02-DEL01-PB
464052.0,2022-07-25,segunda-feira,22:30:00,PB,230,275,SANTA LUZIA,Demais falhas mecânicas ou elétricas,Saída de leito carroçável,Com Vítimas Feridas,Plena Noite,Crescente,Céu Claro,Simples,Declive,Não,1,0,0,1,0,0,1,1,"-6,954","-36,8259",SPRF-PB,DEL03-PB,UOP01-DEL03-PB
464063.0,2022-07-26,terça-feira,03:50:00,PB,230,"163,4",CAMPINA GRANDE,Condutor Dormindo,Saída de leito carroçável,Sem Vítimas,Plena Noite,Crescente,Céu Claro,Simples,Aclive,Não,1,0,0,0,1,0,0,1,"-7,2198","-35,9443",SPRF-PB,DEL02-PB,UOP01-DEL02-PB
464210.0,2022-07-27,quarta-feira,02:10:00,PB,101,42,MAMANGUAPE,Ausência de reação do condutor,Colisão traseira,Com Vítimas Feridas,Plena Noite,Crescente,Chuva,Dupla,Aclive,Sim,4,0,0,2,1,2,2,4,"-6,856615","-35,13444297",SPRF-PB,DEL01-PB,UOP04-DEL01-PB
464232.0,2022-07-27,quarta-feira,06:15:00,PB,230,"158,2",CAMPINA GRANDE,Ultrapassagem Indevida,Colisão lateral sentido oposto,Com Vítimas Feridas,Pleno dia,Decrescente,Nublado,Simples,Reta,Sim,3,0,0,1,0,2,1,3,"-7,2582","-35,9267",SPRF-PB,DEL02-PB,UOP01-DEL02-PB
464332.0,2022-07-27,quarta-feira,16:59:00,PB,101,"90,6",JOAO PESSOA,Acessar a via sem observar a presença dos outros veículos,Colisão lateral mesmo sentido,Com Vítimas Feridas,Anoitecer,Decrescente,Céu Claro,Dupla,Declive;Reta,Sim,3,0,1,1,0,1,2,3,"-7,179652","-34,900417",SPRF-PB,DEL01-PB,UOP02-DEL01-PB
464358.0,2022-07-27,quarta-feira,19:35:00,PB,101,"90,7",JOAO PESSOA,Ausência de reação do condutor,Colisão traseira,Com Vítimas Feridas,Plena Noite,Decrescente,Céu Claro,Dupla,Declive;Reta,Sim,2,0,1,0,0,1,1,2,"-7,179652","-34,900417",SPRF-PB,DEL01-PB,UOP02-DEL01-PB
464424.0,2022-07-28,quinta-feira,06:10:00,PB,230,"122,8",RIACHAO DO BACAMARTE,Demais falhas mecânicas ou elétricas,Incêndio,Sem Vítimas,Pleno dia,Crescente,Céu Claro,Simples,Reta,Sim,2,0,0,0,1,1,0,2,"-7,2466","-35,6577",SPRF-PB,DEL02-PB,UOP01-DEL02-PB
464602.0,2022-07-29,sexta-feira,08:20:00,PB,230,"20,1",JOAO PESSOA,Reação tardia ou ineficiente do condutor,Engavetamento,Sem Vítimas,Pleno dia,Crescente,Nublado,Dupla,Interseção de Vias;Viaduto;Curva;Aclive,Sim,4,0,0,0,4,0,0,4,"-7,1369551","-34,85412352",SPRF-PB,DEL01-PB,UOP01-DEL01-PB
464691.0,2022-07-29,sexta-feira,15:22:00,PB,101,88,BAYEUX,Ingestão de álcool pelo condutor,Engavetamento,Com Vítimas Feridas,Pleno dia,Crescente,Céu Claro,Dupla,Reta,Sim,3,0,1,0,1,1,1,3,"-7,16470016","-34,89993643",SPRF-PB,DEL01-PB,UOP01-DEL01-PB
465068.0,2022-07-31,domingo,07:29:00,PB,230,"447,9",APARECIDA,Demais falhas mecânicas ou elétricas,Incêndio,Sem Vítimas,Pleno dia,Decrescente,Céu Claro,Simples,Reta,Não,1,0,0,0,1,0,0,1,"-6,786","-38,085",SPRF-PB,DEL03-PB,UOP03-DEL03-PB
465748.0,2022-08-03,quarta-feira,19:45:00,PB,116,"12,6",CACHOEIRA DOS INDIOS,Chuva,Saída de leito carroçável,Com Vítimas Feridas,Plena Noite,Crescente,Chuva,Simples,Reta;Declive,Não,2,0,0,1,0,1,1,2,"-6,993578","-38,746815",SPRF-CE,DEL05-CE,UOP03-DEL05-CE
466743.0,2022-08-08,segunda-feira,12:00:00,PB,230,"27,5",JOAO PESSOA,Demais falhas mecânicas ou elétricas,Tombamento,Sem Vítimas,Pleno dia,Decrescente,Céu Claro,Simples,Curva,Não,2,0,0,0,1,1,0,2,"-7,1651","-34,8941",SPRF-PB,DEL01-PB,UOP01-DEL01-PB
467415.0,2022-08-11,quinta-feira,19:40:00,PB,412,112,SUME,Estacionar ou parar em local proibido,Colisão traseira,Com Vítimas Feridas,Plena Noite,Decrescente,Céu Claro,Simples,Reta,Não,2,0,0,1,1,0,1,2,"-7,692223","-36,905632",SPRF-PB,DEL02-PB,UOP02-DEL02-PB
467831.0,2022-08-13,sábado,15:40:00,PB,101,57,SANTA RITA,Demais falhas mecânicas ou elétricas,Incêndio,Sem Vítimas,Pleno dia,Crescente,Céu Claro,Dupla,Reta,Não,2,0,0,0,2,0,0,1,"-6,97775678","-35,0777086",SPRF-PB,DEL01-PB,UOP04-DEL01-PB
468206.0,2022-08-15,segunda-feira,06:15:00,PB,230,36,SANTA RITA,Velocidade Incompatível,Engavetamento,Sem Vítimas,Pleno dia,Decrescente,Céu Claro,Dupla,Reta,Sim,4,0,0,0,4,0,0,4,"-7,1246","-34,9473",SPRF-PB,DEL01-PB,UOP03-DEL01-PB
468415.0,2022-08-16,terça-feira,07:45:00,PB,101,"83,5",BAYEUX,Ausência de reação do condutor,Engavetamento,Com Vítimas Feridas,Pleno dia,Decrescente,Céu Claro,Dupla,Reta,Não,5,0,2,0,3,0,2,4,"-7,1337703","-34,92963914",SPRF-PB,DEL01-PB,UOP01-DEL01-PB
468456.0,2022-07-25,segunda-feira,06:00:00,PB,116,9,CACHOEIRA DOS INDIOS,Velocidade Incompatível,Saída de leito carroçável,Com Vítimas Feridas,Amanhecer,Crescente,Nublado,Simples,Declive;Curva,Não,1,0,0,1,0,0,1,1,"-6,970903","-38,734009",SPRF-CE,DEL05-CE,UOP03-DEL05-CE
468841.0,2022-08-18,quinta-feira,13:30:00,PB,405,21,SAO JOAO DO RIO DO PEIXE,Reação tardia ou ineficiente do condutor,Colisão com objeto,Com Vítimas Fatais,Pleno dia,Decrescente,Céu Claro,Simples,Reta,Não,2,1,0,0,0,1,0,2,"-6,626873","-38,420803",SPRF-PB,DEL03-PB,UOP03-DEL03-PB
469076.0,2022-08-08,segunda-feira,12:20:00,PB,230,"134,3",CAMPINA GRANDE,Manobra de mudança de faixa,Colisão lateral mesmo sentido,Com Vítimas Fatais,Pleno dia,Decrescente,Sol,Dupla,Reta,Não,6,1,0,1,3,1,1,3,"-7,2774","-35,7367",SPRF-PB,DEL02-PB,UOP01-DEL02-PB