id,data_inversa,dia_semana,horario,uf,br,km,municipio,causa_acidente,tipo_acidente,classificacao_acidente,fase_dia,sentido_via,condicao_metereologica,tipo_pista,tracado_via,uso_solo,pessoas,mortos,feridos_leves,feridos_graves,ilesos,ignorados,feridos,veiculos,latitude,longitude,regional,delegacia,uop
410898.0,2022-01-20,quinta-feira,18:15:00,PB,230,11,CABEDELO,Frear bruscamente,Colisão frontal,Com Vítimas Feridas,Anoitecer,Decrescente,Céu Claro,Dupla,Reta,Sim,4,0,1,0,1,2,1,3,"-7,06466127","-34,85002633",SPRF-PB,DEL01-PB,UOP01-DEL01-PB
411041.0,2022-01-25,terça-feira,12:40:00,PB,101,82,BAYEUX,Acesso irregular,Colisão transversal,Com Vítimas Feridas,Pleno dia,Crescente,Céu Claro,Dupla,Reta,Sim,2,0,0,1,1,0,1,2,"-7,12911","-34,93714",SPRF-PB,DEL01-PB,UOP01-DEL01-PB
411047.0,2022-01-17,segunda-feira,18:57:00,PB,230,10,CABEDELO,Transitar na contramão,Colisão frontal,Com Vítimas Feridas,Plena Noite,Crescente,Céu Claro,Dupla,Reta,Sim,4,0,0,1,1,2,1,3,"-7,0514","-34,8499",SPRF-PB,DEL01-PB,UOP01-DEL01-PB
411156.0,2022-01-21,sexta-feira,08:10:00,PB,230,25,JOAO PESSOA,Manobra de mudança de faixa,Colisão lateral mesmo sentido,Com Vítimas Feridas,Pleno dia,Decrescente,Céu Claro,Múltipla,Reta,Sim,3,0,1,0,1,1,1,3,"-7,16918201","-34,88051003",SPRF-PB,DEL01-PB,UOP01-DEL01-PB
411228.0,2022-01-26,quarta-feira,17:11:00,PB,230,64,SAO MIGUEL DE TAIPU,Velocidade Incompatível,Colisão com objeto,Com Vítimas Feridas,Anoitecer,Decrescente,Céu Claro,Dupla,Reta,Não,1,0,0,1,0,0,1,1,"-7,1944","-35,1754",SPRF-PB,DEL01-PB,UOP03-DEL01-PB
411250.0,2022-01-26,quarta-feira,16:40:00,PB,230,"124,2",RIACHAO DO BACAMARTE,Condutor deixou de manter distância do veículo da frente,Colisão traseira,Sem Vítimas,Pleno dia,Crescente,Sol,Dupla,Aclive,Não,2,0,0,0,2,0,0,2,"-7,249706","-35,682416",SPRF-PB,DEL02-PB,UOP01-DEL02-PB
411254.0,2022-01-26,quarta-feira,18:20:00,PB,230,"9,8",CABEDELO,Área urbana sem a presença de local apropriado para a travessia de pedestres,Atropelamento de Pedestre,Com Vítimas Feridas,Plena Noite,Crescente,Nublado,Dupla,Interseção de Vias;Em Obras;Viaduto,Sim,2,0,0,1,0,1,1,2,"-7,0433","-34,8466",SPRF-PB,DEL01-PB,UOP01-DEL01-PB
411274.0,2022-01-26,quarta-feira,17:05:00,PB,230,27,JOAO PESSOA,Reação tardia ou ineficiente do condutor,Tombamento,Com Vítimas Feridas,Pleno dia,Crescente,Céu Claro,Dupla,Reta,Não,1,0,1,0,0,0,1,1,"-7,1677","-34,8855",SPRF-PB,DEL01-PB,UOP01-DEL01-PB
411297.0,2022-01-27,quinta-feira,00:20:00,PB,230,28,JOAO PESSOA,Acumulo de água sobre o pavimento,Queda de ocupante de veículo,Com Vítimas Feridas,Plena Noite,Crescente,Chuva,Dupla,Viaduto,Sim,1,0,1,0,0,0,1,1,"-7,1651","-34,8941",SPRF-PB,DEL01-PB,UOP01-DEL01-PB
411460.0,2022-01-27,quinta-feira,17:45:00,PB,361,55,CATINGUEIRA,Chuva,Colisão traseira,Com Vítimas Feridas,Anoitecer,Crescente,Chuva,Simples,Reta,Não,5,0,3,0,2,0,3,2,"-7,167567","-37,69489",SPRF-PB,DEL03-PB,UOP01-DEL03-PB
411503.0,2022-01-28,sexta-feira,01:50:00,PB,230,501,CAJAZEIRAS,Transitar na contramão,Colisão frontal,Com Vítimas Feridas,Plena Noite,Crescente,Chuva,Simples,Reta,Sim,2,0,0,1,0,1,1,2,"-6,899","-38,5159",SPRF-PB,DEL03-PB,UOP03-DEL03-PB
411609.0,2022-01-28,sexta-feira,15:20:00,PB,230,"27,5",JOAO PESSOA,Condutor deixou de manter distância do veículo da frente,Tombamento,Com Vítimas Feridas,Pleno dia,Decrescente,Céu Claro,Dupla,Viaduto,Não,1,0,1,0,0,0,1,1,"-7,1677","-34,8855",SPRF-PB,DEL01-PB,UOP01-DEL01-PB
411611.0,2022-01-28,sexta-feira,14:20:00,PB,230,157,CAMPINA GRANDE,Acessar a via sem observar a presença dos outros veículos,Queda de ocupante de veículo,Com Vítimas Feridas,Pleno dia,Decrescente,Nublado,Simples,Interseção de Vias;Reta,Sim,2,0,1,0,0,1,1,2,"-7,26797758","-35,91536757",SPRF-PB,DEL02-PB,UOP01-DEL02-PB
411791.0,2022-01-29,sábado,12:45:00,PB,230,"137,7",MASSARANDUBA,Velocidade Incompatível,Saída de leito carroçável,Com Vítimas Fatais,Pleno dia,Decrescente,Nublado,Dupla,Curva,Não,2,1,0,0,0,1,0,1,"-7,271258","-35,786297",SPRF-PB,DEL02-PB,UOP01-DEL02-PB
411842.0,2022-01-29,sábado,19:15:00,PB,101,"86,5",JOAO PESSOA,Demais falhas mecânicas ou elétricas,Eventos atípicos,Com Vítimas Feridas,Plena Noite,Crescente,Céu Claro,Dupla,Declive;Reta,Sim,3,0,2,0,1,0,2,2,"-7,16130451","-34,90439634",SPRF-PB,DEL01-PB,UOP01-DEL01-PB
411855.0,2022-01-29,sábado,19:10:00,PB,230,"18,9",JOAO PESSOA,Pedestre cruzava a pista fora da faixa,Atropelamento de Pedestre,Com Vítimas Feridas,Plena Noite,Crescente,Céu Claro,Dupla,Curva,Sim,2,0,0,1,0,1,1,2,"-7,12925419","-34,85014558",SPRF-PB,DEL01-PB,UOP01-DEL01-PB
411877.0,2022-01-29,sábado,23:10:00,PB,230,18,JOAO PESSOA,Transitar na contramão,Queda de ocupante de veículo,Com Vítimas Feridas,Plena Noite,Decrescente,Céu Claro,Dupla,Reta,Sim,1,0,1,0,0,0,1,1,"-7,1198","-34,8453",SPRF-PB,DEL01-PB,UOP01-DEL01-PB
411884.0,2022-01-29,sábado,19:36:00,PB,230,480,MARIZOPOLIS,Ausência de reação do condutor,Tombamento,Com Vítimas Feridas,Plena Noite,Decrescente,Nublado,Simples,Reta,Sim,3,0,1,1,0,1,2,2,"-6,8436","-38,3416",SPRF-PB,DEL03-PB,UOP03-DEL03-PB
411909.0,2022-01-30,domingo,06:00:00,PB,412,108,SUME,Velocidade Incompatível,Queda de ocupante de veículo,Com Vítimas Fatais,Pleno dia,Crescente,Céu Claro,Dupla,Reta,Sim,1,1,0,0,0,0,0,1,"-7,670557","-36,876957",SPRF-PB,DEL02-PB,UOP02-DEL02-PB
411939.0,2022-01-30,domingo,02:30:00,PB,361,"6,4",PATOS,Acessar a via sem observar a presença dos outros veículos,Colisão transversal,Com Vítimas Feridas,Plena Noite,Decrescente,Céu Claro,Simples,Aclive,Sim,3,0,1,1,0,1,2,2,"-7,03594312","-37,31112598",SPRF-PB,DEL03-PB,UOP01-DEL03-PB
411942.0,2022-01-30,domingo,05:50:00,PB,101,36,SANTA RITA,Ingestão de álcool pelo condutor,Colisão com objeto,Sem Vítimas,Pleno dia,Crescente,Nevoeiro/Neblina,Dupla,Curva,Sim,1,0,0,0,0,1,0,1,"-7,12489668","-34,94368907",SPRF-PB,DEL01-PB,UOP04-DEL01-PB
412104.0,2022-01-31,segunda-feira,06:40:00,PB,101,83,BAYEUX,Transitar no acostamento,Colisão frontal,Com Vítimas Feridas,Pleno dia,Crescente,Céu Claro,Dupla,Reta,Sim,2,0,1,0,0,1,1,2,"-7,1337703","-34,92963914",SPRF-PB,DEL01-PB,UOP01-DEL01-PB
412111.0,2022-01-31,segunda-feira,06:50:00,PB,101,89,JOAO PESSOA,Reação tardia ou ineficiente do condutor,Colisão lateral mesmo sentido,Com Vítimas Feridas,Pleno dia,Crescente,Céu Claro,Múltipla,Reta,Sim,3,0,3,0,0,0,3,2,"-7,1710694","-34,89765372",SPRF-PB,DEL01-PB,UOP02-DEL01-PB
412118.0,2022-01-31,segunda-feira,07:45:00,PB,230,295,SANTA LUZIA,Reação tardia ou ineficiente do condutor,Tombamento,Com Vítimas Feridas,Pleno dia,Crescente,Céu Claro,Simples,Declive,Não,1,0,1,0,0,0,1,1,"-6,8848","-36,9412",SPRF-PB,DEL03-PB,UOP01-DEL03-PB
412269.0,2022-02-01,terça-feira,07:00:00,PB,230,"20,3",JOAO PESSOA,Reação tardia ou ineficiente do condutor,Tombamento,Com Vítimas Feridas,Pleno dia,Decrescente,Céu Claro,Dupla,Reta,Sim,1,0,0,1,0,0,1,1,"-7,1337","-34,8544",SPRF-PB,DEL01-PB,UOP01-DEL01-PB
412367.0,2022-02-01,terça-feira,19:10:00,PB,230,68,SOBRADO,Conversão proibida,Colisão transversal,Com Vítimas Feridas,Plena Noite,Crescente,Céu Claro,Dupla,Reta,Não,3,0,1,0,2,0,1,2,"-7,1873","-35,2065",SPRF-PB,DEL01-PB,UOP03-DEL01-PB
412395.0,2022-02-01,terça-feira,22:10:00,PB,230,"21,4",JOAO PESSOA,Avarias e/ou desgaste excessivo no pneu,Tombamento,Com Vítimas Feridas,Plena Noite,Crescente,Céu Claro,Dupla,Curva,Sim,2,0,1,1,0,0,2,1,"-7,1415","-34,8519",SPRF-PB,DEL01-PB,UOP01-DEL01-PB
412396.0,2022-02-01,terça-feira,23:30:00,PB,104,"131,6",CAMPINA GRANDE,Ausência de reação do condutor,Saída de leito carroçável,Com Vítimas Feridas,Plena Noite,Decrescente,Céu Claro,Simples,Curva,Sim,1,0,1,0,0,0,1,1,"-7,29900408","-35,89187256",SPRF-PB,DEL02-PB,UOP03-DEL02-PB
412524.0,2022-02-02,quarta-feira,18:30:00,PB,230,15,JOAO PESSOA,Reação tardia ou ineficiente do condutor,Engavetamento,Sem Vítimas,Plena Noite,Crescente,Céu Claro,Dupla,Reta,Sim,3,0,0,0,3,0,0,3,"-7,093","-34,8482",SPRF-PB,DEL01-PB,UOP01-DEL01-PB
412537.0,2022-02-02,quarta-feira,19:45:00,PB,230,37,SANTA RITA,Reação tardia ou ineficiente do condutor,Colisão com objeto,Com Vítimas Feridas,Plena Noite,Crescente,Nublado,Dupla,Aclive,Sim,5,0,2,0,3,0,2,3,"-7,1293","-34,9536",SPRF-PB,DEL01-PB,UOP03-DEL01-PB
412541.0,2022-02-02,quarta-feira,20:05:00,PB,101,"90,5",JOAO PESSOA,Demais falhas na via,Tombamento,Com Vítimas Feridas,Plena Noite,Decrescente,Céu Claro,Dupla,Retorno Regulamentado,Sim,2,0,1,0,0,1,1,1,"-7,1811892","-34,90066644",SPRF-PB,DEL01-PB,UOP02-DEL01-PB
412579.0,2022-02-03,quinta-feira,05:15:00,PB,230,52,CRUZ DO ESPIRITO SANTO,Animais na Pista,Atropelamento de Animal,Com Vítimas Feridas,Amanhecer,Decrescente,Céu Claro,Dupla,Reta,Não,1,0,0,1,0,0,1,1,"-7,1951","-35,0691",SPRF-PB,DEL01-PB,UOP03-DEL01-PB
412665.0,2022-02-03,quinta-feira,10:30:00,PB,230,448,APARECIDA,Reação tardia ou ineficiente do condutor,Colisão frontal,Com Vítimas Feridas,Pleno dia,Crescente,Céu Claro,Simples,Curva,Não,5,0,4,0,1,0,4,2,"-6,7846","-38,0925",SPRF-PB,DEL03-PB,UOP03-DEL03-PB
412721.0,2022-02-03,quinta-feira,21:20:00,PB,230,152,CAMPINA GRANDE,Ingestão de álcool pelo condutor,Saída de leito carroçável,Com Vítimas Feridas,Plena Noite,Decrescente,Céu Claro,Dupla,Retorno Regulamentado,Não,1,0,0,1,0,0,1,1,"-7,274538","-35,8885",SPRF-PB,DEL02-PB,UOP01-DEL02-PB
412762.0,2022-02-04,sexta-feira,06:55:00,PB,101,102,ALHANDRA,Desrespeitar a preferência no cruzamento,Colisão transversal,Com Vítimas Feridas,Pleno dia,Decrescente,Céu Claro,Simples,Reta;Interseção de Vias,Sim,2,0,0,1,1,0,1,2,"-7,28265304","-34,9393864",SPRF-PB,DEL01-PB,UOP02-DEL01-PB
412794.0,2022-01-02,domingo,06:35:00,PB,230,96,GURINHEM,Demais falhas mecânicas ou elétricas,Tombamento,Com Vítimas Feridas,Pleno dia,Decrescente,Céu Claro,Dupla,Reta,Não,2,0,2,0,0,0,2,1,"-7,1842","-35,4447",SPRF-PB,DEL01-PB,UOP03-DEL01-PB
412810.0,2022-02-03,quinta-feira,00:01:00,PB,104,"105,8",SAO SEBASTIAO DE LAGOA DE  ROCA,Demais falhas mecânicas ou elétricas,Incêndio,Sem Vítimas,Plena Noite,Crescente,Céu Claro,Simples,Aclive,Não,1,0,0,0,0,1,0,1,"-7,08938993","-35,85454407",SPRF-PB,DEL02-PB,UOP04-DEL02-PB
412825.0,2022-01-30,domingo,02:00:00,PB,230,"63,7",SAO MIGUEL DE TAIPU,Velocidade Incompatível,Colisão com objeto,Com Vítimas Feridas,Plena Noite,Decrescente,Céu Claro,Dupla,Reta,Não,1,0,1,0,0,0,1,1,"-7,1989","-35,1649",SPRF-PB,DEL01-PB,UOP03-DEL01-PB
413200.0,2022-02-06,domingo,04:40:00,PB,230,470,SOUSA,Chuva,Colisão traseira,Com Vítimas Feridas,Amanhecer,Decrescente,Chuva,Simples,Reta,Não,2,0,0,1,0,1,1,2,"-6,791397","-38,287836",SPRF-PB,DEL03-PB,UOP03-DEL03-PB
413203.0,2022-02-06,domingo,07:10:00,PB,101,"86,2",JOAO PESSOA,Reação tardia ou ineficiente do condutor,Tombamento,Com Vítimas Feridas,Pleno dia,Decrescente,Céu Claro,Dupla,Reta,Sim,1,0,0,1,0,0,1,1,"-7,15118983","-34,91012184",SPRF-PB,DEL01-PB,UOP01-DEL01-PB
413225.0,2022-02-06,domingo,09:00:00,PB,230,50,SANTA RITA,Reação tardia ou ineficiente do condutor,Saída de leito carroçável,Com Vítimas Feridas,Pleno dia,Crescente,Céu Claro,Simples,Reta,Não,2,0,0,1,0,1,1,1,"-7,1846","-35,0544",SPRF-PB,DEL01-PB,UOP03-DEL01-PB
413236.0,2022-02-06,domingo,12:00:00,PB,230,"147,7",CAMPINA GRANDE,Ausência de reação do condutor,Tombamento,Com Vítimas Feridas,Pleno dia,Decrescente,Céu Claro,Dupla,Curva,Sim,2,0,2,0,0,0,2,1,"-7,2425","-35,8567",SPRF-PB,DEL02-PB,UOP01-DEL02-PB
413285.0,2022-02-06,domingo,16:30:00,PB,230,"86,3",JOAO PESSOA,Avarias e/ou desgaste excessivo no pneu,Saída de leito carroçável,Sem Vítimas,Pleno dia,Crescente,Sol,Dupla,Reta,Sim,1,0,0,0,0,1,0,1,"-7,15666321","-34,90713219",SPRF-PB,DEL01-PB,UOP03-DEL01-PB
413353.0,2022-02-06,domingo,19:15:00,PB,412,"141,5",MONTEIRO,Condutor deixou de manter distância do veículo da frente,Colisão traseira,Com Vítimas Feridas,Plena Noite,Crescente,Céu Claro,Simples,Aclive,Não,3,0,3,0,0,0,3,2,"-7,872064","-37,092819",SPRF-PB,DEL02-PB,UOP02-DEL02-PB
413361.0,2022-02-06,domingo,22:00:00,PB,230,62,CRUZ DO ESPIRITO SANTO,Transitar na contramão,Colisão frontal,Com Vítimas Fatais,Plena Noite,Decrescente,Céu Claro,Dupla,Em Obras;Reta;Desvio Temporário,Não,4,1,0,0,3,0,0,2,"-7,202","-35,1574",SPRF-PB,DEL01-PB,UOP03-DEL01-PB
413383.0,2022-02-06,domingo,23:45:00,PB,101,100,CONDE,Ingestão de álcool e/ou substâncias psicoativas pelo pedestre,Saída de leito carroçável,Sem Vítimas,Plena Noite,Decrescente,Céu Claro,Dupla,Interseção de Vias,Não,1,0,0,0,1,0,0,1,"-7,26469806","-34,93677965",SPRF-PB,DEL01-PB,UOP02-DEL01-PB
413409.0,2022-02-07,segunda-feira,06:00:00,PB,101,"57,7",SANTA RITA,Manobra de mudança de faixa,Saída de leito carroçável,Com Vítimas Feridas,Pleno dia,Decrescente,Céu Claro,Dupla,Reta,Não,1,0,1,0,0,0,1,1,"-6,97775678","-35,0777086",SPRF-PB,DEL01-PB,UOP04-DEL01-PB
413431.0,2022-02-07,segunda-feira,07:45:00,PB,230,11,CABEDELO,Acessar a via sem observar a presença dos outros veículos,Colisão transversal,Com Vítimas Feridas,Pleno dia,Decrescente,Céu Claro,Dupla,Reta;Retorno Regulamentado,Sim,2,0,1,0,1,0,1,2,"-7,0596","-34,8506",SPRF-PB,DEL01-PB,UOP01-DEL01-PB
413436.0,2022-02-07,segunda-feira,08:20:00,PB,230,17,JOAO PESSOA,Acessar a via sem observar a presença dos outros veículos,Engavetamento,Sem Vítimas,Pleno dia,Crescente,Céu Claro,Dupla,Reta,Sim,3,0,0,0,2,1,0,3,"-7,1121","-34,8426",SPRF-PB,DEL01-PB,UOP01-DEL01-PB
413650.0,2022-02-08,terça-feira,08:15:00,PB,101,79,SANTA RITA,Demais falhas na via,Capotamento,Com Vítimas Fatais,Pleno dia,Decrescente,Céu Claro,Dupla,Reta,Não,1,1,0,0,0,0,0,1,"-7,1147526","-34,95793891",SPRF-PB,DEL01-PB,UOP04-DEL01-PB
413664.0,2022-02-08,terça-feira,08:30:00,PB,230,313,SAO MAMEDE,Acessar a via sem observar a presença dos outros veículos,Colisão transversal,Com Vítimas Feridas,Pleno dia,Crescente,Céu Claro,Simples,Reta,Sim,3,0,1,0,0,2,1,3,"-6,9371","-37,0949",SPRF-PB,DEL03-PB,UOP01-DEL03-PB
413864.0,2022-02-09,quarta-feira,13:40:00,PB,230,"18,3",JOAO PESSOA,Avarias e/ou desgaste excessivo no pneu,Tombamento,Com Vítimas Feridas,Pleno dia,Decrescente,Sol,Dupla,Reta;Aclive,Sim,2,0,2,0,0,0,2,1,"-7,1198","-34,8453",SPRF-PB,DEL01-PB,UOP01-DEL01-PB
413934.0,2022-02-09,quarta-feira,16:30:00,PB,427,37,POMBAL,Ausência de reação do condutor,Tombamento,Com Vítimas Feridas,Pleno dia,Decrescente,Céu Claro,Simples,Curva,Sim,2,0,2,0,0,0,2,1,"-6,76405124","-37,78910384",SPRF-PB,DEL03-PB,UOP02-DEL03-PB
414064.0,2022-02-10,quinta-feira,15:50:00,PB,230,"184,5",POCINHOS,Acessar a via sem observar a presença dos outros veículos,Colisão traseira,Com Vítimas Feridas,Pleno dia,Decrescente,Sol,Simples,Reta,Não,3,0,1,0,2,0,1,2,"-7,153","-36,1016",SPRF-PB,DEL02-PB,UOP02-DEL02-PB
414203.0,2022-02-11,sexta-feira,09:35:00,PB,230,323,QUIXABA,Ultrapassagem Indevida,Saída de leito carroçável,Com Vítimas Feridas,Pleno dia,Crescente,Céu Claro,Simples,Reta,Não,1,0,1,0,0,0,1,1,"-6,9823","-37,1718",SPRF-PB,DEL03-PB,UOP01-DEL03-PB
414244.0,2022-02-11,sexta-feira,14:00:00,PB,230,21,JOAO PESSOA,Demais falhas mecânicas ou elétricas,Tombamento,Com Vítimas Feridas,Pleno dia,Crescente,Céu Claro,Dupla,Reta,Sim,1,0,1,0,0,0,1,1,"-7,1415","-34,8519",SPRF-PB,DEL01-PB,UOP01-DEL01-PB
414294.0,2022-02-11,sexta-feira,17:30:00,PB,230,16,JOAO PESSOA,Reação tardia ou ineficiente do condutor,Engavetamento,Com Vítimas Feridas,Anoitecer,Crescente,Céu Claro,Dupla,Reta,Sim,5,0,2,0,2,1,2,4,"-7,10726674","-34,84380668",SPRF-PB,DEL01-PB,UOP01-DEL01-PB
414304.0,2022-02-11,sexta-feira,17:00:00,PB,412,"127,3",MONTEIRO,Reação tardia ou ineficiente do condutor,Colisão traseira,Com Vítimas Feridas,Pleno dia,Crescente,Céu Claro,Simples,Reta,Não,2,0,0,1,1,0,1,2,"-7,780533","-37,00621",SPRF-PB,DEL02-PB,UOP02-DEL02-PB
414346.0,2022-02-11,sexta-feira,22:00:00,PB,361,4,PATOS,Ingestão de álcool pelo condutor,Colisão frontal,Com Vítimas Feridas,Plena Noite,Decrescente,Chuva,Simples,Reta,Sim,2,0,1,0,0,1,1,2,"-7,03208047","-37,29365088",SPRF-PB,DEL03-PB,UOP01-DEL03-PB
414431.0,2022-02-12,sábado,07:30:00,PB,104,"114,2",LAGOA SECA,Acesso irregular,Colisão transversal,Com Vítimas Feridas,Pleno dia,Crescente,Céu Claro,Simples,Reta,Sim,2,0,0,1,0,1,1,2,"-7,1620139","-35,85712429",SPRF-PB,DEL02-PB,UOP04-DEL02-PB
414461.0,2022-02-12,sábado,11:35:00,PB,101,89,JOAO PESSOA,Ausência de reação do condutor,Colisão lateral mesmo sentido,Sem Vítimas,Pleno dia,Decrescente,Sol,Dupla,Reta,Sim,1,0,0,0,1,0,0,1,"-7,17027433","-34,89729336",SPRF-PB,DEL01-PB,UOP02-DEL01-PB
414576.0,2022-02-12,sábado,20:30:00,PB,230,"63,8",SAO MIGUEL DE TAIPU,Reação tardia ou ineficiente do condutor,Colisão com objeto,Sem Vítimas,Pleno dia,Decrescente,Céu Claro,Dupla,Reta,Não,1,0,0,0,0,1,0,1,"-7,1989","-35,1649",SPRF-PB,DEL01-PB,UOP03-DEL01-PB
414622.0,2022-02-12,sábado,23:00:00,PB,230,6,CABEDELO,Reação tardia ou ineficiente do condutor,Colisão com objeto,Com Vítimas Feridas,Plena Noite,Decrescente,Céu Claro,Múltipla,Em Obras,Não,1,0,1,0,0,0,1,1,"-7,021615","-34,836437",SPRF-PB,DEL01-PB,UOP01-DEL01-PB
414738.0,2022-02-13,domingo,08:30:00,PB,101,"60,9",SANTA RITA,Ausência de reação do condutor,Colisão com objeto,Com Vítimas Feridas,Pleno dia,Decrescente,Céu Claro,Dupla,Aclive;Curva,Não,2,0,0,2,0,0,2,1,"-7,00780054","-35,0610979",SPRF-PB,DEL01-PB,UOP04-DEL01-PB
414775.0,2022-02-13,domingo,17:30:00,PB,101,105,ALHANDRA,Ingestão de álcool pelo condutor,Colisão traseira,Com Vítimas Feridas,Anoitecer,Decrescente,Céu Claro,Dupla,Reta;Declive,Sim,2,0,0,1,1,0,1,2,"-7,30814609","-34,94344185",SPRF-PB,DEL01-PB,UOP02-DEL01-PB
414783.0,2022-02-13,domingo,18:20:00,PB,230,16,JOAO PESSOA,Ingestão de álcool pelo condutor,Colisão traseira,Com Vítimas Feridas,Plena Noite,Crescente,Céu Claro,Dupla,Reta,Sim,2,0,1,0,1,0,1,2,"-7,10964405","-34,84321475",SPRF-PB,DEL01-PB,UOP01-DEL01-PB
414786.0,2022-02-13,domingo,17:53:00,PB,101,"84,5",BAYEUX,Acessar a via sem observar a presença dos outros veículos,Colisão traseira,Com Vítimas Fatais,Anoitecer,Crescente,Céu Claro,Múltipla,Reta,Sim,3,1,1,0,0,1,1,3,"-7,13957906","-34,92312806",SPRF-PB,DEL01-PB,UOP01-DEL01-PB
414816.0,2022-02-13,domingo,19:30:00,PB,104,"139,7",QUEIMADAS,Manobra de mudança de faixa,Colisão transversal,Com Vítimas Feridas,Plena Noite,Crescente,Céu Claro,Simples,Interseção de Vias,Sim,3,0,2,0,1,0,2,2,"-7,36948311","-35,89979635",SPRF-PB,DEL02-PB,UOP03-DEL02-PB
414861.0,2022-02-13,domingo,23:40:00,PB,230,196,POCINHOS,Animais na Pista,Atropelamento de Animal,Com Vítimas Feridas,Plena Noite,Crescente,Céu Claro,Simples,Reta,Não,2,0,1,0,1,0,1,1,"-7,1167","-36,2024",SPRF-PB,DEL02-PB,UOP02-DEL02-PB
414900.0,2022-02-14,segunda-feira,06:40:00,PB,101,84,BAYEUX,Condutor deixou de manter distância do veículo da frente,Colisão traseira,Sem Vítimas,Pleno dia,Crescente,Céu Claro,Dupla,Reta,Sim,3,0,0,0,2,1,0,3,"-7,13957906","-34,92312806",SPRF-PB,DEL01-PB,UOP01-DEL01-PB
414923.0,2022-02-14,segunda-feira,09:35:00,PB,230,"136,3",MASSARANDUBA,Avarias e/ou desgaste excessivo no pneu,Tombamento,Com Vítimas Feridas,Pleno dia,Crescente,Céu Claro,Dupla,Curva,Não,2,0,2,0,0,0,2,1,"-7,2818","-35,7675",SPRF-PB,DEL02-PB,UOP01-DEL02-PB
415032.0,2022-02-14,segunda-feira,19:38:00,PB,230,"77,8",RIACHAO DO POCO,Ultrapassagem Indevida,Saída de leito carroçável,Com Vítimas Fatais,Plena Noite,Crescente,Nublado,Dupla,Reta,Não,4,1,2,0,0,1,2,1,"-7,1869","-35,2871",SPRF-PB,DEL01-PB,UOP03-DEL01-PB
415092.0,2022-02-04,sexta-feira,16:15:00,PB,230,13,CABEDELO,Condutor deixou de manter distância do veículo da frente,Colisão traseira,Com Vítimas Feridas,Pleno dia,Decrescente,Céu Claro,Dupla,Reta,Sim,2,0,1,0,1,0,1,2,"-7,08008105","-34,84902492",SPRF-PB,DEL01-PB,UOP01-DEL01-PB
415163.0,2022-02-15,terça-feira,18:00:00,PB,101,88,JOAO PESSOA,Acessar a via sem observar a presença dos outros veículos,Colisão lateral mesmo sentido,Com Vítimas Feridas,Plena Noite,Crescente,Ignorado,Dupla,Interseção de Vias;Declive;Reta,Sim,2,0,1,0,1,0,1,2,"-7,16430976","-34,89665508",SPRF-PB,DEL01-PB,UOP01-DEL01-PB
415231.0,2022-02-16,quarta-feira,07:00:00,PB,230,"26,5",JOAO PESSOA,Ausência de reação do condutor,Engavetamento,Sem Vítimas,Pleno dia,Crescente,Céu Claro,Dupla,Reta,Sim,4,0,0,0,4,0,0,4,"-7,1693","-34,8782",SPRF-PB,DEL01-PB,UOP01-DEL01-PB
415464.0,2022-02-17,quinta-feira,12:40:00,PB,101,"99,8",CONDE,Avarias e/ou desgaste excessivo no pneu,Colisão com objeto,Com Vítimas Feridas,Pleno dia,Decrescente,Chuva,Dupla,Curva,Sim,3,0,2,1,0,0,3,1,"-7,26166978","-34,93601918",SPRF-PB,DEL01-PB,UOP02-DEL01-PB
415493.0,2022-02-17,quinta-feira,16:10:00,PB,101,"109,8",ALHANDRA,Reação tardia ou ineficiente do condutor,Saída de leito carroçável,Com Vítimas Feridas,Pleno dia,Crescente,Sol,Dupla,Reta,Sim,1,0,1,0,0,0,1,1,"-7,35255626","-34,94940909",SPRF-PB,DEL01-PB,UOP02-DEL01-PB
415531.0,2022-02-17,quinta-feira,19:50:00,PB,230,89,GURINHEM,Condutor deixou de manter distância do veículo da frente,Colisão traseira,Com Vítimas Feridas,Plena Noite,Crescente,Céu Claro,Dupla,Reta,Sim,2,0,1,0,1,0,1,2,"-7,1708","-35,3831",SPRF-PB,DEL01-PB,UOP03-DEL01-PB
415688.0,2022-02-18,sexta-feira,16:51:00,PB,101,84,BAYEUX,Reação tardia ou ineficiente do condutor,Colisão lateral mesmo sentido,Com Vítimas Feridas,Pleno dia,Decrescente,Sol,Dupla,Reta,Sim,3,0,1,0,0,2,1,2,"-7,13957906","-34,92312806",SPRF-PB,DEL01-PB,UOP01-DEL01-PB
415779.0,2022-02-18,sexta-feira,22:00:00,PB,230,287,SANTA LUZIA,Ausência de reação do condutor,Colisão frontal,Sem Vítimas,Plena Noite,Decrescente,Céu Claro,Simples,Reta,Não,2,0,0,0,1,1,0,2,"-6,8929","-36,8861",SPRF-PB,DEL03-PB,UOP01-DEL03-PB
415879.0,2022-02-19,sábado,12:30:00,PB,405,"1,8",UIRAUNA,Manobra de mudança de faixa,Colisão traseira,Com Vítimas Feridas,Pleno dia,Decrescente,Céu Claro,Simples,Declive,Não,4,0,0,2,0,2,2,3,"-6,461908","-38,378624",SPRF-PB,DEL03-PB,UOP03-DEL03-PB