id,data_inversa,dia_semana,horario,uf,br,km,municipio,causa_acidente,tipo_acidente,classificacao_acidente,fase_dia,sentido_via,condicao_metereologica,tipo_pista,tracado_via,uso_solo,pessoas,mortos,feridos_leves,feridos_graves,ilesos,ignorados,feridos,veiculos,latitude,longitude,regional,delegacia,uop
415902.0,2022-02-19,sábado,18:00:00,PB,101,79,SANTA RITA,Ingestão de álcool pelo condutor,Capotamento,Sem Vítimas,Plena Noite,Decrescente,Céu Claro,Dupla,Curva,Não,1,0,0,0,0,1,0,1,"-7,1147526","-34,95793891",SPRF-PB,DEL01-PB,UOP04-DEL01-PB
415965.0,2022-02-19,sábado,09:00:00,PB,361,"3,9",PATOS,Transitar na contramão,Colisão frontal,Com Vítimas Feridas,Pleno dia,Decrescente,Céu Claro,Simples,Reta,Sim,2,0,1,0,1,0,1,2,"-7,02992098","-37,285079",SPRF-PB,DEL03-PB,UOP01-DEL03-PB
416094.0,2022-02-20,domingo,16:25:00,PB,101,"108,8",ALHANDRA,Avarias e/ou desgaste excessivo no pneu,Colisão com objeto,Sem Vítimas,Pleno dia,Crescente,Sol,Dupla,Reta,Sim,2,0,0,0,2,0,0,1,"-7,33454898","-34,94758056",SPRF-PB,DEL01-PB,UOP02-DEL01-PB
416099.0,2022-02-20,domingo,16:40:00,PB,230,"215,3",SOLEDADE,Ingestão de álcool pelo condutor,Colisão traseira,Sem Vítimas,Pleno dia,Crescente,Nublado,Simples,Reta,Sim,3,0,0,0,3,0,0,2,"-7,0577","-36,3629",SPRF-PB,DEL02-PB,UOP02-DEL02-PB
416268.0,2022-02-21,segunda-feira,09:47:00,PB,101,"88,3",JOAO PESSOA,Condutor deixou de manter distância do veículo da frente,Colisão lateral mesmo sentido,Com Vítimas Feridas,Pleno dia,Crescente,Sol,Dupla,Interseção de Vias,Sim,2,0,0,1,0,1,1,2,"-7,16470016","-34,89993643",SPRF-PB,DEL01-PB,UOP01-DEL01-PB
416361.0,2022-02-21,segunda-feira,18:35:00,PB,230,"393,9",POMBAL,Animais na Pista,Atropelamento de Animal,Sem Vítimas,Plena Noite,Crescente,Nublado,Simples,Reta,Não,1,0,0,0,1,0,0,1,"-6,877","-37,732",SPRF-PB,DEL03-PB,UOP02-DEL03-PB
416369.0,2022-02-21,segunda-feira,19:45:00,PB,101,"105,3",ALHANDRA,Reação tardia ou ineficiente do condutor,Saída de leito carroçável,Sem Vítimas,Plena Noite,Decrescente,Nublado,Dupla,Curva,Não,1,0,0,0,0,1,0,1,"-7,30814609","-34,94344185",SPRF-PB,DEL01-PB,UOP02-DEL01-PB
416424.0,2022-02-22,terça-feira,06:45:00,PB,230,"132,9",CAMPINA GRANDE,Chuva,Saída de leito carroçável,Com Vítimas Feridas,Pleno dia,Crescente,Chuva,Dupla,Curva,Não,1,0,1,0,0,0,1,1,"-7,272475","-35,751111",SPRF-PB,DEL02-PB,UOP01-DEL02-PB
416531.0,2022-02-22,terça-feira,17:20:00,PB,427,"37,8",POMBAL,Acessar a via sem observar a presença dos outros veículos,Colisão lateral mesmo sentido,Com Vítimas Feridas,Anoitecer,Crescente,Céu Claro,Simples,Interseção de Vias,Sim,4,0,3,0,1,0,3,2,"-6,77023239","-37,79645562",SPRF-PB,DEL03-PB,UOP02-DEL03-PB
416589.0,2022-02-23,quarta-feira,06:45:00,PB,101,"83,5",BAYEUX,Condutor deixou de manter distância do veículo da frente,Engavetamento,Sem Vítimas,Pleno dia,Decrescente,Chuva,Dupla,Viaduto,Sim,5,0,0,0,4,1,0,5,"-7,1366","-34,9264",SPRF-PB,DEL01-PB,UOP01-DEL01-PB
416600.0,2022-02-23,quarta-feira,08:00:00,PB,230,22,JOAO PESSOA,Manobra de mudança de faixa,Colisão lateral mesmo sentido,Com Vítimas Feridas,Pleno dia,Decrescente,Sol,Dupla,Reta,Não,2,0,1,0,1,0,1,2,"-7,155347","-34,856576",SPRF-PB,DEL01-PB,UOP01-DEL01-PB
416621.0,2022-02-23,quarta-feira,10:00:00,PB,101,"26,5",MAMANGUAPE,Acumulo de água sobre o pavimento,Saída de leito carroçável,Com Vítimas Feridas,Pleno dia,Crescente,Chuva,Dupla,Reta,Não,1,0,1,0,0,0,1,1,"-6,71699905","-35,11894863",SPRF-PB,DEL01-PB,UOP04-DEL01-PB
416634.0,2022-02-23,quarta-feira,11:45:00,PB,101,81,SANTA RITA,Acumulo de água sobre o pavimento,Saída de leito carroçável,Com Vítimas Feridas,Pleno dia,Crescente,Chuva,Dupla,Curva,Não,1,0,1,0,0,0,1,1,"-7,12508575","-34,94513217",SPRF-PB,DEL01-PB,UOP01-DEL01-PB
416667.0,2022-02-23,quarta-feira,16:00:00,PB,230,"138,3",MASSARANDUBA,Ausência de reação do condutor,Colisão traseira,Com Vítimas Feridas,Pleno dia,Crescente,Nublado,Simples,Declive,Não,3,0,2,0,1,0,2,2,"-7,2755","-35,7831",SPRF-PB,DEL02-PB,UOP01-DEL02-PB
416695.0,2022-02-23,quarta-feira,17:35:00,PB,101,"86,2",BAYEUX,Ausência de reação do condutor,Colisão traseira,Sem Vítimas,Anoitecer,Decrescente,Céu Claro,Dupla,Reta,Sim,2,0,0,0,2,0,0,2,"-7,1484","-34,9129",SPRF-PB,DEL01-PB,UOP01-DEL01-PB
416795.0,2022-02-24,quinta-feira,08:50:00,PB,361,8,PATOS,Ingestão de álcool pelo condutor,Saída de leito carroçável,Com Vítimas Feridas,Pleno dia,Decrescente,Sol,Simples,Reta,Não,1,0,1,0,0,0,1,1,"-7,04130903","-37,32798299",SPRF-PB,DEL03-PB,UOP01-DEL03-PB
417025.0,2022-02-25,sexta-feira,06:40:00,PB,230,"41,2",SANTA RITA,Manobra de mudança de faixa,Saída de leito carroçável,Com Vítimas Feridas,Pleno dia,Decrescente,Garoa/Chuvisco,Dupla,Curva,Não,1,0,1,0,0,0,1,1,"-7,14219941","-34,99248505",SPRF-PB,DEL01-PB,UOP03-DEL01-PB
417055.0,2022-02-25,sexta-feira,07:00:00,PB,230,"0,9",PATOS,Condutor deixou de manter distância do veículo da frente,Colisão traseira,Com Vítimas Feridas,Pleno dia,Crescente,Céu Claro,Simples,Interseção de Vias,Sim,3,0,2,0,1,0,2,2,"-7,024862","-37,280304",SPRF-PB,DEL03-PB,UOP01-DEL03-PB
417230.0,2022-02-25,sexta-feira,20:50:00,PB,101,98,ALHANDRA,Ingestão de álcool pelo condutor,Colisão com objeto,Com Vítimas Feridas,Plena Noite,Decrescente,Céu Claro,Dupla,Reta,Não,1,0,1,0,0,0,1,1,"-7,24692282","-34,93113937",SPRF-PB,DEL01-PB,UOP02-DEL01-PB
417306.0,2022-02-26,sábado,07:00:00,PB,230,"41,4",SANTA RITA,Velocidade Incompatível,Saída de leito carroçável,Com Vítimas Feridas,Pleno dia,Decrescente,Céu Claro,Dupla,Curva,Não,2,0,2,0,0,0,2,1,"-7,14226328","-34,99246359",SPRF-PB,DEL01-PB,UOP03-DEL01-PB
417323.0,2022-02-26,sábado,08:30:00,PB,101,86,JOAO PESSOA,Ultrapassagem Indevida,Colisão lateral mesmo sentido,Com Vítimas Feridas,Pleno dia,Crescente,Céu Claro,Dupla,Reta,Sim,3,0,1,0,2,0,1,2,"-7,15118983","-34,91012184",SPRF-PB,DEL01-PB,UOP01-DEL01-PB
417510.0,2022-02-27,domingo,01:00:00,PB,230,"78,2",RIACHAO DO POCO,Ingestão de álcool pelo condutor,Colisão frontal,Com Vítimas Feridas,Plena Noite,Decrescente,Nublado,Dupla,Reta,Não,9,0,8,0,0,1,8,2,"-7,1849","-35,2955",SPRF-PB,DEL01-PB,UOP03-DEL01-PB
417636.0,2022-02-27,domingo,16:15:00,PB,230,20,JOAO PESSOA,Ausência de reação do condutor,Tombamento,Com Vítimas Feridas,Anoitecer,Crescente,Céu Claro,Dupla,Reta,Sim,1,0,1,0,0,0,1,1,"-7,14325765","-34,85147595",SPRF-PB,DEL01-PB,UOP01-DEL01-PB
417655.0,2022-02-27,domingo,17:40:00,PB,101,86,JOAO PESSOA,Ingestão de álcool pelo condutor,Colisão traseira,Com Vítimas Feridas,Plena Noite,Decrescente,Céu Claro,Dupla,Curva,Sim,2,0,1,0,1,0,1,2,"-7,15179098","-34,9090147",SPRF-PB,DEL01-PB,UOP01-DEL01-PB
417734.0,2022-02-27,domingo,22:40:00,PB,101,83,BAYEUX,Ausência de reação do condutor,Colisão traseira,Com Vítimas Feridas,Plena Noite,Crescente,Céu Claro,Dupla,Reta,Sim,5,0,1,0,4,0,1,2,"-7,1337703","-34,92963914",SPRF-PB,DEL01-PB,UOP01-DEL01-PB
417742.0,2022-02-27,domingo,23:30:00,PB,101,45,MAMANGUAPE,Velocidade Incompatível,Saída de leito carroçável,Sem Vítimas,Plena Noite,Crescente,Céu Claro,Simples,Interseção de Vias,Não,1,0,0,0,1,0,0,1,"-6,88322894","-35,1303459",SPRF-PB,DEL01-PB,UOP04-DEL01-PB
417911.0,2022-02-28,segunda-feira,22:20:00,PB,230,"73,5",SOBRADO,Acessar a via sem observar a presença dos outros veículos,Colisão transversal,Com Vítimas Feridas,Plena Noite,Decrescente,Céu Claro,Simples,Reta,Não,2,0,0,1,1,0,1,2,"-7,18810087","-35,28099418",SPRF-PB,DEL01-PB,UOP03-DEL01-PB
417937.0,2022-03-01,terça-feira,04:20:00,PB,101,"80,5",SANTA RITA,Animais na Pista,Atropelamento de Animal,Com Vítimas Feridas,Plena Noite,Decrescente,Céu Claro,Dupla,Curva,Não,1,0,0,1,0,0,1,1,"-7,11753704","-34,94951428",SPRF-PB,DEL01-PB,UOP04-DEL01-PB
417990.0,2022-02-17,quinta-feira,20:45:00,PB,101,"81,5",BAYEUX,Acessar a via sem observar a presença dos outros veículos,Colisão traseira,Com Vítimas Feridas,Anoitecer,Crescente,Céu Claro,Simples,Reta,Sim,2,0,1,0,1,0,1,2,"-7,12508575","-34,94513217",SPRF-PB,DEL01-PB,UOP01-DEL01-PB
418053.0,2022-03-01,terça-feira,20:28:00,PB,230,"46,5",SANTA RITA,Entrada inopinada do pedestre,Atropelamento de Pedestre,Com Vítimas Fatais,Plena Noite,Crescente,Céu Claro,Dupla,Reta,Não,2,1,0,0,1,0,0,2,"-7,168145","-35,031544",SPRF-PB,DEL01-PB,UOP03-DEL01-PB
418095.0,2022-03-01,terça-feira,20:30:00,PB,412,"105,2",SUME,Ingestão de álcool pelo condutor,Colisão traseira,Com Vítimas Feridas,Plena Noite,Decrescente,Céu Claro,Simples,Reta,Sim,2,0,2,0,0,0,2,2,"-7,647354","-36,867279",SPRF-PB,DEL02-PB,UOP02-DEL02-PB
418119.0,2022-03-02,quarta-feira,07:00:00,PB,230,"158,5",CAMPINA GRANDE,Conversão proibida,Colisão lateral mesmo sentido,Com Vítimas Feridas,Pleno dia,Crescente,Chuva,Simples,Reta,Não,2,0,1,0,0,1,1,2,"-7,2582","-35,9267",SPRF-PB,DEL02-PB,UOP01-DEL02-PB
418169.0,2022-03-02,quarta-feira,14:44:00,PB,101,"93,9",CONDE,Avarias e/ou desgaste excessivo no pneu,Tombamento,Com Vítimas Feridas,Pleno dia,Crescente,Sol,Dupla,Reta,Não,1,0,1,0,0,0,1,1,"-7,205825","-34,90879",SPRF-PB,DEL01-PB,UOP02-DEL01-PB
418240.0,2022-03-02,quarta-feira,21:30:00,PB,101,"31,6",MAMANGUAPE,Reação tardia ou ineficiente do condutor,Colisão com objeto,Com Vítimas Feridas,Plena Noite,Decrescente,Céu Claro,Dupla,Reta,Não,2,0,2,0,0,0,2,1,"-6,758091","-35,13408691",SPRF-PB,DEL01-PB,UOP04-DEL01-PB
418276.0,2022-03-03,quinta-feira,06:30:00,PB,230,"136,6",MASSARANDUBA,Acumulo de areia ou detritos sobre o pavimento,Capotamento,Com Vítimas Feridas,Pleno dia,Crescente,Céu Claro,Dupla,Reta,Não,1,0,1,0,0,0,1,1,"-7,2818","-35,7675",SPRF-PB,DEL02-PB,UOP01-DEL02-PB
418514.0,2022-03-04,sexta-feira,07:30:00,PB,230,"159,4",CAMPINA GRANDE,Acessar a via sem observar a presença dos outros veículos,Colisão transversal,Com Vítimas Feridas,Pleno dia,Crescente,Nublado,Simples,Interseção de Vias,Sim,2,0,1,0,1,0,1,2,"-7,252","-35,9334",SPRF-PB,DEL02-PB,UOP01-DEL02-PB
418558.0,2022-03-04,sexta-feira,09:40:00,PB,361,"90,1",PIANCO,Transitar na contramão,Colisão frontal,Com Vítimas Fatais,Pleno dia,Crescente,Nublado,Simples,Reta,Não,3,1,0,1,0,1,1,2,"-7,221253","-37,983981",SPRF-PB,DEL03-PB,UOP01-DEL03-PB
418575.0,2022-03-04,sexta-feira,13:50:00,PB,101,88,JOAO PESSOA,Ausência de reação do condutor,Queda de ocupante de veículo,Com Vítimas Feridas,Pleno dia,Crescente,Sol,Múltipla,Aclive;Reta,Sim,3,0,0,1,0,2,1,2,"-7,16470016","-34,89993643",SPRF-PB,DEL01-PB,UOP01-DEL01-PB
418578.0,2022-03-04,sexta-feira,14:55:00,PB,230,"28,2",JOAO PESSOA,Velocidade Incompatível,Saída de leito carroçável,Sem Vítimas,Pleno dia,Crescente,Sol,Dupla,Viaduto,Sim,1,0,0,0,1,0,0,1,"-7,16513717","-34,89836097",SPRF-PB,DEL01-PB,UOP01-DEL01-PB
418583.0,2022-03-04,sexta-feira,14:30:00,PB,230,"136,6",CAMPINA GRANDE,Velocidade Incompatível,Saída de leito carroçável,Com Vítimas Feridas,Pleno dia,Crescente,Garoa/Chuvisco,Dupla,Curva,Não,1,0,1,0,0,0,1,1,"-7,281424","-35,769435",SPRF-PB,DEL02-PB,UOP01-DEL02-PB
418610.0,2022-03-04,sexta-feira,17:50:00,PB,101,"84,7",BAYEUX,Ausência de reação do condutor,Colisão traseira,Sem Vítimas,Plena Noite,Decrescente,Céu Claro,Dupla,Reta,Sim,3,0,0,0,3,0,0,3,"-7,13957906","-34,92312806",SPRF-PB,DEL01-PB,UOP01-DEL01-PB
418638.0,2022-03-04,sexta-feira,19:15:00,PB,101,"67,1",SANTA RITA,Ausência de reação do condutor,Queda de ocupante de veículo,Com Vítimas Feridas,Plena Noite,Crescente,Chuva,Dupla,Reta,Não,1,0,0,1,0,0,1,1,"-7,05298058","-35,03595029",SPRF-PB,DEL01-PB,UOP04-DEL01-PB
418727.0,2022-03-05,sábado,09:30:00,PB,101,94,CONDE,Chuva,Saída de leito carroçável,Sem Vítimas,Pleno dia,Decrescente,Chuva,Dupla,Curva,Não,1,0,0,0,1,0,0,1,"-7,21483297","-34,9117521",SPRF-PB,DEL01-PB,UOP02-DEL01-PB
418756.0,2022-03-05,sábado,13:10:00,PB,101,"104,9",ALHANDRA,Ingestão de álcool pelo condutor,Colisão com objeto,Com Vítimas Feridas,Pleno dia,Crescente,Céu Claro,Dupla,Reta,Não,1,0,0,1,0,0,1,1,"-7,30029088","-34,93888622",SPRF-PB,DEL01-PB,UOP02-DEL01-PB
418820.0,2022-03-05,sábado,17:30:00,PB,230,157,CAMPINA GRANDE,Desrespeitar a preferência no cruzamento,Colisão transversal,Com Vítimas Feridas,Anoitecer,Decrescente,Nublado,Simples,Retorno Regulamentado,Sim,2,0,1,0,1,0,1,2,"-7,264","-35,9199",SPRF-PB,DEL02-PB,UOP01-DEL02-PB
418835.0,2022-03-05,sábado,19:05:00,PB,361,"4,6",PATOS,Acessar a via sem observar a presença dos outros veículos,Tombamento,Com Vítimas Feridas,Plena Noite,Crescente,Nublado,Simples,Reta,Sim,2,0,1,0,0,1,1,2,"-7,03208047","-37,29365088",SPRF-PB,DEL03-PB,UOP01-DEL03-PB
418859.0,2022-03-05,sábado,22:15:00,PB,230,28,JOAO PESSOA,Acumulo de areia ou detritos sobre o pavimento,Tombamento,Com Vítimas Feridas,Plena Noite,Crescente,Nublado,Dupla,Viaduto,Sim,1,0,1,0,0,0,1,1,"-7,16563051","-34,89699086",SPRF-PB,DEL01-PB,UOP01-DEL01-PB
418866.0,2022-03-05,sábado,22:15:00,PB,230,28,JOAO PESSOA,Acumulo de areia ou detritos sobre o pavimento,Tombamento,Com Vítimas Feridas,Plena Noite,Crescente,Nublado,Dupla,Declive;Viaduto,Sim,1,0,1,0,0,0,1,1,"-7,1651","-34,8941",SPRF-PB,DEL01-PB,UOP01-DEL01-PB
418867.0,2022-03-05,sábado,22:15:00,PB,230,28,JOAO PESSOA,Acumulo de areia ou detritos sobre o pavimento,Queda de ocupante de veículo,Com Vítimas Feridas,Plena Noite,Crescente,Nublado,Dupla,Declive,Sim,1,0,0,1,0,0,1,1,"-7,1651","-34,8941",SPRF-PB,DEL01-PB,UOP01-DEL01-PB
418909.0,2022-03-06,domingo,05:20:00,PB,101,95,CONDE,Ingestão de álcool pelo condutor,Saída de leito carroçável,Sem Vítimas,Amanhecer,Crescente,Chuva,Dupla,Aclive;Curva,Não,4,0,0,0,4,0,0,1,"-7,22379403","-34,91488195",SPRF-PB,DEL01-PB,UOP02-DEL01-PB
418933.0,2022-03-06,domingo,06:45:00,PB,230,48,SANTA RITA,Ausência de reação do condutor,Colisão traseira,Sem Vítimas,Pleno dia,Crescente,Céu Claro,Dupla,Reta,Não,6,0,0,0,5,1,0,2,"-7,174","-35,0397",SPRF-PB,DEL01-PB,UOP03-DEL01-PB
418963.0,2022-03-06,domingo,11:30:00,PB,101,89,JOAO PESSOA,Pedestre andava na pista,Atropelamento de Pedestre,Com Vítimas Feridas,Pleno dia,Decrescente,Chuva,Dupla,Reta,Sim,2,0,0,1,1,0,1,2,"-7,17944347","-34,90002246",SPRF-PB,DEL01-PB,UOP02-DEL01-PB
418966.0,2022-03-06,domingo,10:20:00,PB,230,500,CAJAZEIRAS,Animais na Pista,Atropelamento de Animal,Com Vítimas Feridas,Pleno dia,Crescente,Nublado,Simples,Reta,Sim,1,0,0,1,0,0,1,1,"-6,9002","-38,508",SPRF-PB,DEL03-PB,UOP03-DEL03-PB
418978.0,2022-03-06,domingo,12:50:00,PB,101,"59,5",SANTA RITA,Velocidade Incompatível,Colisão com objeto,Com Vítimas Feridas,Pleno dia,Crescente,Nublado,Dupla,Reta,Não,3,0,2,1,0,0,3,1,"-6,99352402","-35,06896004",SPRF-PB,DEL01-PB,UOP04-DEL01-PB
419015.0,2022-03-06,domingo,16:00:00,PB,230,160,CAMPINA GRANDE,Reação tardia ou ineficiente do condutor,Colisão transversal,Com Vítimas Feridas,Pleno dia,Decrescente,Céu Claro,Simples,Interseção de Vias,Não,3,0,0,1,2,0,1,2,"-7,2436","-35,9375",SPRF-PB,DEL02-PB,UOP01-DEL02-PB
419087.0,2022-03-06,domingo,22:50:00,PB,230,"155,5",CAMPINA GRANDE,Animais na Pista,Atropelamento de Animal,Com Vítimas Feridas,Plena Noite,Crescente,Céu Claro,Simples,Reta,Sim,2,0,1,0,1,0,1,1,"-7,2748","-35,9058",SPRF-PB,DEL02-PB,UOP01-DEL02-PB
419148.0,2022-03-07,segunda-feira,08:00:00,PB,230,"183,3",POCINHOS,Condutor deixou de manter distância do veículo da frente,Colisão traseira,Sem Vítimas,Pleno dia,Decrescente,Céu Claro,Simples,Reta,Não,2,0,0,0,2,0,0,2,"-7,1548","-36,0934",SPRF-PB,DEL02-PB,UOP02-DEL02-PB
419163.0,2022-03-07,segunda-feira,10:00:00,PB,104,117,CAMPINA GRANDE,Acessar a via sem observar a presença dos outros veículos,Colisão transversal,Com Vítimas Feridas,Pleno dia,Crescente,Céu Claro,Simples,Declive,Sim,2,0,0,1,1,0,1,2,"-7,19030697","-35,86736609",SPRF-PB,DEL02-PB,UOP04-DEL02-PB
419323.0,2022-03-08,terça-feira,11:40:00,PB,101,"41,5",MAMANGUAPE,Acessar a via sem observar a presença dos outros veículos,Colisão lateral mesmo sentido,Com Vítimas Feridas,Pleno dia,Crescente,Céu Claro,Dupla,Reta,Não,3,0,1,0,2,0,1,2,"-6,84766595","-35,13549958",SPRF-PB,DEL01-PB,UOP04-DEL01-PB
419366.0,2022-03-08,terça-feira,15:50:00,PB,230,27,JOAO PESSOA,Ausência de reação do condutor,Colisão traseira,Com Vítimas Feridas,Pleno dia,Crescente,Sol,Dupla,Declive,Sim,2,0,2,0,0,0,2,1,"-7,1677","-34,8855",SPRF-PB,DEL01-PB,UOP01-DEL01-PB
419396.0,2022-03-08,terça-feira,18:00:00,PB,230,20,JOAO PESSOA,Reação tardia ou ineficiente do condutor,Colisão traseira,Com Vítimas Feridas,Plena Noite,Decrescente,Céu Claro,Dupla,Reta,Sim,3,0,1,0,2,0,1,2,"-7,129466","-34,8543128",SPRF-PB,DEL01-PB,UOP01-DEL01-PB
419413.0,2022-03-08,terça-feira,17:45:00,PB,230,"480,6",MARIZOPOLIS,Reação tardia ou ineficiente do condutor,Tombamento,Com Vítimas Feridas,Anoitecer,Crescente,Céu Claro,Simples,Reta,Não,1,0,0,1,0,0,1,1,"-6,850656","-38,362155",SPRF-PB,DEL03-PB,UOP03-DEL03-PB
419479.0,2022-03-09,quarta-feira,08:59:00,PB,230,"13,9",CABEDELO,Ausência de reação do condutor,Tombamento,Com Vítimas Feridas,Pleno dia,Decrescente,Garoa/Chuvisco,Dupla,Reta,Sim,1,0,1,0,0,0,1,1,"-7,0844","-34,8488",SPRF-PB,DEL01-PB,UOP01-DEL01-PB
419572.0,2022-03-09,quarta-feira,18:50:00,PB,230,26,JOAO PESSOA,Manobra de mudança de faixa,Colisão lateral mesmo sentido,Com Vítimas Feridas,Plena Noite,Crescente,Céu Claro,Dupla,Reta,Sim,3,0,2,0,0,1,2,2,"-7,1693","-34,8782",SPRF-PB,DEL01-PB,UOP01-DEL01-PB
419654.0,2022-03-10,quinta-feira,07:20:00,PB,230,19,JOAO PESSOA,Demais falhas mecânicas ou elétricas,Tombamento,Com Vítimas Feridas,Pleno dia,Decrescente,Céu Claro,Dupla,Curva,Sim,2,0,2,0,0,0,2,1,"-7,1281","-34,8466",SPRF-PB,DEL01-PB,UOP01-DEL01-PB
419682.0,2022-03-10,quinta-feira,06:00:00,PB,230,"416,3",POMBAL,Acessar a via sem observar a presença dos outros veículos,Colisão transversal,Com Vítimas Feridas,Pleno dia,Crescente,Sol,Simples,Reta,Não,4,0,3,0,1,0,3,2,"-6,7161","-37,8197",SPRF-PB,DEL03-PB,UOP02-DEL03-PB
419907.0,2022-03-11,sexta-feira,12:00:00,PB,230,"164,7",CAMPINA GRANDE,Animais na Pista,Atropelamento de Animal,Com Vítimas Feridas,Pleno dia,Crescente,Céu Claro,Simples,Reta,Não,1,0,1,0,0,0,1,1,"-7,2128","-35,9499",SPRF-PB,DEL02-PB,UOP01-DEL02-PB
419954.0,2022-03-11,sexta-feira,18:00:00,PB,230,"342,6",PATOS,Ultrapassagem Indevida,Colisão frontal,Com Vítimas Feridas,Plena Noite,Crescente,Céu Claro,Simples,Reta,Não,2,0,1,0,0,1,1,2,"-6,9895","-37,3234",SPRF-PB,DEL03-PB,UOP01-DEL03-PB
419964.0,2022-03-11,sexta-feira,18:20:00,PB,230,71,SOBRADO,Reação tardia ou ineficiente do condutor,Tombamento,Com Vítimas Feridas,Plena Noite,Crescente,Céu Claro,Dupla,Em Obras;Desvio Temporário,Não,2,0,1,0,0,1,1,2,"-7,1913","-35,2333",SPRF-PB,DEL01-PB,UOP03-DEL01-PB
420125.0,2022-03-12,sábado,13:50:00,PB,101,60,SANTA RITA,Ausência de reação do condutor,Queda de ocupante de veículo,Com Vítimas Feridas,Pleno dia,Decrescente,Céu Claro,Dupla,Aclive,Não,1,0,1,0,0,0,1,1,"-7,00141407","-35,06459811",SPRF-PB,DEL01-PB,UOP04-DEL01-PB
420179.0,2022-03-12,sábado,18:20:00,PB,101,87,JOAO PESSOA,Reação tardia ou ineficiente do condutor,Colisão traseira,Com Vítimas Feridas,Plena Noite,Crescente,Céu Claro,Dupla,Reta,Sim,3,0,2,0,0,1,2,2,"-7,15886802","-34,90628504",SPRF-PB,DEL01-PB,UOP01-DEL01-PB
420261.0,2022-03-13,domingo,01:00:00,PB,104,"115,3",LAGOA SECA,Chuva,Colisão frontal,Com Vítimas Feridas,Plena Noite,Decrescente,Chuva,Simples,Reta,Não,3,0,3,0,0,0,3,2,"-7,172018","-35,85983397",SPRF-PB,DEL02-PB,UOP04-DEL02-PB
420277.0,2022-03-13,domingo,05:00:00,PB,101,85,BAYEUX,Ingestão de álcool pelo condutor,Saída de leito carroçável,Sem Vítimas,Amanhecer,Decrescente,Nublado,Dupla,Reta,Sim,1,0,0,0,0,1,0,1,"-7,14538184","-34,91662887",SPRF-PB,DEL01-PB,UOP01-DEL01-PB
420286.0,2022-03-13,domingo,07:45:00,PB,230,"125,6",RIACHAO DO BACAMARTE,Animais na Pista,Saída de leito carroçável,Com Vítimas Feridas,Pleno dia,Decrescente,Garoa/Chuvisco,Dupla,Declive,Não,3,0,3,0,0,0,3,1,"-7,2498","-35,6827",SPRF-PB,DEL02-PB,UOP01-DEL02-PB
420320.0,2022-03-13,domingo,10:40:00,PB,230,"158,6",CAMPINA GRANDE,Conversão proibida,Colisão transversal,Com Vítimas Feridas,Pleno dia,Decrescente,Céu Claro,Simples,Reta,Sim,3,0,2,0,1,0,2,2,"-7,25721043","-35,92792153",SPRF-PB,DEL02-PB,UOP01-DEL02-PB
420369.0,2022-03-13,domingo,15:20:00,PB,230,27,JOAO PESSOA,Ingestão de álcool pelo condutor,Tombamento,Com Vítimas Feridas,Pleno dia,Crescente,Sol,Dupla,Reta,Sim,2,0,2,0,0,0,2,1,"-7,1677","-34,8855",SPRF-PB,DEL01-PB,UOP01-DEL01-PB
420389.0,2022-03-13,domingo,17:40:00,PB,101,106,ALHANDRA,Avarias e/ou desgaste excessivo no pneu,Tombamento,Com Vítimas Feridas,Plena Noite,Crescente,Céu Claro,Dupla,Reta,Não,2,0,1,1,0,0,2,1,"-7,31642501","-34,94666379",SPRF-PB,DEL01-PB,UOP02-DEL01-PB
420404.0,2022-03-13,domingo,19:00:00,PB,230,215,SOLEDADE,Acessar a via sem observar a presença dos outros veículos,Colisão transversal,Sem Vítimas,Plena Noite,Crescente,Céu Claro,Simples,Reta,Sim,2,0,0,0,2,0,0,2,"-7,0577","-36,3629",SPRF-PB,DEL02-PB,UOP02-DEL02-PB
420457.0,2022-03-13,domingo,22:00:00,PB,101,81,BAYEUX,Ingestão de álcool pelo condutor,Colisão traseira,Com Vítimas Feridas,Plena Noite,Crescente,Céu Claro,Dupla,Aclive;Reta,Sim,4,0,2,1,1,0,3,2,"-7,12764666","-34,9402678",SPRF-PB,DEL01-PB,UOP01-DEL01-PB
420471.0,2022-03-13,domingo,22:40:00,PB,361,12,SANTA TERESINHA,Ingestão de álcool pelo condutor,Colisão transversal,Sem Vítimas,Plena Noite,Decrescente,Chuva,Simples,Reta,Não,4,0,0,0,4,0,0,2,"-7,04324794","-37,36327601",SPRF-PB,DEL03-PB,UOP01-DEL03-PB
420504.0,2022-03-14,segunda-feira,07:00:00,PB,230,26,JOAO PESSOA,Manobra de mudança de faixa,Colisão traseira,Com Vítimas Feridas,Pleno dia,Decrescente,Chuva,Dupla,Reta,Sim,3,0,1,0,2,0,1,2,"-7,16904679","-34,88119483",SPRF-PB,DEL01-PB,UOP01-DEL01-PB
420509.0,2022-03-14,segunda-feira,07:15:00,PB,101,83,BAYEUX,Reação tardia ou ineficiente do condutor,Colisão traseira,Sem Vítimas,Pleno dia,Crescente,Nublado,Dupla,Reta,Sim,3,0,0,0,3,0,0,3,"-7,1337703","-34,92963914",SPRF-PB,DEL01-PB,UOP01-DEL01-PB