id,data_inversa,dia_semana,horario,uf,br,km,municipio,causa_acidente,tipo_acidente,classificacao_acidente,fase_dia,sentido_via,condicao_metereologica,tipo_pista,tracado_via,uso_solo,pessoas,mortos,feridos_leves,feridos_graves,ilesos,ignorados,feridos,veiculos,latitude,longitude,regional,delegacia,uop
420510.0,2022-03-14,segunda-feira,07:00:00,PB,101,"82,3",BAYEUX,Ausência de reação do condutor,Colisão traseira,Sem Vítimas,Pleno dia,Crescente,Céu Claro,Dupla,Reta;Viaduto,Sim,2,0,0,0,2,0,0,2,"-7,12911","-34,93714",SPRF-PB,DEL01-PB,UOP01-DEL01-PB
420597.0,2022-01-20,quinta-feira,11:12:00,PB,230,28,JOAO PESSOA,Reação tardia ou ineficiente do condutor,Colisão traseira,Com Vítimas Feridas,Pleno dia,Decrescente,Céu Claro,Dupla,Aclive,Sim,2,0,1,0,1,0,1,2,"-7,1651","-34,8941",SPRF-PB,DEL01-PB,UOP01-DEL01-PB
420605.0,2022-03-14,segunda-feira,15:25:00,PB,230,"21,8",JOAO PESSOA,Trafegar com motocicleta (ou similar) entre as faixas,Colisão lateral mesmo sentido,Com Vítimas Feridas,Pleno dia,Decrescente,Sol,Dupla,Reta,Sim,4,0,1,0,3,0,1,4,"-7,15027934","-34,85225916",SPRF-PB,DEL01-PB,UOP01-DEL01-PB
420643.0,2022-03-14,segunda-feira,17:55:00,PB,230,"18,9",JOAO PESSOA,Reação tardia ou ineficiente do condutor,Colisão traseira,Sem Vítimas,Plena Noite,Crescente,Céu Claro,Dupla,Curva,Sim,1,0,0,0,1,0,0,1,"-7,1198","-34,8453",SPRF-PB,DEL01-PB,UOP01-DEL01-PB
420694.0,2022-03-15,terça-feira,04:55:00,PB,230,"215,9",SOLEDADE,Reação tardia ou ineficiente do condutor,Colisão com objeto,Com Vítimas Feridas,Pleno dia,Decrescente,Céu Claro,Simples,Ponte,Sim,1,0,1,0,0,0,1,1,"-7,05782538","-36,36262178",SPRF-PB,DEL02-PB,UOP02-DEL02-PB
420766.0,2022-03-15,terça-feira,12:20:00,PB,230,"122,3",RIACHAO DO BACAMARTE,Reação tardia ou ineficiente do condutor,Colisão traseira,Com Vítimas Fatais,Pleno dia,Crescente,Nublado,Simples,Reta,Sim,2,1,0,0,1,0,0,2,"-7,247786","-35,667142",SPRF-PB,DEL02-PB,UOP01-DEL02-PB
420816.0,2022-03-15,terça-feira,18:10:00,PB,230,24,JOAO PESSOA,Ausência de reação do condutor,Engavetamento,Com Vítimas Feridas,Plena Noite,Decrescente,Nublado,Dupla,Viaduto,Sim,4,0,2,0,2,0,2,4,"-7,16641415","-34,86325499",SPRF-PB,DEL01-PB,UOP01-DEL01-PB
420860.0,2022-03-15,terça-feira,22:45:00,PB,230,24,JOAO PESSOA,Pedestre andava na pista,Atropelamento de Pedestre,Com Vítimas Fatais,Plena Noite,Crescente,Chuva,Simples,Reta,Sim,3,1,0,0,1,1,0,2,"-7,1637","-34,8618",SPRF-PB,DEL01-PB,UOP01-DEL01-PB
421073.0,2022-03-17,quinta-feira,09:15:00,PB,104,132,QUEIMADAS,Transitar na contramão,Colisão frontal,Com Vítimas Feridas,Pleno dia,Decrescente,Céu Claro,Simples,Reta,Sim,2,0,1,0,1,0,1,2,"-7,293058","-35,890838",SPRF-PB,DEL02-PB,UOP03-DEL02-PB
421075.0,2022-03-17,quinta-feira,09:15:00,PB,230,21,JOAO PESSOA,Velocidade Incompatível,Colisão traseira,Sem Vítimas,Pleno dia,Decrescente,Céu Claro,Dupla,Reta,Sim,3,0,0,0,3,0,0,3,"-7,1415","-34,8519",SPRF-PB,DEL01-PB,UOP01-DEL01-PB
421076.0,2022-03-17,quinta-feira,09:10:00,PB,230,5,CABEDELO,Avarias e/ou desgaste excessivo no pneu,Queda de ocupante de veículo,Com Vítimas Feridas,Pleno dia,Crescente,Céu Claro,Dupla,Reta,Sim,2,0,2,0,0,0,2,1,"-7,01","-34,8312",SPRF-PB,DEL01-PB,UOP01-DEL01-PB
421145.0,2022-03-17,quinta-feira,18:00:00,PB,230,"263,6",JUNCO DO SERIDO,Entrada inopinada do pedestre,Atropelamento de Pedestre,Com Vítimas Feridas,Pleno dia,Crescente,Céu Claro,Simples,Reta,Não,2,0,0,1,1,0,1,2,"-6,984","-36,7279",SPRF-PB,DEL03-PB,UOP01-DEL03-PB
421157.0,2022-03-17,quinta-feira,18:40:00,PB,230,"19,5",JOAO PESSOA,Entrada inopinada do pedestre,Atropelamento de Pedestre,Com Vítimas Feridas,Pleno dia,Crescente,Nublado,Dupla,Reta,Sim,2,0,0,1,0,1,1,2,"-7,12870061","-34,84877229",SPRF-PB,DEL01-PB,UOP01-DEL01-PB
421235.0,2022-03-18,sexta-feira,07:30:00,PB,101,86,JOAO PESSOA,Reação tardia ou ineficiente do condutor,Colisão traseira,Com Vítimas Feridas,Pleno dia,Crescente,Sol,Dupla,Reta,Sim,3,0,2,0,1,0,2,2,"-7,15118983","-34,91012184",SPRF-PB,DEL01-PB,UOP01-DEL01-PB
421293.0,2022-03-18,sexta-feira,13:00:00,PB,230,"16,9",JOAO PESSOA,Condutor deixou de manter distância do veículo da frente,Colisão traseira,Sem Vítimas,Pleno dia,Decrescente,Sol,Dupla,Reta,Sim,2,0,0,0,1,1,0,2,"-7,11419733","-34,84204408",SPRF-PB,DEL01-PB,UOP01-DEL01-PB
421323.0,2022-03-18,sexta-feira,16:15:00,PB,230,"37,4",SANTA RITA,Avarias e/ou desgaste excessivo no pneu,Tombamento,Com Vítimas Feridas,Pleno dia,Crescente,Nublado,Dupla,Reta,Sim,1,0,1,0,0,0,1,1,"-7,1293","-34,9536",SPRF-PB,DEL01-PB,UOP03-DEL01-PB
421377.0,2022-03-18,sexta-feira,18:00:00,PB,104,"172,6",BARRA DE SANTANA,Pedestre andava na pista,Atropelamento de Pedestre,Com Vítimas Fatais,Anoitecer,Crescente,Céu Claro,Simples,Curva,Não,2,1,0,0,0,1,0,2,"-7,59492614","-36,04486366",SPRF-PB,DEL02-PB,UOP03-DEL02-PB
421432.0,2022-03-19,sábado,04:00:00,PB,230,"21,1",JOAO PESSOA,Ingestão de álcool pelo condutor,Colisão com objeto,Com Vítimas Feridas,Amanhecer,Decrescente,Ignorado,Dupla,Curva,Sim,1,0,1,0,0,0,1,1,"-7,1415","-34,8519",SPRF-PB,DEL01-PB,UOP01-DEL01-PB
421577.0,2022-03-19,sábado,18:45:00,PB,104,133,QUEIMADAS,Animais na Pista,Atropelamento de Animal,Com Vítimas Feridas,Plena Noite,Crescente,Nublado,Simples,Reta,Sim,1,0,1,0,0,0,1,1,"-7,31674795","-35,89500926",SPRF-PB,DEL02-PB,UOP03-DEL02-PB
421602.0,2022-03-19,sábado,20:50:00,PB,101,86,BAYEUX,Trafegar com motocicleta (ou similar) entre as faixas,Colisão com objeto,Com Vítimas Feridas,Plena Noite,Crescente,Céu Claro,Dupla,Curva;Aclive,Sim,3,0,2,0,1,0,2,2,"-7,15118983","-34,91012184",SPRF-PB,DEL01-PB,UOP01-DEL01-PB
421603.0,2022-03-19,sábado,21:42:00,PB,230,18,JOAO PESSOA,Reação tardia ou ineficiente do condutor,Tombamento,Com Vítimas Feridas,Plena Noite,Decrescente,Céu Claro,Dupla,Reta;Aclive,Sim,1,0,1,0,0,0,1,1,"-7,1198","-34,8453",SPRF-PB,DEL01-PB,UOP01-DEL01-PB
421684.0,2022-03-20,domingo,05:10:00,PB,104,"116,6",LAGOA SECA,Ingestão de álcool pelo condutor,Colisão frontal,Com Vítimas Feridas,Amanhecer,Crescente,Céu Claro,Simples,Aclive;Reta,Sim,4,0,2,0,2,0,2,2,"-7,18022102","-35,86480593",SPRF-PB,DEL02-PB,UOP04-DEL02-PB
421701.0,2022-03-20,domingo,08:45:00,PB,230,17,JOAO PESSOA,Trafegar com motocicleta (ou similar) entre as faixas,Colisão lateral mesmo sentido,Com Vítimas Feridas,Pleno dia,Decrescente,Sol,Dupla,Reta,Sim,3,0,1,0,1,1,1,3,"-7,11383869","-34,84208822",SPRF-PB,DEL01-PB,UOP01-DEL01-PB
421727.0,2022-03-20,domingo,11:30:00,PB,104,"112,4",LAGOA SECA,Acessar a via sem observar a presença dos outros veículos,Colisão transversal,Com Vítimas Feridas,Pleno dia,Decrescente,Nublado,Simples,Interseção de Vias,Não,5,0,2,0,3,0,2,2,"-7,1450288","-35,85692679",SPRF-PB,DEL02-PB,UOP04-DEL02-PB
421750.0,2022-03-20,domingo,15:11:00,PB,230,329,QUIXABA,Animais na Pista,Atropelamento de Animal,Com Vítimas Feridas,Pleno dia,Crescente,Céu Claro,Simples,Reta,Não,2,0,2,0,0,0,2,1,"-7,0116","-37,2159",SPRF-PB,DEL03-PB,UOP01-DEL03-PB
421770.0,2022-03-20,domingo,16:10:00,PB,230,"343,9",PATOS,Ultrapassagem Indevida,Colisão frontal,Com Vítimas Fatais,Pleno dia,Decrescente,Nublado,Simples,Reta;Declive,Não,7,3,0,4,0,0,4,2,"-6,979803","-37,337352",SPRF-PB,DEL03-PB,UOP01-DEL03-PB
421869.0,2022-03-21,segunda-feira,06:20:00,PB,230,"54,6",CRUZ DO ESPIRITO SANTO,Demais falhas mecânicas ou elétricas,Saída de leito carroçável,Com Vítimas Feridas,Amanhecer,Decrescente,Garoa/Chuvisco,Dupla,Reta,Não,1,0,1,0,0,0,1,1,"-7,20083153","-35,08545041",SPRF-PB,DEL01-PB,UOP03-DEL01-PB
421871.0,2022-03-21,segunda-feira,04:00:00,PB,230,"122,8",RIACHAO DO BACAMARTE,Reação tardia ou ineficiente do condutor,Saída de leito carroçável,Com Vítimas Feridas,Amanhecer,Crescente,Céu Claro,Simples,Curva,Não,1,0,1,0,0,0,1,1,"-7,2466","-35,6577",SPRF-PB,DEL02-PB,UOP01-DEL02-PB
421879.0,2022-03-21,segunda-feira,07:50:00,PB,230,21,JOAO PESSOA,Transitar no acostamento,Colisão transversal,Com Vítimas Feridas,Pleno dia,Decrescente,Céu Claro,Dupla,Reta,Não,2,0,0,1,0,1,1,2,"-7,1415","-34,8519",SPRF-PB,DEL01-PB,UOP01-DEL01-PB
421880.0,2022-03-21,segunda-feira,08:15:00,PB,230,22,JOAO PESSOA,Reação tardia ou ineficiente do condutor,Colisão lateral mesmo sentido,Com Vítimas Feridas,Pleno dia,Decrescente,Nublado,Dupla,Reta,Sim,3,0,1,0,2,0,1,3,"-7,1495","-34,8517",SPRF-PB,DEL01-PB,UOP01-DEL01-PB
421910.0,2022-03-21,segunda-feira,10:30:00,PB,230,"13,2",CABEDELO,Reação tardia ou ineficiente do condutor,Colisão traseira,Com Vítimas Feridas,Pleno dia,Crescente,Garoa/Chuvisco,Dupla,Reta,Sim,3,0,2,0,1,0,2,2,"-7,0772","-34,8494",SPRF-PB,DEL01-PB,UOP01-DEL01-PB
421921.0,2022-03-21,segunda-feira,06:50:00,PB,405,"33,9",SAO JOAO DO RIO DO PEIXE,Reação tardia ou ineficiente do condutor,Saída de leito carroçável,Sem Vítimas,Pleno dia,Crescente,Céu Claro,Simples,Reta,Não,1,0,0,0,0,1,0,1,"-6,728078","-38,448483",SPRF-PB,DEL03-PB,UOP03-DEL03-PB
421931.0,2022-03-21,segunda-feira,13:27:00,PB,230,"41,9",SANTA RITA,Acessar a via sem observar a presença dos outros veículos,Saída de leito carroçável,Com Vítimas Feridas,Pleno dia,Decrescente,Céu Claro,Dupla,Retorno Regulamentado,Não,1,0,1,0,0,0,1,1,"-7,14508435","-34,99807477",SPRF-PB,DEL01-PB,UOP03-DEL01-PB
421936.0,2022-03-21,segunda-feira,14:10:00,PB,101,"118,5",CAAPORA,Pedestre andava na pista,Atropelamento de Pedestre,Com Vítimas Feridas,Pleno dia,Crescente,Nublado,Dupla,Reta,Não,2,0,0,1,1,0,1,2,"-7,42128203","-34,96207995",SPRF-PB,DEL01-PB,UOP02-DEL01-PB
422123.0,2022-03-22,terça-feira,15:00:00,PB,101,"65,4",SANTA RITA,Demais falhas mecânicas ou elétricas,Incêndio,Sem Vítimas,Pleno dia,Crescente,Nublado,Dupla,Reta,Não,4,0,0,0,4,0,0,1,"-7,04256889","-35,05061285",SPRF-PB,DEL01-PB,UOP04-DEL01-PB
422213.0,2022-03-23,quarta-feira,07:10:00,PB,101,"105,9",ALHANDRA,Velocidade Incompatível,Colisão com objeto,Com Vítimas Feridas,Pleno dia,Crescente,Garoa/Chuvisco,Dupla,Reta,Sim,1,0,1,0,0,0,1,1,"-7,30814609","-34,94344185",SPRF-PB,DEL01-PB,UOP02-DEL01-PB
422255.0,2022-03-23,quarta-feira,09:40:00,PB,230,433,APARECIDA,Ingestão de álcool pelo condutor,Tombamento,Com Vítimas Feridas,Pleno dia,Crescente,Céu Claro,Simples,Reta,Não,1,0,0,1,0,0,1,1,"-6,7459","-37,9677",SPRF-PB,DEL03-PB,UOP02-DEL03-PB
422283.0,2022-03-23,quarta-feira,15:00:00,PB,101,88,JOAO PESSOA,Entrada inopinada do pedestre,Atropelamento de Pedestre,Com Vítimas Feridas,Pleno dia,Decrescente,Céu Claro,Dupla,Reta,Sim,2,0,1,1,0,0,2,2,"-7,16470016","-34,89993643",SPRF-PB,DEL01-PB,UOP01-DEL01-PB
422397.0,2022-03-24,quinta-feira,07:55:00,PB,230,"11,6",CABEDELO,Transitar no acostamento,Atropelamento de Pedestre,Com Vítimas Feridas,Pleno dia,Crescente,Garoa/Chuvisco,Múltipla,Retorno Regulamentado,Sim,2,0,0,1,1,0,1,2,"-7,0596","-34,8506",SPRF-PB,DEL01-PB,UOP01-DEL01-PB
422409.0,2022-03-24,quinta-feira,07:50:00,PB,104,138,QUEIMADAS,Desrespeitar a preferência no cruzamento,Colisão transversal,Com Vítimas Feridas,Pleno dia,Crescente,Nublado,Simples,Reta,Sim,2,0,1,0,1,0,1,2,"-7,36116095","-35,90230617",SPRF-PB,DEL02-PB,UOP03-DEL02-PB
422493.0,2022-03-24,quinta-feira,17:45:00,PB,230,23,JOAO PESSOA,Ausência de reação do condutor,Engavetamento,Sem Vítimas,Anoitecer,Decrescente,Nublado,Dupla,Viaduto,Sim,3,0,0,0,3,0,0,3,"-7,1562","-34,8574",SPRF-PB,DEL01-PB,UOP01-DEL01-PB
422575.0,2022-03-25,sexta-feira,07:40:00,PB,230,19,JOAO PESSOA,Manobra de mudança de faixa,Colisão traseira,Com Vítimas Feridas,Pleno dia,Decrescente,Sol,Dupla,Curva,Sim,2,0,0,1,1,0,1,2,"-7,1281","-34,8466",SPRF-PB,DEL01-PB,UOP01-DEL01-PB
422596.0,2022-03-25,sexta-feira,09:10:00,PB,230,"147,2",CAMPINA GRANDE,Condutor deixou de manter distância do veículo da frente,Colisão traseira,Sem Vítimas,Pleno dia,Decrescente,Nublado,Dupla,Reta,Sim,2,0,0,0,2,0,0,2,"-7,2425","-35,8567",SPRF-PB,DEL02-PB,UOP01-DEL02-PB
422650.0,2022-03-25,sexta-feira,15:20:00,PB,101,82,BAYEUX,Acessar a via sem observar a presença dos outros veículos,Colisão transversal,Com Vítimas Feridas,Pleno dia,Decrescente,Céu Claro,Dupla,Reta,Não,2,0,1,0,0,1,1,2,"-7,12911","-34,93714",SPRF-PB,DEL01-PB,UOP01-DEL01-PB
422701.0,2022-03-25,sexta-feira,19:50:00,PB,230,20,JOAO PESSOA,Ausência de reação do condutor,Colisão com objeto,Com Vítimas Feridas,Plena Noite,Decrescente,Nublado,Dupla,Curva,Não,1,0,1,0,0,0,1,1,"-7,1337","-34,8544",SPRF-PB,DEL01-PB,UOP01-DEL01-PB
422706.0,2022-03-25,sexta-feira,20:05:00,PB,230,"19,4",JOAO PESSOA,Condutor deixou de manter distância do veículo da frente,Colisão traseira,Com Vítimas Feridas,Plena Noite,Crescente,Chuva,Dupla,Reta,Sim,3,0,2,0,0,1,2,2,"-7,13087236","-34,85204458",SPRF-PB,DEL01-PB,UOP01-DEL01-PB
422805.0,2022-03-26,sábado,09:30:00,PB,101,"75,1",SANTA RITA,Acumulo de água sobre o pavimento,Saída de leito carroçável,Com Vítimas Feridas,Pleno dia,Decrescente,Chuva,Dupla,Curva,Não,4,0,3,0,1,0,3,1,"-7,0867146","-34,9718484",SPRF-PB,DEL01-PB,UOP04-DEL01-PB
422813.0,2022-03-26,sábado,10:25:00,PB,101,"96,5",ALHANDRA,Chuva,Tombamento,Com Vítimas Feridas,Pleno dia,Crescente,Chuva,Dupla,Curva,Não,2,0,2,0,0,0,2,1,"-7,230921","-34,921149",SPRF-PB,DEL01-PB,UOP02-DEL01-PB
422831.0,2022-03-26,sábado,11:45:00,PB,101,85,BAYEUX,Condutor deixou de manter distância do veículo da frente,Colisão traseira,Sem Vítimas,Pleno dia,Crescente,Nublado,Dupla,Reta,Sim,2,0,0,0,1,1,0,2,"-7,14538184","-34,91662887",SPRF-PB,DEL01-PB,UOP01-DEL01-PB
422936.0,2022-03-26,sábado,23:20:00,PB,101,88,JOAO PESSOA,Ingestão de álcool pelo condutor,Colisão frontal,Sem Vítimas,Plena Noite,Crescente,Nublado,Simples,Curva,Sim,2,0,0,0,2,0,0,2,"-7,16470016","-34,89993643",SPRF-PB,DEL01-PB,UOP01-DEL01-PB
423003.0,2022-03-27,domingo,08:12:00,PB,101,88,JOAO PESSOA,Acumulo de água sobre o pavimento,Saída de leito carroçável,Sem Vítimas,Pleno dia,Decrescente,Chuva,Simples,Curva,Sim,2,0,0,0,2,0,0,1,"-7,16470016","-34,89993643",SPRF-PB,DEL01-PB,UOP01-DEL01-PB
423045.0,2022-03-27,domingo,14:00:00,PB,230,"58,3",CRUZ DO ESPIRITO SANTO,Reação tardia ou ineficiente do condutor,Saída de leito carroçável,Com Vítimas Feridas,Pleno dia,Decrescente,Garoa/Chuvisco,Dupla,Reta,Não,3,0,2,0,0,1,2,1,"-7,2035","-35,1214",SPRF-PB,DEL01-PB,UOP03-DEL01-PB
423048.0,2022-03-27,domingo,13:35:00,PB,104,"105,5",ESPERANCA,Ultrapassagem Indevida,Colisão frontal,Com Vítimas Feridas,Pleno dia,Crescente,Nublado,Simples,Reta,Não,4,0,1,3,0,0,4,2,"-7,08938993","-35,85454407",SPRF-PB,DEL02-PB,UOP04-DEL02-PB
423204.0,2022-03-28,segunda-feira,09:00:00,PB,230,11,CABEDELO,Ausência de reação do condutor,Queda de ocupante de veículo,Com Vítimas Feridas,Pleno dia,Decrescente,Sol,Dupla,Reta,Sim,2,0,1,0,0,1,1,1,"-7,06648743","-34,84994758",SPRF-PB,DEL01-PB,UOP01-DEL01-PB
423270.0,2022-03-28,segunda-feira,15:00:00,PB,101,"85,6",BAYEUX,Condutor deixou de manter distância do veículo da frente,Colisão traseira,Com Vítimas Feridas,Pleno dia,Crescente,Céu Claro,Simples,Viaduto,Não,2,0,1,0,0,1,1,2,"-7,14538184","-34,91662887",SPRF-PB,DEL01-PB,UOP01-DEL01-PB
423317.0,2022-03-28,segunda-feira,06:15:00,PB,230,"123,4",RIACHAO DO BACAMARTE,Avarias e/ou desgaste excessivo no pneu,Saída de leito carroçável,Sem Vítimas,Pleno dia,Crescente,Garoa/Chuvisco,Dupla,Curva,Não,1,0,0,0,0,1,0,1,"-7,2478","-35,6672",SPRF-PB,DEL02-PB,UOP01-DEL02-PB
423375.0,2022-03-28,segunda-feira,21:00:00,PB,0,0,JOAO PESSOA,Condutor deixou de manter distância do veículo da frente,Colisão traseira,Sem Vítimas,Plena Noite,Não Informado,Céu Claro,Dupla,Reta,Sim,4,0,0,0,4,0,0,2,"-7,16153837","-34,89627957",SPRF-PB,DEL01-PB,UOP02-DEL01-PB
423444.0,2022-03-29,terça-feira,17:20:00,PB,101,61,SANTA RITA,Avarias e/ou desgaste excessivo no pneu,Colisão com objeto,Sem Vítimas,Anoitecer,Crescente,Nublado,Dupla,Declive,Não,1,0,0,0,0,1,0,1,"-7,00949401","-35,06072329",SPRF-PB,DEL01-PB,UOP04-DEL01-PB
423584.0,2022-03-30,quarta-feira,15:00:00,PB,230,7,CABEDELO,Ausência de reação do condutor,Colisão com objeto,Com Vítimas Feridas,Pleno dia,Decrescente,Céu Claro,Dupla,Reta,Não,1,0,1,0,0,0,1,1,"-7,026","-34,8385",SPRF-PB,DEL01-PB,UOP01-DEL01-PB
423616.0,2022-03-30,quarta-feira,18:50:00,PB,230,"155,4",CAMPINA GRANDE,Reação tardia ou ineficiente do condutor,Atropelamento de Pedestre,Com Vítimas Feridas,Plena Noite,Decrescente,Céu Claro,Simples,Reta,Sim,2,0,1,0,1,0,1,2,"-7,2748","-35,9058",SPRF-PB,DEL02-PB,UOP01-DEL02-PB
423677.0,2022-03-31,quinta-feira,07:58:00,PB,230,23,JOAO PESSOA,Condutor deixou de manter distância do veículo da frente,Colisão traseira,Com Vítimas Feridas,Pleno dia,Decrescente,Sol,Dupla,Reta,Sim,5,0,1,0,3,1,1,3,"-7,1562","-34,8574",SPRF-PB,DEL01-PB,UOP01-DEL01-PB
423797.0,2022-03-31,quinta-feira,18:50:00,PB,230,163,CAMPINA GRANDE,Desrespeitar a preferência no cruzamento,Colisão transversal,Com Vítimas Feridas,Plena Noite,Crescente,Céu Claro,Simples,Curva,Sim,3,0,1,0,2,0,1,2,"-7,2198","-35,9443",SPRF-PB,DEL02-PB,UOP01-DEL02-PB
423849.0,2022-04-01,sexta-feira,05:45:00,PB,230,153,CAMPINA GRANDE,Conversão proibida,Colisão transversal,Com Vítimas Feridas,Pleno dia,Crescente,Céu Claro,Simples,Reta,Sim,4,0,0,1,3,0,1,2,"-7,2763","-35,8887",SPRF-PB,DEL02-PB,UOP01-DEL02-PB
423866.0,2022-04-01,sexta-feira,08:30:00,PB,230,"27,9",JOAO PESSOA,Reação tardia ou ineficiente do condutor,Tombamento,Com Vítimas Feridas,Pleno dia,Crescente,Sol,Simples,Curva,Não,1,0,1,0,0,0,1,1,"-7,1677","-34,8855",SPRF-PB,DEL01-PB,UOP01-DEL01-PB
423942.0,2022-04-01,sexta-feira,15:40:00,PB,230,397,SAO BENTINHO,Ausência de reação do condutor,Saída de leito carroçável,Com Vítimas Feridas,Pleno dia,Decrescente,Céu Claro,Simples,Reta,Não,1,0,1,0,0,0,1,1,"-6,8447","-37,7473",SPRF-PB,DEL03-PB,UOP02-DEL03-PB
424089.0,2022-04-02,sábado,08:30:00,PB,230,35,BAYEUX,Ingestão de álcool pelo condutor,Colisão lateral mesmo sentido,Com Vítimas Feridas,Pleno dia,Crescente,Céu Claro,Dupla,Curva,Não,2,0,2,0,0,0,2,2,"-7,1268","-34,9412",SPRF-PB,DEL01-PB,UOP01-DEL01-PB
424155.0,2022-04-02,sábado,15:51:00,PB,101,"11,7",MAMANGUAPE,Acesso irregular,Colisão transversal,Com Vítimas Feridas,Pleno dia,Decrescente,Céu Claro,Dupla,Aclive;Reta,Não,2,0,0,2,0,0,2,2,"-6,59691053","-35,144733",SPRF-PB,DEL01-PB,UOP04-DEL01-PB
424359.0,2022-04-03,domingo,13:35:00,PB,230,69,SOBRADO,Avarias e/ou desgaste excessivo no pneu,Queda de ocupante de veículo,Com Vítimas Feridas,Pleno dia,Decrescente,Nublado,Dupla,Reta,Não,2,0,1,0,1,0,1,1,"-7,19183508","-35,23446321",SPRF-PB,DEL01-PB,UOP03-DEL01-PB
424420.0,2022-04-03,domingo,18:30:00,PB,101,99,ALHANDRA,Ingestão de álcool pelo condutor,Saída de leito carroçável,Sem Vítimas,Plena Noite,Crescente,Chuva,Dupla,Retorno Regulamentado,Não,2,0,0,0,2,0,0,1,"-7,2557332","-34,93469152",SPRF-PB,DEL01-PB,UOP02-DEL01-PB
424505.0,2022-04-04,segunda-feira,06:50:00,PB,230,"22,4",JOAO PESSOA,Ausência de reação do condutor,Colisão traseira,Com Vítimas Feridas,Pleno dia,Decrescente,Sol,Dupla,Reta,Sim,2,0,1,0,1,0,1,2,"-7,1495","-34,8517",SPRF-PB,DEL01-PB,UOP01-DEL01-PB
424591.0,2022-04-04,segunda-feira,16:00:00,PB,101,85,JOAO PESSOA,Demais falhas mecânicas ou elétricas,Tombamento,Com Vítimas Feridas,Pleno dia,Decrescente,Céu Claro,Dupla,Curva,Sim,2,0,2,0,0,0,2,1,"-7,14538184","-34,91662887",SPRF-PB,DEL01-PB,UOP01-DEL01-PB
424803.0,2022-04-05,terça-feira,20:20:00,PB,230,154,CAMPINA GRANDE,Ausência de reação do condutor,Tombamento,Com Vítimas Feridas,Plena Noite,Decrescente,Vento,Simples,Reta,Não,1,0,0,1,0,0,1,1,"-7,2763","-35,8887",SPRF-PB,DEL02-PB,UOP01-DEL02-PB
424979.0,2022-04-06,quarta-feira,19:00:00,PB,230,11,CABEDELO,Acessar a via sem observar a presença dos outros veículos,Colisão lateral mesmo sentido,Com Vítimas Feridas,Plena Noite,Crescente,Garoa/Chuvisco,Dupla,Reta,Sim,2,0,2,0,0,0,2,2,"-7,0596","-34,8506",SPRF-PB,DEL01-PB,UOP01-DEL01-PB
424985.0,2022-04-06,quarta-feira,07:20:00,PB,230,"1,5",CABEDELO,Ingestão de álcool pelo condutor,Colisão frontal,Com Vítimas Feridas,Plena Noite,Decrescente,Céu Claro,Simples,Interseção de Vias,Sim,3,0,0,2,0,1,2,2,"-6,9753","-34,8318",SPRF-PB,DEL01-PB,UOP01-DEL01-PB
425040.0,2022-04-07,quinta-feira,03:30:00,PB,230,"151,9",CAMPINA GRANDE,Entrada inopinada do pedestre,Atropelamento de Pedestre,Com Vítimas Fatais,Plena Noite,Crescente,Céu Claro,Simples,Declive;Reta,Não,2,1,0,0,0,1,0,2,"-7,2587","-35,8778",SPRF-PB,DEL02-PB,UOP01-DEL02-PB
425337.0,2022-04-07,quinta-feira,15:00:00,PB,230,17,JOAO PESSOA,Acessar a via sem observar a presença dos outros veículos,Colisão traseira,Com Vítimas Feridas,Pleno dia,Crescente,Sol,Múltipla,Retorno Regulamentado,Sim,3,0,1,0,1,1,1,3,"-7,11813642","-34,84402891",SPRF-PB,DEL01-PB,UOP01-DEL01-PB
426061.0,2022-04-07,quinta-feira,17:35:00,PB,230,"150,7",CAMPINA GRANDE,Animais na Pista,Atropelamento de Animal,Com Vítimas Feridas,Anoitecer,Decrescente,Céu Claro,Simples,Reta,Sim,1,0,1,0,0,0,1,1,"-7,2515","-35,8724",SPRF-PB,DEL02-PB,UOP01-DEL02-PB
426092.0,2022-04-07,quinta-feira,19:40:00,PB,230,8,CABEDELO,Obras na pista,Colisão com objeto,Com Vítimas Feridas,Plena Noite,Crescente,Céu Claro,Múltipla,Declive,Sim,2,0,0,1,1,0,1,1,"-7,0355","-34,8429",SPRF-PB,DEL01-PB,UOP01-DEL01-PB
426226.0,2022-04-08,sexta-feira,06:45:00,PB,230,"158,8",CAMPINA GRANDE,Desrespeitar a preferência no cruzamento,Colisão transversal,Com Vítimas Feridas,Pleno dia,Decrescente,Nublado,Simples,Interseção de Vias,Sim,2,0,1,0,0,1,1,2,"-7,25642286","-35,9288013",SPRF-PB,DEL02-PB,UOP01-DEL02-PB
429955.0,2022-04-08,sexta-feira,13:50:00,PB,0,0,JOAO PESSOA,Ultrapassagem Indevida,Colisão transversal,Com Vítimas Feridas,Pleno dia,Não Informado,Céu Claro,Dupla,Reta,Sim,3,0,2,0,1,0,2,2,"-7,171085","-34,870799",SPRF-PB,DEL01-PB,UOP02-DEL01-PB
437797.0,2022-04-09,sábado,09:50:00,PB,230,28,JOAO PESSOA,Ingestão de álcool pelo condutor,Colisão lateral mesmo sentido,Sem Vítimas,Pleno dia,Crescente,Céu Claro,Dupla,Reta,Sim,6,0,0,0,2,4,0,5,"-7,16220203","-34,90303874",SPRF-PB,DEL01-PB,UOP01-DEL01-PB