id,data_inversa,dia_semana,horario,uf,br,km,municipio,causa_acidente,tipo_acidente,classificacao_acidente,fase_dia,sentido_via,condicao_metereologica,tipo_pista,tracado_via,uso_solo,pessoas,mortos,feridos_leves,feridos_graves,ilesos,ignorados,feridos,veiculos,latitude,longitude,regional,delegacia,uop
442638.0,2022-04-10,domingo,08:30:00,PB,230,"175,9",CAMPINA GRANDE,Ausência de reação do condutor,Saída de leito carroçável,Com Vítimas Feridas,Pleno dia,Crescente,Céu Claro,Simples,Reta,Não,1,0,0,1,0,0,1,1,"-7,1775","-36,0247",SPRF-PB,DEL02-PB,UOP02-DEL02-PB
442639.0,2022-04-10,domingo,16:40:00,PB,230,11,CABEDELO,Manobra de mudança de faixa,Queda de ocupante de veículo,Com Vítimas Feridas,Pleno dia,Decrescente,Céu Claro,Múltipla,Reta,Não,2,0,1,0,0,1,1,2,"-7,0596","-34,8506",SPRF-PB,DEL01-PB,UOP01-DEL01-PB
442646.0,2022-04-08,sexta-feira,15:40:00,PB,230,398,POMBAL,Condutor deixou de manter distância do veículo da frente,Colisão traseira,Com Vítimas Feridas,Pleno dia,Crescente,Céu Claro,Simples,Aclive,Não,2,0,0,2,0,0,2,2,"-6,8378","-37,7517",SPRF-PB,DEL03-PB,UOP02-DEL03-PB
442656.0,2022-04-09,sábado,18:30:00,PB,361,66,OLHO DAGUA,Animais na Pista,Atropelamento de Animal,Com Vítimas Fatais,Plena Noite,Crescente,Céu Claro,Simples,Reta,Não,2,1,1,0,0,0,1,1,"-7,21054229","-37,77515293",SPRF-PB,DEL03-PB,UOP01-DEL03-PB
442675.0,2022-04-10,domingo,10:55:00,PB,104,134,QUEIMADAS,Velocidade Incompatível,Saída de leito carroçável,Com Vítimas Feridas,Pleno dia,Crescente,Céu Claro,Simples,Reta,Sim,1,0,0,1,0,0,1,1,"-7,304261","-35,892832",SPRF-PB,DEL02-PB,UOP03-DEL02-PB
442742.0,2022-04-10,domingo,11:20:00,PB,230,141,CAMPINA GRANDE,Acessar a via sem observar a presença dos outros veículos,Colisão transversal,Com Vítimas Feridas,Pleno dia,Crescente,Céu Claro,Dupla,Reta,Sim,2,0,0,1,1,0,1,2,"-7,2612","-35,8061",SPRF-PB,DEL02-PB,UOP01-DEL02-PB
442797.0,2022-04-11,segunda-feira,07:00:00,PB,230,141,CAMPINA GRANDE,Acumulo de areia ou detritos sobre o pavimento,Tombamento,Com Vítimas Feridas,Pleno dia,Crescente,Céu Claro,Dupla,Curva,Não,2,0,2,0,0,0,2,1,"-7,2612","-35,8061",SPRF-PB,DEL02-PB,UOP01-DEL02-PB
442892.0,2022-02-20,domingo,06:20:00,PB,412,"43,6",SAO JOAO DO CARIRI,Demais falhas mecânicas ou elétricas,Colisão transversal,Sem Vítimas,Pleno dia,Crescente,Céu Claro,Simples,Reta,Não,2,0,0,0,2,0,0,2,"-7,337673","-36,428707",SPRF-PB,DEL02-PB,UOP02-DEL02-PB
443345.0,2022-04-13,quarta-feira,08:07:00,PB,230,17,JOAO PESSOA,Manobra de mudança de faixa,Colisão lateral mesmo sentido,Com Vítimas Feridas,Pleno dia,Decrescente,Céu Claro,Múltipla,Reta,Sim,2,0,0,1,1,0,1,2,"-7,1121","-34,8426",SPRF-PB,DEL01-PB,UOP01-DEL01-PB
443384.0,2022-04-13,quarta-feira,09:47:00,PB,230,21,JOAO PESSOA,Condutor deixou de manter distância do veículo da frente,Engavetamento,Sem Vítimas,Pleno dia,Crescente,Céu Claro,Dupla,Reta,Sim,4,0,0,0,4,0,0,4,"-7,1415","-34,8519",SPRF-PB,DEL01-PB,UOP01-DEL01-PB
443469.0,2022-04-13,quarta-feira,15:30:00,PB,230,"18,6",JOAO PESSOA,Ingestão de álcool pelo condutor,Colisão traseira,Com Vítimas Feridas,Pleno dia,Crescente,Céu Claro,Dupla,Curva,Sim,2,0,1,0,0,1,1,2,"-7,1198","-34,8453",SPRF-PB,DEL01-PB,UOP01-DEL01-PB
443480.0,2022-04-13,quarta-feira,17:00:00,PB,230,20,JOAO PESSOA,Reação tardia ou ineficiente do condutor,Colisão traseira,Com Vítimas Feridas,Pleno dia,Decrescente,Céu Claro,Dupla,Reta,Não,2,0,1,0,1,0,1,2,"-7,1337","-34,8544",SPRF-PB,DEL01-PB,UOP01-DEL01-PB
443576.0,2022-04-13,quarta-feira,18:50:00,PB,361,6,PATOS,Acessar a via sem observar a presença dos outros veículos,Colisão transversal,Com Vítimas Feridas,Plena Noite,Crescente,Céu Claro,Simples,Reta,Sim,2,0,0,1,1,0,1,2,"-7,03594312","-37,31112598",SPRF-PB,DEL03-PB,UOP01-DEL03-PB
443583.0,2022-04-13,quarta-feira,18:58:00,PB,230,457,SOUSA,Acessar a via sem observar a presença dos outros veículos,Colisão transversal,Com Vítimas Fatais,Plena Noite,Crescente,Céu Claro,Simples,Reta,Não,2,1,0,0,1,0,0,2,"-6,7784","-38,1731",SPRF-PB,DEL03-PB,UOP03-DEL03-PB
443600.0,2022-04-14,quinta-feira,00:00:00,PB,104,"143,4",QUEIMADAS,Animais na Pista,Atropelamento de Animal,Com Vítimas Feridas,Plena Noite,Decrescente,Céu Claro,Simples,Reta,Não,4,0,2,1,1,0,3,2,"-7,40477903","-35,89667929",SPRF-PB,DEL02-PB,UOP03-DEL02-PB
443741.0,2022-04-14,quinta-feira,18:00:00,PB,101,"88,3",JOAO PESSOA,Reação tardia ou ineficiente do condutor,Tombamento,Com Vítimas Feridas,Plena Noite,Crescente,Céu Claro,Múltipla,Reta,Sim,2,0,1,0,0,1,1,2,"-7,165481","-34,896645",SPRF-PB,DEL01-PB,UOP01-DEL01-PB
443750.0,2022-04-14,quinta-feira,14:10:00,PB,230,"445,7",APARECIDA,Conversão proibida,Colisão frontal,Com Vítimas Feridas,Pleno dia,Crescente,Céu Claro,Simples,Reta,Sim,2,0,1,0,1,0,1,2,"-6,786114","-38,084497",SPRF-PB,DEL03-PB,UOP03-DEL03-PB
443830.0,2022-04-14,quinta-feira,23:55:00,PB,230,"12,8",CABEDELO,Reação tardia ou ineficiente do condutor,Tombamento,Com Vítimas Feridas,Plena Noite,Decrescente,Céu Claro,Dupla,Interseção de Vias,Sim,1,0,1,0,0,0,1,1,"-7,068","-34,85",SPRF-PB,DEL01-PB,UOP01-DEL01-PB
443859.0,2022-04-15,sexta-feira,07:00:00,PB,101,"31,8",RIO TINTO,Ausência de reação do condutor,Colisão traseira,Com Vítimas Fatais,Pleno dia,Decrescente,Céu Claro,Dupla,Reta,Não,48,1,0,0,47,0,0,2,"-6,77036756","-35,13318877",SPRF-PB,DEL01-PB,UOP04-DEL01-PB
443911.0,2022-04-15,sexta-feira,11:50:00,PB,101,"99,5",CONDE,Velocidade Incompatível,Colisão lateral mesmo sentido,Com Vítimas Feridas,Pleno dia,Decrescente,Céu Claro,Dupla,Reta,Não,3,0,1,0,2,0,1,2,"-7,26469806","-34,93677965",SPRF-PB,DEL01-PB,UOP02-DEL01-PB
444034.0,2022-04-16,sábado,07:50:00,PB,230,28,JOAO PESSOA,Avarias e/ou desgaste excessivo no pneu,Tombamento,Com Vítimas Feridas,Amanhecer,Decrescente,Céu Claro,Dupla,Declive;Viaduto,Não,2,0,2,0,0,0,2,1,"-7,1651","-34,8941",SPRF-PB,DEL01-PB,UOP01-DEL01-PB
444152.0,2022-04-16,sábado,22:50:00,PB,101,82,BAYEUX,Ausência de reação do condutor,Saída de leito carroçável,Sem Vítimas,Plena Noite,Decrescente,Céu Claro,Dupla,Reta,Sim,1,0,0,0,1,0,0,1,"-7,12911","-34,93714",SPRF-PB,DEL01-PB,UOP01-DEL01-PB
444308.0,2022-04-17,domingo,16:21:00,PB,101,84,BAYEUX,Ausência de reação do condutor,Colisão traseira,Com Vítimas Feridas,Pleno dia,Decrescente,Céu Claro,Dupla,Reta,Sim,4,0,1,0,1,2,1,4,"-7,13957906","-34,92312806",SPRF-PB,DEL01-PB,UOP01-DEL01-PB
444309.0,2022-04-17,domingo,00:30:00,PB,230,"467,5",SOUSA,Ausência de reação do condutor,Saída de leito carroçável,Sem Vítimas,Plena Noite,Decrescente,Nublado,Simples,Reta,Sim,1,0,0,0,0,1,0,1,"-6,7813","-38,2606",SPRF-PB,DEL03-PB,UOP03-DEL03-PB
444359.0,2022-04-17,domingo,19:10:00,PB,230,25,JOAO PESSOA,Afundamento ou ondulação no pavimento,Tombamento,Com Vítimas Feridas,Plena Noite,Crescente,Nublado,Múltipla,Viaduto;Reta,Sim,1,0,0,1,0,0,1,1,"-7,1707","-34,8684",SPRF-PB,DEL01-PB,UOP01-DEL01-PB
444369.0,2022-04-17,domingo,19:28:00,PB,230,10,CABEDELO,Ingestão de álcool pelo condutor,Colisão traseira,Sem Vítimas,Plena Noite,Crescente,Chuva,Dupla,Reta,Sim,3,0,0,0,1,2,0,3,"-7,0514","-34,8499",SPRF-PB,DEL01-PB,UOP01-DEL01-PB
444413.0,2022-04-17,domingo,21:10:00,PB,412,"144,2",MONTEIRO,Ingestão de álcool pelo condutor,Colisão traseira,Com Vítimas Feridas,Plena Noite,Crescente,Chuva,Simples,Reta,Sim,4,0,1,3,0,0,4,2,"-7,891878","-37,111336",SPRF-PB,DEL02-PB,UOP02-DEL02-PB
444442.0,2022-04-18,segunda-feira,02:35:00,PB,101,94,CONDE,Demais falhas mecânicas ou elétricas,Incêndio,Sem Vítimas,Plena Noite,Crescente,Céu Claro,Dupla,Aclive,Não,1,0,0,0,1,0,0,1,"-7,21483297","-34,9117521",SPRF-PB,DEL01-PB,UOP02-DEL01-PB
444590.0,2022-04-18,segunda-feira,16:44:00,PB,230,"337,7",PATOS,Acessar a via sem observar a presença dos outros veículos,Colisão transversal,Com Vítimas Feridas,Pleno dia,Crescente,Céu Claro,Simples,Reta,Sim,3,0,2,1,0,0,3,2,"-7,007054","-37,288499",SPRF-PB,DEL03-PB,UOP01-DEL03-PB
444601.0,2022-04-18,segunda-feira,18:30:00,PB,230,18,JOAO PESSOA,Reação tardia ou ineficiente do condutor,Colisão traseira,Com Vítimas Feridas,Plena Noite,Decrescente,Céu Claro,Dupla,Reta,Sim,2,0,1,0,1,0,1,2,"-7,1198","-34,8453",SPRF-PB,DEL01-PB,UOP01-DEL01-PB
444724.0,2022-04-19,terça-feira,11:21:00,PB,101,87,JOAO PESSOA,Velocidade Incompatível,Tombamento,Com Vítimas Feridas,Pleno dia,Crescente,Céu Claro,Dupla,Curva,Sim,1,0,1,0,0,0,1,1,"-7,15886802","-34,90628504",SPRF-PB,DEL01-PB,UOP01-DEL01-PB
444881.0,2022-04-20,quarta-feira,06:20:00,PB,230,148,CAMPINA GRANDE,Acumulo de óleo sobre o pavimento,Tombamento,Com Vítimas Feridas,Pleno dia,Crescente,Céu Claro,Dupla,Rotatória,Sim,3,0,1,0,0,2,1,2,"-7,23672241","-35,8670783",SPRF-PB,DEL02-PB,UOP01-DEL02-PB
444912.0,2022-02-13,domingo,19:18:00,PB,230,21,JOAO PESSOA,Trafegar com motocicleta (ou similar) entre as faixas,Colisão traseira,Com Vítimas Feridas,Plena Noite,Crescente,Céu Claro,Dupla,Reta,Sim,3,0,0,1,2,0,1,3,"-7,1415","-34,8519",SPRF-PB,DEL01-PB,UOP01-DEL01-PB
444941.0,2022-02-15,terça-feira,18:16:00,PB,230,8,CABEDELO,Objeto estático sobre o leito carroçável,Colisão com objeto,Com Vítimas Feridas,Plena Noite,Decrescente,Céu Claro,Dupla,Reta;Em Obras,Sim,1,0,1,0,0,0,1,1,"-7,035","-34,8426",SPRF-PB,DEL01-PB,UOP01-DEL01-PB
444946.0,2022-02-14,segunda-feira,22:00:00,PB,230,368,MALTA,Ingestão de álcool pelo condutor,Colisão traseira,Com Vítimas Feridas,Plena Noite,Crescente,Céu Claro,Simples,Reta,Não,2,0,1,1,0,0,2,2,"-6,9057","-37,5322",SPRF-PB,DEL03-PB,UOP02-DEL03-PB
444951.0,2022-02-20,domingo,07:05:00,PB,230,5,CABEDELO,Ingestão de álcool pelo condutor,Colisão traseira,Sem Vítimas,Pleno dia,Crescente,Céu Claro,Dupla,Em Obras,Sim,2,0,0,0,1,1,0,2,"-7,01","-34,8312",SPRF-PB,DEL01-PB,UOP01-DEL01-PB
445012.0,2022-04-20,quarta-feira,19:05:00,PB,230,20,JOAO PESSOA,Reação tardia ou ineficiente do condutor,Colisão traseira,Com Vítimas Feridas,Plena Noite,Decrescente,Garoa/Chuvisco,Dupla,Reta,Sim,2,0,1,0,0,1,1,2,"-7,1337","-34,8544",SPRF-PB,DEL01-PB,UOP01-DEL01-PB
445072.0,2022-02-19,sábado,23:40:00,PB,230,"165,7",CAMPINA GRANDE,Ausência de reação do condutor,Colisão transversal,Com Vítimas Feridas,Plena Noite,Decrescente,Céu Claro,Simples,Reta,Sim,2,0,0,1,0,1,1,2,"-7,2051","-35,951",SPRF-PB,DEL02-PB,UOP02-DEL02-PB
445079.0,2022-04-21,quinta-feira,04:10:00,PB,230,27,JOAO PESSOA,Ingestão de álcool pelo condutor,Saída de leito carroçável,Com Vítimas Feridas,Plena Noite,Crescente,Céu Claro,Dupla,Reta,Sim,1,0,0,1,0,0,1,1,"-7,1677","-34,8855",SPRF-PB,DEL01-PB,UOP01-DEL01-PB
445269.0,2022-02-17,quinta-feira,13:10:00,PB,101,92,JOAO PESSOA,Acumulo de água sobre o pavimento,Tombamento,Com Vítimas Feridas,Pleno dia,Decrescente,Chuva,Dupla,Curva;Declive,Não,2,0,2,0,0,0,2,1,"-7,19683829","-34,90588313",SPRF-PB,DEL01-PB,UOP02-DEL01-PB
445274.0,2022-04-22,sexta-feira,06:25:00,PB,101,104,ALHANDRA,Condutor Dormindo,Colisão traseira,Com Vítimas Feridas,Pleno dia,Decrescente,Sol,Dupla,Reta,Não,4,0,2,0,2,0,2,3,"-7,30029088","-34,93888622",SPRF-PB,DEL01-PB,UOP02-DEL01-PB
445311.0,2022-02-17,quinta-feira,12:10:00,PB,230,"147,9",CAMPINA GRANDE,Ingestão de álcool pelo condutor,Colisão com objeto,Com Vítimas Feridas,Pleno dia,Crescente,Chuva,Dupla,Rotatória,Sim,1,0,1,0,0,0,1,1,"-7,236673","-35,867995",SPRF-PB,DEL02-PB,UOP01-DEL02-PB
445312.0,2022-04-22,sexta-feira,11:05:00,PB,230,27,JOAO PESSOA,Pista Escorregadia,Colisão com objeto,Com Vítimas Feridas,Pleno dia,Decrescente,Céu Claro,Simples,Curva;Viaduto,Não,2,0,2,0,0,0,2,1,"-7,1677","-34,8855",SPRF-PB,DEL01-PB,UOP01-DEL01-PB
445341.0,2022-04-22,sexta-feira,15:00:00,PB,230,153,CAMPINA GRANDE,Ingestão de álcool pelo condutor,Colisão traseira,Sem Vítimas,Pleno dia,Crescente,Sol,Simples,Curva,Não,2,0,0,0,2,0,0,2,"-7,2763","-35,8887",SPRF-PB,DEL02-PB,UOP01-DEL02-PB
445342.0,2022-04-22,sexta-feira,14:14:00,PB,104,130,CAMPINA GRANDE,Acessar a via sem observar a presença dos outros veículos,Colisão lateral mesmo sentido,Com Vítimas Feridas,Pleno dia,Crescente,Céu Claro,Simples,Reta,Não,3,0,1,1,1,0,2,2,"-7,29013399","-35,89029705",SPRF-PB,DEL02-PB,UOP03-DEL02-PB
445371.0,2022-04-22,sexta-feira,12:40:00,PB,104,97,ESPERANCA,Acessar a via sem observar a presença dos outros veículos,Colisão transversal,Com Vítimas Feridas,Pleno dia,Crescente,Nublado,Simples,Curva,Sim,3,0,1,1,0,1,2,2,"-7,01994564","-35,85788662",SPRF-PB,DEL02-PB,UOP04-DEL02-PB
445479.0,2022-02-10,quinta-feira,11:00:00,PB,104,97,ESPERANCA,Ausência de reação do condutor,Queda de ocupante de veículo,Com Vítimas Feridas,Pleno dia,Crescente,Céu Claro,Simples,Reta,Sim,1,0,1,0,0,0,1,1,"-7,01994564","-35,85788662",SPRF-PB,DEL02-PB,UOP04-DEL02-PB
445642.0,2022-04-23,sábado,21:30:00,PB,230,489,CAJAZEIRAS,Chuva,Saída de leito carroçável,Sem Vítimas,Plena Noite,Decrescente,Garoa/Chuvisco,Simples,Reta,Não,1,0,0,0,0,1,0,1,"-6,8675","-38,4144",SPRF-PB,DEL03-PB,UOP03-DEL03-PB
445744.0,2022-04-24,domingo,13:40:00,PB,230,"338,1",PATOS,Ingestão de álcool pelo condutor,Tombamento,Com Vítimas Feridas,Pleno dia,Crescente,Céu Claro,Simples,Reta,Sim,1,0,0,1,0,0,1,1,"-7,007","-37,2906",SPRF-PB,DEL03-PB,UOP01-DEL03-PB
445913.0,2022-02-14,segunda-feira,17:10:00,PB,230,1,CABEDELO,Reação tardia ou ineficiente do condutor,Colisão traseira,Com Vítimas Feridas,Pleno dia,Decrescente,Céu Claro,Simples,Reta,Sim,2,0,1,0,1,0,1,2,"-6,9753","-34,8318",SPRF-PB,DEL01-PB,UOP01-DEL01-PB
445980.0,2022-04-25,segunda-feira,13:15:00,PB,101,42,MAMANGUAPE,Reação tardia ou ineficiente do condutor,Capotamento,Com Vítimas Feridas,Pleno dia,Decrescente,Chuva,Dupla,Declive,Não,1,0,0,1,0,0,1,1,"-6,856615","-35,13444297",SPRF-PB,DEL01-PB,UOP04-DEL01-PB
445990.0,2022-04-25,segunda-feira,13:30:00,PB,230,163,CAMPINA GRANDE,Mal súbito do condutor,Saída de leito carroçável,Com Vítimas Feridas,Pleno dia,Crescente,Chuva,Simples,Curva;Aclive,Não,1,0,1,0,0,0,1,1,"-7,2198","-35,9443",SPRF-PB,DEL02-PB,UOP01-DEL02-PB
446054.0,2022-04-25,segunda-feira,19:40:00,PB,101,87,JOAO PESSOA,Chuva,Queda de ocupante de veículo,Com Vítimas Feridas,Plena Noite,Crescente,Chuva,Dupla,Reta,Sim,2,0,1,0,1,0,1,1,"-7,15886802","-34,90628504",SPRF-PB,DEL01-PB,UOP01-DEL01-PB
446175.0,2022-04-26,terça-feira,12:53:00,PB,230,"10,2",CABEDELO,Reação tardia ou ineficiente do condutor,Colisão traseira,Sem Vítimas,Pleno dia,Decrescente,Céu Claro,Dupla,Reta,Sim,2,0,0,0,2,0,0,2,"-7,0514","-34,8499",SPRF-PB,DEL01-PB,UOP01-DEL01-PB
446191.0,2022-02-02,quarta-feira,17:30:00,PB,230,163,CAMPINA GRANDE,Animais na Pista,Atropelamento de Animal,Com Vítimas Feridas,Anoitecer,Crescente,Vento,Simples,Reta,Não,1,0,0,1,0,0,1,1,"-7,21108818","-35,94046784",SPRF-PB,DEL02-PB,UOP01-DEL02-PB
446279.0,2022-04-27,quarta-feira,07:00:00,PB,230,"54,4",CRUZ DO ESPIRITO SANTO,Condutor Dormindo,Saída de leito carroçável,Sem Vítimas,Pleno dia,Crescente,Nublado,Dupla,Reta,Não,1,0,0,0,0,1,0,1,"-7,2007","-35,0854",SPRF-PB,DEL01-PB,UOP03-DEL01-PB
446345.0,2022-04-27,quarta-feira,14:25:00,PB,104,"114,3",LAGOA SECA,Conversão proibida,Colisão transversal,Com Vítimas Feridas,Pleno dia,Decrescente,Céu Claro,Simples,Reta,Sim,2,0,0,1,1,0,1,2,"-7,1620139","-35,85712429",SPRF-PB,DEL02-PB,UOP04-DEL02-PB
446411.0,2022-04-27,quarta-feira,20:00:00,PB,230,480,MARIZOPOLIS,Velocidade Incompatível,Colisão traseira,Com Vítimas Feridas,Plena Noite,Decrescente,Nublado,Simples,Reta,Sim,4,0,0,4,0,0,4,2,"-6,8436","-38,3416",SPRF-PB,DEL03-PB,UOP03-DEL03-PB
446429.0,2022-04-28,quinta-feira,04:30:00,PB,101,"84,3",BAYEUX,Desrespeitar a preferência no cruzamento,Colisão com objeto,Sem Vítimas,Amanhecer,Crescente,Ignorado,Simples,Interseção de Vias,Sim,2,0,0,0,1,1,0,2,"-7,13957906","-34,92312806",SPRF-PB,DEL01-PB,UOP01-DEL01-PB
446470.0,2022-04-28,quinta-feira,09:10:00,PB,101,29,MAMANGUAPE,Acumulo de água sobre o pavimento,Saída de leito carroçável,Com Vítimas Feridas,Pleno dia,Crescente,Chuva,Dupla,Curva,Não,2,0,2,0,0,0,2,1,"-6,74032319","-35,13146581",SPRF-PB,DEL01-PB,UOP04-DEL01-PB
446546.0,2022-04-28,quinta-feira,18:00:00,PB,230,"16,9",JOAO PESSOA,Condutor deixou de manter distância do veículo da frente,Colisão lateral mesmo sentido,Com Vítimas Feridas,Plena Noite,Crescente,Céu Claro,Dupla,Reta,Sim,2,0,1,1,0,0,2,1,"-7,1039","-34,8458",SPRF-PB,DEL01-PB,UOP01-DEL01-PB
446776.0,2022-04-29,sexta-feira,22:15:00,PB,230,22,JOAO PESSOA,Ausência de reação do condutor,Colisão traseira,Sem Vítimas,Plena Noite,Crescente,Nublado,Dupla,Reta,Sim,2,0,0,0,1,1,0,2,"-7,15783418","-34,85826608",SPRF-PB,DEL01-PB,UOP01-DEL01-PB
446783.0,2022-04-29,sexta-feira,20:20:00,PB,101,"85,3",BAYEUX,Entrada inopinada do pedestre,Atropelamento de Pedestre,Com Vítimas Feridas,Plena Noite,Crescente,Céu Claro,Dupla,Reta,Não,2,0,0,1,0,1,1,2,"-7,14538184","-34,91662887",SPRF-PB,DEL01-PB,UOP01-DEL01-PB
446784.0,2022-04-29,sexta-feira,23:15:00,PB,230,"158,7",CAMPINA GRANDE,Acessar a via sem observar a presença dos outros veículos,Colisão transversal,Com Vítimas Feridas,Plena Noite,Crescente,Nublado,Simples,Reta,Sim,2,0,0,1,1,0,1,2,"-7,2582","-35,9267",SPRF-PB,DEL02-PB,UOP01-DEL02-PB
446787.0,2022-04-29,sexta-feira,20:00:00,PB,230,"396,4",POMBAL,Ultrapassagem Indevida,Colisão frontal,Com Vítimas Feridas,Plena Noite,Crescente,Céu Claro,Simples,Declive,Não,2,0,0,1,0,1,1,2,"-6,8525","-37,7424",SPRF-PB,DEL03-PB,UOP02-DEL03-PB
446794.0,2022-04-29,sexta-feira,19:50:00,PB,230,11,CABEDELO,Transitar no acostamento,Queda de ocupante de veículo,Com Vítimas Feridas,Plena Noite,Crescente,Céu Claro,Dupla,Retorno Regulamentado,Sim,1,0,0,1,0,0,1,1,"-7,0596","-34,8506",SPRF-PB,DEL01-PB,UOP01-DEL01-PB
446805.0,2022-04-30,sábado,00:30:00,PB,230,5,CABEDELO,Ingestão de álcool pelo condutor,Colisão com objeto,Sem Vítimas,Plena Noite,Decrescente,Garoa/Chuvisco,Dupla,Reta;Em Obras,Sim,1,0,0,0,1,0,0,1,"-7,01","-34,8312",SPRF-PB,DEL01-PB,UOP01-DEL01-PB
446947.0,2022-04-30,sábado,18:00:00,PB,230,"41,5",SANTA RITA,Ingestão de álcool pelo condutor,Saída de leito carroçável,Sem Vítimas,Plena Noite,Crescente,Céu Claro,Dupla,Retorno Regulamentado,Sim,1,0,0,0,1,0,0,1,"-7,1432","-34,9869",SPRF-PB,DEL01-PB,UOP03-DEL01-PB
446992.0,2022-04-30,sábado,22:08:00,PB,230,170,CAMPINA GRANDE,Transitar na contramão,Colisão frontal,Com Vítimas Feridas,Pleno dia,Crescente,Nublado,Simples,Reta,Sim,2,0,1,0,1,0,1,2,"-7,1806","-35,9873",SPRF-PB,DEL02-PB,UOP02-DEL02-PB
447021.0,2022-05-01,domingo,02:40:00,PB,230,"18,3",JOAO PESSOA,Condutor Dormindo,Saída de leito carroçável,Sem Vítimas,Plena Noite,Crescente,Céu Claro,Dupla,Curva,Sim,1,0,0,0,1,0,0,1,"-7,12686635","-34,8456735",SPRF-PB,DEL01-PB,UOP01-DEL01-PB
447052.0,2022-05-01,domingo,02:30:00,PB,361,7,PATOS,Reação tardia ou ineficiente do condutor,Atropelamento de Pedestre,Com Vítimas Feridas,Plena Noite,Crescente,Céu Claro,Simples,Reta,Não,2,0,1,0,0,1,1,2,"-7,03750454","-37,3199449",SPRF-PB,DEL03-PB,UOP01-DEL03-PB
447076.0,2022-05-01,domingo,04:30:00,PB,230,"119,4",RIACHAO DO BACAMARTE,Ingestão de álcool pelo condutor,Colisão lateral sentido oposto,Com Vítimas Feridas,Plena Noite,Crescente,Céu Claro,Dupla,Reta,Não,6,0,4,2,0,0,6,2,"-7,2423","-35,6312",SPRF-PB,DEL02-PB,UOP01-DEL02-PB
447082.0,2022-05-01,domingo,07:10:00,PB,230,19,JOAO PESSOA,Reação tardia ou ineficiente do condutor,Colisão com objeto,Sem Vítimas,Pleno dia,Crescente,Céu Claro,Dupla,Reta,Sim,1,0,0,0,1,0,0,1,"-7,1281","-34,8466",SPRF-PB,DEL01-PB,UOP01-DEL01-PB
447127.0,2022-05-01,domingo,15:30:00,PB,230,245,JUAZEIRINHO,Acessar a via sem observar a presença dos outros veículos,Colisão transversal,Com Vítimas Feridas,Pleno dia,Decrescente,Sol,Simples,Reta,Não,4,0,1,0,3,0,1,2,"-7,0711","-36,609",SPRF-PB,DEL02-PB,UOP02-DEL02-PB
447245.0,2022-05-01,domingo,21:30:00,PB,230,249,JUAZEIRINHO,Acessar a via sem observar a presença dos outros veículos,Colisão transversal,Sem Vítimas,Plena Noite,Crescente,Céu Claro,Simples,Reta,Não,1,0,0,0,0,1,0,1,"-7,0661","-36,6441",SPRF-PB,DEL02-PB,UOP02-DEL02-PB
447273.0,2022-05-02,segunda-feira,07:50:00,PB,230,153,CAMPINA GRANDE,Trafegar com motocicleta (ou similar) entre as faixas,Colisão lateral mesmo sentido,Com Vítimas Feridas,Pleno dia,Crescente,Sol,Dupla,Rotatória,Não,3,0,1,0,2,0,1,2,"-7,27475705","-35,88824814",SPRF-PB,DEL02-PB,UOP01-DEL02-PB
447280.0,2022-05-02,segunda-feira,07:40:00,PB,104,"119,2",CAMPINA GRANDE,Reação tardia ou ineficiente do condutor,Colisão traseira,Com Vítimas Feridas,Pleno dia,Crescente,Nublado,Simples,Reta,Sim,3,0,1,0,2,0,1,3,"-7,197084","-35,876774",SPRF-PB,DEL02-PB,UOP04-DEL02-PB
447307.0,2022-05-02,segunda-feira,10:15:00,PB,101,116,ALHANDRA,Acumulo de água sobre o pavimento,Saída de leito carroçável,Com Vítimas Feridas,Pleno dia,Decrescente,Chuva,Dupla,Reta,Não,1,0,1,0,0,0,1,1,"-7,405261","-34,95492",SPRF-PB,DEL01-PB,UOP02-DEL01-PB
447336.0,2022-05-02,segunda-feira,12:45:00,PB,230,51,SANTA RITA,Condutor Dormindo,Saída de leito carroçável,Com Vítimas Feridas,Pleno dia,Decrescente,Chuva,Dupla,Reta,Não,1,0,1,0,0,0,1,1,"-7,1897","-35,0615",SPRF-PB,DEL01-PB,UOP03-DEL01-PB
447415.0,2022-05-02,segunda-feira,17:30:00,PB,230,"153,5",CAMPINA GRANDE,Condutor deixou de manter distância do veículo da frente,Colisão traseira,Com Vítimas Feridas,Anoitecer,Decrescente,Chuva,Simples,Reta,Sim,2,0,1,0,1,0,1,2,"-7,278852","-35,893915",SPRF-PB,DEL02-PB,UOP01-DEL02-PB
447492.0,2022-05-03,terça-feira,06:50:00,PB,230,"22,5",JOAO PESSOA,Ausência de reação do condutor,Colisão traseira,Com Vítimas Feridas,Pleno dia,Decrescente,Nublado,Dupla,Reta,Sim,3,0,1,0,1,1,1,2,"-7,1495","-34,8517",SPRF-PB,DEL01-PB,UOP01-DEL01-PB
447496.0,2022-05-03,terça-feira,07:30:00,PB,230,21,JOAO PESSOA,Ausência de reação do condutor,Colisão traseira,Com Vítimas Feridas,Pleno dia,Crescente,Garoa/Chuvisco,Dupla,Reta,Sim,4,0,1,0,3,0,1,4,"-7,1415","-34,8519",SPRF-PB,DEL01-PB,UOP01-DEL01-PB