id,data_inversa,dia_semana,horario,uf,br,km,municipio,causa_acidente,tipo_acidente,classificacao_acidente,fase_dia,sentido_via,condicao_metereologica,tipo_pista,tracado_via,uso_solo,pessoas,mortos,feridos_leves,feridos_graves,ilesos,ignorados,feridos,veiculos,latitude,longitude,regional,delegacia,uop
447503.0,2022-05-03,terça-feira,08:00:00,PB,230,22,JOAO PESSOA,Trafegar com motocicleta (ou similar) entre as faixas,Colisão traseira,Com Vítimas Feridas,Pleno dia,Decrescente,Nublado,Dupla,Reta,Sim,4,0,1,1,2,0,2,4,"-7,1495","-34,8517",SPRF-PB,DEL01-PB,UOP01-DEL01-PB
447517.0,2022-05-03,terça-feira,04:02:00,PB,230,"115,5",INGA,Velocidade Incompatível,Saída de leito carroçável,Sem Vítimas,Amanhecer,Decrescente,Nublado,Dupla,Reta,Não,1,0,0,0,0,1,0,1,"-7,23852062","-35,60671493",SPRF-PB,DEL01-PB,UOP03-DEL01-PB
447539.0,2022-05-03,terça-feira,10:15:00,PB,230,87,GURINHEM,Afundamento ou ondulação no pavimento,Saída de leito carroçável,Com Vítimas Feridas,Pleno dia,Decrescente,Céu Claro,Dupla,Reta,Não,2,0,1,1,0,0,2,1,"-7,1673","-35,3656",SPRF-PB,DEL01-PB,UOP03-DEL01-PB
447678.0,2022-05-04,quarta-feira,08:35:00,PB,230,12,CABEDELO,Acesso irregular,Colisão lateral mesmo sentido,Com Vítimas Feridas,Pleno dia,Decrescente,Céu Claro,Dupla,Reta,Sim,3,0,2,0,1,0,2,2,"-7,068","-34,85",SPRF-PB,DEL01-PB,UOP01-DEL01-PB
447707.0,2022-05-04,quarta-feira,08:30:00,PB,104,"172,5",BARRA DE SANTANA,Velocidade Incompatível,Saída de leito carroçável,Com Vítimas Feridas,Pleno dia,Decrescente,Sol,Simples,Curva;Aclive,Não,1,0,1,0,0,0,1,1,"-7,59222","-36,043375",SPRF-PB,DEL02-PB,UOP03-DEL02-PB
447849.0,2022-05-05,quinta-feira,08:20:00,PB,101,88,JOAO PESSOA,Manobra de mudança de faixa,Colisão traseira,Com Vítimas Feridas,Pleno dia,Decrescente,Céu Claro,Dupla,Retorno Regulamentado,Sim,4,0,3,0,0,1,3,2,"-7,16482804","-34,89641782",SPRF-PB,DEL01-PB,UOP01-DEL01-PB
447892.0,2022-05-05,quinta-feira,13:30:00,PB,101,"94,8",CONDE,Demais falhas mecânicas ou elétricas,Saída de leito carroçável,Com Vítimas Feridas,Pleno dia,Decrescente,Chuva,Dupla,Curva;Declive,Não,1,0,1,0,0,0,1,1,"-7,22401404","-34,91476536",SPRF-PB,DEL01-PB,UOP02-DEL01-PB
447991.0,2022-05-06,sexta-feira,00:30:00,PB,230,156,CAMPINA GRANDE,Animais na Pista,Atropelamento de Animal,Com Vítimas Feridas,Plena Noite,Crescente,Garoa/Chuvisco,Simples,Declive;Reta,Sim,1,0,1,0,0,0,1,1,"-7,2693","-35,9138",SPRF-PB,DEL02-PB,UOP01-DEL02-PB
448077.0,2022-05-06,sexta-feira,13:45:00,PB,230,"123,1",RIACHAO DO BACAMARTE,Velocidade Incompatível,Colisão com objeto,Com Vítimas Feridas,Pleno dia,Crescente,Chuva,Simples,Declive;Reta,Não,1,0,1,0,0,0,1,1,"-7,255471","-35,672509",SPRF-PB,DEL02-PB,UOP01-DEL02-PB
448104.0,2022-05-06,sexta-feira,16:23:00,PB,104,"131,1",CAMPINA GRANDE,Condutor deixou de manter distância do veículo da frente,Colisão traseira,Com Vítimas Feridas,Anoitecer,Decrescente,Céu Claro,Simples,Reta,Sim,3,0,1,0,1,1,1,2,"-7,29900408","-35,89187256",SPRF-PB,DEL02-PB,UOP03-DEL02-PB
448206.0,2022-05-07,sábado,02:40:00,PB,230,13,CABEDELO,Ausência de reação do condutor,Colisão com objeto,Sem Vítimas,Plena Noite,Crescente,Garoa/Chuvisco,Dupla,Reta,Sim,1,0,0,0,0,1,0,1,"-7,0772","-34,8494",SPRF-PB,DEL01-PB,UOP01-DEL01-PB
448258.0,2022-05-07,sábado,09:20:00,PB,101,110,ALHANDRA,Ausência de reação do condutor,Tombamento,Com Vítimas Feridas,Pleno dia,Decrescente,Sol,Dupla,Reta,Sim,2,0,2,0,0,0,2,1,"-7,35255626","-34,94940909",SPRF-PB,DEL01-PB,UOP02-DEL01-PB
448274.0,2022-05-07,sábado,09:50:00,PB,230,46,SANTA RITA,Velocidade Incompatível,Queda de ocupante de veículo,Com Vítimas Feridas,Pleno dia,Crescente,Nublado,Dupla,Reta,Não,2,0,1,0,1,0,1,1,"-7,1635","-35,025",SPRF-PB,DEL01-PB,UOP03-DEL01-PB
448315.0,2022-05-07,sábado,15:10:00,PB,101,"72,4",SANTA RITA,Reação tardia ou ineficiente do condutor,Colisão com objeto,Com Vítimas Feridas,Pleno dia,Decrescente,Céu Claro,Simples,Reta,Não,2,0,1,0,1,0,1,1,"-7,07320663","-34,99569975",SPRF-PB,DEL01-PB,UOP04-DEL01-PB
448352.0,2022-05-07,sábado,17:30:00,PB,230,290,SANTA LUZIA,Ausência de reação do condutor,Colisão transversal,Com Vítimas Feridas,Plena Noite,Decrescente,Céu Claro,Simples,Reta,Sim,2,0,0,1,0,1,1,2,"-6,8742","-36,9085",SPRF-PB,DEL03-PB,UOP01-DEL03-PB
448381.0,2022-05-07,sábado,20:20:00,PB,230,55,CRUZ DO ESPIRITO SANTO,Chuva,Queda de ocupante de veículo,Com Vítimas Feridas,Plena Noite,Crescente,Chuva,Dupla,Reta,Não,1,0,1,0,0,0,1,1,"-7,2014","-35,0943",SPRF-PB,DEL01-PB,UOP03-DEL01-PB
448484.0,2022-05-08,domingo,05:00:00,PB,427,"9,1",PAULISTA,Reação tardia ou ineficiente do condutor,Tombamento,Com Vítimas Feridas,Pleno dia,Decrescente,Céu Claro,Simples,Reta,Não,1,0,0,1,0,0,1,1,"-6,66181525","-37,55062904",SPRF-PB,DEL03-PB,UOP02-DEL03-PB
448563.0,2022-05-08,domingo,17:28:00,PB,230,36,SANTA RITA,Condutor deixou de manter distância do veículo da frente,Colisão traseira,Com Vítimas Feridas,Anoitecer,Decrescente,Nublado,Dupla,Curva;Declive,Não,4,0,1,1,2,0,2,3,"-7,12627333","-34,94918346",SPRF-PB,DEL01-PB,UOP03-DEL01-PB
448575.0,2022-05-08,domingo,18:50:00,PB,101,82,BAYEUX,Reação tardia ou ineficiente do condutor,Engavetamento,Com Vítimas Feridas,Plena Noite,Crescente,Nublado,Dupla,Viaduto;Reta,Sim,3,0,1,0,2,0,1,3,"-7,12911","-34,93714",SPRF-PB,DEL01-PB,UOP01-DEL01-PB
448616.0,2022-05-08,domingo,20:20:00,PB,230,"4,5",CABEDELO,Transitar na contramão,Colisão lateral sentido oposto,Com Vítimas Feridas,Plena Noite,Crescente,Céu Claro,Simples,Em Obras,Sim,2,0,1,0,1,0,1,2,"-7,0004","-34,8284",SPRF-PB,DEL01-PB,UOP01-DEL01-PB
448705.0,2022-05-09,segunda-feira,08:00:00,PB,230,"24,2",JOAO PESSOA,Condutor deixou de manter distância do veículo da frente,Colisão traseira,Com Vítimas Feridas,Pleno dia,Decrescente,Céu Claro,Dupla,Reta,Sim,2,0,1,0,1,0,1,2,"-7,1637","-34,8618",SPRF-PB,DEL01-PB,UOP01-DEL01-PB
448817.0,2022-05-09,segunda-feira,18:20:00,PB,230,"332,3",PATOS,Mal súbito do condutor,Tombamento,Com Vítimas Feridas,Plena Noite,Crescente,Céu Claro,Simples,Reta,Não,1,0,1,0,0,0,1,1,"-7,0203","-37,2403",SPRF-PB,DEL03-PB,UOP01-DEL03-PB
448877.0,2022-05-10,terça-feira,06:35:00,PB,101,89,JOAO PESSOA,Afundamento ou ondulação no pavimento,Tombamento,Com Vítimas Feridas,Amanhecer,Decrescente,Garoa/Chuvisco,Dupla,Reta,Sim,1,0,1,0,0,0,1,1,"-7,17882608","-34,89977594",SPRF-PB,DEL01-PB,UOP02-DEL01-PB
448886.0,2022-05-10,terça-feira,08:25:00,PB,101,89,JOAO PESSOA,Acessar a via sem observar a presença dos outros veículos,Colisão transversal,Com Vítimas Feridas,Pleno dia,Crescente,Céu Claro,Dupla,Interseção de Vias,Sim,2,0,1,0,1,0,1,2,"-7,1710694","-34,89765372",SPRF-PB,DEL01-PB,UOP02-DEL01-PB
448951.0,2022-05-10,terça-feira,13:55:00,PB,104,96,ESPERANCA,Ausência de reação do condutor,Colisão traseira,Sem Vítimas,Pleno dia,Decrescente,Sol,Simples,Reta,Sim,2,0,0,0,2,0,0,2,"-7,01186036","-35,85589407",SPRF-PB,DEL02-PB,UOP04-DEL02-PB
449039.0,2022-05-10,terça-feira,22:45:00,PB,230,"501,6",CAJAZEIRAS,Ausência de reação do condutor,Tombamento,Com Vítimas Feridas,Plena Noite,Decrescente,Céu Claro,Simples,Reta,Não,1,0,1,0,0,0,1,1,"-6,899","-38,5159",SPRF-PB,DEL03-PB,UOP03-DEL03-PB
449070.0,2022-05-11,quarta-feira,08:20:00,PB,230,13,CABEDELO,Ausência de reação do condutor,Colisão traseira,Com Vítimas Feridas,Pleno dia,Decrescente,Garoa/Chuvisco,Dupla,Reta,Sim,2,0,1,0,1,0,1,2,"-7,0772","-34,8494",SPRF-PB,DEL01-PB,UOP01-DEL01-PB
449186.0,2022-05-11,quarta-feira,11:30:00,PB,104,"130,6",CAMPINA GRANDE,Desrespeitar a preferência no cruzamento,Colisão transversal,Com Vítimas Feridas,Pleno dia,Decrescente,Sol,Simples,Reta;Retorno Regulamentado,Sim,2,0,1,0,1,0,1,2,"-7,28733611","-35,88963512",SPRF-PB,DEL02-PB,UOP03-DEL02-PB
449464.0,2022-05-12,quinta-feira,18:00:00,PB,230,18,JOAO PESSOA,Manobra de mudança de faixa,Colisão lateral mesmo sentido,Com Vítimas Feridas,Plena Noite,Decrescente,Céu Claro,Dupla,Reta,Sim,3,0,0,1,2,0,1,3,"-7,1198","-34,8453",SPRF-PB,DEL01-PB,UOP01-DEL01-PB
449563.0,2022-05-13,sexta-feira,07:15:00,PB,101,122,CAAPORA,Animais na Pista,Saída de leito carroçável,Com Vítimas Feridas,Pleno dia,Decrescente,Sol,Dupla,Reta,Não,1,0,1,0,0,0,1,1,"-7,45038197","-34,97994215",SPRF-PB,DEL01-PB,UOP02-DEL01-PB
449598.0,2022-01-24,segunda-feira,06:50:00,PB,230,"41,2",SANTA RITA,Acessar a via sem observar a presença dos outros veículos,Colisão lateral mesmo sentido,Com Vítimas Feridas,Pleno dia,Crescente,Céu Claro,Dupla,Retorno Regulamentado,Não,2,0,0,1,1,0,1,2,"-7,1432","-34,9869",SPRF-PB,DEL01-PB,UOP03-DEL01-PB
449770.0,2022-05-14,sábado,09:10:00,PB,230,12,CABEDELO,Ingestão de álcool pelo condutor,Colisão lateral mesmo sentido,Sem Vítimas,Pleno dia,Crescente,Nublado,Dupla,Retorno Regulamentado,Sim,3,0,0,0,3,0,0,2,"-7,074202","-34,849544",SPRF-PB,DEL01-PB,UOP01-DEL01-PB
449786.0,2022-05-14,sábado,07:45:00,PB,104,"110,2",LAGOA SECA,Manobra de mudança de faixa,Colisão transversal,Com Vítimas Feridas,Pleno dia,Crescente,Nublado,Simples,Reta;Aclive,Não,2,0,1,0,1,0,1,2,"-7,130048","-35,860242",SPRF-PB,DEL02-PB,UOP04-DEL02-PB
449808.0,2022-05-14,sábado,12:49:00,PB,230,2,CABEDELO,Acessar a via sem observar a presença dos outros veículos,Tombamento,Com Vítimas Feridas,Pleno dia,Crescente,Nublado,Dupla,Reta,Sim,3,0,0,1,1,1,1,2,"-6,9837","-34,8295",SPRF-PB,DEL01-PB,UOP01-DEL01-PB
449879.0,2022-05-14,sábado,19:00:00,PB,230,90,GURINHEM,Reação tardia ou ineficiente do condutor,Colisão com objeto,Com Vítimas Fatais,Plena Noite,Decrescente,Nublado,Dupla,Reta,Sim,1,1,0,0,0,0,0,1,"-7,173","-35,3934",SPRF-PB,DEL01-PB,UOP03-DEL01-PB
449909.0,2022-05-14,sábado,21:50:00,PB,230,"502,9",CAJAZEIRAS,Animais na Pista,Atropelamento de Animal,Com Vítimas Fatais,Plena Noite,Crescente,Chuva,Simples,Reta,Sim,2,1,0,0,1,0,0,2,"-6,8962","-38,534",SPRF-PB,DEL03-PB,UOP03-DEL03-PB
449961.0,2022-05-15,domingo,06:00:00,PB,101,97,ALHANDRA,Reação tardia ou ineficiente do condutor,Saída de leito carroçável,Com Vítimas Feridas,Pleno dia,Crescente,Garoa/Chuvisco,Dupla,Reta,Não,2,0,2,0,0,0,2,1,"-7,23846306","-34,9268519",SPRF-PB,DEL01-PB,UOP02-DEL01-PB
449968.0,2022-05-15,domingo,06:41:00,PB,230,53,CRUZ DO ESPIRITO SANTO,Acumulo de água sobre o pavimento,Saída de leito carroçável,Com Vítimas Feridas,Pleno dia,Crescente,Chuva,Dupla,Interseção de Vias;Reta,Não,4,0,1,0,3,0,1,1,"-7,1998","-35,0763",SPRF-PB,DEL01-PB,UOP03-DEL01-PB
450060.0,2022-05-15,domingo,16:50:00,PB,230,158,CAMPINA GRANDE,Ultrapassagem Indevida,Colisão lateral mesmo sentido,Com Vítimas Feridas,Anoitecer,Crescente,Nublado,Dupla,Reta,Sim,3,0,2,0,0,1,2,2,"-7,2582","-35,9267",SPRF-PB,DEL02-PB,UOP01-DEL02-PB
450176.0,2022-05-16,segunda-feira,05:15:00,PB,101,"110,7",ALHANDRA,Reação tardia ou ineficiente do condutor,Saída de leito carroçável,Com Vítimas Feridas,Amanhecer,Crescente,Céu Claro,Dupla,Retorno Regulamentado,Sim,1,0,1,0,0,0,1,1,"-7,35991317","-34,95136142",SPRF-PB,DEL01-PB,UOP02-DEL01-PB
450191.0,2022-05-16,segunda-feira,08:00:00,PB,230,19,JOAO PESSOA,Condutor deixou de manter distância do veículo da frente,Colisão traseira,Com Vítimas Feridas,Pleno dia,Crescente,Céu Claro,Dupla,Reta,Não,2,0,1,0,1,0,1,2,"-7,1281","-34,8466",SPRF-PB,DEL01-PB,UOP01-DEL01-PB
450194.0,2022-05-16,segunda-feira,08:12:00,PB,230,"147,9",CAMPINA GRANDE,Frear bruscamente,Tombamento,Com Vítimas Feridas,Pleno dia,Crescente,Nublado,Dupla,Rotatória,Sim,1,0,1,0,0,0,1,1,"-7,236385","-35,867286",SPRF-PB,DEL02-PB,UOP01-DEL02-PB
450195.0,2022-05-16,segunda-feira,08:35:00,PB,230,14,CABEDELO,Condutor deixou de manter distância do veículo da frente,Colisão traseira,Com Vítimas Feridas,Pleno dia,Decrescente,Céu Claro,Dupla,Curva,Sim,2,0,1,0,1,0,1,2,"-7,0844","-34,8488",SPRF-PB,DEL01-PB,UOP01-DEL01-PB
450327.0,2022-05-16,segunda-feira,19:30:00,PB,101,86,JOAO PESSOA,Entrada inopinada do pedestre,Atropelamento de Pedestre,Com Vítimas Feridas,Plena Noite,Crescente,Céu Claro,Dupla,Reta,Sim,2,0,0,1,0,1,1,2,"-7,15118983","-34,91012184",SPRF-PB,DEL01-PB,UOP01-DEL01-PB
450350.0,2022-05-16,segunda-feira,23:00:00,PB,230,"9,3",CABEDELO,Manobra de mudança de faixa,Colisão traseira,Com Vítimas Fatais,Plena Noite,Decrescente,Chuva,Dupla,Declive;Em Obras,Sim,3,1,0,0,2,0,0,2,"-7,0433","-34,8466",SPRF-PB,DEL01-PB,UOP01-DEL01-PB
450568.0,2022-02-23,quarta-feira,08:20:00,PB,230,"162,4",CAMPINA GRANDE,Conversão proibida,Colisão lateral mesmo sentido,Com Vítimas Feridas,Pleno dia,Decrescente,Céu Claro,Simples,Curva,Não,3,0,0,3,0,0,3,2,"-7,2277","-35,9439",SPRF-PB,DEL02-PB,UOP01-DEL02-PB
450643.0,2022-05-18,quarta-feira,17:35:00,PB,230,"148,8",CAMPINA GRANDE,Animais na Pista,Atropelamento de Animal,Com Vítimas Fatais,Anoitecer,Crescente,Céu Claro,Dupla,Declive;Reta,Sim,1,1,0,0,0,0,0,1,"-7,238","-35,8656",SPRF-PB,DEL02-PB,UOP01-DEL02-PB
450649.0,2022-05-18,quarta-feira,22:10:00,PB,101,93,JOAO PESSOA,Ausência de reação do condutor,Eventos atípicos,Com Vítimas Feridas,Plena Noite,Decrescente,Céu Claro,Dupla,Reta,Sim,2,0,0,1,1,0,1,1,"-7,209276","-34,909985",SPRF-PB,DEL01-PB,UOP02-DEL01-PB
450714.0,2022-05-19,quinta-feira,12:30:00,PB,101,83,BAYEUX,Animais na Pista,Atropelamento de Animal,Com Vítimas Feridas,Pleno dia,Decrescente,Sol,Dupla,Reta,Sim,2,0,1,0,1,0,1,2,"-7,13609945","-34,92710352",SPRF-PB,DEL01-PB,UOP01-DEL01-PB
450732.0,2022-05-19,quinta-feira,13:30:00,PB,230,258,JUAZEIRINHO,Transitar no acostamento,Colisão com objeto,Com Vítimas Feridas,Pleno dia,Crescente,Céu Claro,Simples,Reta,Não,1,0,0,1,0,0,1,1,"-7,0089","-36,6889",SPRF-PB,DEL03-PB,UOP01-DEL03-PB
450743.0,2022-05-19,quinta-feira,16:29:00,PB,230,"28,5",JOAO PESSOA,Acumulo de óleo sobre o pavimento,Colisão traseira,Com Vítimas Feridas,Pleno dia,Crescente,Céu Claro,Dupla,Reta,Sim,2,0,0,1,1,0,1,2,"-7,16518555","-34,90122362",SPRF-PB,DEL01-PB,UOP01-DEL01-PB
450745.0,2022-05-19,quinta-feira,16:19:00,PB,230,28,JOAO PESSOA,Condutor deixou de manter distância do veículo da frente,Colisão traseira,Com Vítimas Feridas,Pleno dia,Decrescente,Céu Claro,Dupla,Reta,Sim,2,0,1,0,1,0,1,2,"-7,1651","-34,8941",SPRF-PB,DEL01-PB,UOP01-DEL01-PB
450834.0,2022-05-20,sexta-feira,06:22:00,PB,230,11,CABEDELO,Acessar a via sem observar a presença dos outros veículos,Colisão lateral mesmo sentido,Com Vítimas Feridas,Pleno dia,Decrescente,Nublado,Dupla,Interseção de Vias,Sim,2,0,1,0,1,0,1,2,"-7,0596","-34,8506",SPRF-PB,DEL01-PB,UOP01-DEL01-PB
450844.0,2022-05-20,sexta-feira,06:40:00,PB,230,"157,6",CAMPINA GRANDE,Desrespeitar a preferência no cruzamento,Colisão transversal,Sem Vítimas,Pleno dia,Decrescente,Nublado,Simples,Interseção de Vias,Sim,2,0,0,0,2,0,0,2,"-7,26297884","-35,92104435",SPRF-PB,DEL02-PB,UOP01-DEL02-PB
450879.0,2022-05-20,sexta-feira,07:30:00,PB,230,16,JOAO PESSOA,Ausência de reação do condutor,Queda de ocupante de veículo,Com Vítimas Feridas,Pleno dia,Decrescente,Céu Claro,Dupla,Reta,Sim,2,0,2,0,0,0,2,1,"-7,1039","-34,8458",SPRF-PB,DEL01-PB,UOP01-DEL01-PB
450910.0,2022-05-20,sexta-feira,13:07:00,PB,230,"19,2",JOAO PESSOA,Ausência de reação do condutor,Tombamento,Com Vítimas Feridas,Pleno dia,Crescente,Céu Claro,Dupla,Curva,Não,1,0,0,1,0,0,1,1,"-7,1281","-34,8466",SPRF-PB,DEL01-PB,UOP01-DEL01-PB
450962.0,2022-05-20,sexta-feira,16:30:00,PB,104,"102,5",ESPERANCA,Manobra de mudança de faixa,Colisão frontal,Com Vítimas Feridas,Anoitecer,Crescente,Nublado,Simples,Reta,Não,6,0,0,1,2,3,1,5,"-7,06249","-35,85547",SPRF-PB,DEL02-PB,UOP04-DEL02-PB
451057.0,2022-05-21,sábado,04:49:00,PB,101,15,MAMANGUAPE,Ausência de reação do condutor,Queda de ocupante de veículo,Com Vítimas Feridas,Pleno dia,Decrescente,Céu Claro,Dupla,Reta,Não,1,0,0,1,0,0,1,1,"-6,62207781","-35,13047486",SPRF-PB,DEL01-PB,UOP04-DEL01-PB
451143.0,2022-02-13,domingo,18:10:00,PB,230,292,SANTA LUZIA,Ingestão de álcool pelo condutor,Colisão lateral mesmo sentido,Com Vítimas Feridas,Plena Noite,Crescente,Céu Claro,Simples,Reta,Sim,2,0,2,0,0,0,2,2,"-6,8684","-36,9222",SPRF-PB,DEL03-PB,UOP01-DEL03-PB
451154.0,2022-05-21,sábado,12:00:00,PB,104,"134,1",QUEIMADAS,Ausência de reação do condutor,Colisão traseira,Com Vítimas Feridas,Pleno dia,Decrescente,Nublado,Simples,Reta,Não,2,0,1,0,0,1,1,2,"-7,32562205","-35,89657067",SPRF-PB,DEL02-PB,UOP03-DEL02-PB
451288.0,2022-05-22,domingo,04:30:00,PB,361,"102,7",PIANCO,Condutor Dormindo,Saída de leito carroçável,Com Vítimas Fatais,Plena Noite,Crescente,Nublado,Simples,Reta,Não,1,1,0,0,0,0,0,1,"-7,26269098","-38,05916518",SPRF-PB,DEL03-PB,UOP01-DEL03-PB
451295.0,2022-05-22,domingo,07:20:00,PB,230,27,JOAO PESSOA,Animais na Pista,Atropelamento de Animal,Com Vítimas Feridas,Pleno dia,Crescente,Garoa/Chuvisco,Dupla,Reta;Interseção de Vias,Sim,1,0,0,1,0,0,1,1,"-7,1677","-34,8855",SPRF-PB,DEL01-PB,UOP01-DEL01-PB
451319.0,2022-05-22,domingo,10:40:00,PB,101,85,BAYEUX,Acumulo de água sobre o pavimento,Tombamento,Com Vítimas Feridas,Pleno dia,Decrescente,Chuva,Dupla,Declive;Reta,Sim,1,0,1,0,0,0,1,1,"-7,14538184","-34,91662887",SPRF-PB,DEL01-PB,UOP01-DEL01-PB
451367.0,2022-05-22,domingo,17:00:00,PB,230,"155,4",CAMPINA GRANDE,Ingestão de álcool pelo condutor,Colisão traseira,Com Vítimas Feridas,Anoitecer,Decrescente,Nublado,Simples,Curva,Sim,2,0,1,0,1,0,1,2,"-7,2748","-35,9058",SPRF-PB,DEL02-PB,UOP01-DEL02-PB
451416.0,2022-05-22,domingo,19:45:00,PB,104,"130,8",CAMPINA GRANDE,Acessar a via sem observar a presença dos outros veículos,Colisão transversal,Com Vítimas Feridas,Plena Noite,Crescente,Céu Claro,Simples,Interseção de Vias,Sim,2,0,1,1,0,0,2,2,"-7,29013399","-35,89029705",SPRF-PB,DEL02-PB,UOP03-DEL02-PB
451492.0,2022-05-23,segunda-feira,07:35:00,PB,230,113,INGA,Condutor Dormindo,Saída de leito carroçável,Com Vítimas Feridas,Pleno dia,Crescente,Chuva,Dupla,Reta,Não,2,0,1,0,1,0,1,1,"-7,2147","-35,5909",SPRF-PB,DEL01-PB,UOP03-DEL01-PB
451580.0,2022-05-23,segunda-feira,15:20:00,PB,101,"84,9",BAYEUX,Chuva,Queda de ocupante de veículo,Com Vítimas Feridas,Pleno dia,Decrescente,Chuva,Dupla,Reta,Sim,2,0,1,1,0,0,2,1,"-7,13957906","-34,92312806",SPRF-PB,DEL01-PB,UOP01-DEL01-PB
451675.0,2022-05-24,terça-feira,06:30:00,PB,101,"82,7",BAYEUX,Condutor deixou de manter distância do veículo da frente,Colisão traseira,Com Vítimas Feridas,Pleno dia,Crescente,Chuva,Dupla,Viaduto,Sim,4,0,2,0,1,1,2,2,"-7,12911","-34,93714",SPRF-PB,DEL01-PB,UOP01-DEL01-PB
451681.0,2022-05-24,terça-feira,07:35:00,PB,101,"89,5",JOAO PESSOA,Ausência de reação do condutor,Colisão lateral mesmo sentido,Sem Vítimas,Pleno dia,Decrescente,Céu Claro,Dupla,Interseção de Vias,Sim,2,0,0,0,2,0,0,2,"-7,1710694","-34,89765372",SPRF-PB,DEL01-PB,UOP02-DEL01-PB
451769.0,2022-05-24,terça-feira,17:20:00,PB,104,"112,8",LAGOA SECA,Conversão proibida,Colisão transversal,Com Vítimas Feridas,Anoitecer,Crescente,Chuva,Simples,Reta,Sim,3,0,0,1,2,0,1,2,"-7,1450288","-35,85692679",SPRF-PB,DEL02-PB,UOP04-DEL02-PB
451900.0,2022-05-25,quarta-feira,11:36:00,PB,230,9,CABEDELO,Condutor usando celular,Colisão com objeto,Com Vítimas Feridas,Pleno dia,Crescente,Sol,Dupla,Viaduto;Declive;Reta;Em Obras,Sim,1,0,1,0,0,0,1,1,"-7,04334117","-34,84655019",SPRF-PB,DEL01-PB,UOP01-DEL01-PB
451950.0,2022-05-25,quarta-feira,13:30:00,PB,230,"443,6",APARECIDA,Acessar a via sem observar a presença dos outros veículos,Colisão frontal,Com Vítimas Feridas,Pleno dia,Crescente,Céu Claro,Simples,Reta,Não,4,0,1,1,2,0,2,2,"-6,7778","-38,0488",SPRF-PB,DEL03-PB,UOP02-DEL03-PB
452019.0,2022-05-25,quarta-feira,21:45:00,PB,230,16,JOAO PESSOA,Velocidade Incompatível,Colisão com objeto,Com Vítimas Feridas,Plena Noite,Decrescente,Céu Claro,Dupla,Reta,Sim,1,0,1,0,0,0,1,1,"-7,11340788","-34,84212529",SPRF-PB,DEL01-PB,UOP01-DEL01-PB
452172.0,2022-05-26,quinta-feira,19:10:00,PB,230,"21,8",JOAO PESSOA,Ingestão de álcool pelo condutor,Colisão lateral mesmo sentido,Com Vítimas Feridas,Plena Noite,Crescente,Ignorado,Dupla,Reta,Sim,2,0,1,0,1,0,1,2,"-7,15021924","-34,85237595",SPRF-PB,DEL01-PB,UOP01-DEL01-PB
452182.0,2022-05-26,quinta-feira,19:35:00,PB,104,"109,3",LAGOA SECA,Condutor deixou de manter distância do veículo da frente,Colisão traseira,Com Vítimas Feridas,Plena Noite,Crescente,Garoa/Chuvisco,Simples,Reta,Não,3,0,1,1,0,1,2,2,"-7,11997886","-35,86414665",SPRF-PB,DEL02-PB,UOP04-DEL02-PB
452289.0,2022-05-27,sexta-feira,08:40:00,PB,104,"106,5",SAO SEBASTIAO DE LAGOA DE  ROCA,Entrada inopinada do pedestre,Atropelamento de Pedestre,Com Vítimas Fatais,Pleno dia,Decrescente,Nublado,Simples,Declive;Reta,Sim,2,1,0,0,1,0,0,2,"-7,09569811","-35,86106094",SPRF-PB,DEL02-PB,UOP04-DEL02-PB
452469.0,2022-05-28,sábado,08:30:00,PB,230,"137,6",CAMPINA GRANDE,Velocidade Incompatível,Colisão com objeto,Com Vítimas Feridas,Pleno dia,Decrescente,Chuva,Dupla,Curva,Não,1,0,1,0,0,0,1,1,"-7,2766","-35,7739",SPRF-PB,DEL02-PB,UOP01-DEL02-PB
452550.0,2022-05-28,sábado,17:20:00,PB,230,1,PATOS,Acessar a via sem observar a presença dos outros veículos,Colisão transversal,Com Vítimas Feridas,Anoitecer,Decrescente,Céu Claro,Simples,Reta,Não,3,0,1,0,0,2,1,3,"-7,01093124","-37,29002237",SPRF-PB,DEL03-PB,UOP01-DEL03-PB
452572.0,2022-05-28,sábado,19:36:00,PB,101,"99,4",CONDE,Reação tardia ou ineficiente do condutor,Saída de leito carroçável,Sem Vítimas,Plena Noite,Decrescente,Nublado,Dupla,Retorno Regulamentado,Não,1,0,0,0,0,1,0,1,"-7,2557332","-34,93469152",SPRF-PB,DEL01-PB,UOP02-DEL01-PB
452633.0,2022-05-29,domingo,00:30:00,PB,361,"4,6",PATOS,Ingestão de álcool pelo condutor,Colisão com objeto,Com Vítimas Fatais,Plena Noite,Decrescente,Céu Claro,Simples,Reta,Sim,8,1,0,0,7,0,0,4,"-7,03208047","-37,29365088",SPRF-PB,DEL03-PB,UOP01-DEL03-PB
452635.0,2022-05-29,domingo,00:20:00,PB,361,"4,6",PATOS,Animais na Pista,Atropelamento de Animal,Com Vítimas Feridas,Plena Noite,Decrescente,Céu Claro,Simples,Reta,Sim,1,0,1,0,0,0,1,1,"-7,03208047","-37,29365088",SPRF-PB,DEL03-PB,UOP01-DEL03-PB