id,data_inversa,dia_semana,horario,uf,br,km,municipio,causa_acidente,tipo_acidente,classificacao_acidente,fase_dia,sentido_via,condicao_metereologica,tipo_pista,tracado_via,uso_solo,pessoas,mortos,feridos_leves,feridos_graves,ilesos,ignorados,feridos,veiculos,latitude,longitude,regional,delegacia,uop
452637.0,2022-05-29,domingo,01:34:00,PB,230,"77,1",SOBRADO,Ingestão de álcool e/ou substâncias psicoativas pelo pedestre,Colisão com objeto,Com Vítimas Feridas,Plena Noite,Crescente,Nublado,Dupla,Reta,Não,1,0,0,1,0,0,1,1,"-7,184215","-35,299141",SPRF-PB,DEL01-PB,UOP03-DEL01-PB
452649.0,2022-05-29,domingo,03:00:00,PB,101,"94,1",CONDE,Acumulo de água sobre o pavimento,Colisão com objeto,Sem Vítimas,Plena Noite,Decrescente,Chuva,Dupla,Declive,Não,1,0,0,0,1,0,0,1,"-7,205825","-34,90879",SPRF-PB,DEL01-PB,UOP02-DEL01-PB
452690.0,2022-05-29,domingo,08:25:00,PB,230,"159,9",CAMPINA GRANDE,Acessar a via sem observar a presença dos outros veículos,Colisão transversal,Com Vítimas Feridas,Pleno dia,Crescente,Nublado,Simples,Retorno Regulamentado;Reta,Sim,2,0,1,0,0,1,1,2,"-7,252","-35,9334",SPRF-PB,DEL02-PB,UOP01-DEL02-PB
452700.0,2022-05-29,domingo,09:06:00,PB,230,12,CABEDELO,Ingestão de álcool pelo condutor,Colisão com objeto,Com Vítimas Feridas,Pleno dia,Decrescente,Céu Claro,Dupla,Retorno Regulamentado,Sim,2,0,1,0,1,0,1,1,"-7,068","-34,85",SPRF-PB,DEL01-PB,UOP01-DEL01-PB
452778.0,2022-05-29,domingo,18:00:00,PB,230,"174,1",CAMPINA GRANDE,Reação tardia ou ineficiente do condutor,Tombamento,Com Vítimas Feridas,Plena Noite,Crescente,Chuva,Simples,Declive,Não,2,0,1,0,1,0,1,1,"-7,1794","-36,0164",SPRF-PB,DEL02-PB,UOP02-DEL02-PB
452786.0,2022-05-29,domingo,18:40:00,PB,230,165,CAMPINA GRANDE,Acessar a via sem observar a presença dos outros veículos,Colisão transversal,Com Vítimas Feridas,Plena Noite,Decrescente,Céu Claro,Simples,Reta,Sim,2,0,1,1,0,0,2,2,"-7,21138","-35,935683",SPRF-PB,DEL02-PB,UOP01-DEL02-PB
452869.0,2022-05-30,segunda-feira,06:40:00,PB,230,157,CAMPINA GRANDE,Ausência de reação do condutor,Colisão transversal,Com Vítimas Feridas,Pleno dia,Crescente,Garoa/Chuvisco,Simples,Rotatória,Sim,3,0,1,0,2,0,1,2,"-7,264","-35,9199",SPRF-PB,DEL02-PB,UOP01-DEL02-PB
452992.0,2022-05-30,segunda-feira,16:35:00,PB,230,"175,9",POCINHOS,Avarias e/ou desgaste excessivo no pneu,Saída de leito carroçável,Com Vítimas Feridas,Pleno dia,Crescente,Chuva,Simples,Reta,Não,2,0,1,0,1,0,1,1,"-7,1775","-36,0247",SPRF-PB,DEL02-PB,UOP02-DEL02-PB
452998.0,2022-05-30,segunda-feira,18:02:00,PB,101,101,ALHANDRA,Reação tardia ou ineficiente do condutor,Saída de leito carroçável,Com Vítimas Feridas,Anoitecer,Crescente,Nublado,Dupla,Reta;Declive,Não,1,0,1,0,0,0,1,1,"-7,27367006","-34,93816262",SPRF-PB,DEL01-PB,UOP02-DEL01-PB
453011.0,2022-05-30,segunda-feira,19:05:00,PB,230,508,CAJAZEIRAS,Entrada inopinada do pedestre,Atropelamento de Pedestre,Com Vítimas Fatais,Plena Noite,Decrescente,Nublado,Simples,Reta,Não,5,1,0,0,4,0,0,2,"-6,8906502","-38,589204",SPRF-PB,DEL03-PB,UOP03-DEL03-PB
453137.0,2022-05-31,terça-feira,14:30:00,PB,230,495,CAJAZEIRAS,Avarias e/ou desgaste excessivo no pneu,Saída de leito carroçável,Com Vítimas Feridas,Pleno dia,Decrescente,Chuva,Simples,Reta,Não,1,0,1,0,0,0,1,1,"-6,8838","-38,4671",SPRF-PB,DEL03-PB,UOP03-DEL03-PB
453148.0,2022-05-31,terça-feira,17:54:00,PB,361,"6,9",PATOS,Deficiência do Sistema de Iluminação/Sinalização,Colisão traseira,Com Vítimas Feridas,Plena Noite,Decrescente,Garoa/Chuvisco,Simples,Reta,Sim,2,0,1,0,0,1,1,2,"-7,03594312","-37,31112598",SPRF-PB,DEL03-PB,UOP01-DEL03-PB
453174.0,2022-05-31,terça-feira,18:20:00,PB,230,"14,8",CABEDELO,Reação tardia ou ineficiente do condutor,Colisão com objeto,Com Vítimas Feridas,Plena Noite,Crescente,Garoa/Chuvisco,Dupla,Retorno Regulamentado,Sim,1,0,1,0,0,0,1,1,"-7,08908949","-34,84854452",SPRF-PB,DEL01-PB,UOP01-DEL01-PB
453178.0,2022-05-31,terça-feira,18:40:00,PB,230,"173,3",CAMPINA GRANDE,Chuva,Colisão traseira,Com Vítimas Fatais,Plena Noite,Crescente,Chuva,Simples,Declive,Não,9,1,1,3,1,3,4,2,"-7,17959582","-36,00824833",SPRF-PB,DEL02-PB,UOP02-DEL02-PB
453192.0,2022-05-31,terça-feira,20:30:00,PB,230,340,PATOS,Animais na Pista,Atropelamento de Animal,Com Vítimas Feridas,Plena Noite,Crescente,Céu Claro,Simples,Reta,Não,3,0,1,0,2,0,1,1,"-6,9845","-37,3305",SPRF-PB,DEL03-PB,UOP01-DEL03-PB
453256.0,2022-06-01,quarta-feira,09:50:00,PB,101,83,BAYEUX,Ausência de reação do condutor,Colisão traseira,Sem Vítimas,Pleno dia,Crescente,Sol,Dupla,Viaduto,Sim,2,0,0,0,2,0,0,2,"-7,1337703","-34,92963914",SPRF-PB,DEL01-PB,UOP01-DEL01-PB
453263.0,2022-06-01,quarta-feira,09:45:00,PB,230,"153,2",CAMPINA GRANDE,Desrespeitar a preferência no cruzamento,Colisão transversal,Com Vítimas Feridas,Pleno dia,Crescente,Nublado,Simples,Retorno Regulamentado,Sim,3,0,2,0,1,0,2,2,"-7,2763","-35,8887",SPRF-PB,DEL02-PB,UOP01-DEL02-PB
453313.0,2022-06-01,quarta-feira,17:40:00,PB,101,89,JOAO PESSOA,Demais falhas na via,Tombamento,Com Vítimas Feridas,Anoitecer,Decrescente,Céu Claro,Múltipla,Reta,Sim,1,0,1,0,0,0,1,1,"-7,1710694","-34,89765372",SPRF-PB,DEL01-PB,UOP02-DEL01-PB
453339.0,2022-06-01,quarta-feira,18:00:00,PB,104,"118,2",CAMPINA GRANDE,Ingestão de álcool pelo condutor,Colisão lateral mesmo sentido,Com Vítimas Feridas,Plena Noite,Decrescente,Nublado,Simples,Reta;Declive,Não,3,0,2,0,1,0,2,3,"-7,19256","-35,869931",SPRF-PB,DEL02-PB,UOP04-DEL02-PB
453375.0,2022-06-01,quarta-feira,23:00:00,PB,230,"1,7",CABEDELO,Ultrapassagem Indevida,Colisão lateral mesmo sentido,Com Vítimas Feridas,Plena Noite,Decrescente,Nublado,Simples,Interseção de Vias;Reta,Sim,4,0,1,1,2,0,2,2,"-6,9837","-34,8295",SPRF-PB,DEL01-PB,UOP01-DEL01-PB
453396.0,2022-06-02,quinta-feira,01:45:00,PB,101,"104,8",ALHANDRA,Condutor Dormindo,Saída de leito carroçável,Sem Vítimas,Plena Noite,Crescente,Chuva,Dupla,Retorno Regulamentado,Não,1,0,0,0,0,1,0,1,"-7,3084467","-34,94339358",SPRF-PB,DEL01-PB,UOP02-DEL01-PB
453431.0,2022-06-02,quinta-feira,07:45:00,PB,104,"116,3",LAGOA SECA,Condutor deixou de manter distância do veículo da frente,Colisão traseira,Sem Vítimas,Pleno dia,Decrescente,Chuva,Simples,Curva;Aclive,Não,2,0,0,0,2,0,0,2,"-7,18022102","-35,86480593",SPRF-PB,DEL02-PB,UOP04-DEL02-PB
453543.0,2022-06-02,quinta-feira,20:20:00,PB,101,79,SANTA RITA,Acostamento em desnível,Queda de ocupante de veículo,Com Vítimas Feridas,Plena Noite,Decrescente,Nublado,Dupla,Reta,Não,2,0,1,0,0,1,1,2,"-7,1147526","-34,95793891",SPRF-PB,DEL01-PB,UOP04-DEL01-PB
453596.0,2022-06-03,sexta-feira,07:00:00,PB,230,19,JOAO PESSOA,Reação tardia ou ineficiente do condutor,Queda de ocupante de veículo,Com Vítimas Feridas,Pleno dia,Decrescente,Chuva,Dupla,Reta,Sim,3,0,0,2,1,0,2,2,"-7,1281","-34,8466",SPRF-PB,DEL01-PB,UOP01-DEL01-PB
453661.0,2022-06-03,sexta-feira,12:10:00,PB,104,119,CAMPINA GRANDE,Chuva,Colisão com objeto,Com Vítimas Feridas,Pleno dia,Crescente,Chuva,Simples,Reta,Não,2,0,1,0,1,0,1,2,"-7,20325615","-35,8752172",SPRF-PB,DEL02-PB,UOP04-DEL02-PB
453683.0,2022-06-03,sexta-feira,16:10:00,PB,230,21,JOAO PESSOA,Condutor deixou de manter distância do veículo da frente,Colisão traseira,Com Vítimas Feridas,Pleno dia,Crescente,Céu Claro,Dupla,Reta,Sim,3,0,2,0,1,0,2,2,"-7,1415","-34,8519",SPRF-PB,DEL01-PB,UOP01-DEL01-PB
453759.0,2022-06-03,sexta-feira,20:00:00,PB,230,498,CAJAZEIRAS,Ingestão de álcool pelo condutor,Saída de leito carroçável,Com Vítimas Feridas,Plena Noite,Decrescente,Chuva,Simples,Reta,Não,1,0,1,0,0,0,1,1,"-6,8965","-38,4925",SPRF-PB,DEL03-PB,UOP03-DEL03-PB
453863.0,2022-06-04,sábado,12:05:00,PB,361,"109,1",ITAPORANGA,Ausência de reação do condutor,Colisão traseira,Com Vítimas Feridas,Pleno dia,Decrescente,Nublado,Simples,Reta,Não,2,0,1,0,1,0,1,2,"-7,2940985","-38,11120683",SPRF-PB,DEL03-PB,UOP01-DEL03-PB
454111.0,2022-06-05,domingo,16:40:00,PB,230,11,CABEDELO,Manobra de mudança de faixa,Colisão lateral mesmo sentido,Sem Vítimas,Pleno dia,Decrescente,Nublado,Dupla,Reta,Sim,4,0,0,0,4,0,0,2,"-7,0596","-34,8506",SPRF-PB,DEL01-PB,UOP01-DEL01-PB
454235.0,2022-06-06,segunda-feira,07:44:00,PB,101,95,CONDE,Demais falhas mecânicas ou elétricas,Incêndio,Sem Vítimas,Pleno dia,Decrescente,Céu Claro,Dupla,Aclive,Não,1,0,0,0,0,1,0,1,"-7,22379403","-34,91488195",SPRF-PB,DEL01-PB,UOP02-DEL01-PB
454241.0,2022-06-06,segunda-feira,08:05:00,PB,101,85,BAYEUX,Demais falhas mecânicas ou elétricas,Incêndio,Sem Vítimas,Pleno dia,Crescente,Garoa/Chuvisco,Simples,Interseção de Vias;Viaduto,Sim,1,0,0,0,1,0,0,1,"-7,14538184","-34,91662887",SPRF-PB,DEL01-PB,UOP01-DEL01-PB
454264.0,2022-06-06,segunda-feira,06:30:00,PB,412,"56,4",SAO JOAO DO CARIRI,Ingestão de álcool pelo condutor,Colisão traseira,Com Vítimas Feridas,Pleno dia,Decrescente,Garoa/Chuvisco,Simples,Reta,Sim,9,0,7,0,2,0,7,2,"-7,38871","-36,529026",SPRF-PB,DEL02-PB,UOP02-DEL02-PB
454334.0,2022-06-06,segunda-feira,18:25:00,PB,230,27,JOAO PESSOA,Acumulo de água sobre o pavimento,Tombamento,Com Vítimas Feridas,Plena Noite,Decrescente,Chuva,Dupla,Reta,Sim,2,0,1,0,1,0,1,2,"-7,1677","-34,8855",SPRF-PB,DEL01-PB,UOP01-DEL01-PB
454417.0,2022-06-07,terça-feira,08:00:00,PB,101,89,JOAO PESSOA,Pista em desnível,Tombamento,Com Vítimas Feridas,Pleno dia,Decrescente,Nublado,Simples,Reta,Sim,1,0,1,0,0,0,1,1,"-7,1710694","-34,89765372",SPRF-PB,DEL01-PB,UOP02-DEL01-PB
454420.0,2022-06-07,terça-feira,08:50:00,PB,230,21,JOAO PESSOA,Trafegar com motocicleta (ou similar) entre as faixas,Tombamento,Com Vítimas Feridas,Pleno dia,Decrescente,Nublado,Dupla,Curva,Sim,1,0,1,0,0,0,1,1,"-7,1415","-34,8519",SPRF-PB,DEL01-PB,UOP01-DEL01-PB
454450.0,2022-06-07,terça-feira,12:00:00,PB,101,83,BAYEUX,Ausência de reação do condutor,Engavetamento,Sem Vítimas,Pleno dia,Decrescente,Céu Claro,Dupla,Viaduto,Sim,4,0,0,0,4,0,0,4,"-7,13349124","-34,92973208",SPRF-PB,DEL01-PB,UOP01-DEL01-PB
454475.0,2022-06-07,terça-feira,14:45:00,PB,230,"157,1",CAMPINA GRANDE,Acessar a via sem observar a presença dos outros veículos,Colisão transversal,Com Vítimas Feridas,Pleno dia,Decrescente,Sol,Simples,Reta,Sim,3,0,2,0,1,0,2,2,"-7,264","-35,9199",SPRF-PB,DEL02-PB,UOP01-DEL02-PB
454556.0,2022-06-07,terça-feira,19:15:00,PB,230,163,CAMPINA GRANDE,Velocidade Incompatível,Queda de ocupante de veículo,Com Vítimas Feridas,Plena Noite,Decrescente,Céu Claro,Simples,Curva,Sim,1,0,0,1,0,0,1,1,"-7,2198","-35,9443",SPRF-PB,DEL02-PB,UOP01-DEL02-PB
454580.0,2022-06-08,quarta-feira,05:15:00,PB,230,"507,8",CAJAZEIRAS,Animais na Pista,Atropelamento de Animal,Com Vítimas Feridas,Amanhecer,Decrescente,Céu Claro,Simples,Reta;Aclive,Sim,1,0,1,0,0,0,1,1,"-6,892288","-38,58162",SPRF-PB,DEL03-PB,UOP03-DEL03-PB
454582.0,2022-06-08,quarta-feira,06:30:00,PB,230,26,JOAO PESSOA,Ausência de reação do condutor,Colisão traseira,Com Vítimas Feridas,Pleno dia,Decrescente,Céu Claro,Dupla,Reta,Sim,4,0,0,2,1,1,2,4,"-7,1693","-34,8782",SPRF-PB,DEL01-PB,UOP01-DEL01-PB
454590.0,2022-06-08,quarta-feira,07:20:00,PB,230,261,JUNCO DO SERIDO,Condutor deixou de manter distância do veículo da frente,Colisão traseira,Sem Vítimas,Pleno dia,Decrescente,Céu Claro,Simples,Reta,Sim,2,0,0,0,2,0,0,2,"-6,9942","-36,7127",SPRF-PB,DEL03-PB,UOP01-DEL03-PB
454675.0,2022-06-08,quarta-feira,17:33:00,PB,230,"407,6",POMBAL,Ausência de reação do condutor,Colisão transversal,Com Vítimas Feridas,Anoitecer,Crescente,Céu Claro,Simples,Reta,Sim,2,0,1,0,1,0,1,2,"-6,7733","-37,798",SPRF-PB,DEL03-PB,UOP02-DEL03-PB
454676.0,2022-06-08,quarta-feira,17:46:00,PB,104,"114,1",LAGOA SECA,Condutor deixou de manter distância do veículo da frente,Colisão traseira,Sem Vítimas,Plena Noite,Crescente,Nublado,Simples,Reta,Sim,2,0,0,0,2,0,0,2,"-7,1620139","-35,85712429",SPRF-PB,DEL02-PB,UOP04-DEL02-PB
454907.0,2022-06-09,quinta-feira,18:40:00,PB,230,215,SOLEDADE,Acessar a via sem observar a presença dos outros veículos,Colisão transversal,Com Vítimas Feridas,Plena Noite,Crescente,Nublado,Simples,Reta,Sim,2,0,1,0,1,0,1,2,"-7,0577","-36,3629",SPRF-PB,DEL02-PB,UOP02-DEL02-PB
454921.0,2022-06-09,quinta-feira,19:50:00,PB,230,"350,5",PATOS,Ausência de reação do condutor,Tombamento,Com Vítimas Feridas,Pleno dia,Decrescente,Céu Claro,Simples,Reta,Não,2,0,1,1,0,0,2,1,"-6,9504","-37,3885",SPRF-PB,DEL03-PB,UOP01-DEL03-PB
454942.0,2022-06-10,sexta-feira,04:30:00,PB,230,"178,1",POCINHOS,Ingestão de álcool pelo condutor,Colisão traseira,Sem Vítimas,Plena Noite,Crescente,Nublado,Simples,Reta,Não,2,0,0,0,1,1,0,2,"-7,165117","-36,04835",SPRF-PB,DEL02-PB,UOP02-DEL02-PB
454971.0,2022-06-10,sexta-feira,08:45:00,PB,101,83,BAYEUX,Manobra de mudança de faixa,Colisão lateral mesmo sentido,Com Vítimas Feridas,Pleno dia,Crescente,Céu Claro,Dupla,Reta,Sim,1,0,1,0,0,0,1,1,"-7,1337703","-34,92963914",SPRF-PB,DEL01-PB,UOP01-DEL01-PB
455026.0,2022-06-10,sexta-feira,14:50:00,PB,101,"89,8",JOAO PESSOA,Acessar a via sem observar a presença dos outros veículos,Colisão transversal,Com Vítimas Feridas,Pleno dia,Crescente,Sol,Dupla,Reta;Retorno Regulamentado,Sim,2,0,0,1,0,1,1,2,"-7,18123511","-34,90087152",SPRF-PB,DEL01-PB,UOP02-DEL01-PB
455153.0,2022-06-11,sábado,06:30:00,PB,101,98,ALHANDRA,Chuva,Atropelamento de Pedestre,Com Vítimas Feridas,Pleno dia,Crescente,Chuva,Dupla,Reta,Sim,2,0,1,1,0,0,2,2,"-7,24692282","-34,93113937",SPRF-PB,DEL01-PB,UOP02-DEL01-PB
455196.0,2022-06-11,sábado,12:40:00,PB,101,98,ALHANDRA,Chuva,Saída de leito carroçável,Sem Vítimas,Pleno dia,Decrescente,Chuva,Dupla,Reta;Retorno Regulamentado,Não,2,0,0,0,2,0,0,1,"-7,24692282","-34,93113937",SPRF-PB,DEL01-PB,UOP02-DEL01-PB
455261.0,2022-06-11,sábado,20:00:00,PB,412,"22,4",BOA VISTA,Ingestão de álcool pelo condutor,Colisão frontal,Com Vítimas Feridas,Plena Noite,Decrescente,Céu Claro,Simples,Reta,Não,2,0,1,0,0,1,1,2,"-7,277384","-36,253094",SPRF-PB,DEL02-PB,UOP02-DEL02-PB
455290.0,2022-06-11,sábado,23:00:00,PB,361,"34,8",SANTA TERESINHA,Ausência de reação do condutor,Colisão lateral sentido oposto,Com Vítimas Feridas,Plena Noite,Crescente,Céu Claro,Simples,Reta,Não,2,0,1,0,1,0,1,2,"-7,08749516","-37,54524796",SPRF-PB,DEL03-PB,UOP01-DEL03-PB
455322.0,2022-06-12,domingo,03:45:00,PB,361,"19,3",SANTA TERESINHA,Ingestão de álcool pelo condutor,Colisão frontal,Com Vítimas Feridas,Amanhecer,Decrescente,Céu Claro,Simples,Curva,Não,7,0,6,1,0,0,7,2,"-7,077957","-37,420041",SPRF-PB,DEL03-PB,UOP01-DEL03-PB
455336.0,2022-06-12,domingo,04:40:00,PB,101,88,JOAO PESSOA,Manobra de mudança de faixa,Colisão lateral mesmo sentido,Sem Vítimas,Amanhecer,Decrescente,Céu Claro,Dupla,Reta,Sim,8,0,0,0,7,1,0,2,"-7,16470016","-34,89993643",SPRF-PB,DEL01-PB,UOP01-DEL01-PB
455337.0,2022-06-12,domingo,05:09:00,PB,230,"26,2",JOAO PESSOA,Reação tardia ou ineficiente do condutor,Tombamento,Com Vítimas Feridas,Amanhecer,Crescente,Nublado,Dupla,Reta,Sim,2,0,1,1,0,0,2,1,"-7,166336","-34,887863",SPRF-PB,DEL01-PB,UOP01-DEL01-PB
455443.0,2022-06-12,domingo,18:42:00,PB,101,17,MAMANGUAPE,Ingestão de álcool pelo condutor,Queda de ocupante de veículo,Com Vítimas Feridas,Plena Noite,Decrescente,Céu Claro,Dupla,Reta,Não,1,0,0,1,0,0,1,1,"-6,63844408","-35,12334336",SPRF-PB,DEL01-PB,UOP04-DEL01-PB
455447.0,2022-06-12,domingo,16:50:00,PB,101,45,MAMANGUAPE,Ausência de reação do condutor,Tombamento,Com Vítimas Feridas,Pleno dia,Crescente,Nublado,Dupla,Reta,Não,2,0,2,0,0,0,2,1,"-6,88322894","-35,1303459",SPRF-PB,DEL01-PB,UOP04-DEL01-PB
455475.0,2022-06-12,domingo,19:57:00,PB,230,406,POMBAL,Ausência de reação do condutor,Atropelamento de Pedestre,Com Vítimas Feridas,Plena Noite,Decrescente,Céu Claro,Simples,Reta,Não,2,0,1,0,0,1,1,2,"-6,7842","-37,7987",SPRF-PB,DEL03-PB,UOP02-DEL03-PB
455507.0,2022-06-12,domingo,22:35:00,PB,101,96,CONDE,Ingestão de álcool pelo condutor,Tombamento,Com Vítimas Feridas,Plena Noite,Decrescente,Céu Claro,Dupla,Reta,Não,3,0,0,1,1,1,1,2,"-7,230921","-34,921149",SPRF-PB,DEL01-PB,UOP02-DEL01-PB
455540.0,2022-06-13,segunda-feira,03:30:00,PB,230,450,SOUSA,Animais na Pista,Atropelamento de Animal,Com Vítimas Feridas,Amanhecer,Decrescente,Céu Claro,Simples,Reta,Não,3,0,1,0,2,0,1,1,"-6,7863","-38,1096",SPRF-PB,DEL03-PB,UOP03-DEL03-PB
455589.0,2022-06-13,segunda-feira,11:45:00,PB,230,71,SOBRADO,Pedestre cruzava a pista fora da faixa,Atropelamento de Pedestre,Com Vítimas Fatais,Pleno dia,Crescente,Céu Claro,Dupla,Reta;Em Obras,Não,3,1,0,0,1,1,0,2,"-7,1919","-35,2261",SPRF-PB,DEL01-PB,UOP03-DEL01-PB
455608.0,2022-06-13,segunda-feira,14:30:00,PB,104,"148,6",QUEIMADAS,Ultrapassagem Indevida,Colisão com objeto,Sem Vítimas,Pleno dia,Decrescente,Céu Claro,Dupla,Curva,Não,2,0,0,0,1,1,0,2,"-7,44688291","-35,90669809",SPRF-PB,DEL02-PB,UOP03-DEL02-PB
455723.0,2022-06-14,terça-feira,06:55:00,PB,101,"99,5",CONDE,Acessar a via sem observar a presença dos outros veículos,Colisão transversal,Com Vítimas Feridas,Pleno dia,Decrescente,Céu Claro,Dupla,Retorno Regulamentado,Não,2,0,1,0,1,0,1,2,"-7,26086093","-34,93579388",SPRF-PB,DEL01-PB,UOP02-DEL01-PB
455751.0,2022-06-14,terça-feira,08:45:00,PB,101,82,BAYEUX,Pista esburacada,Tombamento,Com Vítimas Feridas,Pleno dia,Decrescente,Céu Claro,Dupla,Viaduto,Sim,1,0,1,0,0,0,1,1,"-7,12911","-34,93714",SPRF-PB,DEL01-PB,UOP01-DEL01-PB
455763.0,2022-05-25,quarta-feira,05:45:00,PB,230,"19,5",JOAO PESSOA,Transitar na contramão,Colisão frontal,Com Vítimas Feridas,Amanhecer,Decrescente,Chuva,Dupla,Declive;Curva,Sim,2,0,1,0,1,0,1,2,"-7,1281","-34,8466",SPRF-PB,DEL01-PB,UOP01-DEL01-PB
455846.0,2022-06-14,terça-feira,18:50:00,PB,412,107,SUME,Pedestre andava na pista,Atropelamento de Pedestre,Com Vítimas Fatais,Plena Noite,Crescente,Céu Claro,Simples,Curva,Não,2,1,0,0,1,0,0,2,"-7,663134","-36,873344",SPRF-PB,DEL02-PB,UOP02-DEL02-PB
455926.0,2022-06-15,quarta-feira,09:00:00,PB,230,18,JOAO PESSOA,Frear bruscamente,Tombamento,Com Vítimas Feridas,Pleno dia,Decrescente,Chuva,Dupla,Reta,Sim,1,0,1,0,0,0,1,1,"-7,1198","-34,8453",SPRF-PB,DEL01-PB,UOP01-DEL01-PB
455990.0,2022-06-15,quarta-feira,14:45:00,PB,230,335,PATOS,Acessar a via sem observar a presença dos outros veículos,Colisão transversal,Com Vítimas Feridas,Pleno dia,Decrescente,Nublado,Simples,Aclive;Reta,Sim,2,0,0,1,1,0,1,2,"-7,012465","-37,266032",SPRF-PB,DEL03-PB,UOP01-DEL03-PB
456142.0,2022-06-16,quinta-feira,07:00:00,PB,104,"117,9",LAGOA SECA,Pista Escorregadia,Queda de ocupante de veículo,Com Vítimas Feridas,Pleno dia,Crescente,Chuva,Simples,Declive,Sim,1,0,1,0,0,0,1,1,"-7,19167741","-35,86868763",SPRF-PB,DEL02-PB,UOP04-DEL02-PB
456225.0,2022-06-16,quinta-feira,17:45:00,PB,101,85,BAYEUX,Acessar a via sem observar a presença dos outros veículos,Colisão lateral mesmo sentido,Com Vítimas Feridas,Plena Noite,Decrescente,Céu Claro,Dupla,Interseção de Vias,Não,2,0,1,0,0,1,1,2,"-7,14538184","-34,91662887",SPRF-PB,DEL01-PB,UOP01-DEL01-PB
456256.0,2022-06-16,quinta-feira,19:00:00,PB,230,516,BOM JESUS,Ausência de reação do condutor,Saída de leito carroçável,Com Vítimas Feridas,Plena Noite,Crescente,Nublado,Simples,Curva,Não,1,0,1,0,0,0,1,1,"-6,861025","-38,660373",SPRF-PB,DEL03-PB,UOP03-DEL03-PB
456685.0,2022-06-19,domingo,05:35:00,PB,230,54,CRUZ DO ESPIRITO SANTO,Condutor Dormindo,Saída de leito carroçável,Sem Vítimas,Amanhecer,Decrescente,Céu Claro,Dupla,Reta,Não,1,0,0,0,1,0,0,1,"-7,2007","-35,0854",SPRF-PB,DEL01-PB,UOP03-DEL01-PB
456887.0,2022-06-20,segunda-feira,04:10:00,PB,230,357,PATOS,Animais na Pista,Atropelamento de Animal,Sem Vítimas,Amanhecer,Decrescente,Ignorado,Simples,Reta,Não,1,0,0,0,0,1,0,1,"-6,921125","-37,437168",SPRF-PB,DEL03-PB,UOP02-DEL03-PB
457092.0,2022-06-21,terça-feira,07:12:00,PB,101,89,JOAO PESSOA,Acessar a via sem observar a presença dos outros veículos,Colisão lateral mesmo sentido,Com Vítimas Feridas,Pleno dia,Crescente,Céu Claro,Dupla,Reta,Não,2,0,1,0,1,0,1,2,"-7,1710694","-34,89765372",SPRF-PB,DEL01-PB,UOP02-DEL01-PB
457166.0,2022-06-21,terça-feira,16:57:00,PB,104,"137,1",QUEIMADAS,Ausência de reação do condutor,Colisão traseira,Com Vítimas Feridas,Anoitecer,Crescente,Nublado,Simples,Reta,Sim,2,0,1,0,1,0,1,2,"-7,352277","-35,90094",SPRF-PB,DEL02-PB,UOP03-DEL02-PB
457169.0,2022-06-21,terça-feira,17:45:00,PB,104,"106,7",SAO SEBASTIAO DE LAGOA DE  ROCA,Neblina,Colisão transversal,Com Vítimas Feridas,Anoitecer,Crescente,Céu Claro,Simples,Declive;Reta,Sim,2,0,0,1,1,0,1,2,"-7,10000568","-35,8645558",SPRF-PB,DEL02-PB,UOP04-DEL02-PB
457272.0,2022-05-07,sábado,22:50:00,PB,230,12,CABEDELO,Manobra de mudança de faixa,Colisão lateral mesmo sentido,Com Vítimas Feridas,Plena Noite,Crescente,Garoa/Chuvisco,Dupla,Reta,Sim,3,0,0,2,1,0,2,2,"-7,06550219","-34,85009193",SPRF-PB,DEL01-PB,UOP01-DEL01-PB
457289.0,2022-06-22,quarta-feira,08:26:00,PB,230,"19,1",JOAO PESSOA,Acessar a via sem observar a presença dos outros veículos,Tombamento,Com Vítimas Feridas,Pleno dia,Crescente,Chuva,Dupla,Reta,Sim,2,0,2,0,0,0,2,1,"-7,13102872","-34,85223647",SPRF-PB,DEL01-PB,UOP01-DEL01-PB
457390.0,2022-06-22,quarta-feira,19:06:00,PB,101,"86,7",JOAO PESSOA,Reação tardia ou ineficiente do condutor,Tombamento,Com Vítimas Feridas,Plena Noite,Crescente,Garoa/Chuvisco,Dupla,Aclive,Sim,2,0,1,0,1,0,1,2,"-7,15118983","-34,91012184",SPRF-PB,DEL01-PB,UOP01-DEL01-PB
457412.0,2022-06-22,quarta-feira,21:20:00,PB,101,"49,9",RIO TINTO,Trafegar com motocicleta (ou similar) entre as faixas,Colisão traseira,Com Vítimas Feridas,Plena Noite,Crescente,Nublado,Dupla,Reta,Não,3,0,1,1,1,0,2,2,"-6,91464699","-35,11263198",SPRF-PB,DEL01-PB,UOP04-DEL01-PB
457436.0,2022-06-23,quinta-feira,03:15:00,PB,230,"133,5",CAMPINA GRANDE,Condutor deixou de manter distância do veículo da frente,Colisão traseira,Com Vítimas Feridas,Plena Noite,Crescente,Chuva,Dupla,Reta,Não,3,0,1,0,1,1,1,2,"-7,27386","-35,753721",SPRF-PB,DEL02-PB,UOP01-DEL02-PB