id,data_inversa,dia_semana,horario,uf,br,km,municipio,causa_acidente,tipo_acidente,classificacao_acidente,fase_dia,sentido_via,condicao_metereologica,tipo_pista,tracado_via,uso_solo,pessoas,mortos,feridos_leves,feridos_graves,ilesos,ignorados,feridos,veiculos,latitude,longitude,regional,delegacia,uop
457493.0,2022-06-23,quinta-feira,11:10:00,PB,101,39,MAMANGUAPE,Condutor deixou de manter distância do veículo da frente,Colisão traseira,Com Vítimas Feridas,Pleno dia,Decrescente,Céu Claro,Dupla,Aclive,Não,3,0,2,0,1,0,2,2,"-6,82975098","-35,13756194",SPRF-PB,DEL01-PB,UOP04-DEL01-PB
457548.0,2022-06-23,quinta-feira,17:40:00,PB,230,335,PATOS,Conversão proibida,Colisão lateral sentido oposto,Com Vítimas Feridas,Anoitecer,Crescente,Céu Claro,Simples,Reta,Sim,3,0,0,1,2,0,1,2,"-7,0128","-37,2644",SPRF-PB,DEL03-PB,UOP01-DEL03-PB
457644.0,2022-06-24,sexta-feira,04:50:00,PB,230,"160,9",CAMPINA GRANDE,Condutor deixou de manter distância do veículo da frente,Colisão traseira,Com Vítimas Fatais,Amanhecer,Crescente,Nublado,Simples,Aclive,Não,3,1,0,1,1,0,1,2,"-7,2436","-35,9375",SPRF-PB,DEL02-PB,UOP01-DEL02-PB
457690.0,2022-06-24,sexta-feira,02:00:00,PB,230,"27,6",JOAO PESSOA,Demais falhas mecânicas ou elétricas,Incêndio,Sem Vítimas,Plena Noite,Crescente,Céu Claro,Dupla,Reta,Sim,1,0,0,0,0,1,0,1,"-7,1677","-34,8855",SPRF-PB,DEL01-PB,UOP01-DEL01-PB
457697.0,2022-06-24,sexta-feira,09:15:00,PB,230,132,CAMPINA GRANDE,Velocidade Incompatível,Saída de leito carroçável,Com Vítimas Feridas,Pleno dia,Decrescente,Garoa/Chuvisco,Dupla,Curva,Não,1,0,1,0,0,0,1,1,"-7,2774","-35,7367",SPRF-PB,DEL02-PB,UOP01-DEL02-PB
457749.0,2022-06-24,sexta-feira,04:00:00,PB,101,102,ALHANDRA,Velocidade Incompatível,Saída de leito carroçável,Sem Vítimas,Plena Noite,Crescente,Ignorado,Dupla,Reta,Não,1,0,0,0,0,1,0,1,"-7,28265304","-34,9393864",SPRF-PB,DEL01-PB,UOP02-DEL01-PB
457882.0,2022-06-25,sábado,06:45:00,PB,230,286,SANTA LUZIA,Avarias e/ou desgaste excessivo no pneu,Saída de leito carroçável,Com Vítimas Feridas,Pleno dia,Crescente,Céu Claro,Simples,Reta,Sim,3,0,1,0,2,0,1,1,"-6,8978","-36,8794",SPRF-PB,DEL03-PB,UOP01-DEL03-PB
457950.0,2022-06-25,sábado,16:59:00,PB,230,23,JOAO PESSOA,Reação tardia ou ineficiente do condutor,Colisão traseira,Com Vítimas Feridas,Pleno dia,Decrescente,Sol,Simples,Reta,Sim,2,0,1,0,0,1,1,2,"-7,1562","-34,8574",SPRF-PB,DEL01-PB,UOP01-DEL01-PB
457993.0,2022-06-25,sábado,20:40:00,PB,101,113,ALHANDRA,Ausência de reação do condutor,Saída de leito carroçável,Com Vítimas Feridas,Plena Noite,Crescente,Céu Claro,Dupla,Retorno Regulamentado,Não,1,0,0,1,0,0,1,1,"-7,37852293","-34,95673822",SPRF-PB,DEL01-PB,UOP02-DEL01-PB
458068.0,2022-06-26,domingo,04:00:00,PB,230,"466,7",SOUSA,Conversão proibida,Colisão frontal,Com Vítimas Feridas,Plena Noite,Decrescente,Céu Claro,Simples,Reta,Não,2,0,0,1,0,1,1,2,"-6,7809","-38,2521",SPRF-PB,DEL03-PB,UOP03-DEL03-PB
458132.0,2022-06-26,domingo,15:35:00,PB,101,83,BAYEUX,Condutor deixou de manter distância do veículo da frente,Engavetamento,Com Vítimas Feridas,Pleno dia,Crescente,Céu Claro,Dupla,Aclive;Viaduto,Não,6,0,1,0,4,1,1,3,"-7,1337703","-34,92963914",SPRF-PB,DEL01-PB,UOP01-DEL01-PB
458145.0,2022-06-26,domingo,16:00:00,PB,230,"5,2",CABEDELO,Manobra de mudança de faixa,Colisão lateral mesmo sentido,Com Vítimas Feridas,Pleno dia,Crescente,Sol,Dupla,Em Obras;Reta;Retorno Regulamentado,Sim,4,0,1,0,3,0,1,3,"-7,01337875","-34,83284829",SPRF-PB,DEL01-PB,UOP01-DEL01-PB
458148.0,2022-06-26,domingo,11:45:00,PB,230,"52,9",SANTA RITA,Objeto estático sobre o leito carroçável,Colisão com objeto,Com Vítimas Feridas,Pleno dia,Crescente,Nublado,Dupla,Reta,Não,2,0,1,0,0,1,1,1,"-7,1951","-35,0691",SPRF-PB,DEL01-PB,UOP03-DEL01-PB
458154.0,2022-06-26,domingo,17:15:00,PB,230,67,SOBRADO,Reação tardia ou ineficiente do condutor,Saída de leito carroçável,Com Vítimas Feridas,Anoitecer,Crescente,Céu Claro,Dupla,Reta,Não,6,0,1,0,5,0,1,1,"-7,1856","-35,1989",SPRF-PB,DEL01-PB,UOP03-DEL01-PB
458291.0,2022-06-27,segunda-feira,10:30:00,PB,230,53,CRUZ DO ESPIRITO SANTO,Condutor Dormindo,Saída de leito carroçável,Sem Vítimas,Pleno dia,Decrescente,Nublado,Dupla,Reta,Não,2,0,0,0,2,0,0,1,"-7,20036319","-35,08174896",SPRF-PB,DEL01-PB,UOP03-DEL01-PB
458296.0,2022-06-27,segunda-feira,08:30:00,PB,361,59,OLHO DAGUA,Reação tardia ou ineficiente do condutor,Colisão com objeto,Sem Vítimas,Pleno dia,Decrescente,Céu Claro,Simples,Reta,Não,1,0,0,0,1,0,0,1,"-7,19246053","-37,7194243",SPRF-PB,DEL03-PB,UOP01-DEL03-PB
458314.0,2022-06-27,segunda-feira,12:45:00,PB,101,19,MAMANGUAPE,Demais falhas mecânicas ou elétricas,Colisão lateral mesmo sentido,Com Vítimas Feridas,Pleno dia,Decrescente,Céu Claro,Dupla,Curva,Não,2,0,1,0,1,0,1,2,"-6,65604609","-35,11912427",SPRF-PB,DEL01-PB,UOP04-DEL01-PB
458385.0,2022-06-27,segunda-feira,18:00:00,PB,104,139,QUEIMADAS,Conversão proibida,Colisão frontal,Com Vítimas Feridas,Plena Noite,Decrescente,Céu Claro,Simples,Reta,Sim,2,0,1,0,0,1,1,2,"-7,36948311","-35,89979635",SPRF-PB,DEL02-PB,UOP03-DEL02-PB
458397.0,2022-06-27,segunda-feira,20:00:00,PB,412,"141,8",MONTEIRO,Reação tardia ou ineficiente do condutor,Tombamento,Com Vítimas Feridas,Plena Noite,Crescente,Nublado,Simples,Reta,Não,2,0,2,0,0,0,2,1,"-7,872064","-37,092819",SPRF-PB,DEL02-PB,UOP02-DEL02-PB
458451.0,2022-06-28,terça-feira,07:59:00,PB,230,"23,8",JOAO PESSOA,Manobra de mudança de faixa,Colisão lateral mesmo sentido,Com Vítimas Feridas,Pleno dia,Decrescente,Sol,Dupla,Aclive;Viaduto;Reta,Sim,2,0,1,0,1,0,1,2,"-7,1562","-34,8574",SPRF-PB,DEL01-PB,UOP01-DEL01-PB
458864.0,2022-05-01,domingo,06:47:00,PB,230,"20,9",JOAO PESSOA,Demais falhas mecânicas ou elétricas,Tombamento,Com Vítimas Feridas,Pleno dia,Crescente,Céu Claro,Dupla,Reta,Sim,2,0,2,0,0,0,2,1,"-7,1337","-34,8544",SPRF-PB,DEL01-PB,UOP01-DEL01-PB
458952.0,2022-07-01,sexta-feira,08:58:00,PB,230,11,CABEDELO,Avarias e/ou desgaste excessivo no pneu,Tombamento,Com Vítimas Feridas,Pleno dia,Crescente,Céu Claro,Dupla,Reta,Sim,2,0,2,0,0,0,2,1,"-7,0596","-34,8506",SPRF-PB,DEL01-PB,UOP01-DEL01-PB
458960.0,2022-07-01,sexta-feira,08:44:00,PB,101,"83,7",BAYEUX,Frear bruscamente,Tombamento,Com Vítimas Feridas,Pleno dia,Crescente,Céu Claro,Dupla,Reta,Sim,1,0,0,1,0,0,1,1,"-7,1337703","-34,92963914",SPRF-PB,DEL01-PB,UOP01-DEL01-PB
458970.0,2022-06-15,quarta-feira,18:20:00,PB,104,"129,6",CAMPINA GRANDE,Ausência de reação do condutor,Tombamento,Com Vítimas Feridas,Plena Noite,Crescente,Céu Claro,Simples,Reta,Sim,1,0,0,1,0,0,1,1,"-7,29013399","-35,89029705",SPRF-PB,DEL02-PB,UOP03-DEL02-PB
459122.0,2022-07-02,sábado,00:06:00,PB,101,85,BAYEUX,Ausência de reação do condutor,Colisão com objeto,Com Vítimas Feridas,Plena Noite,Decrescente,Nublado,Dupla,Reta,Sim,2,0,0,1,1,0,1,2,"-7,14620213","-34,91561294",SPRF-PB,DEL01-PB,UOP01-DEL01-PB
459146.0,2022-07-02,sábado,05:00:00,PB,230,372,CONDADO,Condutor Dormindo,Saída de leito carroçável,Sem Vítimas,Amanhecer,Decrescente,Céu Claro,Simples,Reta,Sim,1,0,0,0,0,1,0,1,"-6,9082","-37,5675",SPRF-PB,DEL03-PB,UOP02-DEL03-PB
459257.0,2022-07-02,sábado,17:30:00,PB,104,136,QUEIMADAS,Condutor deixou de manter distância do veículo da frente,Colisão traseira,Sem Vítimas,Anoitecer,Crescente,Garoa/Chuvisco,Simples,Reta,Sim,2,0,0,0,2,0,0,2,"-7,34336909","-35,89968752",SPRF-PB,DEL02-PB,UOP03-DEL02-PB
459382.0,2022-07-03,domingo,04:00:00,PB,101,96,CONDE,Acumulo de água sobre o pavimento,Saída de leito carroçável,Sem Vítimas,Plena Noite,Decrescente,Chuva,Dupla,Reta,Não,2,0,0,0,0,2,0,2,"-7,230921","-34,921149",SPRF-PB,DEL01-PB,UOP02-DEL01-PB
459441.0,2022-07-03,domingo,12:55:00,PB,230,36,SANTA RITA,Ausência de reação do condutor,Saída de leito carroçável,Sem Vítimas,Pleno dia,Crescente,Nublado,Dupla,Curva,Sim,1,0,0,0,1,0,0,1,"-7,1246","-34,9473",SPRF-PB,DEL01-PB,UOP03-DEL01-PB
459540.0,2022-07-03,domingo,18:00:00,PB,405,"43,4",SAO JOAO DO RIO DO PEIXE,Transitar na contramão,Colisão frontal,Com Vítimas Feridas,Anoitecer,Crescente,Céu Claro,Simples,Reta,Não,2,0,0,1,0,1,1,2,"-6,814155","-38,417775",SPRF-PB,DEL03-PB,UOP03-DEL03-PB
459606.0,2022-07-04,segunda-feira,06:20:00,PB,230,42,SANTA RITA,Condutor Dormindo,Colisão lateral mesmo sentido,Com Vítimas Feridas,Pleno dia,Decrescente,Garoa/Chuvisco,Dupla,Curva,Não,3,0,2,0,1,0,2,2,"-7,1426","-34,9956",SPRF-PB,DEL01-PB,UOP03-DEL01-PB
459723.0,2022-06-17,sexta-feira,17:20:00,PB,230,17,JOAO PESSOA,Entrada inopinada do pedestre,Atropelamento de Pedestre,Com Vítimas Feridas,Plena Noite,Crescente,Céu Claro,Dupla,Reta,Sim,2,0,0,1,0,1,1,2,"-7,1121","-34,8426",SPRF-PB,DEL01-PB,UOP01-DEL01-PB
459782.0,2022-07-05,terça-feira,07:20:00,PB,230,335,PATOS,Acessar a via sem observar a presença dos outros veículos,Colisão transversal,Com Vítimas Feridas,Pleno dia,Decrescente,Céu Claro,Simples,Reta,Sim,3,0,3,0,0,0,3,2,"-7,0128","-37,2644",SPRF-PB,DEL03-PB,UOP01-DEL03-PB
459914.0,2022-07-05,terça-feira,18:45:00,PB,412,17,BOA VISTA,Reação tardia ou ineficiente do condutor,Colisão com objeto,Com Vítimas Feridas,Plena Noite,Crescente,Garoa/Chuvisco,Simples,Interseção de Vias,Não,1,0,1,0,0,0,1,1,"-7,249509","-36,219105",SPRF-PB,DEL02-PB,UOP02-DEL02-PB
459915.0,2022-07-05,terça-feira,19:15:00,PB,104,115,LAGOA SECA,Reação tardia ou ineficiente do condutor,Tombamento,Com Vítimas Feridas,Plena Noite,Crescente,Chuva,Simples,Reta,Sim,1,0,0,1,0,0,1,1,"-7,172018","-35,85983397",SPRF-PB,DEL02-PB,UOP04-DEL02-PB
459995.0,2022-05-24,terça-feira,13:25:00,PB,230,"105,7",MOGEIRO,Velocidade Incompatível,Saída de leito carroçável,Com Vítimas Feridas,Pleno dia,Decrescente,Nublado,Dupla,Retorno Regulamentado;Declive;Curva,Não,2,0,2,0,0,0,2,1,"-7,20532337","-35,5367589",SPRF-PB,DEL01-PB,UOP03-DEL01-PB
460068.0,2022-07-06,quarta-feira,17:40:00,PB,230,"89,6",GURINHEM,Afundamento ou ondulação no pavimento,Tombamento,Com Vítimas Feridas,Plena Noite,Decrescente,Céu Claro,Dupla,Reta,Sim,2,0,2,0,0,0,2,1,"-7,1708","-35,3831",SPRF-PB,DEL01-PB,UOP03-DEL01-PB
460076.0,2022-07-06,quarta-feira,18:15:00,PB,230,"20,5",JOAO PESSOA,Chuva,Tombamento,Com Vítimas Feridas,Plena Noite,Crescente,Chuva,Dupla,Reta,Sim,1,0,1,0,0,0,1,1,"-7,1415","-34,8519",SPRF-PB,DEL01-PB,UOP01-DEL01-PB
460132.0,2022-05-10,terça-feira,17:43:00,PB,230,77,SOBRADO,Transitar na contramão,Colisão frontal,Com Vítimas Feridas,Anoitecer,Crescente,Nublado,Dupla,Reta,Não,2,0,1,1,0,0,2,2,"-7,1869","-35,2871",SPRF-PB,DEL01-PB,UOP03-DEL01-PB
460269.0,2022-07-07,quinta-feira,14:00:00,PB,230,8,CABEDELO,Acessar a via sem observar a presença dos outros veículos,Colisão traseira,Com Vítimas Feridas,Pleno dia,Crescente,Sol,Simples,Retorno Regulamentado,Não,2,0,1,0,0,1,1,2,"-7,0355","-34,8429",SPRF-PB,DEL01-PB,UOP01-DEL01-PB
460309.0,2022-07-07,quinta-feira,22:50:00,PB,230,125,RIACHAO DO BACAMARTE,Demais falhas mecânicas ou elétricas,Colisão com objeto,Com Vítimas Feridas,Plena Noite,Decrescente,Chuva,Dupla,Curva;Declive,Não,1,0,1,0,0,0,1,1,"-7,26006671","-35,68657391",SPRF-PB,DEL02-PB,UOP01-DEL02-PB
460478.0,2022-07-08,sexta-feira,18:40:00,PB,230,21,JOAO PESSOA,Manobra de mudança de faixa,Colisão transversal,Com Vítimas Feridas,Plena Noite,Crescente,Nublado,Dupla,Reta,Sim,2,0,1,0,1,0,1,2,"-7,1415","-34,8519",SPRF-PB,DEL01-PB,UOP01-DEL01-PB
460568.0,2022-07-09,sábado,03:00:00,PB,101,"89,4",JOAO PESSOA,Pedestre andava na pista,Atropelamento de Pedestre,Com Vítimas Fatais,Plena Noite,Decrescente,Nublado,Dupla,Aclive;Reta,Sim,3,2,0,0,0,1,0,2,"-7,184457","-34,901725",SPRF-PB,DEL01-PB,UOP02-DEL01-PB
460599.0,2022-07-09,sábado,05:20:00,PB,230,"340,4",PATOS,Animais na Pista,Atropelamento de Animal,Com Vítimas Fatais,Amanhecer,Crescente,Céu Claro,Simples,Reta,Sim,6,2,1,0,2,1,1,2,"-7,0003","-37,3076",SPRF-PB,DEL03-PB,UOP01-DEL03-PB
460703.0,2022-07-09,sábado,15:40:00,PB,230,"18,2",JOAO PESSOA,Condutor deixou de manter distância do veículo da frente,Colisão lateral mesmo sentido,Com Vítimas Feridas,Pleno dia,Crescente,Céu Claro,Dupla,Declive,Sim,3,0,2,0,0,1,2,2,"-7,1198","-34,8453",SPRF-PB,DEL01-PB,UOP01-DEL01-PB
460712.0,2022-07-09,sábado,16:20:00,PB,230,"156,5",CAMPINA GRANDE,Ingestão de álcool pelo condutor,Colisão frontal,Com Vítimas Feridas,Pleno dia,Decrescente,Nublado,Simples,Reta,Sim,3,0,1,0,2,0,1,2,"-7,2693","-35,9138",SPRF-PB,DEL02-PB,UOP01-DEL02-PB
460730.0,2022-07-09,sábado,18:32:00,PB,230,"0,5",CABEDELO,Acessar a via sem observar a presença dos outros veículos,Colisão transversal,Com Vítimas Feridas,Plena Noite,Decrescente,Chuva,Simples,Interseção de Vias,Sim,3,0,0,1,0,2,1,3,"-6,97215486","-34,83368218",SPRF-PB,DEL01-PB,UOP01-DEL01-PB
460810.0,2022-07-09,sábado,18:37:00,PB,230,215,SOLEDADE,Mal súbito do condutor,Queda de ocupante de veículo,Com Vítimas Feridas,Plena Noite,Decrescente,Céu Claro,Simples,Reta,Não,1,0,0,1,0,0,1,1,"-7,0577","-36,3629",SPRF-PB,DEL02-PB,UOP02-DEL02-PB
460861.0,2022-07-09,sábado,19:30:00,PB,230,"503,1",CAJAZEIRAS,Velocidade Incompatível,Saída de leito carroçável,Sem Vítimas,Plena Noite,Decrescente,Céu Claro,Simples,Curva,Não,1,0,0,0,0,1,0,1,"-6,89833","-38,546721",SPRF-PB,DEL03-PB,UOP03-DEL03-PB
460896.0,2022-07-10,domingo,13:30:00,PB,104,"139,4",QUEIMADAS,Ingestão de álcool pelo condutor,Colisão transversal,Com Vítimas Feridas,Pleno dia,Crescente,Sol,Simples,Curva,Sim,2,0,0,1,1,0,1,2,"-7,36948311","-35,89979635",SPRF-PB,DEL02-PB,UOP03-DEL02-PB
460956.0,2022-07-10,domingo,17:30:00,PB,104,87,REMIGIO,Reação tardia ou ineficiente do condutor,Colisão transversal,Com Vítimas Feridas,Plena Noite,Decrescente,Céu Claro,Simples,Declive,Sim,2,0,0,1,1,0,1,2,"-6,96481008","-35,79803462",SPRF-PB,DEL02-PB,UOP04-DEL02-PB
460968.0,2022-07-10,domingo,20:25:00,PB,101,86,JOAO PESSOA,Ingestão de álcool pelo condutor,Colisão lateral mesmo sentido,Com Vítimas Feridas,Plena Noite,Decrescente,Céu Claro,Dupla,Declive;Curva,Sim,2,0,0,1,1,0,1,2,"-7,15126936","-34,90945458",SPRF-PB,DEL01-PB,UOP01-DEL01-PB
460977.0,2022-07-10,domingo,21:20:00,PB,230,11,CABEDELO,Acumulo de água sobre o pavimento,Saída de leito carroçável,Com Vítimas Feridas,Plena Noite,Crescente,Chuva,Dupla,Reta,Sim,1,0,0,1,0,0,1,1,"-7,0596","-34,8506",SPRF-PB,DEL01-PB,UOP01-DEL01-PB
460993.0,2022-07-10,domingo,21:20:00,PB,230,"10,9",CABEDELO,Chuva,Tombamento,Com Vítimas Feridas,Plena Noite,Crescente,Céu Claro,Dupla,Curva,Sim,1,0,0,1,0,0,1,1,"-7,0596","-34,8506",SPRF-PB,DEL01-PB,UOP01-DEL01-PB
461019.0,2022-06-12,domingo,19:10:00,PB,230,151,CAMPINA GRANDE,Acessar a via sem observar a presença dos outros veículos,Colisão transversal,Com Vítimas Feridas,Plena Noite,Decrescente,Vento,Dupla,Reta,Não,2,0,0,1,1,0,1,2,"-7,2587","-35,8778",SPRF-PB,DEL02-PB,UOP01-DEL02-PB
461177.0,2022-07-11,segunda-feira,18:30:00,PB,230,475,MARIZOPOLIS,Ausência de sinalização,Tombamento,Com Vítimas Feridas,Plena Noite,Decrescente,Céu Claro,Simples,Reta,Não,1,0,0,1,0,0,1,1,"-6,8206","-38,3139",SPRF-PB,DEL03-PB,UOP03-DEL03-PB
461230.0,2022-06-18,sábado,18:28:00,PB,230,59,CRUZ DO ESPIRITO SANTO,Demais falhas na via,Saída de leito carroçável,Com Vítimas Feridas,Plena Noite,Crescente,Céu Claro,Dupla,Em Obras,Não,1,0,1,0,0,0,1,1,"-7,2043","-35,1305",SPRF-PB,DEL01-PB,UOP03-DEL01-PB
461313.0,2022-07-12,terça-feira,16:40:00,PB,230,508,CAJAZEIRAS,Acessar a via sem observar a presença dos outros veículos,Colisão transversal,Com Vítimas Feridas,Anoitecer,Crescente,Céu Claro,Simples,Reta,Sim,3,0,2,0,1,0,2,2,"-6,8988","-38,5722",SPRF-PB,DEL03-PB,UOP03-DEL03-PB
461444.0,2022-07-13,quarta-feira,11:45:00,PB,230,158,CAMPINA GRANDE,Desrespeitar a preferência no cruzamento,Colisão transversal,Com Vítimas Feridas,Pleno dia,Decrescente,Nublado,Simples,Retorno Regulamentado,Sim,1,0,0,1,0,0,1,1,"-7,2582","-35,9267",SPRF-PB,DEL02-PB,UOP01-DEL02-PB
461493.0,2022-07-13,quarta-feira,16:10:00,PB,101,"35,3",MAMANGUAPE,Ausência de reação do condutor,Colisão traseira,Com Vítimas Feridas,Pleno dia,Decrescente,Céu Claro,Dupla,Reta,Não,2,0,1,0,1,0,1,2,"-6,796969","-35,13783",SPRF-PB,DEL01-PB,UOP04-DEL01-PB
461540.0,2022-07-13,quarta-feira,23:08:00,PB,230,23,JOAO PESSOA,Conversão proibida,Colisão com objeto,Com Vítimas Feridas,Plena Noite,Crescente,Céu Claro,Dupla,Reta,Sim,1,0,0,1,0,0,1,1,"-7,1562","-34,8574",SPRF-PB,DEL01-PB,UOP01-DEL01-PB
461568.0,2022-07-14,quinta-feira,06:15:00,PB,101,122,CAAPORA,Reação tardia ou ineficiente do condutor,Tombamento,Com Vítimas Feridas,Pleno dia,Crescente,Nublado,Dupla,Curva;Declive,Não,2,0,0,1,0,1,1,2,"-7,45038197","-34,97994215",SPRF-PB,DEL01-PB,UOP02-DEL01-PB
461594.0,2022-07-14,quinta-feira,07:59:00,PB,230,20,JOAO PESSOA,Reação tardia ou ineficiente do condutor,Colisão traseira,Com Vítimas Feridas,Pleno dia,Decrescente,Céu Claro,Dupla,Aclive,Sim,2,0,1,0,1,0,1,2,"-7,1337","-34,8544",SPRF-PB,DEL01-PB,UOP01-DEL01-PB
461720.0,2022-07-14,quinta-feira,19:50:00,PB,230,422,POMBAL,Ingestão de álcool pelo condutor,Saída de leito carroçável,Com Vítimas Feridas,Pleno dia,Crescente,Céu Claro,Simples,Reta,Não,1,0,1,0,0,0,1,1,"-6,7259","-37,8719",SPRF-PB,DEL03-PB,UOP02-DEL03-PB
461766.0,2022-07-15,sexta-feira,08:10:00,PB,230,36,SANTA RITA,Falta de elemento de contenção que evite a saída do leito carroçável,Saída de leito carroçável,Com Vítimas Feridas,Pleno dia,Crescente,Garoa/Chuvisco,Dupla,Aclive,Não,4,0,3,0,1,0,3,1,"-7,1246","-34,9473",SPRF-PB,DEL01-PB,UOP03-DEL01-PB
461951.0,2022-07-16,sábado,07:05:00,PB,230,42,SANTA RITA,Demais falhas mecânicas ou elétricas,Tombamento,Com Vítimas Feridas,Pleno dia,Decrescente,Céu Claro,Dupla,Reta,Não,3,0,3,0,0,0,3,1,"-7,1426","-34,9956",SPRF-PB,DEL01-PB,UOP03-DEL01-PB
462031.0,2022-07-16,sábado,15:50:00,PB,101,80,SANTA RITA,Velocidade Incompatível,Colisão com objeto,Com Vítimas Feridas,Pleno dia,Decrescente,Nublado,Dupla,Curva,Não,2,0,2,0,0,0,2,1,"-7,11753704","-34,94951428",SPRF-PB,DEL01-PB,UOP04-DEL01-PB
462049.0,2022-07-16,sábado,18:30:00,PB,101,85,BAYEUX,Acumulo de água sobre o pavimento,Tombamento,Com Vítimas Feridas,Plena Noite,Crescente,Chuva,Dupla,Reta,Não,1,0,1,0,0,0,1,1,"-7,14538184","-34,91662887",SPRF-PB,DEL01-PB,UOP01-DEL01-PB
462144.0,2022-07-16,sábado,11:30:00,PB,230,460,SOUSA,Animais na Pista,Atropelamento de Animal,Com Vítimas Feridas,Plena Noite,Decrescente,Céu Claro,Simples,Reta,Não,1,0,0,1,0,0,1,1,"-6,7752","-38,1982",SPRF-PB,DEL03-PB,UOP03-DEL03-PB
462208.0,2022-07-17,domingo,13:00:00,PB,230,133,CAMPINA GRANDE,Pista Escorregadia,Saída de leito carroçável,Com Vítimas Feridas,Pleno dia,Crescente,Garoa/Chuvisco,Dupla,Curva,Não,2,0,2,0,0,0,2,1,"-7,2767","-35,7464",SPRF-PB,DEL02-PB,UOP01-DEL02-PB
462247.0,2022-07-17,domingo,16:51:00,PB,361,11,PATOS,Ultrapassagem Indevida,Capotamento,Com Vítimas Feridas,Pleno dia,Decrescente,Céu Claro,Simples,Reta,Não,6,0,1,0,4,1,1,2,"-7,040797","-37,348012",SPRF-PB,DEL03-PB,UOP01-DEL03-PB
462339.0,2022-07-17,domingo,20:00:00,PB,104,"189,7",ALCANTIL,Ingestão de álcool pelo condutor,Colisão frontal,Com Vítimas Fatais,Plena Noite,Crescente,Céu Claro,Simples,Reta,Não,4,1,1,0,2,0,1,2,"-7,71323031","-36,06920065",SPRF-PB,DEL02-PB,UOP03-DEL02-PB
462538.0,2022-07-19,terça-feira,07:45:00,PB,101,"89,5",JOAO PESSOA,Pista em desnível,Tombamento,Com Vítimas Feridas,Pleno dia,Decrescente,Nublado,Dupla,Reta,Sim,1,0,1,0,0,0,1,1,"-7,179652","-34,900417",SPRF-PB,DEL01-PB,UOP02-DEL01-PB
462623.0,2022-07-19,terça-feira,17:11:00,PB,101,"88,1",JOAO PESSOA,Acessar a via sem observar a presença dos outros veículos,Colisão lateral mesmo sentido,Com Vítimas Feridas,Plena Noite,Decrescente,Céu Claro,Dupla,Interseção de Vias,Sim,2,0,1,0,1,0,1,2,"-7,16694657","-34,89652818",SPRF-PB,DEL01-PB,UOP01-DEL01-PB
462626.0,2022-07-19,terça-feira,17:30:00,PB,230,4,CABEDELO,Iluminação deficiente,Atropelamento de Pedestre,Com Vítimas Feridas,Plena Noite,Decrescente,Céu Claro,Dupla,Reta;Em Obras,Sim,2,0,0,2,0,0,2,2,"-7,0004","-34,8284",SPRF-PB,DEL01-PB,UOP01-DEL01-PB
462844.0,2022-07-20,quarta-feira,17:50:00,PB,230,23,JOAO PESSOA,Chuva,Tombamento,Com Vítimas Feridas,Plena Noite,Decrescente,Chuva,Dupla,Reta,Não,1,0,0,1,0,0,1,1,"-7,1562","-34,8574",SPRF-PB,DEL01-PB,UOP01-DEL01-PB
462867.0,2022-07-20,quarta-feira,18:30:00,PB,230,290,SANTA LUZIA,Condutor deixou de manter distância do veículo da frente,Colisão traseira,Sem Vítimas,Plena Noite,Decrescente,Céu Claro,Simples,Reta,Não,2,0,0,0,2,0,0,2,"-6,8742","-36,9085",SPRF-PB,DEL03-PB,UOP01-DEL03-PB
462917.0,2022-06-17,sexta-feira,09:00:00,PB,230,170,CAMPINA GRANDE,Transitar no acostamento,Atropelamento de Pedestre,Com Vítimas Feridas,Pleno dia,Decrescente,Céu Claro,Simples,Reta,Sim,2,0,1,0,0,1,1,2,"-7,1806","-35,9873",SPRF-PB,DEL02-PB,UOP02-DEL02-PB
462989.0,2022-07-21,quinta-feira,11:30:00,PB,361,"75,2",PIANCO,Ausência de reação do condutor,Tombamento,Com Vítimas Feridas,Pleno dia,Crescente,Céu Claro,Simples,Reta;Declive,Não,1,0,0,1,0,0,1,1,"-7,190908","-37,85121",SPRF-PB,DEL03-PB,UOP01-DEL03-PB
462992.0,2022-07-21,quinta-feira,10:40:00,PB,230,115,INGA,Chuva,Saída de leito carroçável,Com Vítimas Feridas,Pleno dia,Crescente,Chuva,Dupla,Declive,Não,1,0,1,0,0,0,1,1,"-7,2296","-35,5998",SPRF-PB,DEL01-PB,UOP03-DEL01-PB
463165.0,2022-07-16,sábado,16:30:00,PB,230,2,CABEDELO,Condutor deixou de manter distância do veículo da frente,Colisão traseira,Com Vítimas Feridas,Pleno dia,Decrescente,Garoa/Chuvisco,Dupla,Reta,Sim,3,0,1,0,2,0,1,2,"-6,9837","-34,8295",SPRF-PB,DEL01-PB,UOP01-DEL01-PB
463216.0,2022-07-22,sexta-feira,14:02:00,PB,230,41,SANTA RITA,Condutor Dormindo,Capotamento,Sem Vítimas,Pleno dia,Decrescente,Nublado,Dupla,Reta,Não,1,0,0,0,1,0,0,1,"-7,1432","-34,9869",SPRF-PB,DEL01-PB,UOP03-DEL01-PB