id,data_inversa,dia_semana,horario,uf,br,km,municipio,causa_acidente,tipo_acidente,classificacao_acidente,fase_dia,sentido_via,condicao_metereologica,tipo_pista,tracado_via,uso_solo,pessoas,mortos,feridos_leves,feridos_graves,ilesos,ignorados,feridos,veiculos,latitude,longitude,regional,delegacia,uop
463402.0,2022-07-23,sábado,04:30:00,PB,361,"44,7",CATINGUEIRA,Ausência de reação do condutor,Saída de leito carroçável,Com Vítimas Fatais,Plena Noite,Decrescente,Ignorado,Simples,Reta;Ponte,Não,5,4,0,0,0,1,0,2,"-7,130541","-37,608538",SPRF-PB,DEL03-PB,UOP01-DEL03-PB
463457.0,2022-07-23,sábado,12:50:00,PB,230,"85,8",CALDAS BRANDAO,Velocidade Incompatível,Saída de leito carroçável,Com Vítimas Feridas,Pleno dia,Decrescente,Céu Claro,Dupla,Reta;Aclive,Não,2,0,1,1,0,0,2,1,"-7,168258","-35,369064",SPRF-PB,DEL01-PB,UOP03-DEL01-PB
463479.0,2022-07-23,sábado,13:30:00,PB,101,61,SANTA RITA,Condutor Dormindo,Saída de leito carroçável,Sem Vítimas,Pleno dia,Crescente,Céu Claro,Dupla,Curva,Não,2,0,0,0,2,0,0,1,"-7,00949401","-35,06072329",SPRF-PB,DEL01-PB,UOP04-DEL01-PB
463520.0,2022-07-23,sábado,17:30:00,PB,230,349,PATOS,Ausência de reação do condutor,Saída de leito carroçável,Com Vítimas Feridas,Anoitecer,Crescente,Céu Claro,Simples,Curva,Não,1,0,1,0,0,0,1,1,"-6,9548","-37,3764",SPRF-PB,DEL03-PB,UOP01-DEL03-PB
463521.0,2022-07-23,sábado,18:31:00,PB,230,53,CRUZ DO ESPIRITO SANTO,Ingestão de álcool pelo condutor,Saída de leito carroçável,Com Vítimas Feridas,Plena Noite,Crescente,Céu Claro,Dupla,Reta,Não,2,0,2,0,0,0,2,1,"-7,1998","-35,0763",SPRF-PB,DEL01-PB,UOP03-DEL01-PB
463541.0,2022-07-23,sábado,17:30:00,PB,230,481,MARIZOPOLIS,Ausência de reação do condutor,Queda de ocupante de veículo,Com Vítimas Feridas,Anoitecer,Decrescente,Nublado,Simples,Reta,Não,1,0,1,0,0,0,1,1,"-6,8451","-38,354",SPRF-PB,DEL03-PB,UOP03-DEL03-PB
463542.0,2022-07-23,sábado,19:30:00,PB,230,15,CABEDELO,Condutor deixou de manter distância do veículo da frente,Colisão traseira,Com Vítimas Feridas,Plena Noite,Decrescente,Nublado,Dupla,Viaduto;Aclive,Sim,2,0,1,0,1,0,1,2,"-7,093","-34,8482",SPRF-PB,DEL01-PB,UOP01-DEL01-PB
463547.0,2022-07-23,sábado,20:05:00,PB,230,"12,2",CABEDELO,Ausência de reação do condutor,Colisão lateral mesmo sentido,Com Vítimas Fatais,Plena Noite,Crescente,Nublado,Dupla,Rotatória,Sim,2,1,0,0,1,0,0,2,"-7,074132","-34,849652",SPRF-PB,DEL01-PB,UOP01-DEL01-PB
463687.0,2022-07-24,domingo,12:00:00,PB,101,89,JOAO PESSOA,Manobra de mudança de faixa,Colisão lateral mesmo sentido,Com Vítimas Feridas,Pleno dia,Decrescente,Céu Claro,Dupla,Rotatória,Sim,3,0,3,0,0,0,3,2,"-7,1710694","-34,89765372",SPRF-PB,DEL01-PB,UOP02-DEL01-PB
463717.0,2022-07-24,domingo,16:30:00,PB,230,25,JOAO PESSOA,Manobra de mudança de faixa,Colisão lateral mesmo sentido,Com Vítimas Feridas,Pleno dia,Decrescente,Céu Claro,Dupla,Reta,Sim,3,0,1,0,2,0,1,3,"-7,1707","-34,8684",SPRF-PB,DEL01-PB,UOP01-DEL01-PB
463811.0,2022-07-24,domingo,20:30:00,PB,101,126,CAAPORA,Avarias e/ou desgaste excessivo no pneu,Tombamento,Com Vítimas Feridas,Plena Noite,Crescente,Céu Claro,Dupla,Reta,Não,2,0,2,0,0,0,2,1,"-7,490353","-34,98254534",SPRF-PB,DEL01-PB,UOP02-DEL01-PB
463840.0,2022-07-24,domingo,22:30:00,PB,101,95,CONDE,Manobra de mudança de faixa,Saída de leito carroçável,Com Vítimas Feridas,Plena Noite,Decrescente,Garoa/Chuvisco,Dupla,Reta,Não,1,0,1,0,0,0,1,1,"-7,22379403","-34,91488195",SPRF-PB,DEL01-PB,UOP02-DEL01-PB
463874.0,2022-07-25,segunda-feira,06:15:00,PB,101,83,BAYEUX,Trafegar com motocicleta (ou similar) entre as faixas,Colisão traseira,Com Vítimas Feridas,Pleno dia,Crescente,Sol,Dupla,Reta,Sim,4,0,1,1,2,0,2,4,"-7,13498896","-34,92830392",SPRF-PB,DEL01-PB,UOP01-DEL01-PB
463933.0,2022-07-25,segunda-feira,09:45:00,PB,230,"13,7",CABEDELO,Condutor deixou de manter distância do veículo da frente,Colisão lateral mesmo sentido,Com Vítimas Feridas,Pleno dia,Crescente,Sol,Dupla,Reta,Sim,3,0,2,0,1,0,2,3,"-7,0772","-34,8494",SPRF-PB,DEL01-PB,UOP01-DEL01-PB
463941.0,2022-07-16,sábado,15:30:00,PB,101,60,SANTA RITA,Demais falhas mecânicas ou elétricas,Incêndio,Sem Vítimas,Pleno dia,Crescente,Nublado,Dupla,Declive,Não,1,0,0,0,1,0,0,1,"-7,00141407","-35,06459811",SPRF-PB,DEL01-PB,UOP04-DEL01-PB
463959.0,2022-07-17,domingo,20:40:00,PB,412,"92,5",SERRA BRANCA,Ingestão de álcool pelo condutor,Tombamento,Com Vítimas Fatais,Plena Noite,Crescente,Céu Claro,Simples,Reta,Não,1,1,0,0,0,0,0,1,"-7,574022","-36,779896",SPRF-PB,DEL02-PB,UOP02-DEL02-PB
464206.0,2022-07-26,terça-feira,22:20:00,PB,230,"417,3",POMBAL,Animais na Pista,Atropelamento de Animal,Com Vítimas Feridas,Plena Noite,Decrescente,Céu Claro,Simples,Reta,Não,4,0,0,1,2,1,1,1,"-6,7147","-37,8288",SPRF-PB,DEL03-PB,UOP02-DEL03-PB
464244.0,2022-07-27,quarta-feira,07:45:00,PB,230,"157,7",CAMPINA GRANDE,Desrespeitar a preferência no cruzamento,Colisão transversal,Com Vítimas Feridas,Pleno dia,Decrescente,Céu Claro,Simples,Interseção de Vias,Sim,2,0,2,0,0,0,2,2,"-7,264","-35,9199",SPRF-PB,DEL02-PB,UOP01-DEL02-PB
464325.0,2022-07-27,quarta-feira,16:00:00,PB,230,"23,5",JOAO PESSOA,Acessar a via sem observar a presença dos outros veículos,Colisão traseira,Com Vítimas Feridas,Pleno dia,Crescente,Céu Claro,Simples,Reta,Sim,2,0,1,0,1,0,1,2,"-7,1562","-34,8574",SPRF-PB,DEL01-PB,UOP01-DEL01-PB
464343.0,2022-07-27,quarta-feira,18:00:00,PB,101,91,JOAO PESSOA,Reação tardia ou ineficiente do condutor,Colisão traseira,Com Vítimas Feridas,Plena Noite,Decrescente,Céu Claro,Dupla,Reta,Não,2,0,1,0,1,0,1,2,"-7,18826412","-34,90308264",SPRF-PB,DEL01-PB,UOP02-DEL01-PB
464419.0,2022-07-28,quinta-feira,07:00:00,PB,101,89,JOAO PESSOA,Desrespeitar a preferência no cruzamento,Colisão transversal,Com Vítimas Feridas,Pleno dia,Crescente,Sol,Dupla,Retorno Regulamentado,Sim,2,0,1,0,1,0,1,2,"-7,18113598","-34,90083452",SPRF-PB,DEL01-PB,UOP02-DEL01-PB
464503.0,2022-07-28,quinta-feira,17:51:00,PB,230,27,JOAO PESSOA,Ausência de reação do condutor,Colisão traseira,Sem Vítimas,Anoitecer,Decrescente,Céu Claro,Dupla,Curva,Sim,2,0,0,0,2,0,0,2,"-7,1677","-34,8855",SPRF-PB,DEL01-PB,UOP01-DEL01-PB
464515.0,2022-07-28,quinta-feira,17:47:00,PB,230,50,SANTA RITA,Condutor deixou de manter distância do veículo da frente,Colisão traseira,Com Vítimas Feridas,Anoitecer,Decrescente,Céu Claro,Dupla,Reta,Não,3,0,1,1,0,1,2,2,"-7,1846","-35,0544",SPRF-PB,DEL01-PB,UOP03-DEL01-PB
464611.0,2022-06-12,domingo,21:00:00,PB,230,11,CABEDELO,Velocidade Incompatível,Colisão lateral mesmo sentido,Com Vítimas Feridas,Plena Noite,Decrescente,Céu Claro,Dupla,Reta,Sim,2,0,0,1,1,0,1,2,"-7,0596","-34,8506",SPRF-PB,DEL01-PB,UOP01-DEL01-PB
464646.0,2022-07-29,sexta-feira,11:50:00,PB,230,"127,3",CAMPINA GRANDE,Velocidade Incompatível,Saída de leito carroçável,Com Vítimas Feridas,Pleno dia,Crescente,Sol,Dupla,Curva;Declive,Não,3,0,3,0,0,0,3,1,"-7,260983","-35,708884",SPRF-PB,DEL02-PB,UOP01-DEL02-PB
464656.0,2022-07-22,sexta-feira,20:15:00,PB,230,"143,5",CAMPINA GRANDE,Pedestre andava na pista,Atropelamento de Pedestre,Com Vítimas Feridas,Plena Noite,Decrescente,Céu Claro,Simples,Reta,Sim,2,0,0,2,0,0,2,2,"-7,2557","-35,8223",SPRF-PB,DEL02-PB,UOP01-DEL02-PB
464724.0,2022-07-29,sexta-feira,18:00:00,PB,104,115,LAGOA SECA,Conversão proibida,Colisão transversal,Com Vítimas Feridas,Plena Noite,Crescente,Céu Claro,Simples,Reta,Sim,2,0,1,0,1,0,1,2,"-7,172018","-35,85983397",SPRF-PB,DEL02-PB,UOP04-DEL02-PB
464856.0,2022-07-30,sábado,11:40:00,PB,230,12,CABEDELO,Ingestão de álcool pelo condutor,Colisão traseira,Sem Vítimas,Pleno dia,Crescente,Céu Claro,Dupla,Reta,Não,2,0,0,0,1,1,0,2,"-7,068","-34,85",SPRF-PB,DEL01-PB,UOP01-DEL01-PB
464897.0,2022-07-30,sábado,16:05:00,PB,101,"113,6",ALHANDRA,Chuva,Saída de leito carroçável,Com Vítimas Feridas,Pleno dia,Decrescente,Chuva,Dupla,Reta;Declive,Não,2,0,1,0,1,0,1,1,"-7,37852293","-34,95673822",SPRF-PB,DEL01-PB,UOP02-DEL01-PB
464914.0,2022-07-30,sábado,18:08:00,PB,230,3,CABEDELO,Ingestão de álcool e/ou substâncias psicoativas pelo pedestre,Atropelamento de Pedestre,Com Vítimas Feridas,Plena Noite,Decrescente,Chuva,Simples,Reta,Sim,2,0,1,0,1,0,1,2,"-6,9915","-34,8287",SPRF-PB,DEL01-PB,UOP01-DEL01-PB
465021.0,2022-07-31,domingo,03:40:00,PB,230,"492,6",CAJAZEIRAS,Ingestão de álcool pelo condutor,Saída de leito carroçável,Com Vítimas Feridas,Plena Noite,Crescente,Céu Claro,Simples,Aclive;Curva,Não,4,0,2,1,1,0,3,1,"-6,8721","-38,4409",SPRF-PB,DEL03-PB,UOP03-DEL03-PB
465070.0,2022-07-31,domingo,08:10:00,PB,230,"509,6",CAJAZEIRAS,Manobra de mudança de faixa,Colisão transversal,Com Vítimas Feridas,Pleno dia,Decrescente,Céu Claro,Simples,Reta,Não,3,0,0,1,2,0,1,3,"-6,8931","-38,5804",SPRF-PB,DEL03-PB,UOP03-DEL03-PB
465128.0,2022-07-31,domingo,18:22:00,PB,230,11,CABEDELO,Ultrapassagem Indevida,Colisão lateral mesmo sentido,Com Vítimas Feridas,Plena Noite,Decrescente,Nublado,Múltipla,Reta,Não,3,0,1,1,1,0,2,2,"-7,0596","-34,8506",SPRF-PB,DEL01-PB,UOP01-DEL01-PB
465131.0,2022-07-31,domingo,18:00:00,PB,230,"18,8",JOAO PESSOA,Chuva,Colisão com objeto,Sem Vítimas,Anoitecer,Decrescente,Chuva,Dupla,Curva,Sim,1,0,0,0,1,0,0,1,"-7,1198","-34,8453",SPRF-PB,DEL01-PB,UOP01-DEL01-PB
465222.0,2022-08-01,segunda-feira,00:02:00,PB,101,"106,4",ALHANDRA,Ingestão de álcool pelo condutor,Colisão com objeto,Com Vítimas Feridas,Plena Noite,Decrescente,Nublado,Dupla,Curva,Não,2,0,0,1,1,0,1,1,"-7,32950551","-34,94728323",SPRF-PB,DEL01-PB,UOP02-DEL01-PB
465333.0,2022-08-01,segunda-feira,13:00:00,PB,101,"81,6",BAYEUX,Acessar a via sem observar a presença dos outros veículos,Colisão transversal,Com Vítimas Feridas,Pleno dia,Decrescente,Céu Claro,Dupla,Rotatória,Sim,3,0,1,1,0,1,2,2,"-7,12508575","-34,94513217",SPRF-PB,DEL01-PB,UOP01-DEL01-PB
465448.0,2022-08-02,terça-feira,07:30:00,PB,230,20,JOAO PESSOA,Condutor deixou de manter distância do veículo da frente,Queda de ocupante de veículo,Com Vítimas Feridas,Pleno dia,Crescente,Sol,Dupla,Reta,Sim,1,0,1,0,0,0,1,1,"-7,1337","-34,8544",SPRF-PB,DEL01-PB,UOP01-DEL01-PB
465460.0,2022-08-02,terça-feira,09:20:00,PB,230,24,JOAO PESSOA,Condutor deixou de manter distância do veículo da frente,Colisão traseira,Com Vítimas Feridas,Amanhecer,Decrescente,Chuva,Dupla,Viaduto,Sim,3,0,0,2,1,0,2,2,"-7,16577545","-34,86289021",SPRF-PB,DEL01-PB,UOP01-DEL01-PB
465533.0,2022-08-02,terça-feira,17:00:00,PB,405,"33,3",SAO JOAO DO RIO DO PEIXE,Ultrapassagem Indevida,Colisão lateral mesmo sentido,Com Vítimas Feridas,Pleno dia,Decrescente,Nublado,Simples,Interseção de Vias;Reta,Sim,2,0,0,1,1,0,1,2,"-6,728078","-38,448483",SPRF-PB,DEL03-PB,UOP03-DEL03-PB
465740.0,2022-08-03,quarta-feira,17:05:00,PB,230,259,JUNCO DO SERIDO,Pista Escorregadia,Tombamento,Com Vítimas Fatais,Plena Noite,Decrescente,Chuva,Simples,Declive,Não,1,1,0,0,0,0,0,1,"-7,0085","-36,697",SPRF-PB,DEL03-PB,UOP01-DEL03-PB
465758.0,2022-08-03,quarta-feira,18:00:00,PB,361,"63,4",OLHO DAGUA,Transitar na contramão,Colisão frontal,Com Vítimas Feridas,Anoitecer,Decrescente,Chuva,Simples,Reta,Não,2,0,0,1,1,0,1,2,"-7,20701203","-37,75020904",SPRF-PB,DEL03-PB,UOP01-DEL03-PB
465867.0,2022-06-21,terça-feira,19:00:00,PB,412,"115,4",SUME,Pista esburacada,Colisão frontal,Com Vítimas Fatais,Plena Noite,Crescente,Céu Claro,Simples,Reta,Não,5,1,2,1,1,0,3,3,"-7,708676","-36,926895",SPRF-PB,DEL02-PB,UOP02-DEL02-PB
465870.0,2022-08-04,quinta-feira,13:20:00,PB,230,121,RIACHAO DO BACAMARTE,Demais falhas mecânicas ou elétricas,Colisão com objeto,Com Vítimas Feridas,Pleno dia,Decrescente,Céu Claro,Dupla,Curva,Não,4,0,1,0,3,0,1,1,"-7,2452","-35,649",SPRF-PB,DEL02-PB,UOP01-DEL02-PB
465911.0,2022-08-04,quinta-feira,17:50:00,PB,230,156,CAMPINA GRANDE,Desrespeitar a preferência no cruzamento,Colisão transversal,Sem Vítimas,Plena Noite,Decrescente,Céu Claro,Simples,Interseção de Vias,Sim,2,0,0,0,2,0,0,2,"-7,267816","-35,915543",SPRF-PB,DEL02-PB,UOP01-DEL02-PB
465963.0,2022-08-04,quinta-feira,18:00:00,PB,0,0,JOAO PESSOA,Ingestão de substâncias psicoativas pelo condutor,Colisão lateral mesmo sentido,Sem Vítimas,Plena Noite,Não Informado,Céu Claro,Dupla,Curva;Viaduto,Sim,3,0,0,0,3,0,0,2,"-7,161318","-34,838459",SPRF-PB,DEL01-PB,UOP02-DEL01-PB
465994.0,2022-08-05,sexta-feira,05:00:00,PB,101,"103,5",ALHANDRA,Ingestão de álcool pelo condutor,Colisão traseira,Com Vítimas Feridas,Amanhecer,Crescente,Céu Claro,Dupla,Reta,Não,5,0,4,0,1,0,4,2,"-7,30029088","-34,93888622",SPRF-PB,DEL01-PB,UOP02-DEL01-PB
466065.0,2022-08-05,sexta-feira,05:30:00,PB,361,4,PATOS,Ultrapassagem Indevida,Colisão frontal,Com Vítimas Feridas,Amanhecer,Crescente,Céu Claro,Simples,Reta,Sim,4,0,1,0,2,1,1,2,"-7,03208047","-37,29365088",SPRF-PB,DEL03-PB,UOP01-DEL03-PB
466082.0,2022-08-05,sexta-feira,12:20:00,PB,230,"156,4",CAMPINA GRANDE,Acessar a via sem observar a presença dos outros veículos,Colisão transversal,Com Vítimas Feridas,Pleno dia,Decrescente,Céu Claro,Simples,Rotatória,Sim,2,0,1,0,1,0,1,2,"-7,2693","-35,9138",SPRF-PB,DEL02-PB,UOP01-DEL02-PB
466115.0,2022-08-05,sexta-feira,17:30:00,PB,230,16,JOAO PESSOA,Transitar no acostamento,Atropelamento de Pedestre,Com Vítimas Feridas,Anoitecer,Decrescente,Céu Claro,Dupla,Reta,Sim,3,0,0,1,0,2,1,2,"-7,1039","-34,8458",SPRF-PB,DEL01-PB,UOP01-DEL01-PB
466138.0,2022-08-05,sexta-feira,18:00:00,PB,230,"139,6",CAMPINA GRANDE,Ingestão de álcool pelo condutor,Queda de ocupante de veículo,Com Vítimas Feridas,Plena Noite,Decrescente,Céu Claro,Dupla,Curva,Não,1,0,1,0,0,0,1,1,"-7,266812","-35,800714",SPRF-PB,DEL02-PB,UOP01-DEL02-PB
466166.0,2022-08-05,sexta-feira,20:52:00,PB,230,42,SANTA RITA,Condutor deixou de manter distância do veículo da frente,Colisão traseira,Com Vítimas Feridas,Plena Noite,Crescente,Céu Claro,Dupla,Retorno Regulamentado,Não,3,0,1,0,2,0,1,2,"-7,1426","-34,9956",SPRF-PB,DEL01-PB,UOP03-DEL01-PB
466211.0,2022-08-06,sábado,04:00:00,PB,230,27,JOAO PESSOA,Transitar na contramão,Colisão frontal,Com Vítimas Feridas,Amanhecer,Decrescente,Céu Claro,Dupla,Reta,Sim,3,0,1,0,1,1,1,2,"-7,1677","-34,8855",SPRF-PB,DEL01-PB,UOP01-DEL01-PB
466212.0,2022-08-06,sábado,04:30:00,PB,230,13,CABEDELO,Acessar a via sem observar a presença dos outros veículos,Colisão transversal,Sem Vítimas,Amanhecer,Decrescente,Ignorado,Dupla,Reta,Sim,2,0,0,0,0,2,0,2,"-7,0772","-34,8494",SPRF-PB,DEL01-PB,UOP01-DEL01-PB
466216.0,2022-08-06,sábado,00:02:00,PB,230,21,JOAO PESSOA,Acessar a via sem observar a presença dos outros veículos,Colisão lateral mesmo sentido,Com Vítimas Feridas,Plena Noite,Crescente,Céu Claro,Dupla,Reta,Sim,2,0,0,2,0,0,2,2,"-7,1415","-34,8519",SPRF-PB,DEL01-PB,UOP01-DEL01-PB
466255.0,2022-08-06,sábado,11:00:00,PB,101,93,CONDE,Ingestão de álcool pelo condutor,Saída de leito carroçável,Com Vítimas Feridas,Pleno dia,Crescente,Nublado,Dupla,Aclive,Não,1,0,1,0,0,0,1,1,"-7,22419922","-34,91521597",SPRF-PB,DEL01-PB,UOP02-DEL01-PB
466344.0,2022-08-06,sábado,19:11:00,PB,230,17,JOAO PESSOA,Condutor deixou de manter distância do veículo da frente,Colisão traseira,Sem Vítimas,Plena Noite,Decrescente,Céu Claro,Simples,Curva;Retorno Regulamentado,Sim,2,0,0,0,2,0,0,2,"-7,1183708","-34,84399259",SPRF-PB,DEL01-PB,UOP01-DEL01-PB
466469.0,2022-08-07,domingo,06:50:00,PB,230,106,INGA,Velocidade Incompatível,Saída de leito carroçável,Com Vítimas Feridas,Pleno dia,Crescente,Chuva,Dupla,Declive,Não,1,0,1,0,0,0,1,1,"-7,2083","-35,5318",SPRF-PB,DEL01-PB,UOP03-DEL01-PB
466545.0,2022-08-07,domingo,16:00:00,PB,101,"25,7",MAMANGUAPE,Pista esburacada,Saída de leito carroçável,Com Vítimas Feridas,Pleno dia,Crescente,Céu Claro,Dupla,Reta,Não,2,0,2,0,0,0,2,1,"-6,70802006","-35,11772953",SPRF-PB,DEL01-PB,UOP04-DEL01-PB
466547.0,2022-08-07,domingo,16:18:00,PB,101,83,BAYEUX,Condutor deixou de manter distância do veículo da frente,Colisão traseira,Com Vítimas Feridas,Pleno dia,Crescente,Céu Claro,Dupla,Reta,Sim,3,0,2,0,1,0,2,2,"-7,138348","-34,924451",SPRF-PB,DEL01-PB,UOP01-DEL01-PB
466563.0,2022-08-06,sábado,20:45:00,PB,116,"0,6",CACHOEIRA DOS INDIOS,Ingestão de álcool pelo condutor,Colisão com objeto,Com Vítimas Fatais,Plena Noite,Decrescente,Ignorado,Simples,Reta,Não,1,1,0,0,0,0,0,1,"-6,90188","-38,73003",SPRF-CE,DEL05-CE,UOP03-DEL05-CE
466576.0,2022-08-07,domingo,18:20:00,PB,230,"501,2",CAJAZEIRAS,Transitar na contramão,Colisão frontal,Com Vítimas Feridas,Anoitecer,Crescente,Céu Claro,Simples,Aclive;Reta,Não,3,0,2,0,0,1,2,2,"-6,899","-38,5159",SPRF-PB,DEL03-PB,UOP03-DEL03-PB
466651.0,2022-08-08,segunda-feira,03:00:00,PB,230,"152,7",CAMPINA GRANDE,Acesso irregular,Saída de leito carroçável,Com Vítimas Feridas,Amanhecer,Decrescente,Vento,Simples,Curva,Não,2,0,1,1,0,0,2,1,"-7,2688","-35,8837",SPRF-PB,DEL02-PB,UOP01-DEL02-PB
466759.0,2022-08-02,terça-feira,06:15:00,PB,230,"59,8",CRUZ DO ESPIRITO SANTO,Manobra de mudança de faixa,Colisão transversal,Com Vítimas Feridas,Pleno dia,Decrescente,Garoa/Chuvisco,Dupla,Reta,Não,3,0,2,0,1,0,2,2,"-7,2043","-35,1305",SPRF-PB,DEL01-PB,UOP03-DEL01-PB
466796.0,2022-08-08,segunda-feira,17:30:00,PB,230,"27,3",JOAO PESSOA,Manobra de mudança de faixa,Colisão traseira,Com Vítimas Feridas,Anoitecer,Decrescente,Nublado,Dupla,Interseção de Vias,Sim,2,0,1,0,1,0,1,2,"-7,1677","-34,8855",SPRF-PB,DEL01-PB,UOP01-DEL01-PB
466893.0,2022-08-09,terça-feira,07:40:00,PB,101,86,JOAO PESSOA,Manobra de mudança de faixa,Colisão lateral mesmo sentido,Sem Vítimas,Pleno dia,Decrescente,Céu Claro,Dupla,Reta,Sim,3,0,0,0,3,0,0,2,"-7,1511028","-34,9097931",SPRF-PB,DEL01-PB,UOP01-DEL01-PB
466962.0,2022-07-31,domingo,15:20:00,PB,361,"22,5",SANTA TERESINHA,Acesso irregular,Colisão transversal,Com Vítimas Fatais,Pleno dia,Crescente,Céu Claro,Simples,Reta,Sim,3,2,0,0,0,1,0,2,"-7,08486715","-37,43922097",SPRF-PB,DEL03-PB,UOP01-DEL03-PB
467279.0,2022-05-07,sábado,19:38:00,PB,101,"65,8",SANTA RITA,Reação tardia ou ineficiente do condutor,Saída de leito carroçável,Com Vítimas Feridas,Plena Noite,Crescente,Nublado,Dupla,Reta,Não,3,0,2,0,1,0,2,1,"-7,04696143","-35,04501919",SPRF-PB,DEL01-PB,UOP04-DEL01-PB
467316.0,2022-08-11,quinta-feira,13:50:00,PB,230,"57,2",CRUZ DO ESPIRITO SANTO,Ausência de reação do condutor,Saída de leito carroçável,Com Vítimas Feridas,Pleno dia,Crescente,Céu Claro,Dupla,Declive,Não,3,0,1,2,0,0,3,1,"-7,2028","-35,1125",SPRF-PB,DEL01-PB,UOP03-DEL01-PB
467433.0,2022-08-12,sexta-feira,01:48:00,PB,230,6,CABEDELO,Acessar a via sem observar a presença dos outros veículos,Atropelamento de Pedestre,Com Vítimas Feridas,Plena Noite,Decrescente,Céu Claro,Dupla,Em Obras;Reta,Sim,2,0,0,1,0,1,1,2,"-7,02","-34,8359",SPRF-PB,DEL01-PB,UOP01-DEL01-PB
467447.0,2022-08-12,sexta-feira,05:50:00,PB,101,122,CAAPORA,Acessar a via sem observar a presença dos outros veículos,Colisão lateral mesmo sentido,Com Vítimas Feridas,Pleno dia,Crescente,Sol,Dupla,Declive;Reta,Não,2,0,0,1,1,0,1,2,"-7,45038197","-34,97994215",SPRF-PB,DEL01-PB,UOP02-DEL01-PB
467483.0,2022-08-12,sexta-feira,08:20:00,PB,230,152,CAMPINA GRANDE,Reação tardia ou ineficiente do condutor,Saída de leito carroçável,Com Vítimas Feridas,Pleno dia,Crescente,Céu Claro,Dupla,Reta,Sim,1,0,1,0,0,0,1,1,"-7,2688","-35,8837",SPRF-PB,DEL02-PB,UOP01-DEL02-PB
467514.0,2022-08-12,sexta-feira,07:15:00,PB,101,"82,5",BAYEUX,Condutor deixou de manter distância do veículo da frente,Colisão lateral mesmo sentido,Com Vítimas Feridas,Pleno dia,Decrescente,Céu Claro,Dupla,Aclive,Sim,2,0,0,1,0,1,1,2,"-7,12911","-34,93714",SPRF-PB,DEL01-PB,UOP01-DEL01-PB
467552.0,2022-08-12,sexta-feira,15:35:00,PB,101,89,JOAO PESSOA,Acessar a via sem observar a presença dos outros veículos,Colisão lateral mesmo sentido,Com Vítimas Feridas,Pleno dia,Crescente,Céu Claro,Múltipla,Retorno Regulamentado,Não,2,0,0,1,1,0,1,2,"-7,1710694","-34,89765372",SPRF-PB,DEL01-PB,UOP02-DEL01-PB
467589.0,2022-08-12,sexta-feira,18:30:00,PB,230,"16,5",JOAO PESSOA,Ausência de reação do condutor,Colisão traseira,Com Vítimas Feridas,Plena Noite,Crescente,Céu Claro,Dupla,Reta,Sim,2,0,1,0,1,0,1,2,"-7,1039","-34,8458",SPRF-PB,DEL01-PB,UOP01-DEL01-PB
467640.0,2022-07-26,terça-feira,16:25:00,PB,230,14,CABEDELO,Reação tardia ou ineficiente do condutor,Colisão traseira,Com Vítimas Feridas,Pleno dia,Crescente,Céu Claro,Dupla,Reta,Sim,3,0,0,1,2,0,1,2,"-7,0844","-34,8488",SPRF-PB,DEL01-PB,UOP01-DEL01-PB
467709.0,2022-08-13,sábado,00:30:00,PB,412,97,SUME,Reação tardia ou ineficiente do condutor,Saída de leito carroçável,Com Vítimas Feridas,Plena Noite,Crescente,Céu Claro,Simples,Reta,Não,1,0,0,1,0,0,1,1,"-7,603167","-36,813839",SPRF-PB,DEL02-PB,UOP02-DEL02-PB
467775.0,2022-08-13,sábado,10:50:00,PB,230,297,SAO MAMEDE,Avarias e/ou desgaste excessivo no pneu,Colisão lateral sentido oposto,Com Vítimas Feridas,Pleno dia,Decrescente,Céu Claro,Simples,Reta,Não,4,0,3,0,1,0,3,2,"-6,8947","-36,9559",SPRF-PB,DEL03-PB,UOP01-DEL03-PB
467782.0,2022-08-13,sábado,11:25:00,PB,230,71,SOBRADO,Sinalização mal posicionada,Colisão lateral mesmo sentido,Com Vítimas Feridas,Pleno dia,Decrescente,Céu Claro,Dupla,Reta,Não,3,0,2,0,1,0,2,2,"-7,1913","-35,2333",SPRF-PB,DEL01-PB,UOP03-DEL01-PB
467846.0,2022-08-13,sábado,17:10:00,PB,230,"142,2",CAMPINA GRANDE,Demais falhas mecânicas ou elétricas,Tombamento,Com Vítimas Feridas,Pleno dia,Decrescente,Nublado,Dupla,Reta;Declive,Não,2,0,2,0,0,0,2,1,"-7,256296","-35,819889",SPRF-PB,DEL02-PB,UOP01-DEL02-PB
467980.0,2022-08-14,domingo,07:10:00,PB,101,29,MAMANGUAPE,Avarias e/ou desgaste excessivo no pneu,Tombamento,Com Vítimas Feridas,Pleno dia,Decrescente,Céu Claro,Dupla,Reta,Não,2,0,0,2,0,0,2,1,"-6,74032319","-35,13146581",SPRF-PB,DEL01-PB,UOP04-DEL01-PB
467984.0,2022-08-14,domingo,07:45:00,PB,230,20,JOAO PESSOA,Pedestre andava na pista,Atropelamento de Pedestre,Com Vítimas Feridas,Pleno dia,Crescente,Céu Claro,Dupla,Declive;Curva,Sim,2,0,1,0,1,0,1,2,"-7,1337","-34,8544",SPRF-PB,DEL01-PB,UOP01-DEL01-PB