id,data_inversa,dia_semana,horario,uf,br,km,municipio,causa_acidente,tipo_acidente,classificacao_acidente,fase_dia,sentido_via,condicao_metereologica,tipo_pista,tracado_via,uso_solo,pessoas,mortos,feridos_leves,feridos_graves,ilesos,ignorados,feridos,veiculos,latitude,longitude,regional,delegacia,uop
467998.0,2022-08-14,domingo,06:00:00,PB,101,84,BAYEUX,Avarias e/ou desgaste excessivo no pneu,Tombamento,Com Vítimas Feridas,Pleno dia,Crescente,Céu Claro,Dupla,Reta,Sim,2,0,2,0,0,0,2,1,"-7,13957906","-34,92312806",SPRF-PB,DEL01-PB,UOP01-DEL01-PB
468040.0,2022-08-14,domingo,10:30:00,PB,412,"133,9",MONTEIRO,Reação tardia ou ineficiente do condutor,Capotamento,Com Vítimas Feridas,Pleno dia,Crescente,Sol,Simples,Reta,Não,3,0,2,0,1,0,2,1,"-7,82008","-37,042686",SPRF-PB,DEL02-PB,UOP02-DEL02-PB
468068.0,2022-08-14,domingo,15:45:00,PB,101,73,SANTA RITA,Ausência de reação do condutor,Colisão traseira,Sem Vítimas,Pleno dia,Decrescente,Céu Claro,Dupla,Reta,Não,3,0,0,0,3,0,0,3,"-7,07828212","-34,98823508",SPRF-PB,DEL01-PB,UOP04-DEL01-PB
468074.0,2022-08-14,domingo,16:40:00,PB,230,"44,3",SANTA RITA,Condutor Dormindo,Saída de leito carroçável,Sem Vítimas,Pleno dia,Decrescente,Sol,Dupla,Reta,Não,1,0,0,0,1,0,0,1,"-7,1426","-34,9956",SPRF-PB,DEL01-PB,UOP03-DEL01-PB
468107.0,2022-08-14,domingo,17:35:00,PB,230,"80,4",RIACHAO DO POCO,Manobra de mudança de faixa,Colisão traseira,Com Vítimas Feridas,Anoitecer,Crescente,Céu Claro,Dupla,Curva,Não,2,0,1,0,1,0,1,2,"-7,1807","-35,3127",SPRF-PB,DEL01-PB,UOP03-DEL01-PB
468150.0,2022-08-14,domingo,22:10:00,PB,101,93,JOAO PESSOA,Condutor Dormindo,Saída de leito carroçável,Com Vítimas Feridas,Plena Noite,Decrescente,Céu Claro,Dupla,Reta,Não,1,0,1,0,0,0,1,1,"-7,205825","-34,90879",SPRF-PB,DEL01-PB,UOP02-DEL01-PB
468156.0,2022-08-14,domingo,18:10:00,PB,230,82,CALDAS BRANDAO,Velocidade Incompatível,Queda de ocupante de veículo,Com Vítimas Feridas,Plena Noite,Decrescente,Céu Claro,Simples,Reta,Sim,2,0,1,0,0,1,1,1,"-7,1727","-35,3284",SPRF-PB,DEL01-PB,UOP03-DEL01-PB
468191.0,2022-08-15,segunda-feira,04:15:00,PB,230,"43,1",SANTA RITA,Condutor Dormindo,Saída de leito carroçável,Com Vítimas Feridas,Amanhecer,Decrescente,Céu Claro,Dupla,Reta,Não,1,0,0,1,0,0,1,1,"-7,1479","-35,0029",SPRF-PB,DEL01-PB,UOP03-DEL01-PB
468212.0,2022-08-15,segunda-feira,06:40:00,PB,101,83,BAYEUX,Acessar a via sem observar a presença dos outros veículos,Colisão lateral mesmo sentido,Sem Vítimas,Pleno dia,Crescente,Céu Claro,Dupla,Interseção de Vias,Sim,3,0,0,0,3,0,0,2,"-7,1337703","-34,92963914",SPRF-PB,DEL01-PB,UOP01-DEL01-PB
468214.0,2022-08-15,segunda-feira,07:00:00,PB,101,28,RIO TINTO,Ausência de reação do condutor,Saída de leito carroçável,Com Vítimas Feridas,Pleno dia,Decrescente,Céu Claro,Dupla,Reta,Não,1,0,1,0,0,0,1,1,"-6,73315199","-35,12593202",SPRF-PB,DEL01-PB,UOP04-DEL01-PB
468224.0,2022-08-15,segunda-feira,08:15:00,PB,230,"35,9",SANTA RITA,Ausência de reação do condutor,Engavetamento,Com Vítimas Feridas,Pleno dia,Crescente,Sol,Dupla,Reta,Sim,5,0,1,0,4,0,1,3,"-7,1246","-34,9473",SPRF-PB,DEL01-PB,UOP03-DEL01-PB
468229.0,2022-08-15,segunda-feira,08:18:00,PB,101,89,JOAO PESSOA,Velocidade Incompatível,Queda de ocupante de veículo,Com Vítimas Feridas,Pleno dia,Decrescente,Sol,Dupla,Reta,Sim,2,0,2,0,0,0,2,1,"-7,17815879","-34,89965916",SPRF-PB,DEL01-PB,UOP02-DEL01-PB
468396.0,2022-08-16,terça-feira,06:44:00,PB,101,87,JOAO PESSOA,Demais falhas mecânicas ou elétricas,Tombamento,Com Vítimas Feridas,Pleno dia,Crescente,Sol,Dupla,Curva,Sim,2,0,2,0,0,0,2,1,"-7,15886802","-34,90628504",SPRF-PB,DEL01-PB,UOP01-DEL01-PB
468569.0,2022-08-16,terça-feira,23:00:00,PB,412,107,SUME,Estacionar ou parar em local proibido,Colisão traseira,Com Vítimas Feridas,Plena Noite,Crescente,Céu Claro,Simples,Reta,Não,2,0,0,2,0,0,2,2,"-7,663134","-36,873344",SPRF-PB,DEL02-PB,UOP02-DEL02-PB
468605.0,2022-06-29,quarta-feira,17:30:00,PB,104,132,QUEIMADAS,Acessar a via sem observar a presença dos outros veículos,Colisão transversal,Com Vítimas Feridas,Pleno dia,Crescente,Céu Claro,Simples,Reta,Não,2,0,0,1,0,1,1,2,"-7,30787596","-35,89344027",SPRF-PB,DEL02-PB,UOP03-DEL02-PB
468669.0,2022-08-17,quarta-feira,17:00:00,PB,230,12,CABEDELO,Velocidade Incompatível,Colisão traseira,Com Vítimas Feridas,Pleno dia,Crescente,Céu Claro,Dupla,Reta,Sim,2,0,2,0,0,0,2,2,"-7,07330348","-34,849729",SPRF-PB,DEL01-PB,UOP01-DEL01-PB
468796.0,2022-08-18,quinta-feira,06:30:00,PB,104,110,SAO SEBASTIAO DE LAGOA DE  ROCA,Acostamento em desnível,Saída de leito carroçável,Com Vítimas Feridas,Pleno dia,Decrescente,Céu Claro,Simples,Reta,Não,1,0,0,1,0,0,1,1,"-7,12844791","-35,86084776",SPRF-PB,DEL02-PB,UOP04-DEL02-PB
468877.0,2022-08-18,quinta-feira,18:00:00,PB,101,87,JOAO PESSOA,Pedestre cruzava a pista fora da faixa,Atropelamento de Pedestre,Com Vítimas Feridas,Plena Noite,Decrescente,Céu Claro,Dupla,Curva,Sim,2,0,1,1,0,0,2,2,"-7,15886802","-34,90628504",SPRF-PB,DEL01-PB,UOP01-DEL01-PB
468998.0,2022-08-19,sexta-feira,11:00:00,PB,104,"130,6",CAMPINA GRANDE,Reação tardia ou ineficiente do condutor,Tombamento,Com Vítimas Feridas,Pleno dia,Decrescente,Sol,Simples,Reta,Sim,2,0,1,0,1,0,1,2,"-7,29013399","-35,89029705",SPRF-PB,DEL02-PB,UOP03-DEL02-PB
469029.0,2022-08-19,sexta-feira,14:43:00,PB,230,"49,8",SANTA RITA,Fumaça,Colisão traseira,Sem Vítimas,Pleno dia,Crescente,Vento,Dupla,Reta,Não,2,0,0,0,1,1,0,2,"-7,1803","-35,0485",SPRF-PB,DEL01-PB,UOP03-DEL01-PB
469036.0,2022-08-19,sexta-feira,15:20:00,PB,230,26,JOAO PESSOA,Manobra de mudança de faixa,Colisão transversal,Com Vítimas Feridas,Pleno dia,Crescente,Céu Claro,Múltipla,Reta,Sim,3,0,2,0,1,0,2,2,"-7,1693","-34,8782",SPRF-PB,DEL01-PB,UOP01-DEL01-PB
469212.0,2022-08-20,sábado,06:25:00,PB,230,"71,2",SOBRADO,Mal súbito do condutor,Saída de leito carroçável,Sem Vítimas,Pleno dia,Decrescente,Céu Claro,Dupla,Desvio Temporário;Reta,Não,1,0,0,0,1,0,0,1,"-7,1907","-35,2418",SPRF-PB,DEL01-PB,UOP03-DEL01-PB
469265.0,2022-08-20,sábado,14:43:00,PB,101,"86,2",JOAO PESSOA,Condutor deixou de manter distância do veículo da frente,Colisão traseira,Com Vítimas Feridas,Pleno dia,Decrescente,Sol,Dupla,Declive,Sim,3,0,2,0,1,0,2,2,"-7,15118983","-34,91012184",SPRF-PB,DEL01-PB,UOP01-DEL01-PB
469274.0,2022-08-20,sábado,16:14:00,PB,230,67,SOBRADO,Demais falhas mecânicas ou elétricas,Incêndio,Sem Vítimas,Pleno dia,Crescente,Céu Claro,Dupla,Reta,Não,2,0,0,0,2,0,0,1,"-7,1856","-35,1989",SPRF-PB,DEL01-PB,UOP03-DEL01-PB
469303.0,2022-08-20,sábado,19:10:00,PB,361,"4,8",PATOS,Ingestão de álcool pelo condutor,Colisão traseira,Com Vítimas Feridas,Plena Noite,Crescente,Céu Claro,Simples,Reta,Sim,2,0,0,1,1,0,1,2,"-7,03208047","-37,29365088",SPRF-PB,DEL03-PB,UOP01-DEL03-PB
469346.0,2022-08-20,sábado,22:12:00,PB,230,"150,4",CAMPINA GRANDE,Condutor Dormindo,Saída de leito carroçável,Com Vítimas Feridas,Plena Noite,Crescente,Céu Claro,Dupla,Aclive,Sim,1,0,1,0,0,0,1,1,"-7,2570295","-35,87675571",SPRF-PB,DEL02-PB,UOP01-DEL02-PB
469389.0,2022-08-21,domingo,04:50:00,PB,104,"137,5",QUEIMADAS,Demais falhas mecânicas ou elétricas,Incêndio,Sem Vítimas,Amanhecer,Decrescente,Céu Claro,Simples,Reta,Sim,1,0,0,0,1,0,0,1,"-7,352277","-35,90094",SPRF-PB,DEL02-PB,UOP03-DEL02-PB
469423.0,2022-08-21,domingo,02:00:00,PB,230,9,CABEDELO,Velocidade Incompatível,Colisão com objeto,Sem Vítimas,Plena Noite,Decrescente,Céu Claro,Dupla,Reta,Sim,1,0,0,0,1,0,0,1,"-7,0509586","-34,84951539",SPRF-PB,DEL01-PB,UOP01-DEL01-PB
469450.0,2022-08-21,domingo,09:00:00,PB,230,121,RIACHAO DO BACAMARTE,Demais falhas mecânicas ou elétricas,Saída de leito carroçável,Com Vítimas Feridas,Pleno dia,Decrescente,Nublado,Dupla,Curva,Não,1,0,1,0,0,0,1,1,"-7,25204493","-35,66224185",SPRF-PB,DEL02-PB,UOP01-DEL02-PB
469597.0,2022-08-22,segunda-feira,05:44:00,PB,101,114,ALHANDRA,Manobra de mudança de faixa,Saída de leito carroçável,Com Vítimas Feridas,Pleno dia,Decrescente,Nublado,Dupla,Retorno Regulamentado,Não,2,0,2,0,0,0,2,1,"-7,38738901","-34,9567891",SPRF-PB,DEL01-PB,UOP02-DEL01-PB
469817.0,2022-08-23,terça-feira,10:37:00,PB,101,88,JOAO PESSOA,Velocidade Incompatível,Colisão com objeto,Com Vítimas Feridas,Pleno dia,Crescente,Chuva,Simples,Curva,Sim,2,0,1,0,1,0,1,2,"-7,16726025","-34,897331",SPRF-PB,DEL01-PB,UOP01-DEL01-PB
469819.0,2022-08-23,terça-feira,11:30:00,PB,230,"20,2",JOAO PESSOA,Ausência de reação do condutor,Colisão traseira,Com Vítimas Feridas,Pleno dia,Decrescente,Chuva,Dupla,Curva,Não,2,0,1,0,1,0,1,2,"-7,1281","-34,8466",SPRF-PB,DEL01-PB,UOP01-DEL01-PB
469858.0,2022-08-23,terça-feira,13:30:00,PB,230,"142,2",CAMPINA GRANDE,Manobra de mudança de faixa,Colisão lateral mesmo sentido,Com Vítimas Feridas,Pleno dia,Crescente,Chuva,Dupla,Aclive;Reta,Não,2,0,1,0,1,0,1,2,"-7,255948","-35,821023",SPRF-PB,DEL02-PB,UOP01-DEL02-PB
469920.0,2022-08-23,terça-feira,19:13:00,PB,230,36,SANTA RITA,Pista Escorregadia,Saída de leito carroçável,Sem Vítimas,Plena Noite,Crescente,Chuva,Dupla,Reta,Sim,1,0,0,0,0,1,0,1,"-7,1246","-34,9473",SPRF-PB,DEL01-PB,UOP03-DEL01-PB
469933.0,2022-08-23,terça-feira,22:40:00,PB,101,"39,5",MAMANGUAPE,Ingestão de álcool pelo condutor,Colisão com objeto,Sem Vítimas,Plena Noite,Decrescente,Chuva,Dupla,Reta,Sim,1,0,0,0,1,0,0,1,"-6,82975098","-35,13756194",SPRF-PB,DEL01-PB,UOP04-DEL01-PB
470051.0,2022-08-24,quarta-feira,17:00:00,PB,230,16,JOAO PESSOA,Ausência de reação do condutor,Colisão traseira,Com Vítimas Feridas,Pleno dia,Crescente,Sol,Dupla,Reta;Declive,Sim,2,0,1,0,1,0,1,2,"-7,1039","-34,8458",SPRF-PB,DEL01-PB,UOP01-DEL01-PB
470122.0,2022-08-25,quinta-feira,04:47:00,PB,101,67,SANTA RITA,Condutor Dormindo,Saída de leito carroçável,Com Vítimas Feridas,Amanhecer,Crescente,Céu Claro,Dupla,Reta,Não,2,0,1,0,1,0,1,1,"-7,05298058","-35,03595029",SPRF-PB,DEL01-PB,UOP04-DEL01-PB
470138.0,2022-08-25,quinta-feira,06:50:00,PB,230,"23,5",JOAO PESSOA,Condutor deixou de manter distância do veículo da frente,Colisão lateral mesmo sentido,Com Vítimas Feridas,Pleno dia,Decrescente,Sol,Dupla,Aclive;Viaduto;Reta,Sim,2,0,1,0,1,0,1,2,"-7,16662705","-34,86311551",SPRF-PB,DEL01-PB,UOP01-DEL01-PB
470242.0,2022-08-25,quinta-feira,18:40:00,PB,101,"88,7",JOAO PESSOA,Demais falhas mecânicas ou elétricas,Incêndio,Sem Vítimas,Plena Noite,Decrescente,Céu Claro,Dupla,Reta,Sim,1,0,0,0,1,0,0,1,"-7,1710694","-34,89765372",SPRF-PB,DEL01-PB,UOP02-DEL01-PB
470259.0,2022-08-25,quinta-feira,19:30:00,PB,230,13,CABEDELO,Condutor deixou de manter distância do veículo da frente,Colisão traseira,Com Vítimas Feridas,Plena Noite,Decrescente,Céu Claro,Dupla,Reta,Sim,6,0,2,0,4,0,2,5,"-7,068","-34,85",SPRF-PB,DEL01-PB,UOP01-DEL01-PB
470270.0,2022-08-25,quinta-feira,13:40:00,PB,230,505,CAJAZEIRAS,Reação tardia ou ineficiente do condutor,Saída de leito carroçável,Sem Vítimas,Pleno dia,Decrescente,Céu Claro,Simples,Reta,Não,1,0,0,0,0,1,0,1,"-6,8995","-38,5494",SPRF-PB,DEL03-PB,UOP03-DEL03-PB
470302.0,2022-06-24,sexta-feira,03:50:00,PB,101,86,BAYEUX,Ingestão de álcool pelo condutor,Colisão traseira,Com Vítimas Feridas,Plena Noite,Crescente,Garoa/Chuvisco,Dupla,Reta,Sim,3,0,0,2,1,0,2,2,"-7,1439526","-34,91835829",SPRF-PB,DEL01-PB,UOP01-DEL01-PB
470315.0,2022-08-26,sexta-feira,06:14:00,PB,230,"14,8",CABEDELO,Acessar a via sem observar a presença dos outros veículos,Colisão frontal,Com Vítimas Feridas,Pleno dia,Decrescente,Céu Claro,Dupla,Reta,Sim,2,0,0,1,0,1,1,2,"-7,0844","-34,8488",SPRF-PB,DEL01-PB,UOP01-DEL01-PB
470328.0,2022-08-26,sexta-feira,07:25:00,PB,230,17,JOAO PESSOA,Ausência de reação do condutor,Colisão traseira,Com Vítimas Feridas,Pleno dia,Crescente,Céu Claro,Dupla,Reta,Sim,3,0,1,0,2,0,1,2,"-7,1121","-34,8426",SPRF-PB,DEL01-PB,UOP01-DEL01-PB
470343.0,2022-08-26,sexta-feira,06:45:00,PB,101,1,MATARACA,Ausência de reação do condutor,Queda de ocupante de veículo,Com Vítimas Feridas,Pleno dia,Decrescente,Céu Claro,Múltipla,Reta,Não,1,0,0,1,0,0,1,1,"-6,51423092","-35,11133633",SPRF-PB,DEL01-PB,UOP04-DEL01-PB
470364.0,2022-08-26,sexta-feira,07:40:00,PB,412,68,SERRA BRANCA,Demais falhas mecânicas ou elétricas,Colisão transversal,Sem Vítimas,Pleno dia,Decrescente,Céu Claro,Simples,Aclive,Não,2,0,0,0,0,2,0,2,"-7,458836","-36,60601",SPRF-PB,DEL02-PB,UOP02-DEL02-PB
470427.0,2022-08-26,sexta-feira,15:00:00,PB,230,"234,6",JUAZEIRINHO,Acessar a via sem observar a presença dos outros veículos,Colisão transversal,Com Vítimas Feridas,Pleno dia,Decrescente,Céu Claro,Simples,Curva,Sim,3,0,0,2,1,0,2,2,"-7,0473","-36,5268",SPRF-PB,DEL02-PB,UOP02-DEL02-PB
470435.0,2022-08-26,sexta-feira,16:30:00,PB,104,"131,2",QUEIMADAS,Condutor deixou de manter distância do veículo da frente,Colisão traseira,Sem Vítimas,Pleno dia,Crescente,Céu Claro,Simples,Reta,Sim,2,0,0,0,1,1,0,2,"-7,29900408","-35,89187256",SPRF-PB,DEL02-PB,UOP03-DEL02-PB
470461.0,2022-08-26,sexta-feira,18:00:00,PB,104,"133,4",QUEIMADAS,Reação tardia ou ineficiente do condutor,Colisão traseira,Com Vítimas Feridas,Plena Noite,Decrescente,Céu Claro,Simples,Reta,Sim,2,0,0,1,0,1,1,2,"-7,31674795","-35,89500926",SPRF-PB,DEL02-PB,UOP03-DEL02-PB
470463.0,2022-08-26,sexta-feira,19:00:00,PB,230,"148,1",CAMPINA GRANDE,Pista esburacada,Tombamento,Com Vítimas Feridas,Plena Noite,Crescente,Céu Claro,Dupla,Reta,Sim,1,0,1,0,0,0,1,1,"-7,24063915","-35,8698678",SPRF-PB,DEL02-PB,UOP01-DEL02-PB
470528.0,2022-08-26,sexta-feira,23:30:00,PB,230,"403,5",POMBAL,Transitar na contramão,Colisão lateral sentido oposto,Com Vítimas Feridas,Plena Noite,Crescente,Céu Claro,Simples,Reta,Não,4,0,0,1,3,0,1,3,"-6,8002","-37,7771",SPRF-PB,DEL03-PB,UOP02-DEL03-PB
470616.0,2022-08-27,sábado,12:40:00,PB,230,"157,7",CAMPINA GRANDE,Acessar a via sem observar a presença dos outros veículos,Colisão lateral mesmo sentido,Com Vítimas Feridas,Pleno dia,Crescente,Céu Claro,Simples,Reta,Sim,2,0,2,0,0,0,2,2,"-7,264","-35,9199",SPRF-PB,DEL02-PB,UOP01-DEL02-PB
470704.0,2022-08-27,sábado,19:55:00,PB,230,"190,8",POCINHOS,Frear bruscamente,Saída de leito carroçável,Com Vítimas Feridas,Plena Noite,Decrescente,Chuva,Simples,Reta,Não,1,0,1,0,0,0,1,1,"-7,13525","-36,15564",SPRF-PB,DEL02-PB,UOP02-DEL02-PB
470811.0,2022-08-28,domingo,10:20:00,PB,104,103,SAO SEBASTIAO DE LAGOA DE  ROCA,Demais falhas mecânicas ou elétricas,Tombamento,Com Vítimas Feridas,Pleno dia,Decrescente,Céu Claro,Simples,Reta,Não,2,0,1,0,1,0,1,1,"-7,07155197","-35,85479762",SPRF-PB,DEL02-PB,UOP04-DEL02-PB
470819.0,2022-08-28,domingo,10:55:00,PB,230,"470,5",SOUSA,Reação tardia ou ineficiente do condutor,Colisão lateral mesmo sentido,Sem Vítimas,Pleno dia,Crescente,Céu Claro,Simples,Reta,Não,2,0,0,0,2,0,0,2,"-6,789","-38,2846",SPRF-PB,DEL03-PB,UOP03-DEL03-PB
470844.0,2022-08-28,domingo,14:49:00,PB,230,157,CAMPINA GRANDE,Ausência de reação do condutor,Colisão traseira,Com Vítimas Feridas,Pleno dia,Crescente,Céu Claro,Simples,Reta,Não,2,0,1,0,1,0,1,2,"-7,264","-35,9199",SPRF-PB,DEL02-PB,UOP01-DEL02-PB
470852.0,2022-08-28,domingo,15:20:00,PB,104,"107,5",SAO SEBASTIAO DE LAGOA DE  ROCA,Acessar a via sem observar a presença dos outros veículos,Colisão transversal,Com Vítimas Feridas,Pleno dia,Crescente,Céu Claro,Simples,Reta,Sim,3,0,1,1,1,0,2,2,"-7,11161678","-35,86768356",SPRF-PB,DEL02-PB,UOP04-DEL02-PB
470870.0,2022-08-28,domingo,17:30:00,PB,230,18,JOAO PESSOA,Reação tardia ou ineficiente do condutor,Colisão com objeto,Com Vítimas Feridas,Anoitecer,Decrescente,Céu Claro,Múltipla,Aclive,Sim,3,0,0,2,0,1,2,2,"-7,1198","-34,8453",SPRF-PB,DEL01-PB,UOP01-DEL01-PB
470879.0,2022-08-28,domingo,17:50:00,PB,104,88,REMIGIO,Ingestão de álcool pelo condutor,Atropelamento de Pedestre,Com Vítimas Feridas,Anoitecer,Decrescente,Céu Claro,Simples,Reta,Sim,2,0,0,1,0,1,1,2,"-6,97062252","-35,80045324",SPRF-PB,DEL02-PB,UOP04-DEL02-PB
470893.0,2022-08-28,domingo,17:40:00,PB,230,"479,1",MARIZOPOLIS,Ingestão de álcool pelo condutor,Colisão transversal,Com Vítimas Feridas,Anoitecer,Crescente,Céu Claro,Simples,Reta,Sim,2,0,0,1,1,0,1,2,"-6,844133","-38,347583",SPRF-PB,DEL03-PB,UOP03-DEL03-PB
470909.0,2022-08-28,domingo,17:54:00,PB,104,140,QUEIMADAS,Ausência de reação do condutor,Eventos atípicos,Com Vítimas Feridas,Plena Noite,Decrescente,Céu Claro,Simples,Reta,Sim,3,0,1,1,1,0,2,2,"-7,37817097","-35,89737088",SPRF-PB,DEL02-PB,UOP03-DEL02-PB
470917.0,2022-08-28,domingo,20:09:00,PB,101,68,SANTA RITA,Ausência de reação do condutor,Queda de ocupante de veículo,Com Vítimas Feridas,Plena Noite,Decrescente,Céu Claro,Múltipla,Reta,Não,1,0,1,0,0,0,1,1,"-7,05686225","-35,02780412",SPRF-PB,DEL01-PB,UOP04-DEL01-PB
470952.0,2022-08-28,domingo,22:50:00,PB,230,"123,4",RIACHAO DO BACAMARTE,Ingestão de álcool pelo condutor,Queda de ocupante de veículo,Com Vítimas Feridas,Plena Noite,Crescente,Céu Claro,Simples,Reta,Não,2,0,1,1,0,0,2,1,"-7,2478","-35,6672",SPRF-PB,DEL02-PB,UOP01-DEL02-PB
471013.0,2022-08-29,segunda-feira,07:40:00,PB,230,"154,9",CAMPINA GRANDE,Conversão proibida,Colisão transversal,Com Vítimas Feridas,Pleno dia,Decrescente,Céu Claro,Simples,Reta,Sim,3,0,2,0,1,0,2,2,"-7,2777","-35,8985",SPRF-PB,DEL02-PB,UOP01-DEL02-PB
471134.0,2022-08-29,segunda-feira,17:45:00,PB,230,406,POMBAL,Velocidade Incompatível,Tombamento,Com Vítimas Feridas,Anoitecer,Decrescente,Céu Claro,Simples,Reta,Sim,2,0,2,0,0,0,2,2,"-6,7842","-37,7987",SPRF-PB,DEL03-PB,UOP02-DEL03-PB
471169.0,2022-08-29,segunda-feira,17:25:00,PB,361,"108,6",ITAPORANGA,Demais falhas mecânicas ou elétricas,Eventos atípicos,Com Vítimas Feridas,Anoitecer,Decrescente,Ignorado,Simples,Reta,Não,2,0,0,1,1,0,1,2,"-7,29217614","-38,10235698",SPRF-PB,DEL03-PB,UOP01-DEL03-PB
471284.0,2022-08-30,terça-feira,16:40:00,PB,230,"2,5",CABEDELO,Transitar na contramão,Colisão frontal,Sem Vítimas,Pleno dia,Crescente,Céu Claro,Dupla,Reta,Sim,2,0,0,0,2,0,0,2,"-6,98985399","-34,82870048",SPRF-PB,DEL01-PB,UOP01-DEL01-PB
471289.0,2022-08-30,terça-feira,16:40:00,PB,230,8,CABEDELO,Ingestão de álcool pelo condutor,Tombamento,Com Vítimas Feridas,Pleno dia,Decrescente,Céu Claro,Dupla,Reta,Sim,2,0,0,1,0,1,1,1,"-7,0355","-34,8429",SPRF-PB,DEL01-PB,UOP01-DEL01-PB
471346.0,2022-08-30,terça-feira,11:15:00,PB,230,"21,2",JOAO PESSOA,Reação tardia ou ineficiente do condutor,Colisão traseira,Sem Vítimas,Pleno dia,Crescente,Céu Claro,Dupla,Curva,Sim,2,0,0,0,2,0,0,2,"-7,1415","-34,8519",SPRF-PB,DEL01-PB,UOP01-DEL01-PB
471363.0,2022-08-31,quarta-feira,07:20:00,PB,101,89,JOAO PESSOA,Manobra de mudança de faixa,Colisão lateral mesmo sentido,Com Vítimas Feridas,Pleno dia,Decrescente,Céu Claro,Dupla,Retorno Regulamentado,Sim,3,0,2,0,0,1,2,2,"-7,1710694","-34,89765372",SPRF-PB,DEL01-PB,UOP02-DEL01-PB
471403.0,2022-08-31,quarta-feira,11:32:00,PB,230,"27,6",JOAO PESSOA,Acumulo de óleo sobre o pavimento,Tombamento,Com Vítimas Feridas,Pleno dia,Crescente,Céu Claro,Dupla,Curva;Viaduto,Sim,1,0,1,0,0,0,1,1,"-7,16458653","-34,89530325",SPRF-PB,DEL01-PB,UOP01-DEL01-PB
471531.0,2022-08-31,quarta-feira,23:45:00,PB,230,"18,9",JOAO PESSOA,Velocidade Incompatível,Colisão com objeto,Sem Vítimas,Plena Noite,Crescente,Céu Claro,Dupla,Curva,Não,1,0,0,0,0,1,0,1,"-7,1281","-34,8466",SPRF-PB,DEL01-PB,UOP01-DEL01-PB
471557.0,2022-09-01,quinta-feira,07:00:00,PB,230,16,JOAO PESSOA,Ausência de reação do condutor,Colisão traseira,Com Vítimas Feridas,Pleno dia,Crescente,Céu Claro,Dupla,Reta,Sim,2,0,1,0,1,0,1,2,"-7,1039","-34,8458",SPRF-PB,DEL01-PB,UOP01-DEL01-PB
471654.0,2022-09-01,quinta-feira,17:50:00,PB,230,148,CAMPINA GRANDE,Acumulo de areia ou detritos sobre o pavimento,Tombamento,Com Vítimas Feridas,Anoitecer,Decrescente,Céu Claro,Dupla,Declive,Sim,1,0,1,0,0,0,1,1,"-7,238","-35,8656",SPRF-PB,DEL02-PB,UOP01-DEL02-PB
471660.0,2022-09-01,quinta-feira,11:00:00,PB,230,"495,8",CAJAZEIRAS,Ausência de reação do condutor,Colisão traseira,Com Vítimas Feridas,Pleno dia,Decrescente,Sol,Simples,Reta,Não,3,0,2,0,1,0,2,2,"-6,8838","-38,4671",SPRF-PB,DEL03-PB,UOP03-DEL03-PB
471757.0,2022-08-12,sexta-feira,18:00:00,PB,405,"9,7",UIRAUNA,Reação tardia ou ineficiente do condutor,Colisão traseira,Com Vítimas Feridas,Plena Noite,Decrescente,Céu Claro,Simples,Reta;Aclive,Não,3,0,2,0,1,0,2,2,"-6,523017","-38,41608",SPRF-PB,DEL03-PB,UOP03-DEL03-PB
471809.0,2022-09-02,sexta-feira,13:00:00,PB,361,33,SANTA TERESINHA,Ausência de reação do condutor,Colisão com objeto,Com Vítimas Fatais,Pleno dia,Crescente,Céu Claro,Simples,Curva,Não,1,1,0,0,0,0,0,1,"-7,0868976","-37,53649492",SPRF-PB,DEL03-PB,UOP01-DEL03-PB
471881.0,2022-09-02,sexta-feira,19:15:00,PB,101,113,CAAPORA,Acumulo de água sobre o pavimento,Colisão com objeto,Com Vítimas Feridas,Plena Noite,Decrescente,Nublado,Dupla,Declive,Não,1,0,1,0,0,0,1,1,"-7,38738901","-34,9567891",SPRF-PB,DEL01-PB,UOP02-DEL01-PB
471929.0,2022-09-02,sexta-feira,22:30:00,PB,230,"155,9",CAMPINA GRANDE,Acessar a via sem observar a presença dos outros veículos,Colisão transversal,Com Vítimas Fatais,Plena Noite,Decrescente,Chuva,Simples,Interseção de Vias,Sim,2,1,0,0,1,0,0,2,"-7,2748","-35,9058",SPRF-PB,DEL02-PB,UOP01-DEL02-PB
471989.0,2022-09-03,sábado,09:05:00,PB,101,88,JOAO PESSOA,Demais falhas mecânicas ou elétricas,Tombamento,Com Vítimas Feridas,Pleno dia,Decrescente,Céu Claro,Dupla,Reta,Sim,2,0,0,2,0,0,2,1,"-7,16470016","-34,89993643",SPRF-PB,DEL01-PB,UOP01-DEL01-PB
472011.0,2022-09-03,sábado,09:50:00,PB,230,"505,5",CAJAZEIRAS,Acessar a via sem observar a presença dos outros veículos,Colisão frontal,Com Vítimas Feridas,Pleno dia,Decrescente,Céu Claro,Simples,Reta,Não,2,0,1,0,1,0,1,2,"-6,8995","-38,5494",SPRF-PB,DEL03-PB,UOP03-DEL03-PB
472060.0,2022-09-03,sábado,15:42:00,PB,101,82,BAYEUX,Ausência de reação do condutor,Colisão traseira,Sem Vítimas,Pleno dia,Crescente,Céu Claro,Dupla,Reta,Sim,2,0,0,0,1,1,0,2,"-7,12911","-34,93714",SPRF-PB,DEL01-PB,UOP01-DEL01-PB