id,data_inversa,dia_semana,horario,uf,br,km,municipio,causa_acidente,tipo_acidente,classificacao_acidente,fase_dia,sentido_via,condicao_metereologica,tipo_pista,tracado_via,uso_solo,pessoas,mortos,feridos_leves,feridos_graves,ilesos,ignorados,feridos,veiculos,latitude,longitude,regional,delegacia,uop
472063.0,2022-09-03,sábado,16:25:00,PB,230,25,JOAO PESSOA,Pista esburacada,Colisão com objeto,Com Vítimas Feridas,Pleno dia,Crescente,Céu Claro,Múltipla,Curva;Viaduto;Aclive,Sim,2,0,1,0,1,0,1,1,"-7,1707","-34,8684",SPRF-PB,DEL01-PB,UOP01-DEL01-PB
472079.0,2022-09-03,sábado,16:40:00,PB,230,"509,5",CAJAZEIRAS,Acessar a via sem observar a presença dos outros veículos,Colisão transversal,Com Vítimas Feridas,Pleno dia,Crescente,Céu Claro,Simples,Reta,Sim,3,0,2,1,0,0,3,2,"-6,89123","-38,584334",SPRF-PB,DEL03-PB,UOP03-DEL03-PB
472183.0,2022-09-04,domingo,03:30:00,PB,230,158,CAMPINA GRANDE,Reação tardia ou ineficiente do condutor,Saída de leito carroçável,Com Vítimas Feridas,Plena Noite,Crescente,Céu Claro,Simples,Reta,Sim,2,0,1,0,0,1,1,1,"-7,251754","-35,933732",SPRF-PB,DEL02-PB,UOP01-DEL02-PB
472221.0,2022-09-04,domingo,09:16:00,PB,101,88,JOAO PESSOA,Acostamento em desnível,Tombamento,Com Vítimas Feridas,Pleno dia,Decrescente,Garoa/Chuvisco,Dupla,Reta,Sim,2,0,1,1,0,0,2,1,"-7,16470016","-34,89993643",SPRF-PB,DEL01-PB,UOP01-DEL01-PB
472237.0,2022-09-04,domingo,07:30:00,PB,230,444,APARECIDA,Ausência de reação do condutor,Tombamento,Com Vítimas Feridas,Pleno dia,Decrescente,Céu Claro,Simples,Reta,Não,1,0,0,1,0,0,1,1,"-6,7856","-38,0652",SPRF-PB,DEL03-PB,UOP02-DEL03-PB
472283.0,2022-09-04,domingo,14:15:00,PB,230,"7,5",CABEDELO,Ingestão de álcool pelo condutor,Colisão transversal,Sem Vítimas,Pleno dia,Decrescente,Céu Claro,Simples,Interseção de Vias,Sim,3,0,0,0,3,0,0,2,"-7,026","-34,8385",SPRF-PB,DEL01-PB,UOP01-DEL01-PB
472542.0,2022-09-05,segunda-feira,08:30:00,PB,230,"156,4",CAMPINA GRANDE,Reação tardia ou ineficiente do condutor,Colisão lateral mesmo sentido,Com Vítimas Feridas,Pleno dia,Crescente,Nublado,Simples,Reta,Sim,2,0,1,0,1,0,1,2,"-7,2693","-35,9138",SPRF-PB,DEL02-PB,UOP01-DEL02-PB
472598.0,2022-09-05,segunda-feira,15:30:00,PB,230,"126,9",RIACHAO DO BACAMARTE,Chuva,Colisão com objeto,Sem Vítimas,Pleno dia,Decrescente,Garoa/Chuvisco,Dupla,Curva,Não,2,0,0,0,2,0,0,1,"-7,2546","-35,6892",SPRF-PB,DEL02-PB,UOP01-DEL02-PB
472617.0,2022-09-05,segunda-feira,18:25:00,PB,230,"38,7",SANTA RITA,Reação tardia ou ineficiente do condutor,Colisão traseira,Com Vítimas Feridas,Plena Noite,Decrescente,Chuva,Dupla,Reta;Declive,Não,2,0,0,1,1,0,1,2,"-7,1341","-34,962",SPRF-PB,DEL01-PB,UOP03-DEL01-PB
472813.0,2022-09-06,terça-feira,18:40:00,PB,230,"88,7",GURINHEM,Entrada inopinada do pedestre,Atropelamento de Pedestre,Com Vítimas Feridas,Plena Noite,Decrescente,Céu Claro,Dupla,Reta,Sim,2,0,0,1,1,0,1,2,"-7,17281","-35,392",SPRF-PB,DEL01-PB,UOP03-DEL01-PB
472831.0,2022-09-06,terça-feira,18:00:00,PB,230,"14,4",CABEDELO,Avarias e/ou desgaste excessivo no pneu,Tombamento,Com Vítimas Feridas,Plena Noite,Crescente,Céu Claro,Dupla,Reta,Sim,3,0,0,2,1,0,2,2,"-7,0844","-34,8488",SPRF-PB,DEL01-PB,UOP01-DEL01-PB
472915.0,2022-09-07,quarta-feira,08:10:00,PB,230,11,CABEDELO,Manobra de mudança de faixa,Colisão lateral mesmo sentido,Com Vítimas Feridas,Pleno dia,Crescente,Céu Claro,Dupla,Reta,Sim,3,0,1,2,0,0,3,2,"-7,06900183","-34,84999415",SPRF-PB,DEL01-PB,UOP01-DEL01-PB
472985.0,2022-09-07,quarta-feira,18:30:00,PB,230,"121,6",RIACHAO DO BACAMARTE,Condutor deixou de manter distância do veículo da frente,Colisão lateral mesmo sentido,Com Vítimas Feridas,Plena Noite,Crescente,Nublado,Simples,Reta,Sim,2,0,0,1,1,0,1,2,"-7,2452","-35,649",SPRF-PB,DEL02-PB,UOP01-DEL02-PB
473136.0,2022-09-08,quinta-feira,13:35:00,PB,230,17,JOAO PESSOA,Condutor deixou de manter distância do veículo da frente,Engavetamento,Com Vítimas Feridas,Pleno dia,Decrescente,Céu Claro,Dupla,Reta;Viaduto,Sim,8,0,1,0,7,0,1,7,"-7,1208157","-34,8451079",SPRF-PB,DEL01-PB,UOP01-DEL01-PB
473164.0,2022-09-08,quinta-feira,16:14:00,PB,101,88,JOAO PESSOA,Pedestre andava na pista,Atropelamento de Pedestre,Com Vítimas Feridas,Pleno dia,Crescente,Céu Claro,Dupla,Reta;Em Obras,Sim,2,0,0,1,0,1,1,2,"-7,16474621","-34,90004539",SPRF-PB,DEL01-PB,UOP01-DEL01-PB
473168.0,2022-09-08,quinta-feira,16:50:00,PB,101,96,CONDE,Acessar a via sem observar a presença dos outros veículos,Colisão lateral mesmo sentido,Com Vítimas Feridas,Pleno dia,Decrescente,Céu Claro,Dupla,Retorno Regulamentado,Não,2,0,1,0,1,0,1,2,"-7,23206059","-34,92171764",SPRF-PB,DEL01-PB,UOP02-DEL01-PB
473250.0,2022-09-09,sexta-feira,07:00:00,PB,230,"22,4",JOAO PESSOA,Condutor deixou de manter distância do veículo da frente,Colisão lateral mesmo sentido,Com Vítimas Feridas,Pleno dia,Decrescente,Céu Claro,Dupla,Reta,Sim,3,0,1,1,0,1,2,2,"-7,1495","-34,8517",SPRF-PB,DEL01-PB,UOP01-DEL01-PB
473294.0,2022-09-09,sexta-feira,11:40:00,PB,101,86,BAYEUX,Condutor deixou de manter distância do veículo da frente,Colisão traseira,Com Vítimas Feridas,Pleno dia,Decrescente,Céu Claro,Dupla,Declive,Sim,2,0,1,0,1,0,1,2,"-7,15118983","-34,91012184",SPRF-PB,DEL01-PB,UOP01-DEL01-PB
473356.0,2022-09-09,sexta-feira,16:15:00,PB,361,84,PIANCO,Desrespeitar a preferência no cruzamento,Colisão transversal,Sem Vítimas,Pleno dia,Decrescente,Céu Claro,Simples,Reta,Sim,5,0,0,0,5,0,0,2,"-7,199668","-37,926278",SPRF-PB,DEL03-PB,UOP01-DEL03-PB
473398.0,2022-09-09,sexta-feira,19:00:00,PB,104,117,LAGOA SECA,Acessar a via sem observar a presença dos outros veículos,Colisão traseira,Com Vítimas Feridas,Plena Noite,Crescente,Céu Claro,Simples,Reta,Não,2,0,0,1,0,1,1,2,"-7,19030697","-35,86736609",SPRF-PB,DEL02-PB,UOP04-DEL02-PB
473481.0,2022-09-10,sábado,09:10:00,PB,230,166,CAMPINA GRANDE,Conversão proibida,Colisão transversal,Com Vítimas Feridas,Pleno dia,Decrescente,Céu Claro,Simples,Reta,Sim,2,0,1,0,1,0,1,2,"-7,1976","-35,955",SPRF-PB,DEL02-PB,UOP02-DEL02-PB
473536.0,2022-09-10,sábado,15:00:00,PB,230,421,SAO DOMINGOS,Manobra de mudança de faixa,Colisão frontal,Com Vítimas Fatais,Pleno dia,Decrescente,Céu Claro,Simples,Declive,Não,2,1,0,0,0,1,0,2,"-6,7238","-37,8624",SPRF-PB,DEL03-PB,UOP02-DEL03-PB
473631.0,2022-09-10,sábado,22:02:00,PB,101,127,CAAPORA,Condutor Dormindo,Colisão traseira,Com Vítimas Feridas,Plena Noite,Crescente,Nublado,Dupla,Reta,Não,3,0,3,0,0,0,3,2,"-7,49352627","-34,98332893",SPRF-PB,DEL01-PB,UOP02-DEL01-PB
473637.0,2022-09-10,sábado,18:30:00,PB,361,43,CATINGUEIRA,Transitar na contramão,Colisão frontal,Com Vítimas Feridas,Plena Noite,Decrescente,Céu Claro,Simples,Declive,Sim,3,0,1,2,0,0,3,2,"-7,11979089","-37,60909053",SPRF-PB,DEL03-PB,UOP01-DEL03-PB
473650.0,2022-09-11,domingo,00:31:00,PB,101,"85,9",JOAO PESSOA,Acessar a via sem observar a presença dos outros veículos,Colisão traseira,Com Vítimas Feridas,Plena Noite,Crescente,Chuva,Dupla,Reta,Sim,3,0,2,0,0,1,2,2,"-7,14538184","-34,91662887",SPRF-PB,DEL01-PB,UOP01-DEL01-PB
473702.0,2022-09-11,domingo,07:50:00,PB,230,"35,8",SANTA RITA,Velocidade Incompatível,Saída de leito carroçável,Com Vítimas Feridas,Pleno dia,Crescente,Nublado,Simples,Aclive;Curva,Não,1,0,1,0,0,0,1,1,"-7,1268","-34,9412",SPRF-PB,DEL01-PB,UOP03-DEL01-PB
473732.0,2022-09-11,domingo,11:15:00,PB,230,"147,9",CAMPINA GRANDE,Reação tardia ou ineficiente do condutor,Colisão traseira,Com Vítimas Feridas,Pleno dia,Crescente,Nublado,Dupla,Rotatória,Sim,2,0,1,0,1,0,1,2,"-7,238","-35,8656",SPRF-PB,DEL02-PB,UOP01-DEL02-PB
473813.0,2022-09-11,domingo,18:20:00,PB,230,"343,4",PATOS,Demais falhas mecânicas ou elétricas,Colisão com objeto,Com Vítimas Feridas,Plena Noite,Decrescente,Céu Claro,Simples,Reta,Não,2,0,2,0,0,0,2,1,"-6,9845","-37,3305",SPRF-PB,DEL03-PB,UOP01-DEL03-PB
473851.0,2022-09-11,domingo,20:50:00,PB,230,"244,6",JUAZEIRINHO,Acessar a via sem observar a presença dos outros veículos,Colisão transversal,Com Vítimas Fatais,Plena Noite,Crescente,Céu Claro,Simples,Reta,Sim,2,1,0,0,1,0,0,2,"-7,0692","-36,6002",SPRF-PB,DEL02-PB,UOP02-DEL02-PB
473864.0,2022-09-11,domingo,22:15:00,PB,230,"167,6",CAMPINA GRANDE,Reação tardia ou ineficiente do condutor,Saída de leito carroçável,Com Vítimas Feridas,Plena Noite,Decrescente,Céu Claro,Simples,Reta,Sim,1,0,0,1,0,0,1,1,"-7,195","-35,9619",SPRF-PB,DEL02-PB,UOP02-DEL02-PB
473910.0,2022-09-12,segunda-feira,06:50:00,PB,101,"82,5",BAYEUX,Condutor deixou de manter distância do veículo da frente,Colisão traseira,Sem Vítimas,Pleno dia,Crescente,Céu Claro,Dupla,Aclive,Não,2,0,0,0,2,0,0,2,"-7,12911","-34,93714",SPRF-PB,DEL01-PB,UOP01-DEL01-PB
473952.0,2022-09-12,segunda-feira,11:40:00,PB,230,"277,8",SANTA LUZIA,Velocidade Incompatível,Colisão com objeto,Com Vítimas Feridas,Pleno dia,Crescente,Sol,Simples,Curva,Não,3,0,2,0,0,1,2,1,"-6,9513","-36,8451",SPRF-PB,DEL03-PB,UOP01-DEL03-PB
474004.0,2022-09-12,segunda-feira,18:05:00,PB,101,"83,2",BAYEUX,Pedestre andava na pista,Atropelamento de Pedestre,Com Vítimas Feridas,Plena Noite,Crescente,Céu Claro,Dupla,Reta,Sim,3,0,1,2,0,0,3,2,"-7,1337703","-34,92963914",SPRF-PB,DEL01-PB,UOP01-DEL01-PB
474174.0,2022-09-13,terça-feira,14:00:00,PB,230,153,CAMPINA GRANDE,Ausência de reação do condutor,Colisão traseira,Com Vítimas Feridas,Pleno dia,Crescente,Céu Claro,Simples,Interseção de Vias,Não,2,0,1,0,1,0,1,2,"-7,2763","-35,8887",SPRF-PB,DEL02-PB,UOP01-DEL02-PB
474219.0,2022-09-13,terça-feira,18:45:00,PB,230,11,CABEDELO,Pedestre cruzava a pista fora da faixa,Atropelamento de Pedestre,Com Vítimas Feridas,Plena Noite,Decrescente,Céu Claro,Dupla,Reta;Interseção de Vias,Sim,2,0,0,1,1,0,1,2,"-7,06877824","-34,84982248",SPRF-PB,DEL01-PB,UOP01-DEL01-PB
474226.0,2022-09-13,terça-feira,19:18:00,PB,101,"77,3",SANTA RITA,Transitar na contramão,Colisão frontal,Com Vítimas Feridas,Plena Noite,Decrescente,Céu Claro,Dupla,Curva,Não,3,0,1,0,2,0,1,2,"-7,09947194","-34,96574283",SPRF-PB,DEL01-PB,UOP04-DEL01-PB
474252.0,2022-09-13,terça-feira,22:35:00,PB,101,74,SANTA RITA,Demais falhas mecânicas ou elétricas,Queda de ocupante de veículo,Com Vítimas Feridas,Plena Noite,Crescente,Céu Claro,Dupla,Reta,Não,2,0,1,0,1,0,1,1,"-7,08339163","-34,98076176",SPRF-PB,DEL01-PB,UOP04-DEL01-PB
474299.0,2022-09-14,quarta-feira,08:15:00,PB,101,"76,7",SANTA RITA,Demais falhas mecânicas ou elétricas,Colisão com objeto,Com Vítimas Feridas,Pleno dia,Decrescente,Nublado,Dupla,Reta,Não,2,0,1,1,0,0,2,1,"-7,09085711","-34,96857932",SPRF-PB,DEL01-PB,UOP04-DEL01-PB
474425.0,2022-09-14,quarta-feira,20:08:00,PB,230,"138,5",CAMPINA GRANDE,Pedestre andava na pista,Atropelamento de Pedestre,Com Vítimas Fatais,Plena Noite,Decrescente,Céu Claro,Dupla,Reta,Não,2,1,0,0,1,0,0,2,"-7,2755","-35,7831",SPRF-PB,DEL02-PB,UOP01-DEL02-PB
474451.0,2022-09-14,quarta-feira,22:50:00,PB,230,"157,4",CAMPINA GRANDE,Condutor deixou de manter distância do veículo da frente,Colisão traseira,Com Vítimas Feridas,Plena Noite,Crescente,Nublado,Dupla,Reta,Sim,2,0,1,0,1,0,1,2,"-7,264","-35,9199",SPRF-PB,DEL02-PB,UOP01-DEL02-PB
474497.0,2022-09-15,quinta-feira,08:50:00,PB,230,23,JOAO PESSOA,Condutor deixou de manter distância do veículo da frente,Colisão traseira,Com Vítimas Feridas,Pleno dia,Decrescente,Céu Claro,Dupla,Viaduto;Reta;Aclive,Sim,2,0,1,0,0,1,1,2,"-7,1562","-34,8574",SPRF-PB,DEL01-PB,UOP01-DEL01-PB
474614.0,2022-09-15,quinta-feira,22:10:00,PB,230,71,SOBRADO,Ausência de reação do condutor,Colisão com objeto,Com Vítimas Feridas,Plena Noite,Crescente,Céu Claro,Dupla,Em Obras;Desvio Temporário;Reta,Não,1,0,0,1,0,0,1,1,"-7,190701","-35,242513",SPRF-PB,DEL01-PB,UOP03-DEL01-PB
474669.0,2022-09-16,sexta-feira,08:00:00,PB,101,"96,2",CONDE,Condutor Dormindo,Saída de leito carroçável,Sem Vítimas,Amanhecer,Decrescente,Céu Claro,Dupla,Reta,Não,1,0,0,0,0,1,0,1,"-7,23363604","-34,92312189",SPRF-PB,DEL01-PB,UOP02-DEL01-PB
474673.0,2022-09-16,sexta-feira,06:57:00,PB,230,5,CABEDELO,Acostamento em desnível,Colisão lateral mesmo sentido,Com Vítimas Feridas,Pleno dia,Decrescente,Céu Claro,Dupla,Reta;Em Obras,Sim,2,0,0,1,1,0,1,2,"-7,01","-34,8312",SPRF-PB,DEL01-PB,UOP01-DEL01-PB
474753.0,2022-09-16,sexta-feira,15:40:00,PB,230,"63,3",SAO MIGUEL DE TAIPU,Condutor deixou de manter distância do veículo da frente,Colisão traseira,Com Vítimas Feridas,Pleno dia,Crescente,Céu Claro,Dupla,Reta,Não,4,0,4,0,0,0,4,2,"-7,1989","-35,1649",SPRF-PB,DEL01-PB,UOP03-DEL01-PB
474818.0,2022-09-03,sábado,18:50:00,PB,101,85,BAYEUX,Entrada inopinada do pedestre,Atropelamento de Pedestre,Com Vítimas Feridas,Anoitecer,Decrescente,Céu Claro,Dupla,Reta,Sim,2,0,0,1,0,1,1,2,"-7,1447936","-34,91710302",SPRF-PB,DEL01-PB,UOP01-DEL01-PB
474835.0,2022-09-16,sexta-feira,18:30:00,PB,230,400,POMBAL,Animais na Pista,Atropelamento de Animal,Com Vítimas Feridas,Plena Noite,Decrescente,Céu Claro,Simples,Reta,Não,2,0,1,0,0,1,1,1,"-6,822","-37,762",SPRF-PB,DEL03-PB,UOP02-DEL03-PB
474877.0,2022-09-17,sábado,03:20:00,PB,230,"52,3",CRUZ DO ESPIRITO SANTO,Velocidade Incompatível,Saída de leito carroçável,Sem Vítimas,Plena Noite,Decrescente,Céu Claro,Dupla,Reta,Não,1,0,0,0,0,1,0,1,"-7,1951","-35,0691",SPRF-PB,DEL01-PB,UOP03-DEL01-PB
474932.0,2022-09-17,sábado,09:30:00,PB,405,"32,7",SAO JOAO DO RIO DO PEIXE,Transitar na contramão,Colisão transversal,Com Vítimas Feridas,Pleno dia,Crescente,Céu Claro,Simples,Reta;Interseção de Vias,Sim,2,0,0,2,0,0,2,2,"-6,725567","-38,448807",SPRF-PB,DEL03-PB,UOP03-DEL03-PB
474982.0,2022-09-17,sábado,13:38:00,PB,230,1,CABEDELO,Condutor deixou de manter distância do veículo da frente,Colisão transversal,Com Vítimas Feridas,Pleno dia,Decrescente,Céu Claro,Simples,Reta,Sim,2,0,2,0,0,0,2,2,"-6,9753","-34,8318",SPRF-PB,DEL01-PB,UOP01-DEL01-PB
475002.0,2022-09-17,sábado,16:40:00,PB,101,86,JOAO PESSOA,Trafegar com motocicleta (ou similar) entre as faixas,Colisão traseira,Com Vítimas Feridas,Pleno dia,Crescente,Céu Claro,Dupla,Reta,Sim,3,0,1,0,2,0,1,3,"-7,15638643","-34,90723964",SPRF-PB,DEL01-PB,UOP01-DEL01-PB
475010.0,2022-09-17,sábado,16:32:00,PB,101,87,JOAO PESSOA,Reação tardia ou ineficiente do condutor,Colisão traseira,Sem Vítimas,Anoitecer,Crescente,Céu Claro,Dupla,Reta,Não,4,0,0,0,4,0,0,2,"-7,15886802","-34,90628504",SPRF-PB,DEL01-PB,UOP01-DEL01-PB
475028.0,2022-09-17,sábado,14:30:00,PB,230,"475,1",SOUSA,Ausência de reação do condutor,Tombamento,Com Vítimas Feridas,Pleno dia,Crescente,Sol,Simples,Reta,Não,1,0,0,1,0,0,1,1,"-6,835674","-38,315232",SPRF-PB,DEL03-PB,UOP03-DEL03-PB
475058.0,2022-09-17,sábado,20:30:00,PB,101,82,BAYEUX,Ingestão de álcool pelo condutor,Colisão com objeto,Sem Vítimas,Plena Noite,Decrescente,Céu Claro,Dupla,Reta,Sim,1,0,0,0,0,1,0,1,"-7,12911","-34,93714",SPRF-PB,DEL01-PB,UOP01-DEL01-PB
475067.0,2022-09-17,sábado,21:30:00,PB,230,4,CABEDELO,Velocidade Incompatível,Colisão com objeto,Com Vítimas Feridas,Plena Noite,Crescente,Céu Claro,Dupla,Declive;Em Obras;Viaduto,Sim,1,0,0,1,0,0,1,1,"-7,0004","-34,8284",SPRF-PB,DEL01-PB,UOP01-DEL01-PB
475125.0,2022-09-18,domingo,05:10:00,PB,230,"399,9",POMBAL,Animais na Pista,Atropelamento de Animal,Com Vítimas Feridas,Amanhecer,Crescente,Céu Claro,Simples,Aclive;Reta,Não,5,0,4,1,0,0,5,1,"-6,816352","-37,765836",SPRF-PB,DEL03-PB,UOP02-DEL03-PB
475134.0,2022-09-18,domingo,04:40:00,PB,101,"91,2",JOAO PESSOA,Ausência de reação do condutor,Colisão traseira,Com Vítimas Fatais,Amanhecer,Decrescente,Céu Claro,Dupla,Reta,Sim,2,1,0,0,0,1,0,2,"-7,19362","-34,90472",SPRF-PB,DEL01-PB,UOP02-DEL01-PB
475245.0,2022-09-18,domingo,16:50:00,PB,230,36,SANTA RITA,Avarias e/ou desgaste excessivo no pneu,Eventos atípicos,Com Vítimas Feridas,Anoitecer,Decrescente,Céu Claro,Dupla,Reta,Não,2,0,2,0,0,0,2,1,"-7,1246","-34,9473",SPRF-PB,DEL01-PB,UOP03-DEL01-PB
475373.0,2022-09-19,segunda-feira,06:50:00,PB,230,42,SANTA RITA,Ausência de reação do condutor,Saída de leito carroçável,Com Vítimas Feridas,Pleno dia,Decrescente,Sol,Dupla,Curva,Não,3,0,1,0,2,0,1,1,"-7,1426","-34,9956",SPRF-PB,DEL01-PB,UOP03-DEL01-PB
475393.0,2022-09-19,segunda-feira,08:08:00,PB,230,17,JOAO PESSOA,Manobra de mudança de faixa,Colisão traseira,Com Vítimas Feridas,Pleno dia,Decrescente,Céu Claro,Dupla,Reta,Sim,2,0,1,0,1,0,1,2,"-7,121589","-34,844954",SPRF-PB,DEL01-PB,UOP01-DEL01-PB
475430.0,2022-09-19,segunda-feira,12:15:00,PB,230,"23,7",JOAO PESSOA,Avarias e/ou desgaste excessivo no pneu,Tombamento,Com Vítimas Feridas,Pleno dia,Crescente,Céu Claro,Dupla,Reta,Sim,2,0,2,0,0,0,2,1,"-7,16185074","-34,86086369",SPRF-PB,DEL01-PB,UOP01-DEL01-PB
475437.0,2022-09-19,segunda-feira,12:50:00,PB,230,"23,7",JOAO PESSOA,Reação tardia ou ineficiente do condutor,Colisão com objeto,Com Vítimas Feridas,Pleno dia,Crescente,Sol,Dupla,Curva;Aclive,Sim,1,0,0,1,0,0,1,1,"-7,1562","-34,8574",SPRF-PB,DEL01-PB,UOP01-DEL01-PB
475498.0,2022-09-19,segunda-feira,18:50:00,PB,101,89,JOAO PESSOA,Acessar a via sem observar a presença dos outros veículos,Colisão lateral mesmo sentido,Com Vítimas Feridas,Plena Noite,Crescente,Céu Claro,Dupla,Interseção de Vias,Sim,3,0,0,1,1,1,1,2,"-7,16934152","-34,89710446",SPRF-PB,DEL01-PB,UOP02-DEL01-PB
475580.0,2022-09-20,terça-feira,10:50:00,PB,230,26,JOAO PESSOA,Acessar a via sem observar a presença dos outros veículos,Colisão traseira,Com Vítimas Feridas,Pleno dia,Decrescente,Céu Claro,Múltipla,Declive;Reta;Interseção de Vias,Sim,3,0,2,0,1,0,2,2,"-7,1693","-34,8782",SPRF-PB,DEL01-PB,UOP01-DEL01-PB
475600.0,2022-09-20,terça-feira,13:25:00,PB,230,"27,8",JOAO PESSOA,Frear bruscamente,Capotamento,Com Vítimas Feridas,Pleno dia,Crescente,Sol,Dupla,Reta;Aclive,Não,1,0,1,0,0,0,1,1,"-7,1677","-34,8855",SPRF-PB,DEL01-PB,UOP01-DEL01-PB
475640.0,2022-09-20,terça-feira,17:00:00,PB,230,"157,7",CAMPINA GRANDE,Acessar a via sem observar a presença dos outros veículos,Colisão transversal,Com Vítimas Feridas,Pleno dia,Decrescente,Céu Claro,Dupla,Interseção de Vias,Sim,2,0,1,0,1,0,1,2,"-7,262714","-35,921518",SPRF-PB,DEL02-PB,UOP01-DEL02-PB
475722.0,2022-09-21,quarta-feira,07:00:00,PB,230,"16,3",JOAO PESSOA,Reação tardia ou ineficiente do condutor,Engavetamento,Com Vítimas Feridas,Pleno dia,Crescente,Céu Claro,Dupla,Reta,Sim,7,0,3,1,3,0,4,4,"-7,1039","-34,8458",SPRF-PB,DEL01-PB,UOP01-DEL01-PB
475758.0,2022-09-21,quarta-feira,08:46:00,PB,230,"27,9",JOAO PESSOA,Manobra de mudança de faixa,Colisão lateral mesmo sentido,Com Vítimas Feridas,Pleno dia,Crescente,Céu Claro,Dupla,Viaduto,Sim,2,0,1,0,0,1,1,2,"-7,16548803","-34,89793059",SPRF-PB,DEL01-PB,UOP01-DEL01-PB
475783.0,2022-09-21,quarta-feira,13:32:00,PB,230,"60,8",CRUZ DO ESPIRITO SANTO,Pedestre cruzava a pista fora da faixa,Atropelamento de Pedestre,Com Vítimas Feridas,Pleno dia,Crescente,Céu Claro,Dupla,Reta;Retorno Regulamentado,Sim,2,0,1,0,1,0,1,2,"-7,20380126","-35,15333176",SPRF-PB,DEL01-PB,UOP03-DEL01-PB
475896.0,2022-09-22,quinta-feira,07:44:00,PB,230,17,JOAO PESSOA,Ausência de reação do condutor,Colisão traseira,Com Vítimas Feridas,Pleno dia,Crescente,Céu Claro,Dupla,Curva,Sim,2,0,1,0,0,1,1,2,"-7,11885304","-34,84485626",SPRF-PB,DEL01-PB,UOP01-DEL01-PB
476028.0,2022-09-22,quinta-feira,18:22:00,PB,230,"102,8",GURINHEM,Acesso irregular,Colisão transversal,Com Vítimas Feridas,Plena Noite,Crescente,Céu Claro,Dupla,Reta,Não,2,0,0,1,1,0,1,2,"-7,2018","-35,497",SPRF-PB,DEL01-PB,UOP03-DEL01-PB
476048.0,2022-09-22,quinta-feira,18:20:00,PB,230,14,CABEDELO,Condutor deixou de manter distância do veículo da frente,Colisão lateral mesmo sentido,Com Vítimas Feridas,Plena Noite,Decrescente,Céu Claro,Dupla,Reta,Sim,2,0,1,0,0,1,1,2,"-7,09107312","-34,84822389",SPRF-PB,DEL01-PB,UOP01-DEL01-PB
476071.0,2022-09-22,quinta-feira,17:15:00,PB,230,292,SANTA LUZIA,Acessar a via sem observar a presença dos outros veículos,Colisão transversal,Com Vítimas Feridas,Plena Noite,Crescente,Céu Claro,Simples,Reta,Sim,4,0,3,0,1,0,3,2,"-6,8684","-36,9222",SPRF-PB,DEL03-PB,UOP01-DEL03-PB
476131.0,2022-09-23,sexta-feira,09:15:00,PB,101,"87,9",JOAO PESSOA,Ingestão de álcool e/ou substâncias psicoativas pelo pedestre,Atropelamento de Pedestre,Com Vítimas Feridas,Pleno dia,Crescente,Nublado,Dupla,Interseção de Vias,Sim,2,0,0,1,0,1,1,2,"-7,16539274","-34,89912271",SPRF-PB,DEL01-PB,UOP01-DEL01-PB
476168.0,2022-09-23,sexta-feira,13:33:00,PB,230,"22,8",JOAO PESSOA,Ausência de reação do condutor,Colisão traseira,Com Vítimas Feridas,Pleno dia,Decrescente,Céu Claro,Simples,Reta,Não,4,0,2,0,0,2,2,3,"-7,15838086","-34,85837214",SPRF-PB,DEL01-PB,UOP01-DEL01-PB
476174.0,2022-09-05,segunda-feira,22:20:00,PB,101,86,BAYEUX,Pedestre andava na pista,Atropelamento de Pedestre,Com Vítimas Fatais,Plena Noite,Crescente,Chuva,Dupla,Reta,Sim,2,1,0,0,1,0,0,2,"-7,1484","-34,9129",SPRF-PB,DEL01-PB,UOP01-DEL01-PB
476312.0,2022-09-24,sábado,00:30:00,PB,104,"114,3",LAGOA SECA,Acessar a via sem observar a presença dos outros veículos,Colisão frontal,Com Vítimas Feridas,Plena Noite,Crescente,Céu Claro,Simples,Reta,Sim,4,0,1,2,1,0,3,2,"-7,1620139","-35,85712429",SPRF-PB,DEL02-PB,UOP04-DEL02-PB
476436.0,2022-09-24,sábado,12:35:00,PB,230,"24,4",JOAO PESSOA,Ausência de reação do condutor,Colisão traseira,Com Vítimas Feridas,Pleno dia,Decrescente,Sol,Dupla,Curva,Sim,2,0,1,0,1,0,1,2,"-7,1637","-34,8618",SPRF-PB,DEL01-PB,UOP01-DEL01-PB
476472.0,2022-09-24,sábado,11:40:00,PB,230,152,CAMPINA GRANDE,Transitar no acostamento,Tombamento,Com Vítimas Feridas,Pleno dia,Crescente,Céu Claro,Simples,Ponte,Sim,1,0,0,1,0,0,1,1,"-7,2688","-35,8837",SPRF-PB,DEL02-PB,UOP01-DEL02-PB
476636.0,2022-09-24,sábado,22:50:00,PB,101,"86,7",JOAO PESSOA,Ingestão de álcool pelo condutor,Saída de leito carroçável,Com Vítimas Feridas,Plena Noite,Crescente,Céu Claro,Dupla,Interseção de Vias;Reta,Sim,2,0,2,0,0,0,2,1,"-7,15118983","-34,91012184",SPRF-PB,DEL01-PB,UOP01-DEL01-PB