id,data_inversa,dia_semana,horario,uf,br,km,municipio,causa_acidente,tipo_acidente,classificacao_acidente,fase_dia,sentido_via,condicao_metereologica,tipo_pista,tracado_via,uso_solo,pessoas,mortos,feridos_leves,feridos_graves,ilesos,ignorados,feridos,veiculos,latitude,longitude,regional,delegacia,uop
476725.0,2022-09-25,domingo,09:10:00,PB,230,19,JOAO PESSOA,Ausência de reação do condutor,Tombamento,Com Vítimas Feridas,Pleno dia,Decrescente,Céu Claro,Dupla,Curva,Não,1,0,1,0,0,0,1,1,"-7,1281","-34,8466",SPRF-PB,DEL01-PB,UOP01-DEL01-PB
476840.0,2022-09-25,domingo,18:25:00,PB,104,"112,8",LAGOA SECA,Ingestão de álcool pelo condutor,Colisão lateral mesmo sentido,Sem Vítimas,Plena Noite,Crescente,Céu Claro,Simples,Reta,Sim,3,0,0,0,3,0,0,3,"-7,150847","-35,853311",SPRF-PB,DEL02-PB,UOP04-DEL02-PB
476850.0,2022-09-25,domingo,18:12:00,PB,230,7,CABEDELO,Ingestão de álcool pelo condutor,Saída de leito carroçável,Sem Vítimas,Plena Noite,Crescente,Céu Claro,Dupla,Reta,Sim,1,0,0,0,1,0,0,1,"-7,026","-34,8385",SPRF-PB,DEL01-PB,UOP01-DEL01-PB
477026.0,2022-09-26,segunda-feira,15:30:00,PB,101,68,SANTA RITA,Condutor Dormindo,Saída de leito carroçável,Com Vítimas Feridas,Pleno dia,Crescente,Céu Claro,Dupla,Reta,Não,3,0,0,1,2,0,1,1,"-7,05686225","-35,02780412",SPRF-PB,DEL01-PB,UOP04-DEL01-PB
477148.0,2022-09-27,terça-feira,07:02:00,PB,101,89,JOAO PESSOA,Ausência de reação do condutor,Colisão traseira,Com Vítimas Feridas,Pleno dia,Decrescente,Sol,Múltipla,Reta,Sim,4,0,1,0,3,0,1,2,"-7,1710694","-34,89765372",SPRF-PB,DEL01-PB,UOP02-DEL01-PB
477177.0,2022-09-27,terça-feira,10:00:00,PB,101,82,BAYEUX,Pista esburacada,Tombamento,Com Vítimas Feridas,Pleno dia,Crescente,Céu Claro,Dupla,Viaduto,Sim,1,0,0,1,0,0,1,1,"-7,12911","-34,93714",SPRF-PB,DEL01-PB,UOP01-DEL01-PB
477208.0,2022-09-27,terça-feira,13:00:00,PB,101,87,JOAO PESSOA,Acumulo de óleo sobre o pavimento,Tombamento,Com Vítimas Feridas,Pleno dia,Decrescente,Céu Claro,Dupla,Reta;Declive,Sim,2,0,2,0,0,0,2,2,"-7,15886802","-34,90628504",SPRF-PB,DEL01-PB,UOP01-DEL01-PB
477347.0,2022-09-28,quarta-feira,06:45:00,PB,230,7,CABEDELO,Reação tardia ou ineficiente do condutor,Saída de leito carroçável,Sem Vítimas,Pleno dia,Decrescente,Sol,Simples,Reta,Sim,1,0,0,0,0,1,0,1,"-7,026","-34,8385",SPRF-PB,DEL01-PB,UOP01-DEL01-PB
477463.0,2022-09-08,quinta-feira,07:45:00,PB,230,"121,9",RIACHAO DO BACAMARTE,Transitar na contramão,Colisão transversal,Com Vítimas Feridas,Pleno dia,Crescente,Céu Claro,Simples,Reta,Sim,2,0,1,0,0,1,1,2,"-7,2452","-35,649",SPRF-PB,DEL02-PB,UOP01-DEL02-PB
477618.0,2022-09-29,quinta-feira,18:00:00,PB,230,"96,5",GURINHEM,Velocidade Incompatível,Saída de leito carroçável,Com Vítimas Feridas,Plena Noite,Crescente,Céu Claro,Dupla,Reta,Não,1,0,1,0,0,0,1,1,"-7,1888889","-35,463333",SPRF-PB,DEL01-PB,UOP03-DEL01-PB
477671.0,2022-09-29,quinta-feira,19:40:00,PB,230,464,SOUSA,Pedestre andava na pista,Atropelamento de Pedestre,Com Vítimas Feridas,Plena Noite,Crescente,Céu Claro,Simples,Reta,Sim,2,0,0,2,0,0,2,2,"-6,7786","-38,2341",SPRF-PB,DEL03-PB,UOP03-DEL03-PB
477705.0,2022-09-30,sexta-feira,07:15:00,PB,230,"158,6",CAMPINA GRANDE,Acessar a via sem observar a presença dos outros veículos,Colisão transversal,Com Vítimas Feridas,Pleno dia,Crescente,Céu Claro,Simples,Reta,Sim,3,0,2,1,0,0,3,2,"-7,2582","-35,9267",SPRF-PB,DEL02-PB,UOP01-DEL02-PB
477745.0,2022-09-30,sexta-feira,12:20:00,PB,230,"21,7",JOAO PESSOA,Reação tardia ou ineficiente do condutor,Colisão traseira,Sem Vítimas,Pleno dia,Decrescente,Céu Claro,Dupla,Reta,Sim,2,0,0,0,1,1,0,2,"-7,1495","-34,8517",SPRF-PB,DEL01-PB,UOP01-DEL01-PB
477754.0,2022-09-30,sexta-feira,13:40:00,PB,104,"107,3",SAO SEBASTIAO DE LAGOA DE  ROCA,Ausência de reação do condutor,Colisão lateral mesmo sentido,Com Vítimas Feridas,Pleno dia,Decrescente,Céu Claro,Dupla,Reta,Sim,2,0,0,1,1,0,1,2,"-7,10299395","-35,8661241",SPRF-PB,DEL02-PB,UOP04-DEL02-PB
477823.0,2022-09-30,sexta-feira,19:30:00,PB,230,293,SANTA LUZIA,Entrada inopinada do pedestre,Atropelamento de Pedestre,Com Vítimas Feridas,Plena Noite,Crescente,Céu Claro,Simples,Reta,Sim,4,0,0,1,3,0,1,2,"-6,8748","-36,9296",SPRF-PB,DEL03-PB,UOP01-DEL03-PB
477828.0,2022-09-30,sexta-feira,17:05:00,PB,230,325,SAO MAMEDE,Transitar na contramão,Saída de leito carroçável,Com Vítimas Feridas,Pleno dia,Crescente,Céu Claro,Simples,Reta,Não,3,0,0,1,2,0,1,1,"-6,9912","-37,1874",SPRF-PB,DEL03-PB,UOP01-DEL03-PB
477838.0,2022-09-30,sexta-feira,18:30:00,PB,412,102,SUME,Acessar a via sem observar a presença dos outros veículos,Colisão traseira,Com Vítimas Fatais,Plena Noite,Crescente,Céu Claro,Simples,Reta,Não,3,2,0,0,1,0,0,3,"-7,630156","-36,849079",SPRF-PB,DEL02-PB,UOP02-DEL02-PB
477850.0,2022-09-30,sexta-feira,21:40:00,PB,230,12,CABEDELO,Acessar a via sem observar a presença dos outros veículos,Colisão transversal,Com Vítimas Feridas,Plena Noite,Decrescente,Céu Claro,Dupla,Reta,Sim,2,0,1,0,1,0,1,2,"-7,068","-34,85",SPRF-PB,DEL01-PB,UOP01-DEL01-PB
477977.0,2022-10-01,sábado,12:55:00,PB,230,17,JOAO PESSOA,Frear bruscamente,Tombamento,Com Vítimas Feridas,Pleno dia,Decrescente,Sol,Dupla,Retorno Regulamentado,Sim,2,0,0,2,0,0,2,1,"-7,11635208","-34,84204865",SPRF-PB,DEL01-PB,UOP01-DEL01-PB
478004.0,2022-10-01,sábado,15:34:00,PB,230,52,CRUZ DO ESPIRITO SANTO,Condutor deixou de manter distância do veículo da frente,Colisão lateral mesmo sentido,Com Vítimas Feridas,Pleno dia,Crescente,Sol,Dupla,Reta,Não,2,0,1,0,0,1,1,2,"-7,1951","-35,0691",SPRF-PB,DEL01-PB,UOP03-DEL01-PB
478005.0,2022-10-01,sábado,15:32:00,PB,230,"51,9",CRUZ DO ESPIRITO SANTO,Condutor Dormindo,Capotamento,Com Vítimas Feridas,Pleno dia,Decrescente,Céu Claro,Dupla,Reta,Não,4,0,4,0,0,0,4,1,"-7,1897","-35,0615",SPRF-PB,DEL01-PB,UOP03-DEL01-PB
478024.0,2022-10-01,sábado,17:46:00,PB,101,"85,9",BAYEUX,Manobra de mudança de faixa,Colisão lateral mesmo sentido,Com Vítimas Feridas,Anoitecer,Crescente,Céu Claro,Dupla,Reta,Sim,2,0,1,1,0,0,2,2,"-7,14538184","-34,91662887",SPRF-PB,DEL01-PB,UOP01-DEL01-PB
478122.0,2022-10-02,domingo,04:00:00,PB,230,136,CAMPINA GRANDE,Condutor Dormindo,Saída de leito carroçável,Com Vítimas Feridas,Plena Noite,Decrescente,Céu Claro,Dupla,Declive,Não,1,0,0,1,0,0,1,1,"-7,2818","-35,7675",SPRF-PB,DEL02-PB,UOP01-DEL02-PB
478142.0,2022-10-02,domingo,06:30:00,PB,230,"341,9",PATOS,Ingestão de álcool pelo condutor,Saída de leito carroçável,Com Vítimas Feridas,Pleno dia,Crescente,Céu Claro,Simples,Reta,Não,1,0,0,1,0,0,1,1,"-6,9895","-37,3234",SPRF-PB,DEL03-PB,UOP01-DEL03-PB
478144.0,2022-10-02,domingo,08:05:00,PB,230,8,CABEDELO,Animais na Pista,Colisão traseira,Com Vítimas Feridas,Pleno dia,Decrescente,Garoa/Chuvisco,Dupla,Reta;Em Obras,Sim,2,0,0,1,1,0,1,2,"-7,03136549","-34,84084368",SPRF-PB,DEL01-PB,UOP01-DEL01-PB
478176.0,2022-10-02,domingo,12:40:00,PB,230,28,JOAO PESSOA,Trafegar com motocicleta (ou similar) entre as faixas,Colisão traseira,Com Vítimas Feridas,Pleno dia,Decrescente,Nublado,Múltipla,Viaduto,Sim,3,0,2,0,1,0,2,2,"-7,16623845","-34,89758751",SPRF-PB,DEL01-PB,UOP01-DEL01-PB
478185.0,2022-10-02,domingo,12:43:00,PB,101,"88,9",JOAO PESSOA,Reação tardia ou ineficiente do condutor,Colisão traseira,Com Vítimas Feridas,Pleno dia,Decrescente,Sol,Dupla,Declive;Reta,Sim,2,0,1,0,1,0,1,2,"-7,16470016","-34,89993643",SPRF-PB,DEL01-PB,UOP02-DEL01-PB
478216.0,2022-10-02,domingo,07:38:00,PB,230,"143,9",CAMPINA GRANDE,Reação tardia ou ineficiente do condutor,Tombamento,Com Vítimas Feridas,Pleno dia,Crescente,Céu Claro,Dupla,Reta,Sim,2,0,2,0,0,0,2,1,"-7,2557","-35,8223",SPRF-PB,DEL02-PB,UOP01-DEL02-PB
478291.0,2022-10-02,domingo,23:03:00,PB,101,43,MAMANGUAPE,Reação tardia ou ineficiente do condutor,Saída de leito carroçável,Sem Vítimas,Plena Noite,Decrescente,Céu Claro,Dupla,Declive,Não,1,0,0,0,0,1,0,1,"-6,865561","-35,133374",SPRF-PB,DEL01-PB,UOP04-DEL01-PB
478340.0,2022-10-03,segunda-feira,06:20:00,PB,230,124,RIACHAO DO BACAMARTE,Condutor Dormindo,Saída de leito carroçável,Com Vítimas Feridas,Pleno dia,Crescente,Céu Claro,Dupla,Aclive,Não,3,0,1,0,2,0,1,1,"-7,2465","-35,6751",SPRF-PB,DEL02-PB,UOP01-DEL02-PB
478385.0,2022-10-03,segunda-feira,10:35:00,PB,230,54,CRUZ DO ESPIRITO SANTO,Ausência de reação do condutor,Saída de leito carroçável,Com Vítimas Feridas,Pleno dia,Decrescente,Sol,Dupla,Reta,Não,1,0,1,0,0,0,1,1,"-7,2007","-35,0854",SPRF-PB,DEL01-PB,UOP03-DEL01-PB
478397.0,2022-10-03,segunda-feira,11:50:00,PB,230,"77,9",RIACHAO DO POCO,Velocidade Incompatível,Saída de leito carroçável,Com Vítimas Feridas,Pleno dia,Decrescente,Céu Claro,Dupla,Reta,Não,2,0,2,0,0,0,2,1,"-7,1869","-35,2871",SPRF-PB,DEL01-PB,UOP03-DEL01-PB
478446.0,2022-10-03,segunda-feira,15:40:00,PB,101,75,SANTA RITA,Avarias e/ou desgaste excessivo no pneu,Saída de leito carroçável,Sem Vítimas,Pleno dia,Crescente,Céu Claro,Dupla,Curva,Não,1,0,0,0,1,0,0,1,"-7,0834229551","-34,9720239949",SPRF-PB,DEL01-PB,UOP04-DEL01-PB
478517.0,2022-10-04,terça-feira,00:45:00,PB,101,"110,8",ALHANDRA,Reação tardia ou ineficiente do condutor,Saída de leito carroçável,Com Vítimas Feridas,Plena Noite,Decrescente,Céu Claro,Dupla,Retorno Regulamentado,Não,1,0,0,1,0,0,1,1,"-7,35255626","-34,94940909",SPRF-PB,DEL01-PB,UOP02-DEL01-PB
478529.0,2022-10-04,terça-feira,05:35:00,PB,230,333,PATOS,Animais na Pista,Atropelamento de Animal,Com Vítimas Feridas,Pleno dia,Decrescente,Céu Claro,Simples,Reta,Não,1,0,0,1,0,0,1,1,"-7,0193","-37,2493",SPRF-PB,DEL03-PB,UOP01-DEL03-PB
478578.0,2022-10-04,terça-feira,10:05:00,PB,230,"83,2",CALDAS BRANDAO,Manobra de mudança de faixa,Atropelamento de Pedestre,Com Vítimas Feridas,Pleno dia,Decrescente,Céu Claro,Simples,Ponte;Reta,Sim,2,0,0,1,0,1,1,2,"-7,1669","-35,3355",SPRF-PB,DEL01-PB,UOP03-DEL01-PB
478616.0,2022-10-04,terça-feira,15:45:00,PB,361,"3,8",PATOS,Ausência de reação do condutor,Tombamento,Com Vítimas Feridas,Pleno dia,Crescente,Céu Claro,Simples,Reta,Sim,1,0,0,1,0,0,1,1,"-7,03208047","-37,29365088",SPRF-PB,DEL03-PB,UOP01-DEL03-PB
478702.0,2022-10-05,quarta-feira,07:25:00,PB,101,87,JOAO PESSOA,Afundamento ou ondulação no pavimento,Tombamento,Com Vítimas Feridas,Amanhecer,Decrescente,Nublado,Dupla,Reta,Sim,1,0,1,0,0,0,1,1,"-7,16222016","-34,90303338",SPRF-PB,DEL01-PB,UOP01-DEL01-PB
478767.0,2022-10-05,quarta-feira,15:05:00,PB,230,24,JOAO PESSOA,Demais falhas mecânicas ou elétricas,Eventos atípicos,Sem Vítimas,Pleno dia,Crescente,Nublado,Múltipla,Reta;Viaduto;Aclive,Sim,2,0,0,0,2,0,0,2,"-7,16900088","-34,86500379",SPRF-PB,DEL01-PB,UOP01-DEL01-PB
478776.0,2022-10-05,quarta-feira,15:40:00,PB,230,0,PATOS,Ingestão de álcool pelo condutor,Colisão frontal,Com Vítimas Feridas,Pleno dia,Crescente,Céu Claro,Simples,Reta,Não,2,0,0,1,1,0,1,2,"-7,024862","-37,280304",SPRF-PB,DEL03-PB,UOP01-DEL03-PB
478793.0,2022-10-05,quarta-feira,18:00:00,PB,230,18,JOAO PESSOA,Ingestão de álcool pelo condutor,Colisão traseira,Sem Vítimas,Plena Noite,Decrescente,Céu Claro,Dupla,Reta;Aclive,Sim,2,0,0,0,2,0,0,2,"-7,1198","-34,8453",SPRF-PB,DEL01-PB,UOP01-DEL01-PB
478808.0,2022-10-05,quarta-feira,17:40:00,PB,405,"20,9",UIRAUNA,Transitar na contramão,Colisão frontal,Com Vítimas Fatais,Anoitecer,Crescente,Céu Claro,Simples,Reta,Não,2,2,0,0,0,0,0,2,"-6,618517","-38,416306",SPRF-PB,DEL03-PB,UOP03-DEL03-PB
478821.0,2022-10-05,quarta-feira,20:25:00,PB,101,85,BAYEUX,Ausência de reação do condutor,Colisão traseira,Com Vítimas Fatais,Plena Noite,Crescente,Chuva,Dupla,Reta,Sim,8,1,1,0,6,0,1,4,"-7,14538184","-34,91662887",SPRF-PB,DEL01-PB,UOP01-DEL01-PB
478866.0,2022-10-06,quinta-feira,06:00:00,PB,101,89,JOAO PESSOA,Acessar a via sem observar a presença dos outros veículos,Colisão transversal,Com Vítimas Feridas,Pleno dia,Crescente,Garoa/Chuvisco,Múltipla,Interseção de Vias;Reta;Retorno Regulamentado,Sim,2,0,2,0,0,0,2,2,"-7,179652","-34,900417",SPRF-PB,DEL01-PB,UOP02-DEL01-PB
478905.0,2022-10-06,quinta-feira,10:00:00,PB,230,13,CABEDELO,Ausência de reação do condutor,Colisão traseira,Com Vítimas Feridas,Pleno dia,Crescente,Céu Claro,Dupla,Reta,Sim,4,0,1,0,3,0,1,3,"-7,08081284","-34,8491478",SPRF-PB,DEL01-PB,UOP01-DEL01-PB
478930.0,2022-10-06,quinta-feira,15:14:00,PB,101,"96,7",CONDE,Velocidade Incompatível,Saída de leito carroçável,Com Vítimas Feridas,Pleno dia,Crescente,Sol,Dupla,Reta,Não,1,0,0,1,0,0,1,1,"-7,230921","-34,921149",SPRF-PB,DEL01-PB,UOP02-DEL01-PB
478942.0,2022-10-06,quinta-feira,13:30:00,PB,230,25,JOAO PESSOA,Ausência de reação do condutor,Colisão lateral mesmo sentido,Com Vítimas Feridas,Pleno dia,Decrescente,Céu Claro,Dupla,Declive,Não,3,0,1,0,2,0,1,2,"-7,1707","-34,8684",SPRF-PB,DEL01-PB,UOP01-DEL01-PB
478962.0,2022-10-06,quinta-feira,17:00:00,PB,230,334,PATOS,Acessar a via sem observar a presença dos outros veículos,Colisão transversal,Com Vítimas Feridas,Anoitecer,Decrescente,Céu Claro,Simples,Reta,Sim,2,0,1,0,1,0,1,2,"-7,018","-37,2589",SPRF-PB,DEL03-PB,UOP01-DEL03-PB
478968.0,2022-10-06,quinta-feira,14:30:00,PB,412,"12,6",BOA VISTA,Mal súbito do condutor,Colisão com objeto,Com Vítimas Fatais,Pleno dia,Crescente,Céu Claro,Simples,Aclive;Reta,Não,1,1,0,0,0,0,0,1,"-7,226268","-36,18747",SPRF-PB,DEL02-PB,UOP02-DEL02-PB
479047.0,2022-10-07,sexta-feira,01:03:00,PB,230,20,JOAO PESSOA,Reação tardia ou ineficiente do condutor,Tombamento,Com Vítimas Feridas,Plena Noite,Crescente,Chuva,Dupla,Reta,Sim,1,0,0,1,0,0,1,1,"-7,1337","-34,8544",SPRF-PB,DEL01-PB,UOP01-DEL01-PB
479080.0,2022-10-07,sexta-feira,07:20:00,PB,230,"156,1",CAMPINA GRANDE,Demais falhas mecânicas ou elétricas,Tombamento,Com Vítimas Feridas,Pleno dia,Decrescente,Céu Claro,Simples,Reta,Sim,2,0,2,0,0,0,2,1,"-7,2693","-35,9138",SPRF-PB,DEL02-PB,UOP01-DEL02-PB
479081.0,2022-10-07,sexta-feira,06:45:00,PB,230,"72,3",SOBRADO,Condutor Dormindo,Saída de leito carroçável,Com Vítimas Feridas,Pleno dia,Crescente,Céu Claro,Dupla,Reta;Em Obras,Não,1,0,1,0,0,0,1,1,"-7,1907","-35,2418",SPRF-PB,DEL01-PB,UOP03-DEL01-PB
479102.0,2022-10-07,sexta-feira,09:25:00,PB,101,"82,5",BAYEUX,Condutor deixou de manter distância do veículo da frente,Colisão traseira,Sem Vítimas,Pleno dia,Crescente,Nublado,Dupla,Declive;Viaduto,Sim,4,0,0,0,4,0,0,4,"-7,12911","-34,93714",SPRF-PB,DEL01-PB,UOP01-DEL01-PB
479134.0,2022-10-07,sexta-feira,11:20:00,PB,230,"85,8",GURINHEM,Velocidade Incompatível,Saída de leito carroçável,Com Vítimas Feridas,Pleno dia,Decrescente,Céu Claro,Dupla,Reta,Não,2,0,1,0,1,0,1,1,"-7,1689","-35,3743",SPRF-PB,DEL01-PB,UOP03-DEL01-PB
479138.0,2022-10-07,sexta-feira,12:00:00,PB,104,"141,5",QUEIMADAS,Acessar a via sem observar a presença dos outros veículos,Colisão transversal,Com Vítimas Feridas,Pleno dia,Crescente,Sol,Simples,Curva,Não,2,0,0,1,1,0,1,2,"-7,384918","-35,895571",SPRF-PB,DEL02-PB,UOP03-DEL02-PB
479179.0,2022-10-07,sexta-feira,14:56:00,PB,230,9,CABEDELO,Ingestão de álcool pelo condutor,Colisão transversal,Com Vítimas Feridas,Pleno dia,Crescente,Sol,Simples,Reta,Sim,2,0,1,0,1,0,1,2,"-7,0433","-34,8466",SPRF-PB,DEL01-PB,UOP01-DEL01-PB
479228.0,2022-10-07,sexta-feira,17:55:00,PB,230,106,INGA,Manobra de mudança de faixa,Colisão transversal,Com Vítimas Feridas,Plena Noite,Decrescente,Céu Claro,Dupla,Curva,Não,4,0,2,0,2,0,2,2,"-7,2044612","-35,53729534",SPRF-PB,DEL01-PB,UOP03-DEL01-PB
479388.0,2022-10-08,sábado,10:25:00,PB,230,20,JOAO PESSOA,Ausência de reação do condutor,Colisão traseira,Com Vítimas Feridas,Pleno dia,Decrescente,Sol,Dupla,Reta,Sim,2,0,1,0,1,0,1,2,"-7,13825641","-34,85289314",SPRF-PB,DEL01-PB,UOP01-DEL01-PB
479462.0,2022-10-08,sábado,15:45:00,PB,104,"113,9",LAGOA SECA,Ultrapassagem Indevida,Colisão lateral mesmo sentido,Com Vítimas Feridas,Pleno dia,Decrescente,Céu Claro,Simples,Declive,Sim,2,0,1,0,1,0,1,2,"-7,15342626","-35,85241772",SPRF-PB,DEL02-PB,UOP04-DEL02-PB
479542.0,2022-10-09,domingo,00:50:00,PB,230,"26,3",JOAO PESSOA,Transitar no acostamento,Atropelamento de Pedestre,Com Vítimas Fatais,Plena Noite,Crescente,Céu Claro,Dupla,Reta,Sim,3,1,0,1,0,1,1,2,"-7,16674747","-34,88721371",SPRF-PB,DEL01-PB,UOP01-DEL01-PB
479567.0,2022-10-09,domingo,05:00:00,PB,230,"292,4",SANTA LUZIA,Condutor deixou de manter distância do veículo da frente,Colisão traseira,Sem Vítimas,Amanhecer,Decrescente,Céu Claro,Simples,Reta,Sim,2,0,0,0,2,0,0,2,"-6,8684","-36,9222",SPRF-PB,DEL03-PB,UOP01-DEL03-PB
479577.0,2022-10-09,domingo,06:08:00,PB,101,"69,3",SANTA RITA,Ausência de reação do condutor,Colisão traseira,Com Vítimas Feridas,Pleno dia,Crescente,Céu Claro,Dupla,Reta,Não,2,0,0,1,0,1,1,2,"-7,06071589","-35,01964495",SPRF-PB,DEL01-PB,UOP04-DEL01-PB
479702.0,2022-10-09,domingo,17:50:00,PB,230,"473,1",SOUSA,Ausência de reação do condutor,Queda de ocupante de veículo,Com Vítimas Fatais,Anoitecer,Decrescente,Céu Claro,Simples,Reta,Não,2,1,0,1,0,0,1,2,"-6,805","-38,3055",SPRF-PB,DEL03-PB,UOP03-DEL03-PB
479746.0,2022-10-09,domingo,20:40:00,PB,230,"3,8",CABEDELO,Ausência de sinalização,Colisão com objeto,Com Vítimas Feridas,Plena Noite,Decrescente,Céu Claro,Dupla,Reta;Em Obras;Viaduto,Sim,2,0,1,1,0,0,2,1,"-7,00180196","-34,82840773",SPRF-PB,DEL01-PB,UOP01-DEL01-PB
479814.0,2022-10-10,segunda-feira,08:00:00,PB,101,102,ALHANDRA,Demais falhas mecânicas ou elétricas,Colisão traseira,Com Vítimas Feridas,Pleno dia,Decrescente,Céu Claro,Dupla,Reta,Sim,4,0,2,0,2,0,2,2,"-7,28265304","-34,9393864",SPRF-PB,DEL01-PB,UOP02-DEL01-PB
479820.0,2022-10-10,segunda-feira,07:41:00,PB,101,"2,8",MATARACA,Ausência de reação do condutor,Queda de ocupante de veículo,Com Vítimas Feridas,Pleno dia,Decrescente,Nublado,Dupla,Reta,Não,2,0,1,0,1,0,1,1,"-6,52300095","-35,11348121",SPRF-PB,DEL01-PB,UOP04-DEL01-PB
479830.0,2022-10-10,segunda-feira,08:04:00,PB,230,"115,5",INGA,Velocidade Incompatível,Colisão com objeto,Sem Vítimas,Pleno dia,Crescente,Garoa/Chuvisco,Dupla,Curva,Não,1,0,0,0,1,0,0,1,"-7,2296","-35,5998",SPRF-PB,DEL01-PB,UOP03-DEL01-PB
479862.0,2022-10-10,segunda-feira,13:49:00,PB,230,13,JOAO PESSOA,Trafegar com motocicleta (ou similar) entre as faixas,Colisão lateral mesmo sentido,Com Vítimas Feridas,Pleno dia,Decrescente,Céu Claro,Dupla,Reta,Sim,3,0,0,1,2,0,1,3,"-7,0772","-34,8494",SPRF-PB,DEL01-PB,UOP01-DEL01-PB
479866.0,2022-10-10,segunda-feira,13:15:00,PB,230,"327,6",PATOS,Velocidade Incompatível,Saída de leito carroçável,Com Vítimas Feridas,Pleno dia,Crescente,Sol,Simples,Reta,Não,3,0,2,0,1,0,2,1,"-7,0001","-37,203",SPRF-PB,DEL03-PB,UOP01-DEL03-PB
479911.0,2022-10-10,segunda-feira,17:35:00,PB,101,39,MAMANGUAPE,Conversão proibida,Colisão transversal,Com Vítimas Feridas,Plena Noite,Decrescente,Céu Claro,Simples,Reta,Sim,3,0,1,1,1,0,2,2,"-6,839063","-35,13622",SPRF-PB,DEL01-PB,UOP04-DEL01-PB
479926.0,2022-10-10,segunda-feira,18:43:00,PB,230,"61,3",CRUZ DO ESPIRITO SANTO,Pedestre andava na pista,Atropelamento de Pedestre,Com Vítimas Feridas,Plena Noite,Crescente,Céu Claro,Dupla,Declive,Não,2,0,0,1,0,1,1,2,"-7,2055","-35,148",SPRF-PB,DEL01-PB,UOP03-DEL01-PB
479982.0,2022-10-11,terça-feira,07:10:00,PB,101,"89,7",JOAO PESSOA,Acessar a via sem observar a presença dos outros veículos,Colisão transversal,Com Vítimas Feridas,Pleno dia,Crescente,Céu Claro,Dupla,Retorno Regulamentado;Interseção de Vias;Reta;Declive,Sim,3,0,2,1,0,0,3,2,"-7,18102221","-34,90088224",SPRF-PB,DEL01-PB,UOP02-DEL01-PB
480036.0,2022-10-11,terça-feira,13:10:00,PB,230,"65,8",SAO MIGUEL DE TAIPU,Mal súbito do condutor,Saída de leito carroçável,Com Vítimas Feridas,Pleno dia,Crescente,Céu Claro,Dupla,Reta,Não,1,0,1,0,0,0,1,1,"-7,18523749","-35,19529223",SPRF-PB,DEL01-PB,UOP03-DEL01-PB
480067.0,2022-10-11,terça-feira,17:45:00,PB,104,131,CAMPINA GRANDE,Acostamento em desnível,Tombamento,Com Vítimas Feridas,Anoitecer,Decrescente,Céu Claro,Simples,Reta,Sim,1,0,1,0,0,0,1,1,"-7,29900408","-35,89187256",SPRF-PB,DEL02-PB,UOP03-DEL02-PB
480107.0,2022-10-11,terça-feira,20:00:00,PB,101,"86,9",JOAO PESSOA,Entrada inopinada do pedestre,Atropelamento de Pedestre,Com Vítimas Fatais,Plena Noite,Crescente,Nublado,Dupla,Reta,Sim,3,1,0,0,1,1,0,2,"-7,15886802","-34,90628504",SPRF-PB,DEL01-PB,UOP01-DEL01-PB
480186.0,2022-10-12,quarta-feira,02:00:00,PB,230,508,CAJAZEIRAS,Acessar a via sem observar a presença dos outros veículos,Saída de leito carroçável,Com Vítimas Feridas,Plena Noite,Crescente,Céu Claro,Simples,Curva,Não,1,0,0,1,0,0,1,1,"-6,8931","-38,5804",SPRF-PB,DEL03-PB,UOP03-DEL03-PB
480201.0,2022-10-12,quarta-feira,09:20:00,PB,101,"105,7",ALHANDRA,Condutor deixou de manter distância do veículo da frente,Colisão lateral mesmo sentido,Com Vítimas Feridas,Pleno dia,Decrescente,Céu Claro,Dupla,Curva,Não,2,0,1,0,1,0,1,2,"-7,30814609","-34,94344185",SPRF-PB,DEL01-PB,UOP02-DEL01-PB
480257.0,2022-10-12,quarta-feira,17:20:00,PB,101,82,SANTA RITA,Manobra de mudança de faixa,Colisão lateral mesmo sentido,Sem Vítimas,Anoitecer,Decrescente,Céu Claro,Dupla,Reta,Sim,2,0,0,0,1,1,0,2,"-7,12508575","-34,94513217",SPRF-PB,DEL01-PB,UOP01-DEL01-PB
480263.0,2022-10-12,quarta-feira,16:45:00,PB,230,16,JOAO PESSOA,Reação tardia ou ineficiente do condutor,Engavetamento,Com Vítimas Feridas,Pleno dia,Crescente,Céu Claro,Dupla,Reta,Sim,7,0,1,0,6,0,1,4,"-7,1121","-34,8426",SPRF-PB,DEL01-PB,UOP01-DEL01-PB
480383.0,2022-10-13,quinta-feira,11:20:00,PB,230,"26,7",JOAO PESSOA,Reação tardia ou ineficiente do condutor,Colisão lateral mesmo sentido,Com Vítimas Feridas,Pleno dia,Crescente,Céu Claro,Dupla,Curva,Sim,3,0,1,0,1,1,1,3,"-7,1693","-34,8782",SPRF-PB,DEL01-PB,UOP01-DEL01-PB
480418.0,2022-10-13,quinta-feira,15:20:00,PB,101,95,CONDE,Ausência de reação do condutor,Colisão traseira,Sem Vítimas,Pleno dia,Crescente,Céu Claro,Dupla,Reta;Declive,Sim,2,0,0,0,2,0,0,2,"-7,22379403","-34,91488195",SPRF-PB,DEL01-PB,UOP02-DEL01-PB