id,data_inversa,dia_semana,horario,uf,br,km,municipio,causa_acidente,tipo_acidente,classificacao_acidente,fase_dia,sentido_via,condicao_metereologica,tipo_pista,tracado_via,uso_solo,pessoas,mortos,feridos_leves,feridos_graves,ilesos,ignorados,feridos,veiculos,latitude,longitude,regional,delegacia,uop
480430.0,2022-10-13,quinta-feira,06:56:00,PB,230,18,JOAO PESSOA,Avarias e/ou desgaste excessivo no pneu,Tombamento,Com Vítimas Feridas,Amanhecer,Decrescente,Sol,Dupla,Curva;Declive,Sim,2,0,1,1,0,0,2,1,"-7,12811175","-34,84634634",SPRF-PB,DEL01-PB,UOP01-DEL01-PB
480513.0,2022-10-14,sexta-feira,07:55:00,PB,230,21,JOAO PESSOA,Reação tardia ou ineficiente do condutor,Colisão lateral mesmo sentido,Com Vítimas Feridas,Pleno dia,Decrescente,Céu Claro,Dupla,Curva,Sim,3,0,1,0,2,0,1,2,"-7,1415","-34,8519",SPRF-PB,DEL01-PB,UOP01-DEL01-PB
480539.0,2022-10-14,sexta-feira,09:45:00,PB,230,14,CABEDELO,Acessar a via sem observar a presença dos outros veículos,Colisão lateral mesmo sentido,Com Vítimas Feridas,Pleno dia,Crescente,Céu Claro,Simples,Interseção de Vias;Reta,Sim,2,0,1,0,1,0,1,2,"-7,0844","-34,8488",SPRF-PB,DEL01-PB,UOP01-DEL01-PB
480627.0,2022-10-14,sexta-feira,10:00:00,PB,361,4,PATOS,Acessar a via sem observar a presença dos outros veículos,Colisão transversal,Sem Vítimas,Pleno dia,Crescente,Sol,Simples,Reta,Sim,2,0,0,0,2,0,0,2,"-7,03208047","-37,29365088",SPRF-PB,DEL03-PB,UOP01-DEL03-PB
480738.0,2022-10-15,sábado,07:40:00,PB,230,"152,7",CAMPINA GRANDE,Ausência de reação do condutor,Colisão transversal,Com Vítimas Feridas,Amanhecer,Decrescente,Céu Claro,Simples,Curva,Sim,2,0,1,0,1,0,1,2,"-7,2688","-35,8837",SPRF-PB,DEL02-PB,UOP01-DEL02-PB
480885.0,2022-10-15,sábado,20:05:00,PB,230,"17,6",JOAO PESSOA,Reação tardia ou ineficiente do condutor,Colisão com objeto,Com Vítimas Feridas,Plena Noite,Decrescente,Céu Claro,Dupla,Curva,Sim,1,0,0,1,0,0,1,1,"-7,1121","-34,8426",SPRF-PB,DEL01-PB,UOP01-DEL01-PB
480956.0,2022-10-16,domingo,04:00:00,PB,101,"97,4",CONDE,Ausência de reação do condutor,Colisão traseira,Com Vítimas Feridas,Amanhecer,Decrescente,Nublado,Dupla,Reta,Não,5,0,3,0,1,1,3,2,"-7,23846306","-34,9268519",SPRF-PB,DEL01-PB,UOP02-DEL01-PB
480965.0,2022-10-16,domingo,05:20:00,PB,230,21,JOAO PESSOA,Reação tardia ou ineficiente do condutor,Tombamento,Com Vítimas Feridas,Pleno dia,Crescente,Nublado,Dupla,Reta,Sim,2,0,2,0,0,0,2,1,"-7,1415","-34,8519",SPRF-PB,DEL01-PB,UOP01-DEL01-PB
480989.0,2022-10-16,domingo,07:35:00,PB,230,"122,5",RIACHAO DO BACAMARTE,Ausência de reação do condutor,Colisão traseira,Com Vítimas Fatais,Pleno dia,Decrescente,Céu Claro,Simples,Curva,Sim,2,1,0,0,0,1,0,2,"-7,25481245","-35,66720959",SPRF-PB,DEL02-PB,UOP01-DEL02-PB
481030.0,2022-10-16,domingo,13:17:00,PB,230,"19,6",JOAO PESSOA,Ausência de reação do condutor,Capotamento,Com Vítimas Feridas,Pleno dia,Decrescente,Sol,Dupla,Curva,Sim,2,0,1,0,1,0,1,1,"-7,1281","-34,8466",SPRF-PB,DEL01-PB,UOP01-DEL01-PB
481122.0,2022-10-16,domingo,19:20:00,PB,230,"172,4",CAMPINA GRANDE,Pedestre cruzava a pista fora da faixa,Atropelamento de Pedestre,Com Vítimas Fatais,Plena Noite,Decrescente,Céu Claro,Simples,Aclive;Reta,Não,2,1,0,0,1,0,0,2,"-7,1798","-36,0027",SPRF-PB,DEL02-PB,UOP02-DEL02-PB
481123.0,2022-10-16,domingo,18:45:00,PB,230,"121,7",RIACHAO DO BACAMARTE,Transitar na contramão,Colisão frontal,Com Vítimas Fatais,Plena Noite,Crescente,Céu Claro,Dupla,Reta,Sim,2,1,1,0,0,0,1,2,"-7,24717","-35,661323",SPRF-PB,DEL02-PB,UOP01-DEL02-PB
481147.0,2022-10-16,domingo,21:50:00,PB,361,6,PATOS,Animais na Pista,Atropelamento de Animal,Com Vítimas Fatais,Plena Noite,Decrescente,Céu Claro,Simples,Reta,Sim,2,1,0,1,0,0,1,1,"-7,03594312","-37,31112598",SPRF-PB,DEL03-PB,UOP01-DEL03-PB
481220.0,2022-10-02,domingo,13:05:00,PB,230,8,CABEDELO,Reação tardia ou ineficiente do condutor,Colisão traseira,Com Vítimas Feridas,Pleno dia,Decrescente,Céu Claro,Dupla,Reta,Não,2,0,0,1,1,0,1,2,"-7,0355","-34,8429",SPRF-PB,DEL01-PB,UOP01-DEL01-PB
481434.0,2022-10-18,terça-feira,14:30:00,PB,101,"78,1",SANTA RITA,Transitar no acostamento,Colisão traseira,Com Vítimas Feridas,Pleno dia,Crescente,Garoa/Chuvisco,Dupla,Reta,Não,2,0,1,0,1,0,1,2,"-7,10808295","-34,96293885",SPRF-PB,DEL01-PB,UOP04-DEL01-PB
481481.0,2022-09-18,domingo,18:20:00,PB,101,89,JOAO PESSOA,Afundamento ou ondulação no pavimento,Tombamento,Com Vítimas Feridas,Plena Noite,Decrescente,Ignorado,Múltipla,Interseção de Vias,Sim,1,0,1,0,0,0,1,1,"-7,1710694","-34,89765372",SPRF-PB,DEL01-PB,UOP02-DEL01-PB
481510.0,2022-10-19,quarta-feira,04:30:00,PB,230,"27,6",JOAO PESSOA,Reação tardia ou ineficiente do condutor,Saída de leito carroçável,Com Vítimas Feridas,Amanhecer,Crescente,Céu Claro,Dupla,Curva,Sim,2,0,0,2,0,0,2,1,"-7,1677","-34,8855",SPRF-PB,DEL01-PB,UOP01-DEL01-PB
481525.0,2022-10-19,quarta-feira,07:20:00,PB,230,"147,2",CAMPINA GRANDE,Acumulo de areia ou detritos sobre o pavimento,Queda de ocupante de veículo,Com Vítimas Feridas,Pleno dia,Crescente,Céu Claro,Dupla,Aclive,Sim,1,0,1,0,0,0,1,1,"-7,239874","-35,861891",SPRF-PB,DEL02-PB,UOP01-DEL02-PB
481568.0,2022-10-19,quarta-feira,12:00:00,PB,101,34,MAMANGUAPE,Acesso irregular,Colisão transversal,Com Vítimas Feridas,Pleno dia,Crescente,Céu Claro,Dupla,Reta,Não,2,0,2,0,0,0,2,2,"-6,7853389089","-35,1342813062",SPRF-PB,DEL01-PB,UOP04-DEL01-PB
481594.0,2022-10-19,quarta-feira,15:30:00,PB,230,338,PATOS,Acessar a via sem observar a presença dos outros veículos,Colisão transversal,Com Vítimas Feridas,Pleno dia,Crescente,Céu Claro,Simples,Reta,Sim,3,0,0,2,1,0,2,2,"-7,007","-37,2906",SPRF-PB,DEL03-PB,UOP01-DEL03-PB
481625.0,2022-10-19,quarta-feira,18:50:00,PB,230,285,SANTA LUZIA,Acessar a via sem observar a presença dos outros veículos,Colisão transversal,Com Vítimas Fatais,Plena Noite,Crescente,Céu Claro,Simples,Reta,Não,50,1,0,0,49,0,0,2,"-6,9031","-36,872",SPRF-PB,DEL03-PB,UOP01-DEL03-PB
481709.0,2022-10-20,quinta-feira,08:30:00,PB,101,15,MAMANGUAPE,Acessar a via sem observar a presença dos outros veículos,Colisão transversal,Com Vítimas Feridas,Pleno dia,Decrescente,Céu Claro,Dupla,Reta,Não,2,0,1,0,1,0,1,2,"-6,62207781","-35,13047486",SPRF-PB,DEL01-PB,UOP04-DEL01-PB
481791.0,2022-10-20,quinta-feira,17:20:00,PB,230,12,CABEDELO,Reação tardia ou ineficiente do condutor,Atropelamento de Pedestre,Com Vítimas Feridas,Anoitecer,Crescente,Céu Claro,Dupla,Reta,Sim,4,0,0,1,1,2,1,2,"-7,068","-34,85",SPRF-PB,DEL01-PB,UOP01-DEL01-PB
481820.0,2022-10-20,quinta-feira,16:40:00,PB,230,445,APARECIDA,Ultrapassagem Indevida,Colisão transversal,Com Vítimas Feridas,Anoitecer,Crescente,Céu Claro,Simples,Reta,Sim,2,0,0,1,1,0,1,2,"-6,7856","-38,0652",SPRF-PB,DEL03-PB,UOP03-DEL03-PB
481852.0,2022-10-20,quinta-feira,20:30:00,PB,230,459,SOUSA,Reação tardia ou ineficiente do condutor,Tombamento,Com Vítimas Feridas,Plena Noite,Decrescente,Céu Claro,Simples,Reta,Não,1,0,0,1,0,0,1,1,"-6,7762","-38,1899",SPRF-PB,DEL03-PB,UOP03-DEL03-PB
481898.0,2022-10-21,sexta-feira,05:40:00,PB,230,324,QUIXABA,Demais falhas mecânicas ou elétricas,Tombamento,Com Vítimas Feridas,Amanhecer,Crescente,Céu Claro,Simples,Reta,Não,1,0,0,1,0,0,1,1,"-6,9868","-37,1796",SPRF-PB,DEL03-PB,UOP01-DEL03-PB
481917.0,2022-10-21,sexta-feira,08:20:00,PB,230,"5,6",CABEDELO,Ingestão de álcool pelo condutor,Colisão lateral mesmo sentido,Com Vítimas Feridas,Pleno dia,Crescente,Céu Claro,Dupla,Reta,Sim,2,0,1,0,1,0,1,2,"-7,015779","-34,833879",SPRF-PB,DEL01-PB,UOP01-DEL01-PB
481971.0,2022-10-21,sexta-feira,11:40:00,PB,230,"334,1",PATOS,Acessar a via sem observar a presença dos outros veículos,Colisão transversal,Com Vítimas Feridas,Pleno dia,Crescente,Céu Claro,Simples,Rotatória,Sim,4,0,0,1,2,1,1,2,"-7,018","-37,2589",SPRF-PB,DEL03-PB,UOP01-DEL03-PB
482013.0,2022-10-21,sexta-feira,15:00:00,PB,230,20,JOAO PESSOA,Ausência de reação do condutor,Queda de ocupante de veículo,Com Vítimas Feridas,Pleno dia,Crescente,Céu Claro,Simples,Reta,Não,2,0,1,1,0,0,2,1,"-7,14634452","-34,85077612",SPRF-PB,DEL01-PB,UOP01-DEL01-PB
482022.0,2022-10-21,sexta-feira,15:25:00,PB,101,82,BAYEUX,Reação tardia ou ineficiente do condutor,Engavetamento,Com Vítimas Feridas,Pleno dia,Crescente,Céu Claro,Dupla,Viaduto,Sim,4,0,1,0,3,0,1,3,"-7,12911","-34,93714",SPRF-PB,DEL01-PB,UOP01-DEL01-PB
482118.0,2022-10-21,sexta-feira,23:30:00,PB,230,35,SANTA RITA,Acumulo de óleo sobre o pavimento,Tombamento,Com Vítimas Feridas,Plena Noite,Crescente,Céu Claro,Dupla,Curva,Sim,1,0,1,0,0,0,1,1,"-7,1268","-34,9412",SPRF-PB,DEL01-PB,UOP01-DEL01-PB
482226.0,2022-10-22,sábado,13:45:00,PB,230,154,CAMPINA GRANDE,Transitar na contramão,Colisão frontal,Com Vítimas Feridas,Pleno dia,Crescente,Céu Claro,Simples,Reta,Sim,2,0,1,0,1,0,1,2,"-7,2777","-35,8985",SPRF-PB,DEL02-PB,UOP01-DEL02-PB
482318.0,2022-10-22,sábado,22:27:00,PB,230,89,GURINHEM,Velocidade Incompatível,Colisão com objeto,Sem Vítimas,Plena Noite,Decrescente,Céu Claro,Dupla,Reta,Não,1,0,0,0,0,1,0,1,"-7,1708","-35,3831",SPRF-PB,DEL01-PB,UOP03-DEL01-PB
482337.0,2022-10-23,domingo,00:00:00,PB,230,"9,9",CABEDELO,Ingestão de álcool pelo condutor,Saída de leito carroçável,Com Vítimas Fatais,Plena Noite,Decrescente,Céu Claro,Dupla,Reta,Sim,1,1,0,0,0,0,0,1,"-7,0433","-34,8466",SPRF-PB,DEL01-PB,UOP01-DEL01-PB
482514.0,2022-10-23,domingo,17:28:00,PB,101,74,SANTA RITA,Acessar a via sem observar a presença dos outros veículos,Colisão lateral mesmo sentido,Sem Vítimas,Anoitecer,Crescente,Céu Claro,Dupla,Reta,Não,2,0,0,0,2,0,0,1,"-7,084621","-34,977943",SPRF-PB,DEL01-PB,UOP04-DEL01-PB
482549.0,2022-10-23,domingo,19:40:00,PB,230,"35,5",SANTA RITA,Acumulo de óleo sobre o pavimento,Tombamento,Com Vítimas Feridas,Plena Noite,Crescente,Céu Claro,Dupla,Reta,Não,5,0,2,0,2,1,2,4,"-7,1239738","-34,94630814",SPRF-PB,DEL01-PB,UOP01-DEL01-PB
482560.0,2022-10-23,domingo,19:20:00,PB,104,"112,4",LAGOA SECA,Avarias e/ou desgaste excessivo no pneu,Colisão com objeto,Com Vítimas Feridas,Plena Noite,Decrescente,Céu Claro,Simples,Reta,Não,3,0,2,0,1,0,2,1,"-7,1450288","-35,85692679",SPRF-PB,DEL02-PB,UOP04-DEL02-PB
482575.0,2022-10-23,domingo,20:45:00,PB,104,"139,5",QUEIMADAS,Ingestão de álcool pelo condutor,Colisão frontal,Com Vítimas Feridas,Plena Noite,Crescente,Céu Claro,Simples,Interseção de Vias,Sim,2,0,1,0,1,0,1,2,"-7,365564","-35,901331",SPRF-PB,DEL02-PB,UOP03-DEL02-PB
482590.0,2022-10-23,domingo,19:33:00,PB,101,"56,1",SANTA RITA,Velocidade Incompatível,Colisão com objeto,Sem Vítimas,Plena Noite,Crescente,Céu Claro,Dupla,Reta,Não,2,0,0,0,2,0,0,2,"-6,9698641774","-35,0820693367",SPRF-PB,DEL01-PB,UOP04-DEL01-PB
482626.0,2022-10-24,segunda-feira,05:48:00,PB,230,"112,8",INGA,Condutor Dormindo,Saída de leito carroçável,Com Vítimas Feridas,Amanhecer,Crescente,Céu Claro,Dupla,Retorno Regulamentado,Não,1,0,1,0,0,0,1,1,"-7,218","-35,596",SPRF-PB,DEL01-PB,UOP03-DEL01-PB
482750.0,2022-10-24,segunda-feira,18:26:00,PB,230,156,CAMPINA GRANDE,Ausência de reação do condutor,Colisão traseira,Com Vítimas Feridas,Plena Noite,Crescente,Céu Claro,Simples,Declive,Não,2,0,1,0,1,0,1,2,"-7,2693","-35,9138",SPRF-PB,DEL02-PB,UOP01-DEL02-PB
482758.0,2022-10-24,segunda-feira,17:45:00,PB,230,"156,1",CAMPINA GRANDE,Condutor deixou de manter distância do veículo da frente,Colisão traseira,Sem Vítimas,Anoitecer,Crescente,Céu Claro,Simples,Declive,Sim,3,0,0,0,2,1,0,3,"-7,2693","-35,9138",SPRF-PB,DEL02-PB,UOP01-DEL02-PB
482832.0,2022-10-25,terça-feira,07:01:00,PB,230,"27,8",JOAO PESSOA,Ausência de reação do condutor,Colisão traseira,Com Vítimas Feridas,Pleno dia,Crescente,Céu Claro,Dupla,Aclive;Viaduto;Reta,Sim,3,0,1,0,2,0,1,3,"-7,1651","-34,8941",SPRF-PB,DEL01-PB,UOP01-DEL01-PB
482864.0,2022-10-18,terça-feira,06:50:00,PB,230,"39,5",SANTA RITA,Reação tardia ou ineficiente do condutor,Colisão traseira,Com Vítimas Feridas,Pleno dia,Decrescente,Céu Claro,Dupla,Reta,Não,2,0,0,1,1,0,1,2,"-7,1381","-34,9707",SPRF-PB,DEL01-PB,UOP03-DEL01-PB
482887.0,2022-10-25,terça-feira,13:25:00,PB,230,17,JOAO PESSOA,Ausência de reação do condutor,Colisão traseira,Com Vítimas Feridas,Pleno dia,Crescente,Céu Claro,Dupla,Reta,Sim,2,0,1,0,1,0,1,2,"-7,1039","-34,8458",SPRF-PB,DEL01-PB,UOP01-DEL01-PB
482902.0,2022-10-25,terça-feira,11:43:00,PB,230,20,JOAO PESSOA,Demais falhas mecânicas ou elétricas,Colisão traseira,Com Vítimas Feridas,Pleno dia,Crescente,Céu Claro,Dupla,Reta,Sim,4,0,1,0,3,0,1,3,"-7,14192","-34,851813",SPRF-PB,DEL01-PB,UOP01-DEL01-PB
483033.0,2022-10-26,quarta-feira,08:30:00,PB,230,1,CABEDELO,Acessar a via sem observar a presença dos outros veículos,Colisão lateral mesmo sentido,Com Vítimas Feridas,Pleno dia,Crescente,Céu Claro,Simples,Reta,Sim,4,0,1,0,1,2,1,3,"-6,9753","-34,8318",SPRF-PB,DEL01-PB,UOP01-DEL01-PB
483057.0,2022-10-26,quarta-feira,12:45:00,PB,230,"335,6",PATOS,Acessar a via sem observar a presença dos outros veículos,Colisão lateral sentido oposto,Com Vítimas Feridas,Pleno dia,Crescente,Céu Claro,Simples,Reta,Sim,2,0,1,0,1,0,1,2,"-7,011189","-37,271152",SPRF-PB,DEL03-PB,UOP01-DEL03-PB
483067.0,2022-10-26,quarta-feira,10:30:00,PB,230,18,JOAO PESSOA,Reação tardia ou ineficiente do condutor,Colisão traseira,Com Vítimas Feridas,Pleno dia,Decrescente,Céu Claro,Dupla,Reta,Sim,2,0,1,0,1,0,1,2,"-7,1198","-34,8453",SPRF-PB,DEL01-PB,UOP01-DEL01-PB
483077.0,2022-10-26,quarta-feira,15:00:00,PB,230,"150,2",CAMPINA GRANDE,Ingestão de álcool pelo condutor,Tombamento,Com Vítimas Feridas,Pleno dia,Decrescente,Céu Claro,Simples,Curva,Sim,1,0,1,0,0,0,1,1,"-7,2515","-35,8724",SPRF-PB,DEL02-PB,UOP01-DEL02-PB
483173.0,2022-10-27,quinta-feira,06:56:00,PB,230,20,JOAO PESSOA,Trafegar com motocicleta (ou similar) entre as faixas,Tombamento,Com Vítimas Feridas,Pleno dia,Decrescente,Céu Claro,Dupla,Reta,Sim,1,0,1,0,0,0,1,1,"-7,1337","-34,8544",SPRF-PB,DEL01-PB,UOP01-DEL01-PB
483206.0,2022-10-27,quinta-feira,10:42:00,PB,101,82,BAYEUX,Ausência de reação do condutor,Colisão lateral mesmo sentido,Sem Vítimas,Plena Noite,Crescente,Céu Claro,Dupla,Reta,Sim,2,0,0,0,2,0,0,2,"-7,12911","-34,93714",SPRF-PB,DEL01-PB,UOP01-DEL01-PB
483250.0,2022-10-27,quinta-feira,16:00:00,PB,230,"407,2",POMBAL,Ausência de reação do condutor,Colisão traseira,Sem Vítimas,Pleno dia,Decrescente,Céu Claro,Simples,Reta,Sim,2,0,0,0,1,1,0,2,"-6,7733","-37,798",SPRF-PB,DEL03-PB,UOP02-DEL03-PB
483353.0,2022-10-28,sexta-feira,07:30:00,PB,101,85,BAYEUX,Reação tardia ou ineficiente do condutor,Tombamento,Com Vítimas Feridas,Pleno dia,Crescente,Céu Claro,Dupla,Reta,Sim,2,0,2,0,0,0,2,1,"-7,14538184","-34,91662887",SPRF-PB,DEL01-PB,UOP01-DEL01-PB
483361.0,2022-10-28,sexta-feira,07:50:00,PB,101,"89,6",JOAO PESSOA,Manobra de mudança de faixa,Colisão lateral mesmo sentido,Com Vítimas Feridas,Pleno dia,Decrescente,Céu Claro,Dupla,Reta,Sim,2,0,1,0,1,0,1,2,"-7,1710694","-34,89765372",SPRF-PB,DEL01-PB,UOP02-DEL01-PB
483563.0,2022-10-14,sexta-feira,08:05:00,PB,230,"158,7",CAMPINA GRANDE,Retorno proibido,Colisão transversal,Com Vítimas Feridas,Pleno dia,Crescente,Sol,Simples,Reta,Sim,2,0,1,0,1,0,1,2,"-7,257462","-35,927495",SPRF-PB,DEL02-PB,UOP01-DEL02-PB
483579.0,2022-10-29,sábado,09:20:00,PB,230,"15,9",JOAO PESSOA,Acesso irregular,Colisão traseira,Com Vítimas Feridas,Pleno dia,Decrescente,Céu Claro,Dupla,Declive;Curva,Sim,2,0,1,0,1,0,1,2,"-7,10636163","-34,8439109",SPRF-PB,DEL01-PB,UOP01-DEL01-PB
483628.0,2022-10-29,sábado,14:15:00,PB,230,"123,5",RIACHAO DO BACAMARTE,Pista esburacada,Queda de ocupante de veículo,Sem Vítimas,Pleno dia,Crescente,Sol,Dupla,Reta,Não,1,0,0,0,0,1,0,1,"-7,24838739","-35,68187714",SPRF-PB,DEL02-PB,UOP01-DEL02-PB
483654.0,2022-10-29,sábado,12:40:00,PB,412,"109,1",SUME,Acessar a via sem observar a presença dos outros veículos,Colisão transversal,Com Vítimas Feridas,Pleno dia,Decrescente,Céu Claro,Simples,Interseção de Vias,Sim,2,0,1,0,1,0,1,2,"-7,675978","-36,884178",SPRF-PB,DEL02-PB,UOP02-DEL02-PB
483655.0,2022-10-29,sábado,15:00:00,PB,412,"111,9",SUME,Demais falhas mecânicas ou elétricas,Saída de leito carroçável,Com Vítimas Feridas,Pleno dia,Decrescente,Céu Claro,Simples,Reta,Não,1,0,1,0,0,0,1,1,"-7,686819","-36,898468",SPRF-PB,DEL02-PB,UOP02-DEL02-PB
483675.0,2022-10-29,sábado,17:20:00,PB,230,70,SOBRADO,Manobra de mudança de faixa,Colisão lateral mesmo sentido,Com Vítimas Feridas,Anoitecer,Decrescente,Nublado,Dupla,Retorno Regulamentado,Não,4,0,2,0,1,1,2,3,"-7,191557","-35,23509499",SPRF-PB,DEL01-PB,UOP03-DEL01-PB
483681.0,2022-10-29,sábado,18:50:00,PB,230,"349,2",PATOS,Demais falhas mecânicas ou elétricas,Eventos atípicos,Com Vítimas Feridas,Plena Noite,Crescente,Céu Claro,Simples,Reta;Declive,Não,3,0,1,1,0,1,2,2,"-6,9632","-37,3615",SPRF-PB,DEL03-PB,UOP01-DEL03-PB
483682.0,2022-10-29,sábado,18:35:00,PB,230,48,SANTA RITA,Ausência de reação do condutor,Tombamento,Com Vítimas Feridas,Plena Noite,Decrescente,Céu Claro,Dupla,Reta,Não,1,0,0,1,0,0,1,1,"-7,174","-35,0397",SPRF-PB,DEL01-PB,UOP03-DEL01-PB
483759.0,2022-10-31,segunda-feira,00:01:00,PB,230,324,QUIXABA,Ausência de reação do condutor,Saída de leito carroçável,Com Vítimas Feridas,Plena Noite,Crescente,Céu Claro,Simples,Reta,Não,1,0,1,0,0,0,1,1,"-6,9868","-37,1796",SPRF-PB,DEL03-PB,UOP01-DEL03-PB
483811.0,2022-10-30,domingo,06:00:00,PB,230,"158,8",CAMPINA GRANDE,Ausência de reação do condutor,Tombamento,Com Vítimas Feridas,Pleno dia,Crescente,Céu Claro,Simples,Reta,Sim,2,0,2,0,0,0,2,1,"-7,2582","-35,9267",SPRF-PB,DEL02-PB,UOP01-DEL02-PB
483988.0,2022-10-30,domingo,21:00:00,PB,230,"11,1",CABEDELO,Ausência de reação do condutor,Saída de leito carroçável,Sem Vítimas,Plena Noite,Crescente,Céu Claro,Dupla,Reta;Retorno Regulamentado,Sim,1,0,0,0,0,1,0,1,"-7,06284034","-34,8504138",SPRF-PB,DEL01-PB,UOP01-DEL01-PB
484096.0,2022-10-07,sexta-feira,19:35:00,PB,230,"14,7",CABEDELO,Trafegar com motocicleta (ou similar) entre as faixas,Colisão lateral mesmo sentido,Com Vítimas Feridas,Plena Noite,Decrescente,Céu Claro,Dupla,Viaduto;Declive;Reta,Sim,2,0,1,0,1,0,1,2,"-7,04791973","-34,84875675",SPRF-PB,DEL01-PB,UOP01-DEL01-PB
484109.0,2022-10-31,segunda-feira,12:40:00,PB,230,"448,1",APARECIDA,Mal súbito do condutor,Saída de leito carroçável,Com Vítimas Feridas,Pleno dia,Crescente,Céu Claro,Simples,Reta,Não,5,0,2,0,3,0,2,1,"-6,7846","-38,0925",SPRF-PB,DEL03-PB,UOP03-DEL03-PB
484170.0,2022-10-31,segunda-feira,18:35:00,PB,101,58,SANTA RITA,Iluminação deficiente,Atropelamento de Pedestre,Com Vítimas Fatais,Plena Noite,Decrescente,Céu Claro,Dupla,Reta,Não,4,1,2,1,0,0,3,2,"-6,98564991","-35,07334684",SPRF-PB,DEL01-PB,UOP04-DEL01-PB
484187.0,2022-10-31,segunda-feira,19:30:00,PB,230,154,CAMPINA GRANDE,Ingestão de álcool pelo condutor,Colisão traseira,Com Vítimas Feridas,Plena Noite,Crescente,Céu Claro,Simples,Reta,Sim,2,0,2,0,0,0,2,2,"-7,2777","-35,8985",SPRF-PB,DEL02-PB,UOP01-DEL02-PB
484246.0,2022-11-01,terça-feira,09:26:00,PB,230,21,JOAO PESSOA,Condutor deixou de manter distância do veículo da frente,Colisão traseira,Com Vítimas Feridas,Pleno dia,Decrescente,Céu Claro,Dupla,Reta,Sim,2,0,1,0,1,0,1,2,"-7,1337","-34,8544",SPRF-PB,DEL01-PB,UOP01-DEL01-PB
484298.0,2022-11-01,terça-feira,17:40:00,PB,230,291,SANTA LUZIA,Ausência de reação do condutor,Colisão com objeto,Com Vítimas Feridas,Anoitecer,Decrescente,Céu Claro,Simples,Reta;Declive,Sim,1,0,1,0,0,0,1,1,"-6,867033","-36,916348",SPRF-PB,DEL03-PB,UOP01-DEL03-PB
484423.0,2022-11-02,quarta-feira,17:23:00,PB,230,14,CABEDELO,Ausência de reação do condutor,Queda de ocupante de veículo,Com Vítimas Feridas,Anoitecer,Crescente,Céu Claro,Dupla,Reta,Sim,1,0,1,0,0,0,1,1,"-7,0844","-34,8488",SPRF-PB,DEL01-PB,UOP01-DEL01-PB
484449.0,2022-11-02,quarta-feira,20:15:00,PB,104,"131,2",CAMPINA GRANDE,Entrada inopinada do pedestre,Atropelamento de Pedestre,Com Vítimas Feridas,Plena Noite,Crescente,Nublado,Simples,Reta,Sim,2,0,1,0,1,0,1,2,"-7,29900408","-35,89187256",SPRF-PB,DEL02-PB,UOP03-DEL02-PB
484450.0,2022-11-02,quarta-feira,20:00:00,PB,101,88,JOAO PESSOA,Ausência de reação do condutor,Colisão traseira,Sem Vítimas,Plena Noite,Decrescente,Céu Claro,Dupla,Reta,Sim,2,0,0,0,1,1,0,2,"-7,16531416","-34,89881035",SPRF-PB,DEL01-PB,UOP01-DEL01-PB
484451.0,2022-11-02,quarta-feira,20:20:00,PB,230,"147,9",CAMPINA GRANDE,Ingestão de álcool pelo condutor,Tombamento,Com Vítimas Feridas,Plena Noite,Crescente,Chuva,Dupla,Rotatória,Sim,1,0,1,0,0,0,1,1,"-7,24201059","-35,86926623",SPRF-PB,DEL02-PB,UOP01-DEL02-PB
484453.0,2022-11-02,quarta-feira,19:40:00,PB,101,88,JOAO PESSOA,Ausência de reação do condutor,Engavetamento,Com Vítimas Feridas,Plena Noite,Decrescente,Céu Claro,Dupla,Reta,Sim,3,0,1,0,2,0,1,3,"-7,16470016","-34,89993643",SPRF-PB,DEL01-PB,UOP01-DEL01-PB
484520.0,2022-11-03,quinta-feira,08:15:00,PB,101,"44,9",MAMANGUAPE,Demais falhas mecânicas ou elétricas,Incêndio,Com Vítimas Feridas,Pleno dia,Crescente,Sol,Dupla,Retorno Regulamentado,Não,1,0,1,0,0,0,1,1,"-6,87451305","-35,13232736",SPRF-PB,DEL01-PB,UOP04-DEL01-PB
484523.0,2022-11-03,quinta-feira,08:37:00,PB,101,"17,9",MAMANGUAPE,Afundamento ou ondulação no pavimento,Tombamento,Com Vítimas Feridas,Pleno dia,Decrescente,Céu Claro,Dupla,Reta,Não,1,0,1,0,0,0,1,1,"-6,63844408","-35,12334336",SPRF-PB,DEL01-PB,UOP04-DEL01-PB
484573.0,2022-11-03,quinta-feira,13:34:00,PB,230,"113,9",INGA,Condutor Dormindo,Saída de leito carroçável,Com Vítimas Feridas,Pleno dia,Decrescente,Sol,Dupla,Reta,Não,2,0,1,0,1,0,1,1,"-7,226576","-35,598762",SPRF-PB,DEL01-PB,UOP03-DEL01-PB
484629.0,2022-11-03,quinta-feira,19:00:00,PB,104,10,CUITE,Acessar a via sem observar a presença dos outros veículos,Colisão transversal,Com Vítimas Feridas,Plena Noite,Crescente,Céu Claro,Simples,Reta,Sim,3,0,1,1,1,0,2,2,"-6,489032","-36,147297",SPRF-PB,DEL02-PB,UOP04-DEL02-PB