id,data_inversa,dia_semana,horario,uf,br,km,municipio,causa_acidente,tipo_acidente,classificacao_acidente,fase_dia,sentido_via,condicao_metereologica,tipo_pista,tracado_via,uso_solo,pessoas,mortos,feridos_leves,feridos_graves,ilesos,ignorados,feridos,veiculos,latitude,longitude,regional,delegacia,uop
484779.0,2022-11-04,sexta-feira,15:15:00,PB,101,"79,9",SANTA RITA,Ausência de reação do condutor,Colisão traseira,Com Vítimas Feridas,Pleno dia,Decrescente,Sol,Dupla,Reta;Declive,Sim,3,0,2,0,1,0,2,2,"-7,1147526","-34,95793891",SPRF-PB,DEL01-PB,UOP04-DEL01-PB
484871.0,2022-11-04,sexta-feira,21:45:00,PB,230,367,MALTA,Ingestão de álcool pelo condutor,Colisão frontal,Com Vítimas Feridas,Plena Noite,Crescente,Garoa/Chuvisco,Simples,Reta,Sim,6,0,5,0,1,0,5,2,"-6,9048","-37,5252",SPRF-PB,DEL03-PB,UOP02-DEL03-PB
484893.0,2022-11-05,sábado,00:20:00,PB,230,"107,6",INGA,Transitar na contramão,Colisão lateral sentido oposto,Com Vítimas Fatais,Plena Noite,Crescente,Céu Claro,Dupla,Aclive;Curva,Não,2,1,0,0,1,0,0,2,"-7,202","-35,556",SPRF-PB,DEL01-PB,UOP03-DEL01-PB
485035.0,2022-11-05,sábado,17:50:00,PB,101,89,JOAO PESSOA,Afundamento ou ondulação no pavimento,Tombamento,Com Vítimas Feridas,Plena Noite,Decrescente,Céu Claro,Dupla,Reta;Interseção de Vias;Retorno Regulamentado,Sim,2,0,2,0,0,0,2,1,"-7,1791243","-34,89991849",SPRF-PB,DEL01-PB,UOP02-DEL01-PB
485094.0,2022-11-06,domingo,03:10:00,PB,361,92,PIANCO,Ausência de reação do condutor,Capotamento,Com Vítimas Feridas,Plena Noite,Decrescente,Céu Claro,Simples,Reta,Não,1,0,1,0,0,0,1,1,"-7,22133714","-37,98484599",SPRF-PB,DEL03-PB,UOP01-DEL03-PB
485217.0,2022-11-06,domingo,16:00:00,PB,230,"154,5",CAMPINA GRANDE,Condutor deixou de manter distância do veículo da frente,Colisão traseira,Com Vítimas Feridas,Pleno dia,Crescente,Céu Claro,Simples,Reta,Sim,4,0,3,0,1,0,3,2,"-7,2777","-35,8985",SPRF-PB,DEL02-PB,UOP01-DEL02-PB
485284.0,2022-11-06,domingo,20:23:00,PB,361,109,ITAPORANGA,Ingestão de álcool e/ou substâncias psicoativas pelo pedestre,Colisão frontal,Com Vítimas Fatais,Plena Noite,Crescente,Nublado,Simples,Aclive,Não,7,2,3,2,0,0,5,2,"-7,2940985","-38,11120683",SPRF-PB,DEL03-PB,UOP01-DEL03-PB
485337.0,2022-11-07,segunda-feira,07:09:00,PB,230,"336,2",PATOS,Acessar a via sem observar a presença dos outros veículos,Colisão transversal,Com Vítimas Feridas,Pleno dia,Crescente,Céu Claro,Simples,Reta,Sim,3,0,2,0,1,0,2,2,"-7,0128","-37,2644",SPRF-PB,DEL03-PB,UOP01-DEL03-PB
485358.0,2022-11-07,segunda-feira,11:10:00,PB,230,"21,5",JOAO PESSOA,Manobra de mudança de faixa,Colisão lateral mesmo sentido,Com Vítimas Feridas,Pleno dia,Decrescente,Céu Claro,Dupla,Curva,Sim,2,0,1,0,1,0,1,2,"-7,1415","-34,8519",SPRF-PB,DEL01-PB,UOP01-DEL01-PB
485405.0,2022-11-07,segunda-feira,17:25:00,PB,101,"84,6",BAYEUX,Condutor deixou de manter distância do veículo da frente,Colisão traseira,Com Vítimas Feridas,Plena Noite,Crescente,Nublado,Dupla,Reta,Sim,2,0,0,1,0,1,1,2,"-7,14538184","-34,91662887",SPRF-PB,DEL01-PB,UOP01-DEL01-PB
485464.0,2022-10-02,domingo,19:00:00,PB,104,140,QUEIMADAS,Transitar na contramão,Colisão frontal,Com Vítimas Feridas,Plena Noite,Crescente,Vento,Simples,Reta,Sim,3,0,1,1,0,1,2,2,"-7,367111","-35,900497",SPRF-PB,DEL02-PB,UOP03-DEL02-PB
485485.0,2022-10-30,domingo,13:50:00,PB,110,55,SAO JOSE DE ESPINHARAS,Demais falhas mecânicas ou elétricas,Incêndio,Sem Vítimas,Pleno dia,Crescente,Céu Claro,Simples,Reta,Não,1,0,0,0,1,0,0,1,"-6,75605607","-37,40453112",SPRF-PB,DEL03-PB,UOP01-DEL03-PB
485501.0,2022-11-08,terça-feira,09:15:00,PB,230,"114,1",INGA,Velocidade Incompatível,Saída de leito carroçável,Com Vítimas Feridas,Pleno dia,Crescente,Céu Claro,Dupla,Reta,Não,1,0,1,0,0,0,1,1,"-7,229834","-35,599955",SPRF-PB,DEL01-PB,UOP03-DEL01-PB
485502.0,2022-11-08,terça-feira,09:00:00,PB,104,105,SAO SEBASTIAO DE LAGOA DE  ROCA,Ultrapassagem Indevida,Colisão lateral mesmo sentido,Com Vítimas Feridas,Pleno dia,Crescente,Céu Claro,Simples,Reta,Não,4,0,2,0,1,1,2,3,"-7,08938993","-35,85454407",SPRF-PB,DEL02-PB,UOP04-DEL02-PB
485522.0,2022-10-30,domingo,16:52:00,PB,230,365,MALTA,Acessar a via sem observar a presença dos outros veículos,Colisão frontal,Com Vítimas Feridas,Pleno dia,Decrescente,Céu Claro,Simples,Reta,Sim,2,0,0,1,0,1,1,2,"-6,9086","-37,505",SPRF-PB,DEL03-PB,UOP02-DEL03-PB
485581.0,2022-11-08,terça-feira,16:10:00,PB,361,49,CATINGUEIRA,Acostamento em desnível,Saída de leito carroçável,Com Vítimas Feridas,Pleno dia,Decrescente,Céu Claro,Simples,Reta,Não,4,0,1,0,3,0,1,1,"-7,15266796","-37,64413401",SPRF-PB,DEL03-PB,UOP01-DEL03-PB
485598.0,2022-11-08,terça-feira,20:00:00,PB,101,92,JOAO PESSOA,Condutor Dormindo,Saída de leito carroçável,Com Vítimas Feridas,Plena Noite,Decrescente,Céu Claro,Dupla,Reta,Sim,1,0,1,0,0,0,1,1,"-7,19683829","-34,90588313",SPRF-PB,DEL01-PB,UOP02-DEL01-PB
485702.0,2022-11-09,quarta-feira,08:40:00,PB,230,"468,3",SOUSA,Reação tardia ou ineficiente do condutor,Saída de leito carroçável,Com Vítimas Feridas,Pleno dia,Crescente,Céu Claro,Simples,Reta,Não,2,0,1,1,0,0,2,1,"-6,788282","-38,283377",SPRF-PB,DEL03-PB,UOP03-DEL03-PB
485761.0,2022-11-09,quarta-feira,17:00:00,PB,230,155,CAMPINA GRANDE,Acessar a via sem observar a presença dos outros veículos,Colisão transversal,Com Vítimas Feridas,Pleno dia,Decrescente,Céu Claro,Simples,Interseção de Vias,Sim,2,0,0,1,1,0,1,2,"-7,2748","-35,9058",SPRF-PB,DEL02-PB,UOP01-DEL02-PB
485957.0,2022-11-10,quinta-feira,20:00:00,PB,101,"117,9",ALHANDRA,Transitar no acostamento,Atropelamento de Pedestre,Com Vítimas Feridas,Plena Noite,Crescente,Céu Claro,Dupla,Aclive;Reta,Não,2,0,0,1,0,1,1,2,"-7,42128203","-34,96207995",SPRF-PB,DEL01-PB,UOP02-DEL01-PB
486087.0,2022-11-11,sexta-feira,14:30:00,PB,230,22,JOAO PESSOA,Ausência de reação do condutor,Colisão traseira,Sem Vítimas,Pleno dia,Decrescente,Céu Claro,Dupla,Reta,Sim,6,0,0,0,5,1,0,6,"-7,1495","-34,8517",SPRF-PB,DEL01-PB,UOP01-DEL01-PB
486156.0,2022-11-11,sexta-feira,19:40:00,PB,101,81,BAYEUX,Reação tardia ou ineficiente do condutor,Eventos atípicos,Com Vítimas Feridas,Plena Noite,Crescente,Céu Claro,Dupla,Reta,Não,2,0,2,0,0,0,2,1,"-7,12508575","-34,94513217",SPRF-PB,DEL01-PB,UOP01-DEL01-PB
486168.0,2022-11-11,sexta-feira,17:50:00,PB,104,"63,7",BARRA DE SANTA ROSA,Ausência de reação do condutor,Tombamento,Com Vítimas Fatais,Anoitecer,Decrescente,Céu Claro,Simples,Curva,Não,2,1,0,0,0,1,0,2,"-6,82891411","-35,93816422",SPRF-PB,DEL02-PB,UOP04-DEL02-PB
486217.0,2022-11-12,sábado,01:20:00,PB,101,33,MAMANGUAPE,Condutor Dormindo,Colisão traseira,Com Vítimas Feridas,Plena Noite,Decrescente,Nublado,Dupla,Reta,Não,2,0,1,0,1,0,1,2,"-6,77627801","-35,13350468",SPRF-PB,DEL01-PB,UOP04-DEL01-PB
486236.0,2022-11-12,sábado,05:20:00,PB,101,88,JOAO PESSOA,Chuva,Colisão com objeto,Com Vítimas Feridas,Pleno dia,Decrescente,Chuva,Simples,Curva,Sim,2,0,1,0,1,0,1,2,"-7,16470016","-34,89993643",SPRF-PB,DEL01-PB,UOP01-DEL01-PB
486266.0,2022-11-12,sábado,10:00:00,PB,230,21,JOAO PESSOA,Manobra de mudança de faixa,Colisão lateral mesmo sentido,Com Vítimas Feridas,Pleno dia,Decrescente,Sol,Dupla,Reta,Sim,2,0,1,0,0,1,1,2,"-7,1415","-34,8519",SPRF-PB,DEL01-PB,UOP01-DEL01-PB
486335.0,2022-11-12,sábado,16:30:00,PB,230,27,JOAO PESSOA,Acessar a via sem observar a presença dos outros veículos,Colisão traseira,Com Vítimas Feridas,Pleno dia,Decrescente,Nublado,Dupla,Reta,Sim,2,0,1,0,1,0,1,2,"-7,1677","-34,8855",SPRF-PB,DEL01-PB,UOP01-DEL01-PB
486354.0,2022-11-12,sábado,18:12:00,PB,101,"85,6",BAYEUX,Ausência de reação do condutor,Colisão traseira,Com Vítimas Feridas,Plena Noite,Decrescente,Chuva,Dupla,Interseção de Vias,Sim,2,0,0,1,0,1,1,2,"-7,14867188","-34,91253376",SPRF-PB,DEL01-PB,UOP01-DEL01-PB
486358.0,2022-11-12,sábado,17:51:00,PB,230,36,SANTA RITA,Velocidade Incompatível,Saída de leito carroçável,Sem Vítimas,Plena Noite,Decrescente,Chuva,Dupla,Interseção de Vias;Curva;Declive,Sim,1,0,0,0,0,1,0,1,"-7,12542166","-34,94443059",SPRF-PB,DEL01-PB,UOP03-DEL01-PB
486388.0,2022-11-12,sábado,19:30:00,PB,230,19,JOAO PESSOA,Reação tardia ou ineficiente do condutor,Tombamento,Com Vítimas Feridas,Plena Noite,Crescente,Chuva,Dupla,Curva,Sim,2,0,2,0,0,0,2,1,"-7,1281","-34,8466",SPRF-PB,DEL01-PB,UOP01-DEL01-PB
486390.0,2022-11-12,sábado,20:00:00,PB,104,89,REMIGIO,Condutor Dormindo,Colisão frontal,Sem Vítimas,Plena Noite,Decrescente,Garoa/Chuvisco,Simples,Reta,Não,2,0,0,0,2,0,0,2,"-6,9732572","-35,80905795",SPRF-PB,DEL02-PB,UOP04-DEL02-PB
486402.0,2022-11-12,sábado,20:55:00,PB,230,0,CABEDELO,Acessar a via sem observar a presença dos outros veículos,Colisão transversal,Com Vítimas Feridas,Plena Noite,Crescente,Chuva,Simples,Reta,Sim,2,0,1,0,1,0,1,2,"-6,9711","-34,8382",SPRF-PB,DEL01-PB,UOP01-DEL01-PB
486622.0,2022-11-13,domingo,17:55:00,PB,101,82,BAYEUX,Ausência de reação do condutor,Colisão transversal,Sem Vítimas,Plena Noite,Decrescente,Céu Claro,Dupla,Interseção de Vias,Sim,2,0,0,0,1,1,0,2,"-7,12911","-34,93714",SPRF-PB,DEL01-PB,UOP01-DEL01-PB
486628.0,2022-11-13,domingo,17:45:00,PB,101,3,MATARACA,Reação tardia ou ineficiente do condutor,Tombamento,Com Vítimas Feridas,Plena Noite,Decrescente,Céu Claro,Dupla,Reta,Não,2,0,2,0,0,0,2,1,"-6,53182311","-35,11546245",SPRF-PB,DEL01-PB,UOP04-DEL01-PB
486633.0,2022-11-13,domingo,18:40:00,PB,101,"81,5",BAYEUX,Pedestre andava na pista,Atropelamento de Pedestre,Com Vítimas Fatais,Plena Noite,Crescente,Nublado,Dupla,Declive,Não,5,1,1,0,3,0,1,2,"-7,12508575","-34,94513217",SPRF-PB,DEL01-PB,UOP01-DEL01-PB
486755.0,2022-11-14,segunda-feira,08:25:00,PB,230,"25,2",JOAO PESSOA,Demais falhas mecânicas ou elétricas,Tombamento,Com Vítimas Feridas,Pleno dia,Decrescente,Céu Claro,Dupla,Curva;Viaduto,Sim,2,0,1,0,1,0,1,1,"-7,1707","-34,8684",SPRF-PB,DEL01-PB,UOP01-DEL01-PB
487095.0,2022-11-15,terça-feira,20:45:00,PB,230,"26,5",JOAO PESSOA,Ausência de reação do condutor,Colisão com objeto,Com Vítimas Feridas,Plena Noite,Crescente,Céu Claro,Dupla,Aclive,Sim,2,0,1,0,0,1,1,2,"-7,166965","-34,887036",SPRF-PB,DEL01-PB,UOP01-DEL01-PB
487183.0,2022-11-16,quarta-feira,09:06:00,PB,230,"23,7",JOAO PESSOA,Ausência de reação do condutor,Colisão traseira,Com Vítimas Feridas,Pleno dia,Decrescente,Sol,Dupla,Viaduto,Sim,2,0,1,0,1,0,1,2,"-7,1562","-34,8574",SPRF-PB,DEL01-PB,UOP01-DEL01-PB
487186.0,2022-11-16,quarta-feira,05:11:00,PB,101,45,MAMANGUAPE,Velocidade Incompatível,Saída de leito carroçável,Sem Vítimas,Amanhecer,Crescente,Céu Claro,Dupla,Interseção de Vias,Não,1,0,0,0,0,1,0,1,"-6,88322894","-35,1303459",SPRF-PB,DEL01-PB,UOP04-DEL01-PB
487209.0,2022-11-05,sábado,20:20:00,PB,230,291,SANTA LUZIA,Manobra de mudança de faixa,Colisão frontal,Com Vítimas Feridas,Plena Noite,Crescente,Garoa/Chuvisco,Simples,Curva,Sim,4,0,4,0,0,0,4,2,"-6,8691","-36,9142",SPRF-PB,DEL03-PB,UOP01-DEL03-PB
487317.0,2022-11-16,quarta-feira,22:09:00,PB,230,3,CABEDELO,Condutor deixou de manter distância do veículo da frente,Colisão traseira,Com Vítimas Feridas,Plena Noite,Crescente,Ignorado,Dupla,Reta,Sim,4,0,3,1,0,0,4,2,"-6,9915","-34,8287",SPRF-PB,DEL01-PB,UOP01-DEL01-PB
487400.0,2022-11-17,quinta-feira,12:38:00,PB,230,"20,8",JOAO PESSOA,Condutor deixou de manter distância do veículo da frente,Colisão com objeto,Sem Vítimas,Pleno dia,Crescente,Sol,Dupla,Reta,Não,1,0,0,0,1,0,0,1,"-7,14223866","-34,85171076",SPRF-PB,DEL01-PB,UOP01-DEL01-PB
487435.0,2022-11-17,quinta-feira,15:30:00,PB,230,5,CABEDELO,Acesso irregular,Colisão transversal,Com Vítimas Feridas,Pleno dia,Decrescente,Céu Claro,Dupla,Reta,Sim,3,0,2,0,0,1,2,2,"-7,01","-34,8312",SPRF-PB,DEL01-PB,UOP01-DEL01-PB
487497.0,2022-11-17,quinta-feira,20:49:00,PB,230,20,JOAO PESSOA,Condutor deixou de manter distância do veículo da frente,Colisão lateral mesmo sentido,Com Vítimas Feridas,Plena Noite,Crescente,Céu Claro,Dupla,Reta,Sim,2,0,1,0,0,1,1,2,"-7,1337","-34,8544",SPRF-PB,DEL01-PB,UOP01-DEL01-PB
487565.0,2022-11-18,sexta-feira,08:30:00,PB,230,"263,5",JUNCO DO SERIDO,Reação tardia ou ineficiente do condutor,Capotamento,Com Vítimas Feridas,Pleno dia,Decrescente,Céu Claro,Simples,Reta,Não,1,0,1,0,0,0,1,1,"-6,981701","-36,731767",SPRF-PB,DEL03-PB,UOP01-DEL03-PB
487573.0,2022-11-18,sexta-feira,09:00:00,PB,230,132,MASSARANDUBA,Avarias e/ou desgaste excessivo no pneu,Saída de leito carroçável,Com Vítimas Feridas,Pleno dia,Decrescente,Chuva,Dupla,Curva,Não,2,0,1,0,1,0,1,1,"-7,2774","-35,7367",SPRF-PB,DEL02-PB,UOP01-DEL02-PB
487657.0,2022-11-18,sexta-feira,16:00:00,PB,230,"164,6",CAMPINA GRANDE,Ausência de reação do condutor,Saída de leito carroçável,Com Vítimas Feridas,Pleno dia,Decrescente,Céu Claro,Simples,Curva;Declive,Sim,1,0,0,1,0,0,1,1,"-7,21228456","-35,93009949",SPRF-PB,DEL02-PB,UOP01-DEL02-PB
487666.0,2022-11-18,sexta-feira,16:40:00,PB,101,83,BAYEUX,Ingestão de álcool pelo condutor,Colisão traseira,Sem Vítimas,Pleno dia,Crescente,Céu Claro,Dupla,Reta,Sim,4,0,0,0,4,0,0,2,"-7,1337703","-34,92963914",SPRF-PB,DEL01-PB,UOP01-DEL01-PB
487669.0,2022-11-18,sexta-feira,17:20:00,PB,101,82,BAYEUX,Ausência de reação do condutor,Colisão traseira,Sem Vítimas,Plena Noite,Crescente,Céu Claro,Dupla,Reta;Declive,Sim,4,0,0,0,2,2,0,4,"-7,12911","-34,93714",SPRF-PB,DEL01-PB,UOP01-DEL01-PB
487670.0,2022-11-18,sexta-feira,17:00:00,PB,104,"131,5",QUEIMADAS,Ausência de reação do condutor,Colisão traseira,Sem Vítimas,Anoitecer,Decrescente,Céu Claro,Simples,Reta,Sim,2,0,0,0,2,0,0,2,"-7,29900408","-35,89187256",SPRF-PB,DEL02-PB,UOP03-DEL02-PB
487690.0,2022-11-18,sexta-feira,17:40:00,PB,230,"208,4",SOLEDADE,Ultrapassagem Indevida,Colisão lateral mesmo sentido,Com Vítimas Feridas,Pleno dia,Decrescente,Nublado,Simples,Reta;Aclive,Não,6,0,1,0,4,1,1,2,"-7,0856","-36,3067",SPRF-PB,DEL02-PB,UOP02-DEL02-PB
487748.0,2022-11-19,sábado,01:20:00,PB,104,"130,2",CAMPINA GRANDE,Ingestão de álcool pelo condutor,Saída de leito carroçável,Sem Vítimas,Plena Noite,Decrescente,Céu Claro,Simples,Rotatória,Sim,2,0,0,0,2,0,0,1,"-7,29900408","-35,89187256",SPRF-PB,DEL02-PB,UOP03-DEL02-PB
487793.0,2022-11-19,sábado,09:00:00,PB,101,90,JOAO PESSOA,Ausência de reação do condutor,Engavetamento,Sem Vítimas,Pleno dia,Decrescente,Céu Claro,Dupla,Reta,Sim,3,0,0,0,3,0,0,3,"-7,179652","-34,900417",SPRF-PB,DEL01-PB,UOP02-DEL01-PB
487977.0,2022-11-20,domingo,07:50:00,PB,230,"125,8",RIACHAO DO BACAMARTE,Condutor Dormindo,Colisão com objeto,Com Vítimas Feridas,Pleno dia,Decrescente,Sol,Dupla,Declive,Não,1,0,1,0,0,0,1,1,"-7,25988179","-35,68685532",SPRF-PB,DEL02-PB,UOP01-DEL02-PB
488005.0,2022-11-20,domingo,11:00:00,PB,230,3,CABEDELO,Reação tardia ou ineficiente do condutor,Queda de ocupante de veículo,Com Vítimas Feridas,Pleno dia,Decrescente,Céu Claro,Dupla,Reta,Sim,2,0,2,0,0,0,2,1,"-6,9915","-34,8287",SPRF-PB,DEL01-PB,UOP01-DEL01-PB
488143.0,2022-11-24,quinta-feira,08:25:00,PB,230,"210,1",SOLEDADE,Velocidade Incompatível,Saída de leito carroçável,Sem Vítimas,Pleno dia,Decrescente,Céu Claro,Simples,Declive,Não,1,0,0,0,0,1,0,1,"-7,0807","-36,3232",SPRF-PB,DEL02-PB,UOP02-DEL02-PB
488197.0,2022-11-20,domingo,18:20:00,PB,104,"163,8",BARRA DE SANTANA,Animais na Pista,Atropelamento de Animal,Com Vítimas Feridas,Plena Noite,Crescente,Céu Claro,Simples,Reta,Não,1,0,1,0,0,0,1,1,"-7,527381","-35,99672",SPRF-PB,DEL02-PB,UOP03-DEL02-PB
488220.0,2022-11-25,sexta-feira,07:15:00,PB,230,"157,7",CAMPINA GRANDE,Acessar a via sem observar a presença dos outros veículos,Colisão transversal,Com Vítimas Feridas,Pleno dia,Crescente,Céu Claro,Simples,Reta,Sim,2,0,2,0,0,0,2,2,"-7,264","-35,9199",SPRF-PB,DEL02-PB,UOP01-DEL02-PB
488328.0,2022-11-23,quarta-feira,10:35:00,PB,230,20,JOAO PESSOA,Trafegar com motocicleta (ou similar) entre as faixas,Colisão traseira,Com Vítimas Feridas,Pleno dia,Decrescente,Céu Claro,Dupla,Reta,Sim,2,0,0,1,1,0,1,2,"-7,14211424","-34,85155106",SPRF-PB,DEL01-PB,UOP01-DEL01-PB
488436.0,2022-11-25,sexta-feira,13:45:00,PB,230,22,JOAO PESSOA,Condutor deixou de manter distância do veículo da frente,Engavetamento,Sem Vítimas,Pleno dia,Decrescente,Céu Claro,Dupla,Reta,Sim,5,0,0,0,4,1,0,5,"-7,15803644","-34,85827681",SPRF-PB,DEL01-PB,UOP01-DEL01-PB
488504.0,2022-11-25,sexta-feira,14:20:00,PB,104,"130,2",CAMPINA GRANDE,Desrespeitar a preferência no cruzamento,Colisão transversal,Com Vítimas Feridas,Pleno dia,Decrescente,Céu Claro,Simples,Interseção de Vias;Reta,Não,3,0,3,0,0,0,3,2,"-7,28120589","-35,88915693",SPRF-PB,DEL02-PB,UOP03-DEL02-PB
488784.0,2022-11-21,segunda-feira,08:10:00,PB,230,"22,6",JOAO PESSOA,Manobra de mudança de faixa,Colisão lateral mesmo sentido,Com Vítimas Feridas,Pleno dia,Decrescente,Céu Claro,Dupla,Reta,Sim,2,0,0,1,1,0,1,2,"-7,1495","-34,8517",SPRF-PB,DEL01-PB,UOP01-DEL01-PB
488811.0,2022-11-22,terça-feira,06:20:00,PB,230,"36,7",SANTA RITA,Animais na Pista,Saída de leito carroçável,Com Vítimas Feridas,Pleno dia,Decrescente,Sol,Dupla,Reta,Sim,3,0,3,0,0,0,3,1,"-7,12936797","-34,95330211",SPRF-PB,DEL01-PB,UOP03-DEL01-PB
488892.0,2022-11-26,sábado,19:15:00,PB,230,498,CAJAZEIRAS,Reação tardia ou ineficiente do condutor,Atropelamento de Pedestre,Com Vítimas Fatais,Plena Noite,Crescente,Céu Claro,Simples,Reta,Não,3,1,0,0,0,2,0,2,"-6,8988","-38,49439",SPRF-PB,DEL03-PB,UOP03-DEL03-PB
489196.0,2022-11-27,domingo,17:06:00,PB,101,"10,3",MAMANGUAPE,Ausência de reação do condutor,Saída de leito carroçável,Com Vítimas Feridas,Anoitecer,Crescente,Céu Claro,Dupla,Reta,Não,2,0,1,1,0,0,2,1,"-6,583587","-35,144005",SPRF-PB,DEL01-PB,UOP04-DEL01-PB
489201.0,2022-11-27,domingo,18:20:00,PB,361,4,PATOS,Ingestão de álcool pelo condutor,Colisão traseira,Sem Vítimas,Anoitecer,Crescente,Céu Claro,Simples,Reta,Sim,2,0,0,0,2,0,0,2,"-7,031776","-37,292603",SPRF-PB,DEL03-PB,UOP01-DEL03-PB
489224.0,2022-11-27,domingo,19:30:00,PB,230,"505,6",CAJAZEIRAS,Transitar na contramão,Colisão frontal,Com Vítimas Feridas,Plena Noite,Decrescente,Céu Claro,Simples,Aclive,Não,2,0,1,0,1,0,1,2,"-6,8995","-38,5494",SPRF-PB,DEL03-PB,UOP03-DEL03-PB
489401.0,2022-11-28,segunda-feira,13:00:00,PB,230,"14,1",CABEDELO,Condutor deixou de manter distância do veículo da frente,Colisão traseira,Com Vítimas Feridas,Pleno dia,Crescente,Sol,Dupla,Reta,Sim,2,0,1,0,0,1,1,2,"-7,092808","-34,848232",SPRF-PB,DEL01-PB,UOP01-DEL01-PB
489485.0,2022-11-28,segunda-feira,17:15:00,PB,427,37,POMBAL,Reação tardia ou ineficiente do condutor,Tombamento,Com Vítimas Feridas,Anoitecer,Crescente,Céu Claro,Simples,Reta,Sim,1,0,1,0,0,0,1,1,"-6,76405124","-37,78910384",SPRF-PB,DEL03-PB,UOP02-DEL03-PB
489534.0,2022-11-28,segunda-feira,22:30:00,PB,104,"133,9",QUEIMADAS,Animais na Pista,Queda de ocupante de veículo,Com Vítimas Feridas,Plena Noite,Crescente,Céu Claro,Simples,Reta,Sim,2,0,1,0,1,0,1,1,"-7,31674795","-35,89500926",SPRF-PB,DEL02-PB,UOP03-DEL02-PB
489547.0,2022-11-29,terça-feira,03:10:00,PB,101,9,MATARACA,Condutor Dormindo,Saída de leito carroçável,Sem Vítimas,Plena Noite,Crescente,Céu Claro,Dupla,Reta,Não,1,0,0,0,0,1,0,1,"-6,5745330074","-35,1442982212",SPRF-PB,DEL01-PB,UOP04-DEL01-PB
489550.0,2022-11-22,terça-feira,09:25:00,PB,230,"238,3",JUAZEIRINHO,Velocidade Incompatível,Capotamento,Com Vítimas Feridas,Pleno dia,Crescente,Céu Claro,Simples,Curva,Não,1,0,1,0,0,0,1,1,"-7,0543","-36,5494",SPRF-PB,DEL02-PB,UOP02-DEL02-PB
489554.0,2022-11-29,terça-feira,05:30:00,PB,101,83,BAYEUX,Reação tardia ou ineficiente do condutor,Queda de ocupante de veículo,Com Vítimas Feridas,Pleno dia,Crescente,Nublado,Dupla,Reta,Sim,1,0,1,0,0,0,1,1,"-7,1337703049","-34,9296391383",SPRF-PB,DEL01-PB,UOP01-DEL01-PB
489575.0,2022-11-29,terça-feira,06:00:00,PB,230,"220,4",SOLEDADE,Condutor Dormindo,Saída de leito carroçável,Com Vítimas Feridas,Pleno dia,Decrescente,Céu Claro,Simples,Reta,Não,2,0,1,0,1,0,1,1,"-7,0429","-36,3994",SPRF-PB,DEL02-PB,UOP02-DEL02-PB
489630.0,2022-11-29,terça-feira,12:47:00,PB,230,"55,3",CRUZ DO ESPIRITO SANTO,Condutor Dormindo,Capotamento,Com Vítimas Feridas,Pleno dia,Crescente,Céu Claro,Dupla,Reta,Não,3,0,3,0,0,0,3,1,"-7,2014","-35,0943",SPRF-PB,DEL01-PB,UOP03-DEL01-PB
489780.0,2022-11-30,quarta-feira,05:40:00,PB,101,"15,3",MAMANGUAPE,Acessar a via sem observar a presença dos outros veículos,Colisão transversal,Com Vítimas Feridas,Pleno dia,Decrescente,Céu Claro,Dupla,Curva;Aclive,Não,2,0,0,1,1,0,1,2,"-6,624038","-35,128677",SPRF-PB,DEL01-PB,UOP04-DEL01-PB
489838.0,2022-11-30,quarta-feira,12:00:00,PB,230,"147,7",CAMPINA GRANDE,Mal súbito do condutor,Colisão traseira,Com Vítimas Feridas,Pleno dia,Crescente,Nublado,Dupla,Reta,Sim,3,0,1,0,1,1,1,2,"-7,2425","-35,8567",SPRF-PB,DEL02-PB,UOP01-DEL02-PB
489876.0,2022-10-25,terça-feira,19:50:00,PB,230,"8,7",CABEDELO,Área urbana sem a presença de local apropriado para a travessia de pedestres,Atropelamento de Pedestre,Com Vítimas Fatais,Plena Noite,Crescente,Céu Claro,Dupla,Reta,Sim,3,1,0,0,0,2,0,3,"-7,04286911","-34,84605666",SPRF-PB,DEL01-PB,UOP01-DEL01-PB
489888.0,2022-11-30,quarta-feira,17:20:00,PB,101,83,BAYEUX,Frear bruscamente,Colisão traseira,Com Vítimas Feridas,Anoitecer,Decrescente,Sol,Dupla,Reta,Sim,2,0,1,0,1,0,1,2,"-7,13547316","-34,92759022",SPRF-PB,DEL01-PB,UOP01-DEL01-PB
489987.0,2022-11-23,quarta-feira,08:20:00,PB,230,"149,5",CAMPINA GRANDE,Condutor deixou de manter distância do veículo da frente,Colisão traseira,Com Vítimas Feridas,Pleno dia,Decrescente,Céu Claro,Dupla,Reta,Sim,2,0,1,0,1,0,1,2,"-7,243","-35,8709",SPRF-PB,DEL02-PB,UOP01-DEL02-PB
489992.0,2022-12-01,quinta-feira,08:40:00,PB,230,"22,8",JOAO PESSOA,Condutor deixou de manter distância do veículo da frente,Colisão lateral mesmo sentido,Com Vítimas Feridas,Pleno dia,Decrescente,Céu Claro,Dupla,Reta,Não,3,0,2,0,1,0,2,2,"-7,1495","-34,8517",SPRF-PB,DEL01-PB,UOP01-DEL01-PB