id,data_inversa,dia_semana,horario,uf,br,km,municipio,causa_acidente,tipo_acidente,classificacao_acidente,fase_dia,sentido_via,condicao_metereologica,tipo_pista,tracado_via,uso_solo,pessoas,mortos,feridos_leves,feridos_graves,ilesos,ignorados,feridos,veiculos,latitude,longitude,regional,delegacia,uop
490045.0,2022-12-01,quinta-feira,10:00:00,PB,412,43,SAO JOAO DO CARIRI,Avarias e/ou desgaste excessivo no pneu,Capotamento,Com Vítimas Feridas,Pleno dia,Crescente,Nublado,Simples,Declive,Não,2,0,1,1,0,0,2,1,"-7,337625","-36,428773",SPRF-PB,DEL02-PB,UOP02-DEL02-PB
490094.0,2022-12-01,quinta-feira,19:00:00,PB,230,19,JOAO PESSOA,Manobra de mudança de faixa,Colisão lateral mesmo sentido,Com Vítimas Feridas,Pleno dia,Crescente,Céu Claro,Dupla,Reta,Sim,5,0,1,0,3,1,1,3,"-7,131981","-34,853306",SPRF-PB,DEL01-PB,UOP01-DEL01-PB
490114.0,2022-12-01,quinta-feira,20:40:00,PB,101,14,MAMANGUAPE,Demais falhas mecânicas ou elétricas,Incêndio,Sem Vítimas,Plena Noite,Decrescente,Céu Claro,Dupla,Reta,Não,1,0,0,0,1,0,0,1,"-6,61713815","-35,13803934",SPRF-PB,DEL01-PB,UOP04-DEL01-PB
490145.0,2022-12-02,sexta-feira,00:53:00,PB,230,41,SANTA RITA,Ausência de reação do condutor,Saída de leito carroçável,Sem Vítimas,Plena Noite,Decrescente,Céu Claro,Dupla,Declive,Não,1,0,0,0,0,1,0,1,"-7,1432","-34,9869",SPRF-PB,DEL01-PB,UOP03-DEL01-PB
490243.0,2022-12-02,sexta-feira,11:00:00,PB,230,17,JOAO PESSOA,Condutor deixou de manter distância do veículo da frente,Colisão traseira,Com Vítimas Feridas,Pleno dia,Decrescente,Sol,Dupla,Reta,Sim,2,0,0,1,0,1,1,2,"-7,1121","-34,8426",SPRF-PB,DEL01-PB,UOP01-DEL01-PB
490321.0,2022-12-02,sexta-feira,11:30:00,PB,230,"61,9",SAO MIGUEL DE TAIPU,Avarias e/ou desgaste excessivo no pneu,Tombamento,Com Vítimas Feridas,Pleno dia,Crescente,Céu Claro,Dupla,Declive;Reta,Não,2,0,1,1,0,0,2,1,"-7,20002257","-35,16242981",SPRF-PB,DEL01-PB,UOP03-DEL01-PB
490325.0,2022-12-02,sexta-feira,18:44:00,PB,230,"55,2",CRUZ DO ESPIRITO SANTO,Ausência de reação do condutor,Colisão traseira,Com Vítimas Fatais,Plena Noite,Decrescente,Céu Claro,Dupla,Reta,Não,3,1,0,1,1,0,1,2,"-7,2014","-35,0943",SPRF-PB,DEL01-PB,UOP03-DEL01-PB
490335.0,2022-12-02,sexta-feira,19:17:00,PB,101,78,SANTA RITA,Deficiência do Sistema de Iluminação/Sinalização,Atropelamento de Pedestre,Com Vítimas Fatais,Plena Noite,Decrescente,Céu Claro,Dupla,Reta,Não,3,1,0,0,2,0,0,2,"-7,10808295","-34,96293885",SPRF-PB,DEL01-PB,UOP04-DEL01-PB
490487.0,2022-12-03,sábado,08:10:00,PB,230,21,JOAO PESSOA,Condutor deixou de manter distância do veículo da frente,Queda de ocupante de veículo,Com Vítimas Feridas,Pleno dia,Crescente,Céu Claro,Dupla,Reta,Sim,1,0,0,1,0,0,1,1,"-7,1415","-34,8519",SPRF-PB,DEL01-PB,UOP01-DEL01-PB
490553.0,2022-12-03,sábado,12:00:00,PB,101,123,CAAPORA,Reação tardia ou ineficiente do condutor,Tombamento,Com Vítimas Feridas,Pleno dia,Decrescente,Céu Claro,Dupla,Curva,Não,2,0,0,2,0,0,2,1,"-7,511407","-34,89854336",SPRF-PB,DEL01-PB,UOP02-DEL01-PB
490633.0,2022-12-03,sábado,23:10:00,PB,230,243,JUAZEIRINHO,Reação tardia ou ineficiente do condutor,Colisão traseira,Com Vítimas Feridas,Plena Noite,Decrescente,Céu Claro,Simples,Declive,Sim,3,0,0,2,1,0,2,2,"-7,0689","-36,5893",SPRF-PB,DEL02-PB,UOP02-DEL02-PB
490703.0,2022-12-04,domingo,11:20:00,PB,230,"158,7",CAMPINA GRANDE,Mal súbito do condutor,Saída de leito carroçável,Com Vítimas Feridas,Pleno dia,Crescente,Céu Claro,Simples,Reta,Sim,2,0,0,1,1,0,1,1,"-7,25147388","-35,93359709",SPRF-PB,DEL02-PB,UOP01-DEL02-PB
490722.0,2022-12-04,domingo,12:20:00,PB,230,"112,7",INGA,Ausência de reação do condutor,Capotamento,Com Vítimas Feridas,Pleno dia,Crescente,Sol,Dupla,Declive,Não,3,0,2,0,1,0,2,1,"-7,21763844","-35,59562802",SPRF-PB,DEL01-PB,UOP03-DEL01-PB
490771.0,2022-12-04,domingo,17:30:00,PB,230,48,SANTA RITA,Manobra de mudança de faixa,Colisão com objeto,Com Vítimas Feridas,Anoitecer,Crescente,Céu Claro,Dupla,Reta,Não,2,0,2,0,0,0,2,1,"-7,174","-35,0397",SPRF-PB,DEL01-PB,UOP03-DEL01-PB
490814.0,2022-12-04,domingo,21:50:00,PB,230,44,SANTA RITA,Reação tardia ou ineficiente do condutor,Saída de leito carroçável,Com Vítimas Feridas,Plena Noite,Decrescente,Nublado,Dupla,Reta,Não,1,0,0,1,0,0,1,1,"-7,1531","-35,0102",SPRF-PB,DEL01-PB,UOP03-DEL01-PB
490871.0,2022-12-05,segunda-feira,07:30:00,PB,230,"158,1",CAMPINA GRANDE,Acumulo de água sobre o pavimento,Tombamento,Com Vítimas Feridas,Pleno dia,Crescente,Garoa/Chuvisco,Simples,Reta,Sim,1,0,1,0,0,0,1,1,"-7,2582","-35,9267",SPRF-PB,DEL02-PB,UOP01-DEL02-PB
490878.0,2022-12-05,segunda-feira,08:00:00,PB,230,"126,1",RIACHAO DO BACAMARTE,Velocidade Incompatível,Colisão com objeto,Com Vítimas Feridas,Pleno dia,Decrescente,Garoa/Chuvisco,Simples,Curva,Não,2,0,2,0,0,0,2,1,"-7,2546","-35,6892",SPRF-PB,DEL02-PB,UOP01-DEL02-PB
490891.0,2022-12-05,segunda-feira,09:20:00,PB,230,22,JOAO PESSOA,Condutor deixou de manter distância do veículo da frente,Colisão traseira,Com Vítimas Feridas,Pleno dia,Decrescente,Céu Claro,Dupla,Reta,Sim,2,0,1,0,1,0,1,2,"-7,1495","-34,8517",SPRF-PB,DEL01-PB,UOP01-DEL01-PB
490955.0,2022-12-05,segunda-feira,14:25:00,PB,230,"156,5",CAMPINA GRANDE,Acessar a via sem observar a presença dos outros veículos,Colisão transversal,Com Vítimas Feridas,Pleno dia,Crescente,Sol,Simples,Interseção de Vias,Não,3,0,1,1,0,1,2,2,"-7,26303915","-35,92103255",SPRF-PB,DEL02-PB,UOP01-DEL02-PB
490964.0,2022-12-05,segunda-feira,16:25:00,PB,230,29,JOAO PESSOA,Manobra de mudança de faixa,Colisão traseira,Com Vítimas Feridas,Pleno dia,Crescente,Chuva,Dupla,Reta,Sim,4,0,2,0,2,0,2,2,"-7,1622","-34,9031",SPRF-PB,DEL01-PB,UOP01-DEL01-PB
491029.0,2022-12-05,segunda-feira,14:50:00,PB,230,"153,8",CAMPINA GRANDE,Problema com o freio,Saída de leito carroçável,Com Vítimas Feridas,Pleno dia,Decrescente,Chuva,Simples,Curva,Sim,1,0,1,0,0,0,1,1,"-7,2763","-35,8887",SPRF-PB,DEL02-PB,UOP01-DEL02-PB
491199.0,2022-11-04,sexta-feira,04:10:00,PB,101,65,SANTA RITA,Ausência de reação do condutor,Saída de leito carroçável,Com Vítimas Feridas,Pleno dia,Decrescente,Céu Claro,Dupla,Reta,Não,4,0,3,0,1,0,3,1,"-7,04256889","-35,05061285",SPRF-PB,DEL01-PB,UOP04-DEL01-PB
491200.0,2022-12-06,terça-feira,19:55:00,PB,230,9,CABEDELO,Área urbana sem a presença de local apropriado para a travessia de pedestres,Atropelamento de Pedestre,Com Vítimas Feridas,Plena Noite,Decrescente,Céu Claro,Múltipla,Reta,Sim,2,0,0,1,0,1,1,2,"-7,0433","-34,8466",SPRF-PB,DEL01-PB,UOP01-DEL01-PB
491617.0,2022-12-08,quinta-feira,21:55:00,PB,101,"42,8",MAMANGUAPE,Ingestão de álcool pelo condutor,Colisão com objeto,Com Vítimas Feridas,Plena Noite,Decrescente,Céu Claro,Dupla,Declive;Curva,Não,1,0,0,1,0,0,1,1,"-6,856615","-35,13444297",SPRF-PB,DEL01-PB,UOP04-DEL01-PB
491748.0,2022-12-09,sexta-feira,15:10:00,PB,230,17,JOAO PESSOA,Manobra de mudança de faixa,Colisão transversal,Com Vítimas Feridas,Pleno dia,Crescente,Céu Claro,Simples,Curva,Sim,2,0,1,0,1,0,1,2,"-7,11822159","-34,84413262",SPRF-PB,DEL01-PB,UOP01-DEL01-PB
491803.0,2022-12-09,sexta-feira,18:20:00,PB,230,14,CABEDELO,Mal súbito do condutor,Saída de leito carroçável,Com Vítimas Feridas,Plena Noite,Decrescente,Céu Claro,Dupla,Reta,Sim,1,0,1,0,0,0,1,1,"-7,0844","-34,8488",SPRF-PB,DEL01-PB,UOP01-DEL01-PB
491815.0,2022-12-09,sexta-feira,18:30:00,PB,104,39,BARRA DE SANTA ROSA,Ultrapassagem Indevida,Colisão frontal,Com Vítimas Feridas,Plena Noite,Decrescente,Céu Claro,Simples,Curva,Não,3,0,0,2,1,0,2,2,"-6,68527596","-36,08270138",SPRF-PB,DEL02-PB,UOP04-DEL02-PB
491823.0,2022-12-09,sexta-feira,20:40:00,PB,230,"23,7",JOAO PESSOA,Reação tardia ou ineficiente do condutor,Tombamento,Com Vítimas Feridas,Plena Noite,Crescente,Céu Claro,Simples,Reta,Sim,2,0,0,2,0,0,2,1,"-7,164086","-34,862264",SPRF-PB,DEL01-PB,UOP01-DEL01-PB
491893.0,2022-12-10,sábado,05:45:00,PB,361,"87,8",PIANCO,Ausência de reação do condutor,Tombamento,Com Vítimas Feridas,Amanhecer,Crescente,Céu Claro,Simples,Curva,Não,1,0,0,1,0,0,1,1,"-7,20769811","-37,94360099",SPRF-PB,DEL03-PB,UOP01-DEL03-PB
491968.0,2022-12-10,sábado,14:20:00,PB,230,"310,3",SAO MAMEDE,Objeto estático sobre o leito carroçável,Colisão com objeto,Sem Vítimas,Pleno dia,Decrescente,Sol,Simples,Reta,Não,1,0,0,0,1,0,0,1,"-6,9265","-37,0669",SPRF-PB,DEL03-PB,UOP01-DEL03-PB
492000.0,2022-12-10,sábado,18:48:00,PB,230,"22,7",JOAO PESSOA,Condutor deixou de manter distância do veículo da frente,Colisão traseira,Com Vítimas Feridas,Plena Noite,Decrescente,Nublado,Dupla,Reta,Sim,3,0,0,1,2,0,1,2,"-7,1562","-34,8574",SPRF-PB,DEL01-PB,UOP01-DEL01-PB
492248.0,2022-12-11,domingo,19:50:00,PB,101,97,ALHANDRA,Reação tardia ou ineficiente do condutor,Colisão traseira,Com Vítimas Feridas,Plena Noite,Decrescente,Céu Claro,Dupla,Reta,Sim,2,0,0,1,0,1,1,2,"-7,23846306","-34,9268519",SPRF-PB,DEL01-PB,UOP02-DEL01-PB
492280.0,2022-12-11,domingo,22:23:00,PB,230,22,JOAO PESSOA,Condutor deixou de manter distância do veículo da frente,Colisão traseira,Com Vítimas Feridas,Plena Noite,Decrescente,Céu Claro,Dupla,Reta,Sim,2,0,0,1,0,1,1,2,"-7,1495","-34,8517",SPRF-PB,DEL01-PB,UOP01-DEL01-PB
492306.0,2022-12-11,domingo,21:20:00,PB,110,"186,4",MONTEIRO,Velocidade Incompatível,Colisão frontal,Com Vítimas Feridas,Plena Noite,Decrescente,Céu Claro,Simples,Reta,Não,3,0,2,1,0,0,3,2,"-7,912551","-37,150264",SPRF-PB,DEL02-PB,UOP02-DEL02-PB
492321.0,2022-12-11,domingo,22:45:00,PB,412,"77,9",SERRA BRANCA,Animais na Pista,Atropelamento de Animal,Com Vítimas Feridas,Plena Noite,Crescente,Céu Claro,Simples,Reta,Não,2,0,1,0,1,0,1,1,"-7,491959","-36,675205",SPRF-PB,DEL02-PB,UOP02-DEL02-PB
492330.0,2022-12-12,segunda-feira,05:40:00,PB,230,43,SANTA RITA,Ingestão de álcool pelo condutor,Saída de leito carroçável,Sem Vítimas,Pleno dia,Decrescente,Sol,Dupla,Reta,Não,1,0,0,0,1,0,0,1,"-7,1479","-35,0029",SPRF-PB,DEL01-PB,UOP03-DEL01-PB
492346.0,2022-12-12,segunda-feira,08:20:00,PB,230,"17,4",JOAO PESSOA,Ausência de reação do condutor,Tombamento,Com Vítimas Feridas,Pleno dia,Crescente,Céu Claro,Dupla,Retorno Regulamentado,Sim,1,0,1,0,0,0,1,1,"-7,1121","-34,8426",SPRF-PB,DEL01-PB,UOP01-DEL01-PB
492354.0,2022-12-12,segunda-feira,08:55:00,PB,101,83,BAYEUX,Ausência de reação do condutor,Colisão traseira,Com Vítimas Feridas,Pleno dia,Crescente,Céu Claro,Dupla,Reta,Sim,2,0,1,0,1,0,1,2,"-7,1337703","-34,92963914",SPRF-PB,DEL01-PB,UOP01-DEL01-PB
492368.0,2022-12-12,segunda-feira,09:55:00,PB,230,"23,2",JOAO PESSOA,Ausência de reação do condutor,Colisão traseira,Com Vítimas Feridas,Pleno dia,Decrescente,Céu Claro,Dupla,Viaduto,Sim,3,0,1,0,2,0,1,2,"-7,1637","-34,8618",SPRF-PB,DEL01-PB,UOP01-DEL01-PB
492414.0,2022-11-26,sábado,13:20:00,PB,230,"0,8",CABEDELO,Ausência de reação do condutor,Colisão traseira,Sem Vítimas,Pleno dia,Crescente,Céu Claro,Simples,Reta,Sim,2,0,0,0,1,1,0,2,"-6,9711","-34,8382",SPRF-PB,DEL01-PB,UOP01-DEL01-PB
492534.0,2022-11-01,terça-feira,17:45:00,PB,230,11,CABEDELO,Reação tardia ou ineficiente do condutor,Colisão traseira,Com Vítimas Feridas,Plena Noite,Crescente,Céu Claro,Dupla,Reta,Sim,2,0,0,1,1,0,1,2,"-7,0596","-34,8506",SPRF-PB,DEL01-PB,UOP01-DEL01-PB
492723.0,2022-12-14,quarta-feira,11:10:00,PB,230,337,PATOS,Acessar a via sem observar a presença dos outros veículos,Colisão transversal,Sem Vítimas,Pleno dia,Crescente,Céu Claro,Simples,Reta,Não,6,0,0,0,6,0,0,2,"-7,0084","-37,2829",SPRF-PB,DEL03-PB,UOP01-DEL03-PB
492734.0,2022-12-14,quarta-feira,12:10:00,PB,101,103,ALHANDRA,Condutor Dormindo,Colisão com objeto,Com Vítimas Feridas,Pleno dia,Decrescente,Sol,Dupla,Curva,Não,1,0,1,0,0,0,1,1,"-7,29163604","-34,93807826",SPRF-PB,DEL01-PB,UOP02-DEL01-PB
492752.0,2022-12-14,quarta-feira,13:05:00,PB,230,"165,8",CAMPINA GRANDE,Acessar a via sem observar a presença dos outros veículos,Colisão lateral mesmo sentido,Com Vítimas Feridas,Pleno dia,Crescente,Céu Claro,Simples,Reta,Sim,2,0,1,0,0,1,1,2,"-7,20168","-35,95202",SPRF-PB,DEL02-PB,UOP02-DEL02-PB
492825.0,2022-12-14,quarta-feira,18:40:00,PB,230,"240,3",JUAZEIRINHO,Transitar na contramão,Colisão frontal,Com Vítimas Feridas,Plena Noite,Decrescente,Céu Claro,Simples,Reta,Não,3,0,1,1,1,0,2,2,"-7,0629","-36,56194",SPRF-PB,DEL02-PB,UOP02-DEL02-PB
492934.0,2022-12-15,quinta-feira,13:35:00,PB,230,178,POCINHOS,Avarias e/ou desgaste excessivo no pneu,Colisão transversal,Com Vítimas Feridas,Pleno dia,Crescente,Céu Claro,Simples,Reta,Não,4,0,3,0,1,0,3,2,"-7,1653","-36,0493",SPRF-PB,DEL02-PB,UOP02-DEL02-PB
492997.0,2022-12-15,quinta-feira,18:35:00,PB,230,"75,2",RIACHAO DO POCO,Sinalização mal posicionada,Saída de leito carroçável,Com Vítimas Feridas,Plena Noite,Decrescente,Céu Claro,Simples,Desvio Temporário;Em Obras;Reta,Não,4,0,1,0,2,1,1,2,"-7,1908","-35,2682",SPRF-PB,DEL01-PB,UOP03-DEL01-PB
493035.0,2022-12-11,domingo,22:30:00,PB,412,52,SAO JOAO DO CARIRI,Conversão proibida,Colisão traseira,Com Vítimas Feridas,Plena Noite,Crescente,Céu Claro,Simples,Reta,Não,2,0,1,0,1,0,1,2,"-7,363202","-36,504227",SPRF-PB,DEL02-PB,UOP02-DEL02-PB
493087.0,2022-12-16,sexta-feira,07:20:00,PB,230,121,RIACHAO DO BACAMARTE,Condutor Dormindo,Saída de leito carroçável,Com Vítimas Feridas,Pleno dia,Decrescente,Céu Claro,Dupla,Curva,Não,2,0,2,0,0,0,2,1,"-7,2452","-35,649",SPRF-PB,DEL02-PB,UOP01-DEL02-PB
493186.0,2022-12-16,sexta-feira,16:40:00,PB,230,"24,3",JOAO PESSOA,Ausência de reação do condutor,Colisão traseira,Com Vítimas Feridas,Pleno dia,Decrescente,Céu Claro,Dupla,Reta;Viaduto;Aclive,Sim,2,0,1,0,1,0,1,2,"-7,1637","-34,8618",SPRF-PB,DEL01-PB,UOP01-DEL01-PB
493191.0,2022-12-10,sábado,01:17:00,PB,230,248,JUAZEIRINHO,Transitar na contramão,Colisão frontal,Com Vítimas Fatais,Plena Noite,Decrescente,Céu Claro,Simples,Reta,Não,2,1,0,0,1,0,0,2,"-7,0686","-36,6346",SPRF-PB,DEL02-PB,UOP02-DEL02-PB
493258.0,2022-12-16,sexta-feira,18:30:00,PB,361,"29,1",SANTA TERESINHA,Acessar a via sem observar a presença dos outros veículos,Colisão transversal,Com Vítimas Fatais,Plena Noite,Decrescente,Nublado,Simples,Reta,Não,10,3,1,1,4,1,2,3,"-7,089102","-37,493259",SPRF-PB,DEL03-PB,UOP01-DEL03-PB
493302.0,2022-12-17,sábado,03:20:00,PB,230,137,MASSARANDUBA,Condutor deixou de manter distância do veículo da frente,Colisão traseira,Com Vítimas Feridas,Plena Noite,Decrescente,Céu Claro,Dupla,Aclive,Não,3,0,2,0,1,0,2,2,"-7,27166723","-35,78585856",SPRF-PB,DEL02-PB,UOP01-DEL02-PB
493336.0,2022-12-17,sábado,07:57:00,PB,101,83,BAYEUX,Reação tardia ou ineficiente do condutor,Tombamento,Com Vítimas Feridas,Pleno dia,Decrescente,Céu Claro,Dupla,Reta,Sim,2,0,2,0,0,0,2,1,"-7,143","-34,9192",SPRF-PB,DEL01-PB,UOP01-DEL01-PB
493520.0,2022-12-17,sábado,23:00:00,PB,230,501,CAJAZEIRAS,Reação tardia ou ineficiente do condutor,Tombamento,Com Vítimas Feridas,Plena Noite,Crescente,Nublado,Simples,Reta,Não,1,0,0,1,0,0,1,1,"-6,899","-38,5159",SPRF-PB,DEL03-PB,UOP03-DEL03-PB
493545.0,2022-12-17,sábado,23:40:00,PB,101,"72,9",SANTA RITA,Reação tardia ou ineficiente do condutor,Saída de leito carroçável,Sem Vítimas,Plena Noite,Crescente,Céu Claro,Dupla,Reta,Não,1,0,0,0,0,1,0,1,"-7,07320663","-34,99569975",SPRF-PB,DEL01-PB,UOP04-DEL01-PB
493660.0,2022-12-18,domingo,11:30:00,PB,405,"18,5",SAO JOAO DO RIO DO PEIXE,Velocidade Incompatível,Saída de leito carroçável,Com Vítimas Feridas,Pleno dia,Crescente,Céu Claro,Simples,Curva,Não,1,0,1,0,0,0,1,1,"-6,601764","-38,410744",SPRF-PB,DEL03-PB,UOP03-DEL03-PB
493682.0,2022-12-18,domingo,11:00:00,PB,230,"124,5",RIACHAO DO BACAMARTE,Reação tardia ou ineficiente do condutor,Saída de leito carroçável,Com Vítimas Fatais,Pleno dia,Crescente,Céu Claro,Dupla,Curva,Não,1,1,0,0,0,0,0,1,"-7,2465","-35,6751",SPRF-PB,DEL02-PB,UOP01-DEL02-PB
493696.0,2022-12-18,domingo,19:15:00,PB,230,"14,9",CABEDELO,Velocidade Incompatível,Colisão lateral mesmo sentido,Com Vítimas Feridas,Plena Noite,Crescente,Céu Claro,Dupla,Reta,Sim,2,0,1,0,1,0,1,2,"-7,09224759","-34,84831095",SPRF-PB,DEL01-PB,UOP01-DEL01-PB
493700.0,2022-12-18,domingo,19:16:00,PB,101,87,JOAO PESSOA,Acessar a via sem observar a presença dos outros veículos,Atropelamento de Pedestre,Com Vítimas Fatais,Plena Noite,Crescente,Céu Claro,Dupla,Curva,Sim,2,1,0,0,0,1,0,2,"-7,15886802","-34,90628504",SPRF-PB,DEL01-PB,UOP01-DEL01-PB
493754.0,2022-12-19,segunda-feira,00:00:00,PB,230,12,CABEDELO,Acessar a via sem observar a presença dos outros veículos,Colisão lateral mesmo sentido,Com Vítimas Feridas,Plena Noite,Decrescente,Céu Claro,Dupla,Retorno Regulamentado;Reta,Sim,3,0,2,0,1,0,2,2,"-7,068","-34,85",SPRF-PB,DEL01-PB,UOP01-DEL01-PB
493814.0,2022-12-10,sábado,03:00:00,PB,412,"132,8",MONTEIRO,Ausência de reação do condutor,Saída de leito carroçável,Com Vítimas Fatais,Plena Noite,Crescente,Ignorado,Simples,Reta,Não,1,1,0,0,0,0,0,1,"-7,82008","-37,042686",SPRF-PB,DEL02-PB,UOP02-DEL02-PB
493848.0,2022-12-19,segunda-feira,12:00:00,PB,230,"9,5",CABEDELO,Condutor deixou de manter distância do veículo da frente,Colisão traseira,Com Vítimas Feridas,Pleno dia,Decrescente,Céu Claro,Dupla,Reta,Sim,2,0,1,0,1,0,1,2,"-7,0433","-34,8466",SPRF-PB,DEL01-PB,UOP01-DEL01-PB
493878.0,2022-12-19,segunda-feira,14:40:00,PB,104,104,CAMPINA GRANDE,Ingestão de álcool pelo condutor,Colisão traseira,Sem Vítimas,Pleno dia,Crescente,Céu Claro,Simples,Reta,Sim,2,0,0,0,2,0,0,2,"-7,285392","-35,889554",SPRF-PB,DEL02-PB,UOP04-DEL02-PB
493896.0,2022-11-23,quarta-feira,17:00:00,PB,230,470,SOUSA,Transitar na contramão,Colisão frontal,Com Vítimas Feridas,Pleno dia,Crescente,Céu Claro,Simples,Reta,Não,2,0,1,0,1,0,1,2,"-6,78962631","-38,28528397",SPRF-PB,DEL03-PB,UOP03-DEL03-PB
493911.0,2022-12-19,segunda-feira,16:30:00,PB,230,45,SANTA RITA,Ausência de reação do condutor,Colisão traseira,Com Vítimas Feridas,Pleno dia,Decrescente,Sol,Dupla,Reta,Não,7,0,0,1,0,6,1,3,"-7,1583","-35,0176",SPRF-PB,DEL01-PB,UOP03-DEL01-PB
493941.0,2022-12-19,segunda-feira,19:30:00,PB,230,"479,9",MARIZOPOLIS,Demais falhas na via,Tombamento,Com Vítimas Feridas,Plena Noite,Decrescente,Céu Claro,Simples,Aclive;Reta,Não,3,0,1,2,0,0,3,1,"-6,8431","-38,3315",SPRF-PB,DEL03-PB,UOP03-DEL03-PB
493964.0,2022-12-20,terça-feira,06:00:00,PB,427,37,POMBAL,Acessar a via sem observar a presença dos outros veículos,Colisão transversal,Com Vítimas Feridas,Pleno dia,Crescente,Céu Claro,Simples,Reta,Sim,2,0,0,1,0,1,1,2,"-6,76405124","-37,78910384",SPRF-PB,DEL03-PB,UOP02-DEL03-PB
493979.0,2022-12-20,terça-feira,09:15:00,PB,230,20,JOAO PESSOA,Reação tardia ou ineficiente do condutor,Colisão lateral mesmo sentido,Com Vítimas Feridas,Pleno dia,Decrescente,Céu Claro,Dupla,Reta,Sim,2,0,1,0,1,0,1,2,"-7,1337","-34,8544",SPRF-PB,DEL01-PB,UOP01-DEL01-PB
493981.0,2022-12-20,terça-feira,10:20:00,PB,230,260,JUNCO DO SERIDO,Ultrapassagem Indevida,Colisão lateral mesmo sentido,Com Vítimas Feridas,Pleno dia,Crescente,Céu Claro,Simples,Reta,Não,3,0,2,0,1,0,2,2,"-7,0033","-36,7061",SPRF-PB,DEL03-PB,UOP01-DEL03-PB
493982.0,2022-12-20,terça-feira,11:10:00,PB,230,477,MARIZOPOLIS,Manobra de mudança de faixa,Colisão frontal,Com Vítimas Feridas,Pleno dia,Crescente,Céu Claro,Simples,Aclive;Reta,Não,2,0,0,1,0,1,1,2,"-6,842919","-38,327498",SPRF-PB,DEL03-PB,UOP03-DEL03-PB
494013.0,2022-12-20,terça-feira,13:40:00,PB,230,2,CABEDELO,Reação tardia ou ineficiente do condutor,Tombamento,Com Vítimas Feridas,Pleno dia,Crescente,Céu Claro,Dupla,Reta,Sim,4,0,2,0,0,2,2,2,"-6,98466037","-34,82906342",SPRF-PB,DEL01-PB,UOP01-DEL01-PB
494014.0,2022-12-20,terça-feira,13:50:00,PB,230,2,CABEDELO,Reação tardia ou ineficiente do condutor,Tombamento,Com Vítimas Feridas,Pleno dia,Crescente,Céu Claro,Dupla,Reta;Retorno Regulamentado,Sim,2,0,0,2,0,0,2,1,"-6,98474223","-34,82925531",SPRF-PB,DEL01-PB,UOP01-DEL01-PB
494069.0,2022-12-20,terça-feira,18:25:00,PB,104,"114,3",LAGOA SECA,Ingestão de álcool pelo condutor,Colisão traseira,Sem Vítimas,Plena Noite,Decrescente,Céu Claro,Simples,Reta,Sim,2,0,0,0,2,0,0,2,"-7,1620139","-35,85712429",SPRF-PB,DEL02-PB,UOP04-DEL02-PB
494145.0,2022-12-21,quarta-feira,06:25:00,PB,230,60,CRUZ DO ESPIRITO SANTO,Reação tardia ou ineficiente do condutor,Colisão traseira,Com Vítimas Feridas,Pleno dia,Crescente,Céu Claro,Dupla,Reta;Retorno Regulamentado,Sim,2,0,1,0,1,0,1,2,"-7,20345022","-35,15438084",SPRF-PB,DEL01-PB,UOP03-DEL01-PB
494155.0,2022-12-21,quarta-feira,07:45:00,PB,101,82,JOAO PESSOA,Ausência de reação do condutor,Colisão traseira,Com Vítimas Feridas,Pleno dia,Crescente,Céu Claro,Dupla,Reta,Não,2,0,0,1,1,0,1,2,"-7,12911","-34,93714",SPRF-PB,DEL01-PB,UOP01-DEL01-PB
494196.0,2022-12-21,quarta-feira,11:00:00,PB,230,16,JOAO PESSOA,Reação tardia ou ineficiente do condutor,Engavetamento,Com Vítimas Feridas,Pleno dia,Decrescente,Sol,Dupla,Aclive;Reta,Sim,6,0,1,0,4,1,1,5,"-7,1039","-34,8458",SPRF-PB,DEL01-PB,UOP01-DEL01-PB
494279.0,2022-12-21,quarta-feira,18:10:00,PB,230,"153,9",CAMPINA GRANDE,Condutor deixou de manter distância do veículo da frente,Colisão traseira,Com Vítimas Feridas,Plena Noite,Crescente,Céu Claro,Simples,Reta,Sim,3,0,2,0,1,0,2,2,"-7,2763","-35,8887",SPRF-PB,DEL02-PB,UOP01-DEL02-PB
494379.0,2022-12-22,quinta-feira,07:00:00,PB,230,"27,6",JOAO PESSOA,Pista Escorregadia,Tombamento,Com Vítimas Feridas,Pleno dia,Decrescente,Garoa/Chuvisco,Dupla,Curva;Viaduto,Sim,2,0,2,0,0,0,2,1,"-7,16564039","-34,89484191",SPRF-PB,DEL01-PB,UOP01-DEL01-PB
494449.0,2022-09-09,sexta-feira,10:50:00,PB,230,"85,8",GURINHEM,Velocidade Incompatível,Saída de leito carroçável,Com Vítimas Feridas,Pleno dia,Decrescente,Céu Claro,Dupla,Reta;Declive,Não,1,0,1,0,0,0,1,1,"-7,1689","-35,3743",SPRF-PB,DEL01-PB,UOP03-DEL01-PB
494500.0,2022-12-22,quinta-feira,19:00:00,PB,230,"148,9",CAMPINA GRANDE,Animais na Pista,Atropelamento de Animal,Com Vítimas Feridas,Plena Noite,Decrescente,Céu Claro,Dupla,Reta,Sim,1,0,0,1,0,0,1,1,"-7,24464123","-35,87126736",SPRF-PB,DEL02-PB,UOP01-DEL02-PB