id,data_inversa,dia_semana,horario,uf,br,km,municipio,causa_acidente,tipo_acidente,classificacao_acidente,fase_dia,sentido_via,condicao_metereologica,tipo_pista,tracado_via,uso_solo,pessoas,mortos,feridos_leves,feridos_graves,ilesos,ignorados,feridos,veiculos,latitude,longitude,regional,delegacia,uop
494524.0,2022-12-22,quinta-feira,21:05:00,PB,101,40,MAMANGUAPE,Pedestre cruzava a pista fora da faixa,Atropelamento de Pedestre,Com Vítimas Feridas,Plena Noite,Crescente,Céu Claro,Dupla,Viaduto;Declive;Reta,Não,2,0,0,1,1,0,1,2,"-6,838737","-35,13633",SPRF-PB,DEL01-PB,UOP04-DEL01-PB
494697.0,2022-12-23,sexta-feira,11:00:00,PB,230,203,POCINHOS,Reação tardia ou ineficiente do condutor,Saída de leito carroçável,Com Vítimas Feridas,Pleno dia,Crescente,Céu Claro,Simples,Reta,Sim,3,0,1,0,2,0,1,2,"-7,0962","-36,2621",SPRF-PB,DEL02-PB,UOP02-DEL02-PB
494706.0,2022-12-23,sexta-feira,13:00:00,PB,230,10,CABEDELO,Mal súbito do condutor,Colisão com objeto,Com Vítimas Feridas,Pleno dia,Crescente,Sol,Dupla,Reta,Não,2,0,2,0,0,0,2,1,"-7,0514","-34,8499",SPRF-PB,DEL01-PB,UOP01-DEL01-PB
494715.0,2022-12-23,sexta-feira,12:15:00,PB,412,"77,4",SERRA BRANCA,Acessar a via sem observar a presença dos outros veículos,Colisão transversal,Com Vítimas Feridas,Pleno dia,Decrescente,Céu Claro,Simples,Reta,Não,3,0,2,0,1,0,2,2,"-7,49094137","-36,67309284",SPRF-PB,DEL02-PB,UOP02-DEL02-PB
494734.0,2022-12-23,sexta-feira,15:00:00,PB,101,96,ALHANDRA,Conversão proibida,Colisão transversal,Com Vítimas Feridas,Pleno dia,Crescente,Céu Claro,Dupla,Reta,Não,5,0,0,1,4,0,1,2,"-7,230921","-34,921149",SPRF-PB,DEL01-PB,UOP02-DEL01-PB
494768.0,2022-12-23,sexta-feira,11:30:00,PB,361,112,ITAPORANGA,Acessar a via sem observar a presença dos outros veículos,Colisão transversal,Com Vítimas Feridas,Pleno dia,Crescente,Nublado,Simples,Reta,Sim,4,0,2,0,2,0,2,2,"-7,30036449","-38,13712122",SPRF-PB,DEL03-PB,UOP01-DEL03-PB
494774.0,2022-12-23,sexta-feira,14:00:00,PB,412,"90,6",SERRA BRANCA,Pista esburacada,Saída de leito carroçável,Com Vítimas Fatais,Pleno dia,Crescente,Céu Claro,Simples,Reta,Não,5,3,0,2,0,0,2,1,"-7,562675","-36,766197",SPRF-PB,DEL02-PB,UOP02-DEL02-PB
494800.0,2022-12-23,sexta-feira,18:08:00,PB,230,19,JOAO PESSOA,Avarias e/ou desgaste excessivo no pneu,Eventos atípicos,Com Vítimas Feridas,Plena Noite,Decrescente,Céu Claro,Dupla,Curva,Sim,2,0,1,0,1,0,1,1,"-7,1281","-34,8466",SPRF-PB,DEL01-PB,UOP01-DEL01-PB
494816.0,2022-12-23,sexta-feira,20:20:00,PB,230,22,JOAO PESSOA,Pedestre cruzava a pista fora da faixa,Atropelamento de Pedestre,Com Vítimas Feridas,Plena Noite,Crescente,Céu Claro,Dupla,Reta,Sim,2,0,1,1,0,0,2,2,"-7,1544776","-34,85599034",SPRF-PB,DEL01-PB,UOP01-DEL01-PB
494895.0,2022-12-24,sábado,03:34:00,PB,101,92,JOAO PESSOA,Transitar na contramão,Colisão frontal,Com Vítimas Feridas,Plena Noite,Decrescente,Garoa/Chuvisco,Dupla,Reta;Aclive,Sim,4,0,0,4,0,0,4,2,"-7,19683829","-34,90588313",SPRF-PB,DEL01-PB,UOP02-DEL01-PB
494899.0,2022-12-24,sábado,02:20:00,PB,0,0,MAMANGUAPE,Transitar na contramão,Colisão lateral sentido oposto,Com Vítimas Feridas,Plena Noite,Não Informado,Chuva,Simples,Reta,Não,4,0,1,2,0,1,3,2,"-6,82975098","-35,13756194",SPRF-PB,DEL01-PB,UOP04-DEL01-PB
494930.0,2022-12-24,sábado,05:40:00,PB,412,"33,8",SAO JOAO DO CARIRI,Avarias e/ou desgaste excessivo no pneu,Saída de leito carroçável,Sem Vítimas,Pleno dia,Decrescente,Chuva,Simples,Reta,Não,1,0,0,0,0,1,0,1,"-7,313395","-36,343227",SPRF-PB,DEL02-PB,UOP02-DEL02-PB
495022.0,2022-12-24,sábado,17:40:00,PB,230,"349,7",PATOS,Velocidade Incompatível,Colisão com objeto,Com Vítimas Feridas,Anoitecer,Crescente,Nublado,Simples,Curva,Não,3,0,2,0,1,0,2,1,"-6,9548","-37,3764",SPRF-PB,DEL03-PB,UOP01-DEL03-PB
495026.0,2022-12-24,sábado,17:25:00,PB,230,"190,3",POCINHOS,Condutor Dormindo,Colisão com objeto,Sem Vítimas,Anoitecer,Decrescente,Céu Claro,Simples,Ponte;Reta,Não,4,0,0,0,4,0,0,1,"-7,1361","-36,153",SPRF-PB,DEL02-PB,UOP02-DEL02-PB
495057.0,2022-12-24,sábado,19:40:00,PB,104,119,LAGOA SECA,Ingestão de álcool pelo condutor,Queda de ocupante de veículo,Sem Vítimas,Plena Noite,Crescente,Nublado,Simples,Reta,Não,1,0,0,0,1,0,0,1,"-7,20325615","-35,8752172",SPRF-PB,DEL02-PB,UOP04-DEL02-PB
495087.0,2022-12-25,domingo,02:10:00,PB,427,37,POMBAL,Reação tardia ou ineficiente do condutor,Queda de ocupante de veículo,Com Vítimas Fatais,Plena Noite,Decrescente,Nublado,Simples,Reta,Sim,1,1,0,0,0,0,0,1,"-6,76405124","-37,78910384",SPRF-PB,DEL03-PB,UOP02-DEL03-PB
495129.0,2022-12-25,domingo,08:44:00,PB,230,83,CALDAS BRANDAO,Ingestão de álcool pelo condutor,Queda de ocupante de veículo,Com Vítimas Feridas,Pleno dia,Crescente,Céu Claro,Dupla,Reta,Não,1,0,1,0,0,0,1,1,"-7,1669","-35,3355",SPRF-PB,DEL01-PB,UOP03-DEL01-PB
495183.0,2022-12-25,domingo,14:35:00,PB,230,4,CABEDELO,Reação tardia ou ineficiente do condutor,Colisão com objeto,Com Vítimas Feridas,Pleno dia,Crescente,Céu Claro,Dupla,Reta;Em Obras;Viaduto,Sim,1,0,0,1,0,0,1,1,"-7,005594","-34,829346",SPRF-PB,DEL01-PB,UOP01-DEL01-PB
495251.0,2022-12-25,domingo,16:15:00,PB,104,"145,1",QUEIMADAS,Ingestão de álcool pelo condutor,Tombamento,Com Vítimas Feridas,Pleno dia,Crescente,Nublado,Simples,Reta,Não,1,0,1,0,0,0,1,1,"-7,415865","-35,895712",SPRF-PB,DEL02-PB,UOP03-DEL02-PB
495277.0,2022-12-25,domingo,21:40:00,PB,101,45,MAMANGUAPE,Ingestão de álcool pelo condutor,Colisão lateral mesmo sentido,Com Vítimas Feridas,Plena Noite,Crescente,Nublado,Dupla,Interseção de Vias,Não,10,0,6,0,2,2,6,6,"-6,88322894","-35,1303459",SPRF-PB,DEL01-PB,UOP04-DEL01-PB
495322.0,2022-12-26,segunda-feira,07:50:00,PB,101,89,JOAO PESSOA,Ausência de reação do condutor,Colisão traseira,Com Vítimas Feridas,Pleno dia,Decrescente,Céu Claro,Dupla,Retorno Regulamentado;Reta,Sim,2,0,1,0,0,1,1,2,"-7,17800998","-34,8995721",SPRF-PB,DEL01-PB,UOP02-DEL01-PB
495324.0,2022-12-25,domingo,01:00:00,PB,427,37,POMBAL,Ingestão de álcool pelo condutor,Colisão frontal,Com Vítimas Feridas,Plena Noite,Decrescente,Céu Claro,Simples,Reta,Sim,2,0,0,1,0,1,1,2,"-6,76405124","-37,78910384",SPRF-PB,DEL03-PB,UOP02-DEL03-PB
495357.0,2022-12-26,segunda-feira,10:38:00,PB,230,7,CABEDELO,Reação tardia ou ineficiente do condutor,Colisão lateral mesmo sentido,Com Vítimas Feridas,Pleno dia,Decrescente,Céu Claro,Simples,Reta,Sim,2,0,1,0,1,0,1,2,"-7,026","-34,8385",SPRF-PB,DEL01-PB,UOP01-DEL01-PB
495723.0,2022-12-27,terça-feira,21:20:00,PB,230,4,CABEDELO,Ausência de reação do condutor,Colisão com objeto,Com Vítimas Feridas,Plena Noite,Crescente,Céu Claro,Dupla,Curva;Declive;Em Obras,Sim,2,0,0,2,0,0,2,1,"-7,0004","-34,8284",SPRF-PB,DEL01-PB,UOP01-DEL01-PB
495777.0,2022-12-28,quarta-feira,08:00:00,PB,230,165,CAMPINA GRANDE,Ausência de reação do condutor,Colisão traseira,Com Vítimas Feridas,Pleno dia,Decrescente,Céu Claro,Simples,Curva;Aclive,Sim,2,0,1,0,1,0,1,2,"-7,2051","-35,951",SPRF-PB,DEL02-PB,UOP01-DEL02-PB
495968.0,2022-12-29,quinta-feira,07:30:00,PB,230,"119,7",RIACHAO DO BACAMARTE,Avarias e/ou desgaste excessivo no pneu,Saída de leito carroçável,Com Vítimas Feridas,Pleno dia,Decrescente,Céu Claro,Dupla,Reta,Não,5,0,4,0,1,0,4,1,"-7,244805","-35,6456",SPRF-PB,DEL02-PB,UOP01-DEL02-PB
495976.0,2022-12-29,quinta-feira,10:20:00,PB,230,153,CAMPINA GRANDE,Condutor deixou de manter distância do veículo da frente,Colisão traseira,Com Vítimas Feridas,Pleno dia,Crescente,Sol,Dupla,Reta,Não,4,0,2,1,1,0,3,2,"-7,27668339","-35,88835247",SPRF-PB,DEL02-PB,UOP01-DEL02-PB
496008.0,2022-12-29,quinta-feira,13:40:00,PB,230,"20,3",JOAO PESSOA,Ausência de reação do condutor,Engavetamento,Com Vítimas Feridas,Pleno dia,Decrescente,Céu Claro,Dupla,Curva,Sim,3,0,1,0,2,0,1,3,"-7,14045175","-34,85202491",SPRF-PB,DEL01-PB,UOP01-DEL01-PB
496013.0,2022-12-29,quinta-feira,13:16:00,PB,230,16,JOAO PESSOA,Ausência de reação do condutor,Engavetamento,Com Vítimas Feridas,Pleno dia,Decrescente,Céu Claro,Dupla,Reta,Sim,6,0,1,0,5,0,1,5,"-7,1039","-34,8458",SPRF-PB,DEL01-PB,UOP01-DEL01-PB
496044.0,2022-12-29,quinta-feira,16:20:00,PB,230,25,JOAO PESSOA,Objeto estático sobre o leito carroçável,Colisão traseira,Com Vítimas Feridas,Pleno dia,Decrescente,Céu Claro,Múltipla,Viaduto,Sim,4,0,2,0,1,1,2,2,"-7,1707","-34,8684",SPRF-PB,DEL01-PB,UOP01-DEL01-PB
496094.0,2022-12-29,quinta-feira,20:15:00,PB,230,112,INGA,Demais falhas mecânicas ou elétricas,Incêndio,Sem Vítimas,Plena Noite,Crescente,Céu Claro,Dupla,Reta,Não,1,0,0,0,1,0,0,1,"-7,2117","-35,5822",SPRF-PB,DEL01-PB,UOP03-DEL01-PB
496110.0,2022-12-29,quinta-feira,23:00:00,PB,230,83,BAYEUX,Reação tardia ou ineficiente do condutor,Colisão traseira,Com Vítimas Feridas,Plena Noite,Decrescente,Céu Claro,Dupla,Reta;Em Obras,Sim,3,0,1,0,2,0,1,2,"-7,14239773","-34,91980419",SPRF-PB,DEL01-PB,UOP03-DEL01-PB
496155.0,2022-12-30,sexta-feira,07:50:00,PB,230,24,JOAO PESSOA,Reação tardia ou ineficiente do condutor,Tombamento,Com Vítimas Feridas,Pleno dia,Decrescente,Sol,Dupla,Reta,Sim,1,0,1,0,0,0,1,1,"-7,1637","-34,8618",SPRF-PB,DEL01-PB,UOP01-DEL01-PB
496204.0,2022-12-30,sexta-feira,11:05:00,PB,230,1,CABEDELO,Ausência de reação do condutor,Colisão traseira,Sem Vítimas,Pleno dia,Decrescente,Céu Claro,Simples,Reta,Sim,2,0,0,0,2,0,0,2,"-6,9753","-34,8318",SPRF-PB,DEL01-PB,UOP01-DEL01-PB
496256.0,2022-12-30,sexta-feira,16:40:00,PB,101,"85,9",BAYEUX,Condutor deixou de manter distância do veículo da frente,Colisão traseira,Com Vítimas Feridas,Pleno dia,Decrescente,Sol,Dupla,Reta,Sim,3,0,1,0,1,1,1,2,"-7,15044634","-34,91081234",SPRF-PB,DEL01-PB,UOP01-DEL01-PB
496355.0,2022-12-31,sábado,06:25:00,PB,230,25,JOAO PESSOA,Avarias e/ou desgaste excessivo no pneu,Tombamento,Com Vítimas Feridas,Pleno dia,Decrescente,Garoa/Chuvisco,Múltipla,Viaduto,Não,1,0,1,0,0,0,1,1,"-7,1707","-34,8684",SPRF-PB,DEL01-PB,UOP01-DEL01-PB
496439.0,2022-12-31,sábado,15:50:00,PB,230,4,CABEDELO,Reação tardia ou ineficiente do condutor,Colisão traseira,Com Vítimas Feridas,Pleno dia,Crescente,Céu Claro,Dupla,Reta,Não,2,0,0,1,1,0,1,2,"-7,0004","-34,8284",SPRF-PB,DEL01-PB,UOP01-DEL01-PB
496502.0,2022-12-31,sábado,22:00:00,PB,230,156,CAMPINA GRANDE,Condutor Dormindo,Saída de leito carroçável,Sem Vítimas,Plena Noite,Decrescente,Céu Claro,Simples,Reta,Sim,1,0,0,0,1,0,0,1,"-7,2693","-35,9138",SPRF-PB,DEL02-PB,UOP01-DEL02-PB
496846.0,2022-12-27,terça-feira,14:00:00,PB,230,252,JUAZEIRINHO,Ultrapassagem Indevida,Colisão frontal,Com Vítimas Feridas,Pleno dia,Decrescente,Céu Claro,Simples,Reta,Sim,3,0,3,0,0,0,3,3,"-7,0468","-36,6581",SPRF-PB,DEL03-PB,UOP01-DEL03-PB
497325.0,2022-12-07,quarta-feira,22:00:00,PB,101,"75,4",CONDE,Restrição de visibilidade em curvas verticais,Atropelamento de Pedestre,Com Vítimas Fatais,Plena Noite,Decrescente,Céu Claro,Dupla,Aclive,Não,2,1,0,0,0,1,0,2,"-7,229053","-34,919093",SPRF-PB,DEL01-PB,UOP04-DEL01-PB
501294.0,2022-12-01,quinta-feira,15:40:00,PB,230,18,JOAO PESSOA,Condutor deixou de manter distância do veículo da frente,Colisão traseira,Com Vítimas Feridas,Pleno dia,Decrescente,Sol,Dupla,Reta,Sim,3,0,1,0,2,0,1,3,"-7,1198","-34,8453",SPRF-PB,DEL01-PB,UOP01-DEL01-PB
510291.0,2022-07-03,domingo,03:40:00,PB,230,314,SAO MAMEDE,Ausência de reação do condutor,Colisão traseira,Com Vítimas Feridas,Plena Noite,Crescente,Céu Claro,Simples,Reta,Não,6,0,1,0,5,0,1,2,"-6,9412","-37,1016",SPRF-PB,DEL03-PB,UOP01-DEL03-PB
512256.0,2022-11-09,quarta-feira,09:40:00,PB,230,"93,6",GURINHEM,Reação tardia ou ineficiente do condutor,Saída de leito carroçável,Com Vítimas Feridas,Pleno dia,Crescente,Céu Claro,Dupla,Reta,Não,2,0,2,0,0,0,2,1,"-7,1777","-35,4181",SPRF-PB,DEL01-PB,UOP03-DEL01-PB
517828.0,2022-11-29,terça-feira,15:40:00,PB,230,259,JUNCO DO SERIDO,Ausência de reação do condutor,Saída de leito carroçável,Sem Vítimas,Pleno dia,Decrescente,Céu Claro,Simples,Reta,Não,1,0,0,0,1,0,0,1,"-7,0085","-36,697",SPRF-PB,DEL03-PB,UOP01-DEL03-PB
526662.0,2022-11-19,sábado,11:30:00,PB,230,"369,9",MALTA,Transitar na contramão,Colisão frontal,Com Vítimas Feridas,Pleno dia,Decrescente,Céu Claro,Simples,Reta,Não,3,0,0,1,0,2,1,3,"-6,9068","-37,5407",SPRF-PB,DEL03-PB,UOP02-DEL03-PB
542351.0,2022-09-20,terça-feira,08:05:00,PB,230,18,JOAO PESSOA,Ausência de reação do condutor,Colisão lateral mesmo sentido,Com Vítimas Feridas,Pleno dia,Decrescente,Ignorado,Dupla,Viaduto,Sim,1,0,1,0,0,0,1,1,"-7,1198","-34,8453",SPRF-PB,DEL01-PB,UOP01-DEL01-PB
552469.0,2022-08-15,segunda-feira,10:20:00,PB,230,"17,5",JOAO PESSOA,Ausência de reação do condutor,Queda de ocupante de veículo,Com Vítimas Feridas,Pleno dia,Crescente,Céu Claro,Dupla,Curva,Sim,1,0,1,0,0,0,1,1,"-7,1121","-34,8426",SPRF-PB,DEL01-PB,UOP01-DEL01-PB
561352.0,2022-08-29,segunda-feira,10:20:00,PB,230,"344,9",PATOS,Ultrapassagem Indevida,Colisão lateral mesmo sentido,Com Vítimas Feridas,Pleno dia,Decrescente,Céu Claro,Simples,Reta;Declive,Não,5,0,5,0,0,0,5,2,"-6,9799","-37,3373",SPRF-PB,DEL03-PB,UOP01-DEL03-PB
576955.0,2022-11-27,domingo,00:30:00,PB,230,11,CABEDELO,Ingestão de álcool pelo condutor,Colisão lateral mesmo sentido,Com Vítimas Feridas,Plena Noite,Crescente,Céu Claro,Dupla,Reta,Sim,3,0,1,1,1,0,2,3,"-7,0596","-34,8506",SPRF-PB,DEL01-PB,UOP01-DEL01-PB
496938.0,2023-01-03,terça-feira,03:30:00,PB,412,"78,6",SERRA BRANCA,Reação tardia ou ineficiente do condutor,Tombamento,Com Vítimas Feridas,Plena Noite,Crescente,Céu Claro,Simples,Reta,Não,2,0,0,1,1,0,1,2,"-7,498733","-36,681053",SPRF-PB,DEL02-PB,UOP02-DEL02-PB
497040.0,2023-01-03,terça-feira,13:36:00,PB,101,"60,2",SANTA RITA,Ausência de reação do condutor,Colisão traseira,Com Vítimas Feridas,Pleno dia,Decrescente,Céu Claro,Dupla,Aclive,Sim,3,0,0,1,1,4,1,6,"-7,00141407","-35,06459811",SPRF-PB,DEL01-PB,UOP04-DEL01-PB
497223.0,2023-01-04,quarta-feira,13:40:00,PB,230,"49,9",SANTA RITA,Ultrapassagem Indevida,Colisão lateral mesmo sentido,Com Vítimas Feridas,Pleno dia,Decrescente,Sol,Dupla,Reta,Não,7,0,1,0,5,1,1,3,"-7,1803","-35,0485",SPRF-PB,DEL01-PB,UOP03-DEL01-PB
497348.0,2023-01-04,quarta-feira,23:45:00,PB,230,"126,5",RIACHAO DO BACAMARTE,Problema na suspensão,Saída de leito carroçável,Com Vítimas Feridas,Plena Noite,Crescente,Céu Claro,Dupla,Curva,Não,1,0,1,0,0,0,1,1,"-7,260522","-35,698039",SPRF-PB,DEL02-PB,UOP01-DEL02-PB
497406.0,2023-01-05,quinta-feira,11:40:00,PB,101,69,SANTA RITA,Manobra de mudança de faixa,Colisão traseira,Com Vítimas Feridas,Pleno dia,Decrescente,Céu Claro,Dupla,Reta,Não,6,0,3,1,2,0,4,2,"-7,07320663","-34,99569975",SPRF-PB,DEL01-PB,UOP04-DEL01-PB
498506.0,2023-01-11,quarta-feira,09:50:00,PB,230,"21,3",JOAO PESSOA,Condutor deixou de manter distância do veículo da frente,Tombamento,Com Vítimas Feridas,Pleno dia,Decrescente,Céu Claro,Dupla,Reta,Sim,4,0,0,2,1,1,2,4,"-7,1415","-34,8519",SPRF-PB,DEL01-PB,UOP01-DEL01-PB
498616.0,2023-01-11,quarta-feira,22:30:00,PB,101,124,CAAPORA,Manobra de mudança de faixa,Tombamento,Com Vítimas Feridas,Plena Noite,Decrescente,Nublado,Dupla,Curva;Declive,Não,1,0,1,0,0,0,1,1,"-7,46746892","-34,9772648",SPRF-PB,DEL01-PB,UOP02-DEL01-PB
498689.0,2023-01-12,quinta-feira,06:30:00,PB,230,"104,9",MOGEIRO,Ausência de reação do condutor,Saída de leito carroçável,Sem Vítimas,Pleno dia,Crescente,Céu Claro,Dupla,Curva,Não,1,0,0,0,1,0,0,1,"-7,2061","-35,5165",SPRF-PB,DEL01-PB,UOP03-DEL01-PB
499714.0,2023-01-17,terça-feira,12:40:00,PB,230,"64,4",SAO MIGUEL DE TAIPU,Acumulo de água sobre o pavimento,Saída de leito carroçável,Com Vítimas Feridas,Pleno dia,Decrescente,Chuva,Dupla,Curva,Não,4,0,2,2,0,0,4,3,"-7,19100704","-35,18355366",SPRF-PB,DEL01-PB,UOP03-DEL01-PB
499842.0,2023-01-18,quarta-feira,07:15:00,PB,230,23,JOAO PESSOA,Reação tardia ou ineficiente do condutor,Colisão lateral mesmo sentido,Com Vítimas Feridas,Pleno dia,Decrescente,Chuva,Dupla,Reta;Aclive,Sim,3,0,2,0,1,0,2,2,"-7,1562","-34,8574",SPRF-PB,DEL01-PB,UOP01-DEL01-PB
499975.0,2023-01-18,quarta-feira,22:40:00,PB,116,"9,2",CACHOEIRA DOS INDIOS,Chuva,Saída de leito carroçável,Com Vítimas Feridas,Plena Noite,Crescente,Chuva,Simples,Curva,Não,1,0,1,0,0,0,1,1,"-6,97240402","-38,73457506",SPRF-CE,DEL05-CE,UOP03-DEL05-CE
500339.0,2023-01-22,domingo,12:35:00,PB,230,485,SAO JOAO DO RIO DO PEIXE,Condutor Dormindo,Capotamento,Com Vítimas Feridas,Pleno dia,Crescente,Céu Claro,Simples,Declive;Reta,Não,1,0,1,0,0,0,1,1,"-6,8631","-38,3794",SPRF-PB,DEL03-PB,UOP03-DEL03-PB
501527.0,2023-01-27,sexta-feira,15:00:00,PB,101,9,MAMANGUAPE,Condutor Dormindo,Colisão traseira,Com Vítimas Feridas,Pleno dia,Crescente,Céu Claro,Dupla,Declive,Não,2,0,0,1,1,0,1,2,"-6,5745330074","-35,1442982212",SPRF-PB,DEL01-PB,UOP04-DEL01-PB
501646.0,2023-01-28,sábado,04:00:00,PB,230,"420,5",POMBAL,Condutor deixou de manter distância do veículo da frente,Colisão traseira,Com Vítimas Feridas,Amanhecer,Decrescente,Céu Claro,Simples,Reta;Declive,Não,3,0,0,2,0,1,2,2,"-6,724832","-37,866383",SPRF-PB,DEL03-PB,UOP02-DEL03-PB
501778.0,2023-01-28,sábado,14:50:00,PB,412,"142,5",MONTEIRO,Ultrapassagem Indevida,Colisão frontal,Com Vítimas Fatais,Pleno dia,Crescente,Céu Claro,Simples,Declive;Reta,Não,2,1,0,0,1,0,0,2,"-7,878574","-37,099098",SPRF-PB,DEL02-PB,UOP02-DEL02-PB
502423.0,2023-01-31,terça-feira,19:30:00,PB,116,"7,9",CACHOEIRA DOS INDIOS,Afundamento ou ondulação no pavimento,Saída de leito carroçável,Com Vítimas Feridas,Plena Noite,Crescente,Céu Claro,Simples,Reta,Não,4,0,4,0,0,0,4,1,"-6,956637","-38,723457",SPRF-CE,DEL05-CE,UOP03-DEL05-CE
502465.0,2023-02-01,quarta-feira,06:30:00,PB,104,"182,1",ALCANTIL,Reação tardia ou ineficiente do condutor,Saída de leito carroçável,Com Vítimas Fatais,Pleno dia,Crescente,Céu Claro,Simples,Declive;Curva;Interseção de Vias,Não,2,1,1,0,0,0,1,1,"-7,65726502","-36,07937584",SPRF-PB,DEL02-PB,UOP03-DEL02-PB
502576.0,2023-02-01,quarta-feira,22:15:00,PB,412,"19,5",BOA VISTA,Reação tardia ou ineficiente do condutor,Colisão frontal,Com Vítimas Feridas,Plena Noite,Crescente,Céu Claro,Simples,Reta,Não,3,0,2,1,0,0,3,2,"-7,258766","-36,233791",SPRF-PB,DEL02-PB,UOP02-DEL02-PB
502913.0,2023-02-03,sexta-feira,18:20:00,PB,230,372,CONDADO,Transitar na contramão,Colisão frontal,Com Vítimas Fatais,Plena Noite,Decrescente,Céu Claro,Simples,Reta,Não,4,1,0,0,2,1,0,3,"-6,9082","-37,5675",SPRF-PB,DEL03-PB,UOP02-DEL03-PB
503043.0,2023-02-04,sábado,10:40:00,PB,230,"463,4",SOUSA,Acesso irregular,Colisão frontal,Com Vítimas Feridas,Pleno dia,Decrescente,Céu Claro,Simples,Reta;Interseção de Vias,Sim,2,0,0,1,1,0,1,2,"-6,778671","-38,240771",SPRF-PB,DEL03-PB,UOP03-DEL03-PB
503060.0,2023-02-04,sábado,14:40:00,PB,230,"169,9",CAMPINA GRANDE,Condutor deixou de manter distância do veículo da frente,Colisão traseira,Com Vítimas Feridas,Pleno dia,Decrescente,Céu Claro,Simples,Aclive,Sim,3,0,1,0,2,0,1,2,"-7,1853","-35,9764",SPRF-PB,DEL02-PB,UOP02-DEL02-PB
503124.0,2023-02-04,sábado,18:35:00,PB,110,"182,1",MONTEIRO,Ingestão de álcool pelo condutor,Colisão frontal,Com Vítimas Feridas,Plena Noite,Crescente,Céu Claro,Simples,Reta,Sim,4,0,1,1,2,0,2,2,"-7,90054609","-37,13124633",SPRF-PB,DEL02-PB,UOP02-DEL02-PB
503541.0,2023-02-06,segunda-feira,15:50:00,PB,230,"35,2",BAYEUX,Manobra de mudança de faixa,Colisão lateral mesmo sentido,Com Vítimas Feridas,Pleno dia,Crescente,Sol,Dupla,Interseção de Vias;Retorno Regulamentado;Declive,Sim,4,0,1,0,3,0,1,3,"-7,12693378","-34,94130927",SPRF-PB,DEL01-PB,UOP01-DEL01-PB
503578.0,2023-02-06,segunda-feira,16:45:00,PB,230,51,SANTA RITA,Manobra de mudança de faixa,Colisão lateral mesmo sentido,Com Vítimas Feridas,Pleno dia,Crescente,Sol,Dupla,Reta,Não,5,0,1,0,1,3,1,4,"-7,1897","-35,0615",SPRF-PB,DEL01-PB,UOP03-DEL01-PB
503841.0,2023-02-08,quarta-feira,09:44:00,PB,101,"96,1",CONDE,Acesso irregular,Colisão transversal,Com Vítimas Feridas,Pleno dia,Decrescente,Sol,Dupla,Retorno Regulamentado,Sim,2,0,1,0,1,0,1,2,"-7,23307172","-34,92258668",SPRF-PB,DEL01-PB,UOP02-DEL01-PB
503988.0,2023-02-09,quinta-feira,05:00:00,PB,230,364,MALTA,Ingestão de substâncias psicoativas pelo condutor,Saída de leito carroçável,Sem Vítimas,Pleno dia,Decrescente,Céu Claro,Simples,Reta,Sim,2,0,0,0,1,1,0,2,"-6,9111","-37,4973",SPRF-PB,DEL03-PB,UOP02-DEL03-PB
504015.0,2023-02-09,quinta-feira,08:55:00,PB,101,105,ALHANDRA,Avarias e/ou desgaste excessivo no pneu,Colisão com objeto,Sem Vítimas,Pleno dia,Crescente,Céu Claro,Dupla,Reta,Não,2,0,0,0,2,0,0,1,"-7,31056006","-34,94482756",SPRF-PB,DEL01-PB,UOP02-DEL01-PB
504849.0,2023-02-13,segunda-feira,06:45:00,PB,101,"82,5",BAYEUX,Ausência de reação do condutor,Colisão traseira,Com Vítimas Feridas,Pleno dia,Crescente,Céu Claro,Dupla,Aclive;Reta,Sim,13,0,1,0,11,1,1,9,"-7,131","-34,9332",SPRF-PB,DEL01-PB,UOP01-DEL01-PB
505007.0,2023-02-13,segunda-feira,22:30:00,PB,101,96,CONDE,Acessar a via sem observar a presença dos outros veículos,Colisão transversal,Com Vítimas Feridas,Plena Noite,Decrescente,Céu Claro,Dupla,Aclive,Não,2,0,1,0,1,0,1,2,"-7,230921","-34,921149",SPRF-PB,DEL01-PB,UOP02-DEL01-PB
505141.0,2023-02-14,terça-feira,17:40:00,PB,361,"30,5",SANTA TERESINHA,Transitar na contramão,Colisão lateral sentido oposto,Com Vítimas Feridas,Anoitecer,Crescente,Céu Claro,Simples,Reta,Não,2,0,1,0,1,0,1,2,"-7,08699235","-37,50978695",SPRF-PB,DEL03-PB,UOP01-DEL03-PB
505383.0,2023-02-16,quinta-feira,06:40:00,PB,230,23,JOAO PESSOA,Trafegar com motocicleta (ou similar) entre as faixas,Colisão lateral mesmo sentido,Com Vítimas Fatais,Pleno dia,Decrescente,Sol,Dupla,Reta,Sim,6,1,0,1,3,3,1,6,"-7,1562","-34,8574",SPRF-PB,DEL01-PB,UOP01-DEL01-PB
505414.0,2023-02-16,quinta-feira,09:20:00,PB,230,20,JOAO PESSOA,Ausência de reação do condutor,Colisão com objeto,Com Vítimas Feridas,Pleno dia,Decrescente,Céu Claro,Dupla,Viaduto;Reta,Não,1,0,1,0,0,0,1,1,"-7,13816155","-34,85308712",SPRF-PB,DEL01-PB,UOP01-DEL01-PB