id,data_inversa,dia_semana,horario,uf,br,km,municipio,causa_acidente,tipo_acidente,classificacao_acidente,fase_dia,sentido_via,condicao_metereologica,tipo_pista,tracado_via,uso_solo,pessoas,mortos,feridos_leves,feridos_graves,ilesos,ignorados,feridos,veiculos,latitude,longitude,regional,delegacia,uop
506735.0,2023-02-22,quarta-feira,22:15:00,PB,412,"63,9",SAO JOAO DO CARIRI,Ultrapassagem Indevida,Colisão lateral sentido oposto,Com Vítimas Feridas,Plena Noite,Decrescente,Céu Claro,Simples,Reta,Não,2,0,1,0,1,0,1,2,"-7,431495","-36,570766",SPRF-PB,DEL02-PB,UOP02-DEL02-PB
506868.0,2023-02-23,quinta-feira,17:10:00,PB,104,"132,9",QUEIMADAS,Transitar na contramão,Colisão frontal,Com Vítimas Fatais,Pleno dia,Decrescente,Chuva,Simples,Reta;Declive,Sim,3,1,0,0,1,1,0,3,"-7,31674795","-35,89500926",SPRF-PB,DEL02-PB,UOP03-DEL02-PB
507167.0,2023-02-25,sábado,16:15:00,PB,230,"425,6",POMBAL,Ausência de reação do condutor,Saída de leito carroçável,Com Vítimas Fatais,Pleno dia,Crescente,Céu Claro,Simples,Reta,Não,2,1,0,0,0,1,0,2,"-6,73467","-37,91525",SPRF-PB,DEL03-PB,UOP02-DEL03-PB
508332.0,2023-03-03,sexta-feira,23:11:00,PB,101,27,RIO TINTO,Acessar a via sem observar a presença dos outros veículos,Colisão traseira,Com Vítimas Feridas,Plena Noite,Decrescente,Nublado,Dupla,Reta,Não,2,0,1,0,1,0,1,2,"-6,72589095","-35,12052811",SPRF-PB,DEL01-PB,UOP04-DEL01-PB
508620.0,2023-03-05,domingo,08:25:00,PB,101,"27,5",MAMANGUAPE,Condutor Dormindo,Colisão traseira,Com Vítimas Feridas,Pleno dia,Crescente,Céu Claro,Dupla,Reta,Não,4,0,2,0,1,1,2,3,"-6,72589095","-35,12052811",SPRF-PB,DEL01-PB,UOP04-DEL01-PB
508636.0,2023-03-05,domingo,09:00:00,PB,104,"185,6",ALCANTIL,Velocidade Incompatível,Tombamento,Com Vítimas Fatais,Pleno dia,Decrescente,Céu Claro,Simples,Declive;Curva,Não,4,1,0,1,0,2,1,3,"-7,68863293","-36,06166381",SPRF-PB,DEL02-PB,UOP03-DEL02-PB
508838.0,2023-03-06,segunda-feira,07:13:00,PB,230,"467,7",SOUSA,Condutor deixou de manter distância do veículo da frente,Colisão traseira,Com Vítimas Feridas,Pleno dia,Decrescente,Céu Claro,Simples,Reta,Sim,2,0,1,0,1,0,1,2,"-6,7813","-38,2606",SPRF-PB,DEL03-PB,UOP03-DEL03-PB
509308.0,2023-03-08,quarta-feira,21:10:00,PB,230,23,JOAO PESSOA,Acessar a via sem observar a presença dos outros veículos,Colisão lateral mesmo sentido,Com Vítimas Feridas,Plena Noite,Decrescente,Ignorado,Dupla,Reta,Sim,3,0,2,0,1,0,2,2,"-7,1562","-34,8574",SPRF-PB,DEL01-PB,UOP01-DEL01-PB
510118.0,2023-03-12,domingo,14:30:00,PB,412,"118,4",SUME,Demais falhas mecânicas ou elétricas,Incêndio,Sem Vítimas,Pleno dia,Decrescente,Sol,Simples,Declive;Reta,Não,2,0,0,0,1,2,0,3,"-7,725514","-36,947811",SPRF-PB,DEL02-PB,UOP02-DEL02-PB
510848.0,2023-03-16,quinta-feira,07:25:00,PB,110,"182,2",MONTEIRO,Desrespeitar a preferência no cruzamento,Colisão transversal,Com Vítimas Fatais,Pleno dia,Decrescente,Céu Claro,Simples,Interseção de Vias,Sim,2,1,0,0,1,0,0,2,"-7,9000785","-37,13326335",SPRF-PB,DEL02-PB,UOP02-DEL02-PB
510904.0,2023-03-16,quinta-feira,14:30:00,PB,104,"185,6",ALCANTIL,Velocidade Incompatível,Tombamento,Com Vítimas Feridas,Pleno dia,Decrescente,Céu Claro,Simples,Curva;Declive,Não,3,0,0,3,0,0,3,1,"-7,68026048","-36,06058259",SPRF-PB,DEL02-PB,UOP03-DEL02-PB
511724.0,2023-03-20,segunda-feira,08:30:00,PB,230,148,CAMPINA GRANDE,Demais falhas mecânicas ou elétricas,Colisão traseira,Com Vítimas Feridas,Pleno dia,Decrescente,Céu Claro,Dupla,Declive;Reta;Rotatória,Sim,4,0,1,0,2,1,1,3,"-7,23731528","-35,86783117",SPRF-PB,DEL02-PB,UOP01-DEL02-PB
511729.0,2023-03-20,segunda-feira,10:38:00,PB,101,"92,3",JOAO PESSOA,Ultrapassagem Indevida,Colisão lateral mesmo sentido,Com Vítimas Feridas,Pleno dia,Decrescente,Céu Claro,Dupla,Reta,Sim,4,0,1,0,1,2,1,4,"-7,20393276","-34,90805268",SPRF-PB,DEL01-PB,UOP02-DEL01-PB
512197.0,2023-03-22,quarta-feira,16:15:00,PB,230,"438,7",APARECIDA,Ausência de reação do condutor,Saída de leito carroçável,Com Vítimas Feridas,Pleno dia,Decrescente,Nublado,Simples,Declive;Reta,Não,2,0,1,0,0,1,1,2,"-6,7612","-38,0094",SPRF-PB,DEL03-PB,UOP02-DEL03-PB
512288.0,2023-03-23,quinta-feira,07:10:00,PB,230,24,JOAO PESSOA,Acessar a via sem observar a presença dos outros veículos,Colisão lateral mesmo sentido,Sem Vítimas,Pleno dia,Decrescente,Céu Claro,Múltipla,Reta;Interseção de Vias;Viaduto,Sim,3,0,0,0,2,1,0,3,"-7,1637","-34,8618",SPRF-PB,DEL01-PB,UOP01-DEL01-PB
512640.0,2023-03-06,segunda-feira,07:25:00,PB,230,"54,3",CRUZ DO ESPIRITO SANTO,Ausência de reação do condutor,Colisão traseira,Com Vítimas Feridas,Pleno dia,Decrescente,Céu Claro,Dupla,Reta,Não,4,0,0,2,1,1,2,3,"-7,2007","-35,0854",SPRF-PB,DEL01-PB,UOP03-DEL01-PB
513500.0,2023-03-29,quarta-feira,08:00:00,PB,230,64,SAO MIGUEL DE TAIPU,Ausência de reação do condutor,Saída de leito carroçável,Sem Vítimas,Pleno dia,Decrescente,Chuva,Dupla,Curva,Não,2,0,0,0,1,1,0,2,"-7,1944","-35,1754",SPRF-PB,DEL01-PB,UOP03-DEL01-PB
513628.0,2023-03-29,quarta-feira,21:15:00,PB,101,94,CONDE,Chuva,Saída de leito carroçável,Com Vítimas Feridas,Pleno dia,Decrescente,Chuva,Dupla,Curva;Declive,Não,2,0,1,0,0,1,1,2,"-7,21483297","-34,9117521",SPRF-PB,DEL01-PB,UOP02-DEL01-PB
514167.0,2023-04-01,sábado,15:17:00,PB,230,26,JOAO PESSOA,Ausência de reação do condutor,Colisão traseira,Sem Vítimas,Pleno dia,Crescente,Sol,Dupla,Declive;Reta,Não,2,0,0,0,2,0,0,2,"-7,1693","-34,8782",SPRF-PB,DEL01-PB,UOP01-DEL01-PB
514184.0,2023-04-01,sábado,16:40:00,PB,230,"155,4",CAMPINA GRANDE,Acessar a via sem observar a presença dos outros veículos,Colisão transversal,Com Vítimas Feridas,Pleno dia,Decrescente,Céu Claro,Simples,Reta;Retorno Regulamentado,Sim,2,0,0,1,1,0,1,2,"-7,27560762","-35,90394551",SPRF-PB,DEL02-PB,UOP01-DEL02-PB
514685.0,2023-04-03,segunda-feira,23:30:00,PB,230,"313,5",SAO MAMEDE,Pista Escorregadia,Tombamento,Com Vítimas Feridas,Plena Noite,Crescente,Chuva,Simples,Reta;Declive,Não,3,0,3,0,0,0,3,1,"-6,938335","-37,096918",SPRF-PB,DEL03-PB,UOP01-DEL03-PB
514725.0,2023-04-04,terça-feira,07:30:00,PB,101,63,SANTA RITA,Condutor Dormindo,Saída de leito carroçável,Sem Vítimas,Pleno dia,Crescente,Céu Claro,Dupla,Reta;Aclive,Não,1,0,0,0,1,0,0,1,"-7,02710902","-35,05990203",SPRF-PB,DEL01-PB,UOP04-DEL01-PB
515075.0,2023-04-06,quinta-feira,05:18:00,PB,101,"52,5",SANTA RITA,Reação tardia ou ineficiente do condutor,Colisão traseira,Com Vítimas Feridas,Amanhecer,Decrescente,Céu Claro,Dupla,Declive;Reta,Não,4,0,2,0,0,2,2,2,"-6,93821564","-35,09935736",SPRF-PB,DEL01-PB,UOP04-DEL01-PB
516068.0,2023-04-10,segunda-feira,16:00:00,PB,230,"26,6",JOAO PESSOA,Reação tardia ou ineficiente do condutor,Colisão lateral mesmo sentido,Com Vítimas Feridas,Pleno dia,Decrescente,Céu Claro,Dupla,Aclive,Sim,3,0,1,0,2,0,1,3,"-7,1693","-34,8782",SPRF-PB,DEL01-PB,UOP01-DEL01-PB
516219.0,2023-04-11,terça-feira,09:40:00,PB,101,79,SANTA RITA,Demais falhas mecânicas ou elétricas,Colisão com objeto,Sem Vítimas,Pleno dia,Decrescente,Sol,Dupla,Reta,Não,1,0,0,0,1,0,0,1,"-7,1147526","-34,95793891",SPRF-PB,DEL01-PB,UOP04-DEL01-PB
516315.0,2023-04-11,terça-feira,22:45:00,PB,101,122,CAAPORA,Ausência de reação do condutor,Colisão traseira,Com Vítimas Feridas,Plena Noite,Decrescente,Céu Claro,Dupla,Curva;Aclive,Não,2,0,1,0,1,0,1,2,"-7,45038197","-34,97994215",SPRF-PB,DEL01-PB,UOP02-DEL01-PB
517104.0,2023-04-16,domingo,03:00:00,PB,101,"89,3",JOAO PESSOA,Ingestão de álcool ou de substâncias psicoativas pelo pedestre,Atropelamento de Pedestre,Com Vítimas Feridas,Plena Noite,Decrescente,Ignorado,Dupla,Reta,Sim,2,0,1,0,1,0,1,2,"-7,17304928","-34,8981142",SPRF-PB,DEL01-PB,UOP02-DEL01-PB
517538.0,2023-04-18,terça-feira,01:00:00,PB,104,142,QUEIMADAS,Ingestão de álcool pelo condutor,Colisão lateral sentido oposto,Sem Vítimas,Plena Noite,Crescente,Nevoeiro/Neblina,Simples,Reta,Não,3,0,0,0,1,2,0,3,"-7,39577502","-35,89744631",SPRF-PB,DEL02-PB,UOP03-DEL02-PB
518069.0,2023-04-20,quinta-feira,16:50:00,PB,104,118,CAMPINA GRANDE,Transitar na contramão,Colisão frontal,Sem Vítimas,Anoitecer,Decrescente,Céu Claro,Simples,Aclive,Sim,2,0,0,0,2,0,0,2,"-7,19637839","-35,87571339",SPRF-PB,DEL02-PB,UOP04-DEL02-PB
518362.0,2023-04-21,sexta-feira,21:00:00,PB,230,"217,5",SOLEDADE,Acessar a via sem observar a presença dos outros veículos,Colisão transversal,Com Vítimas Fatais,Plena Noite,Crescente,Céu Claro,Simples,Reta,Sim,3,1,0,0,1,1,0,3,"-7,0532","-36,3751",SPRF-PB,DEL02-PB,UOP02-DEL02-PB
518520.0,2023-04-22,sábado,19:00:00,PB,116,"6,6",CACHOEIRA DOS INDIOS,Condutor deixou de manter distância do veículo da frente,Colisão traseira,Com Vítimas Fatais,Plena Noite,Decrescente,Céu Claro,Simples,Aclive;Reta,Não,2,1,0,0,1,0,0,2,"-6,95359","-38,72197",SPRF-CE,DEL05-CE,UOP03-DEL05-CE
519057.0,2023-04-20,quinta-feira,09:55:00,PB,101,84,BAYEUX,Reação tardia ou ineficiente do condutor,Colisão traseira,Com Vítimas Feridas,Pleno dia,Decrescente,Céu Claro,Dupla,Reta,Sim,5,0,1,1,2,1,2,4,"-7,13957906","-34,92312806",SPRF-PB,DEL01-PB,UOP01-DEL01-PB
519121.0,2023-04-25,terça-feira,13:47:00,PB,230,"74,6",SOBRADO,Ausência de reação do condutor,Colisão traseira,Com Vítimas Feridas,Pleno dia,Decrescente,Nublado,Dupla,Desvio Temporário;Em Obras;Reta,Não,2,0,1,0,1,0,1,2,"-7,1869","-35,2871",SPRF-PB,DEL01-PB,UOP03-DEL01-PB
519382.0,2023-04-26,quarta-feira,20:30:00,PB,101,45,MAMANGUAPE,Ausência de reação do condutor,Saída de leito carroçável,Com Vítimas Feridas,Plena Noite,Crescente,Céu Claro,Dupla,Reta,Não,2,0,1,0,1,0,1,2,"-6,88322894","-35,1303459",SPRF-PB,DEL01-PB,UOP04-DEL01-PB
519520.0,2023-04-27,quinta-feira,14:15:00,PB,101,122,CAAPORA,Acessar a via sem observar a presença dos outros veículos,Colisão lateral mesmo sentido,Com Vítimas Feridas,Pleno dia,Crescente,Céu Claro,Dupla,Reta,Não,2,0,1,0,1,0,1,2,"-7,45038197","-34,97994215",SPRF-PB,DEL01-PB,UOP02-DEL01-PB
519897.0,2023-04-29,sábado,04:15:00,PB,104,"143,7",QUEIMADAS,Ingestão de álcool pelo condutor,Colisão lateral sentido oposto,Sem Vítimas,Amanhecer,Decrescente,Nevoeiro/Neblina,Simples,Reta,Não,2,0,0,0,2,0,0,2,"-7,40477903","-35,89667929",SPRF-PB,DEL02-PB,UOP03-DEL02-PB
520829.0,2023-05-03,quarta-feira,17:10:00,PB,101,92,JOAO PESSOA,Reação tardia ou ineficiente do condutor,Colisão lateral mesmo sentido,Com Vítimas Feridas,Anoitecer,Decrescente,Céu Claro,Dupla,Reta,Sim,2,0,1,0,1,0,1,2,"-7,19683829","-34,90588313",SPRF-PB,DEL01-PB,UOP02-DEL01-PB
520937.0,2023-05-04,quinta-feira,07:30:00,PB,230,"155,2",CAMPINA GRANDE,Velocidade Incompatível,Colisão transversal,Com Vítimas Feridas,Pleno dia,Crescente,Céu Claro,Simples,Reta,Sim,2,0,1,0,1,0,1,2,"-7,2748","-35,9058",SPRF-PB,DEL02-PB,UOP01-DEL02-PB
521020.0,2023-05-04,quinta-feira,17:45:00,PB,230,"394,6",SAO BENTINHO,Ultrapassagem Indevida,Colisão frontal,Com Vítimas Fatais,Anoitecer,Decrescente,Céu Claro,Simples,Reta,Não,6,3,0,1,1,1,1,3,"-6,8687","-37,7351",SPRF-PB,DEL03-PB,UOP02-DEL03-PB
521278.0,2023-05-05,sexta-feira,21:40:00,PB,230,277,SANTA LUZIA,Ingestão de álcool pelo condutor,Colisão frontal,Sem Vítimas,Plena Noite,Crescente,Céu Claro,Simples,Reta;Aclive,Não,3,0,0,0,2,1,0,3,"-6,9579","-36,8398",SPRF-PB,DEL03-PB,UOP01-DEL03-PB
522067.0,2023-05-09,terça-feira,23:35:00,PB,101,"11,7",MAMANGUAPE,Velocidade Incompatível,Tombamento,Com Vítimas Fatais,Plena Noite,Decrescente,Céu Claro,Múltipla,Curva;Declive,Sim,2,1,0,1,0,0,1,1,"-6,59878963","-35,14406204",SPRF-PB,DEL01-PB,UOP04-DEL01-PB
522341.0,2023-05-11,quinta-feira,14:00:00,PB,230,"15,4",JOAO PESSOA,Ausência de reação do condutor,Engavetamento,Com Vítimas Feridas,Pleno dia,Crescente,Céu Claro,Dupla,Curva;Aclive,Sim,4,0,2,0,2,0,2,3,"-7,093","-34,8482",SPRF-PB,DEL01-PB,UOP01-DEL01-PB
522649.0,2023-05-12,sexta-feira,21:25:00,PB,101,"62,7",SANTA RITA,Reação tardia ou ineficiente do condutor,Colisão traseira,Com Vítimas Feridas,Plena Noite,Crescente,Céu Claro,Dupla,Curva;Aclive,Não,4,0,1,0,2,1,1,3,"-7,02710902","-35,05990203",SPRF-PB,DEL01-PB,UOP04-DEL01-PB
522694.0,2023-05-13,sábado,04:45:00,PB,230,135,MASSARANDUBA,Condutor Dormindo,Saída de leito carroçável,Com Vítimas Feridas,Amanhecer,Decrescente,Céu Claro,Dupla,Curva,Não,2,0,1,0,0,1,1,2,"-7,2789","-35,7591",SPRF-PB,DEL02-PB,UOP01-DEL02-PB
524356.0,2023-05-20,sábado,23:00:00,PB,230,"408,2",POMBAL,Ingestão de álcool pelo condutor,Colisão com objeto,Com Vítimas Feridas,Plena Noite,Crescente,Céu Claro,Simples,Reta,Sim,2,0,1,0,1,0,1,2,"-6,7641","-37,794",SPRF-PB,DEL03-PB,UOP02-DEL03-PB
524589.0,2023-05-22,segunda-feira,04:30:00,PB,230,38,SANTA RITA,Condutor deixou de manter distância do veículo da frente,Colisão traseira,Com Vítimas Feridas,Amanhecer,Decrescente,Garoa/Chuvisco,Dupla,Reta,Sim,6,0,1,2,3,0,3,2,"-7,1341","-34,962",SPRF-PB,DEL01-PB,UOP03-DEL01-PB
525105.0,2023-05-24,quarta-feira,19:00:00,PB,230,"410,2",POMBAL,Condutor deixou de manter distância do veículo da frente,Colisão traseira,Com Vítimas Feridas,Plena Noite,Decrescente,Céu Claro,Simples,Reta,Não,4,0,1,0,2,1,1,3,"-6,7494","-37,7884",SPRF-PB,DEL03-PB,UOP02-DEL03-PB
525556.0,2023-05-27,sábado,02:20:00,PB,230,"16,8",JOAO PESSOA,Ausência de reação do condutor,Colisão traseira,Com Vítimas Feridas,Plena Noite,Decrescente,Garoa/Chuvisco,Dupla,Reta,Sim,2,0,0,1,1,0,1,2,"-7,11140801","-34,84263182",SPRF-PB,DEL01-PB,UOP01-DEL01-PB
526119.0,2023-05-29,segunda-feira,14:09:00,PB,101,117,PEDRAS DE FOGO,Ausência de reação do condutor,Colisão traseira,Com Vítimas Feridas,Pleno dia,Crescente,Chuva,Dupla,Retorno Regulamentado;Reta;Aclive,Não,3,0,0,1,1,1,1,3,"-7,41279207","-34,95642424",SPRF-PB,DEL01-PB,UOP02-DEL01-PB
526534.0,2023-04-25,terça-feira,20:15:00,PB,101,"124,6",CAAPORA,Condutor deixou de manter distância do veículo da frente,Colisão traseira,Com Vítimas Feridas,Plena Noite,Crescente,Céu Claro,Dupla,Reta,Não,3,0,0,2,0,1,2,2,"-7,46746892","-34,9772648",SPRF-PB,DEL01-PB,UOP02-DEL01-PB
526562.0,2023-05-31,quarta-feira,23:20:00,PB,104,"150,2",QUEIMADAS,Ausência de reação do condutor,Colisão frontal,Com Vítimas Fatais,Plena Noite,Decrescente,Céu Claro,Simples,Reta,Não,2,1,0,0,1,0,0,2,"-7,45915","-35,919905",SPRF-PB,DEL02-PB,UOP03-DEL02-PB
526792.0,2023-06-02,sexta-feira,03:50:00,PB,230,186,POCINHOS,Condutor Dormindo,Colisão lateral sentido oposto,Com Vítimas Feridas,Plena Noite,Decrescente,Céu Claro,Simples,Reta,Não,2,0,0,1,0,1,1,2,"-7,1486","-36,1208",SPRF-PB,DEL02-PB,UOP02-DEL02-PB
526994.0,2023-06-02,sexta-feira,22:40:00,PB,104,170,BARRA DE SANTANA,Ausência de reação do condutor,Tombamento,Com Vítimas Feridas,Plena Noite,Crescente,Céu Claro,Simples,Curva,Não,2,0,2,0,0,0,2,1,"-7,5842239","-36,03123318",SPRF-PB,DEL02-PB,UOP03-DEL02-PB
527885.0,2023-06-07,quarta-feira,03:50:00,PB,230,329,PATOS,Condutor Dormindo,Saída de leito carroçável,Com Vítimas Feridas,Plena Noite,Crescente,Céu Claro,Simples,Reta,Não,2,0,1,0,0,1,1,2,"-7,0116","-37,2159",SPRF-PB,DEL03-PB,UOP01-DEL03-PB
528066.0,2023-06-08,quinta-feira,03:35:00,PB,101,"65,3",SANTA RITA,Condutor Dormindo,Saída de leito carroçável,Com Vítimas Feridas,Plena Noite,Crescente,Chuva,Dupla,Curva,Não,2,0,1,0,0,1,1,2,"-7,04256889","-35,05061285",SPRF-PB,DEL01-PB,UOP04-DEL01-PB
528164.0,2023-06-08,quinta-feira,14:20:00,PB,101,83,BAYEUX,Ausência de reação do condutor,Colisão com objeto,Sem Vítimas,Pleno dia,Decrescente,Sol,Dupla,Reta,Sim,1,0,0,0,1,0,0,1,"-7,1337703","-34,92963914",SPRF-PB,DEL01-PB,UOP01-DEL01-PB
528465.0,2023-06-09,sexta-feira,22:50:00,PB,116,"1,2",CACHOEIRA DOS INDIOS,Velocidade Incompatível,Saída de leito carroçável,Com Vítimas Feridas,Plena Noite,Decrescente,Chuva,Simples,Reta,Não,1,0,1,0,0,0,1,1,"-6,905371","-38,729153",SPRF-CE,DEL05-CE,UOP03-DEL05-CE
528710.0,2023-06-11,domingo,01:20:00,PB,405,1,UIRAUNA,Reação tardia ou ineficiente do condutor,Colisão traseira,Com Vítimas Fatais,Plena Noite,Decrescente,Céu Claro,Simples,Reta;Declive,Não,2,1,0,0,0,1,0,2,"-6,461908","-38,378624",SPRF-PB,DEL03-PB,UOP03-DEL03-PB
529235.0,2023-06-13,terça-feira,11:30:00,PB,101,"92,6",JOAO PESSOA,Ausência de reação do condutor,Colisão lateral mesmo sentido,Sem Vítimas,Pleno dia,Decrescente,Céu Claro,Dupla,Reta,Não,2,0,0,0,2,0,0,2,"-7,19683829","-34,90588313",SPRF-PB,DEL01-PB,UOP02-DEL01-PB
529418.0,2023-06-14,quarta-feira,08:48:00,PB,104,"14,2",CUITE,Demais falhas na via,Saída de leito carroçável,Com Vítimas Feridas,Pleno dia,Decrescente,Chuva,Simples,Aclive,Não,1,0,1,0,0,0,1,1,"-6,51620801","-36,15064203",SPRF-PB,DEL02-PB,UOP04-DEL02-PB
529520.0,2023-06-14,quarta-feira,18:20:00,PB,230,"374,4",CONDADO,Transitar na contramão,Colisão frontal,Sem Vítimas,Plena Noite,Decrescente,Chuva,Simples,Reta,Não,2,0,0,0,1,1,0,2,"-6,9068","-37,5834",SPRF-PB,DEL03-PB,UOP02-DEL03-PB
529534.0,2023-06-14,quarta-feira,22:40:00,PB,116,"11,1",CACHOEIRA DOS INDIOS,Velocidade Incompatível,Saída de leito carroçável,Com Vítimas Fatais,Plena Noite,Crescente,Chuva,Simples,Curva;Declive,Não,2,1,0,1,0,0,1,1,"-6,988112","-38,744367",SPRF-CE,DEL05-CE,UOP03-DEL05-CE
529637.0,2023-06-15,quinta-feira,15:18:00,PB,101,95,CONDE,Acessar a via sem observar a presença dos outros veículos,Colisão transversal,Com Vítimas Feridas,Pleno dia,Decrescente,Céu Claro,Dupla,Reta,Sim,2,0,1,0,1,0,1,2,"-7,22379403","-34,91488195",SPRF-PB,DEL01-PB,UOP02-DEL01-PB
529691.0,2023-06-15,quinta-feira,09:40:00,PB,104,88,REMIGIO,Reação tardia ou ineficiente do condutor,Colisão transversal,Com Vítimas Feridas,Pleno dia,Crescente,Nublado,Simples,Reta,Sim,3,0,2,0,1,0,2,2,"-6,97062252","-35,80045324",SPRF-PB,DEL02-PB,UOP04-DEL02-PB
529801.0,2023-06-16,sexta-feira,10:30:00,PB,230,"135,4",MASSARANDUBA,Velocidade Incompatível,Colisão com objeto,Sem Vítimas,Pleno dia,Decrescente,Nublado,Dupla,Interseção de Vias;Retorno Regulamentado;Reta;Declive,Não,1,0,0,0,1,0,0,1,"-7,281406","-35,769794",SPRF-PB,DEL02-PB,UOP01-DEL02-PB
530365.0,2023-06-18,domingo,18:15:00,PB,230,"240,9",JUAZEIRINHO,Entrada inopinada do pedestre,Atropelamento de Pedestre,Com Vítimas Feridas,Plena Noite,Decrescente,Céu Claro,Simples,Aclive;Reta,Sim,2,0,0,1,1,0,1,2,"-7,0634","-36,563",SPRF-PB,DEL02-PB,UOP02-DEL02-PB
530736.0,2023-06-20,terça-feira,18:50:00,PB,230,160,CAMPINA GRANDE,Ultrapassagem Indevida,Colisão lateral mesmo sentido,Sem Vítimas,Plena Noite,Crescente,Céu Claro,Simples,Rotatória,Não,3,0,0,0,2,1,0,3,"-7,2436","-35,9375",SPRF-PB,DEL02-PB,UOP01-DEL02-PB
530906.0,2023-06-21,quarta-feira,17:30:00,PB,101,82,BAYEUX,Acessar a via sem observar a presença dos outros veículos,Colisão lateral mesmo sentido,Sem Vítimas,Anoitecer,Decrescente,Céu Claro,Dupla,Reta;Declive,Sim,3,0,0,0,2,2,0,4,"-7,12758655","-34,94001389",SPRF-PB,DEL01-PB,UOP01-DEL01-PB
531005.0,2023-06-22,quinta-feira,06:00:00,PB,101,86,JOAO PESSOA,Acessar a via sem observar a presença dos outros veículos,Colisão transversal,Com Vítimas Feridas,Pleno dia,Decrescente,Chuva,Dupla,Reta;Retorno Regulamentado,Sim,2,0,1,0,1,0,1,2,"-7,15118983","-34,91012184",SPRF-PB,DEL01-PB,UOP01-DEL01-PB
531243.0,2023-06-23,sexta-feira,07:30:00,PB,230,236,JUAZEIRINHO,Ausência de reação do condutor,Colisão com objeto,Com Vítimas Feridas,Pleno dia,Crescente,Chuva,Simples,Reta;Declive,Não,2,0,2,0,0,0,2,1,"-7,049147","-36,533095",SPRF-PB,DEL02-PB,UOP02-DEL02-PB
531401.0,2023-06-24,sábado,00:05:00,PB,101,86,BAYEUX,Reação tardia ou ineficiente do condutor,Colisão traseira,Com Vítimas Feridas,Plena Noite,Decrescente,Chuva,Dupla,Declive;Retorno Regulamentado,Sim,3,0,1,0,1,1,1,2,"-7,15079409","-34,91009474",SPRF-PB,DEL01-PB,UOP01-DEL01-PB
532060.0,2023-06-27,terça-feira,03:30:00,PB,230,"176,7",POCINHOS,Pista Escorregadia,Saída de leito carroçável,Com Vítimas Feridas,Plena Noite,Decrescente,Chuva,Simples,Declive,Não,1,0,1,0,0,0,1,1,"-7,1733","-36,0333",SPRF-PB,DEL02-PB,UOP02-DEL02-PB
532302.0,2023-06-28,quarta-feira,09:12:00,PB,101,77,SANTA RITA,Reação tardia ou ineficiente do condutor,Colisão com objeto,Com Vítimas Feridas,Pleno dia,Crescente,Chuva,Dupla,Reta,Não,2,0,0,1,1,0,1,2,"-7,09947194","-34,96574283",SPRF-PB,DEL01-PB,UOP04-DEL01-PB
532378.0,2023-06-28,quarta-feira,17:40:00,PB,230,154,CAMPINA GRANDE,Transitar no Acostamento,Colisão transversal,Com Vítimas Feridas,Plena Noite,Decrescente,Chuva,Simples,Reta,Não,2,0,1,0,1,0,1,2,"-7,2777","-35,8985",SPRF-PB,DEL02-PB,UOP01-DEL02-PB
532417.0,2023-06-28,quarta-feira,21:00:00,PB,230,"88,7",GURINHEM,Ausência de reação do condutor,Colisão traseira,Com Vítimas Feridas,Plena Noite,Decrescente,Garoa/Chuvisco,Dupla,Reta,Não,3,0,0,1,1,1,1,3,"-7,1689","-35,3743",SPRF-PB,DEL01-PB,UOP03-DEL01-PB
532464.0,2023-06-29,quinta-feira,05:30:00,PB,101,103,ALHANDRA,Objeto estático sobre o leito carroçável,Colisão traseira,Com Vítimas Feridas,Pleno dia,Crescente,Chuva,Dupla,Curva,Não,4,0,2,0,0,2,2,3,"-7,29163604","-34,93807826",SPRF-PB,DEL01-PB,UOP02-DEL01-PB
532612.0,2023-06-29,quinta-feira,18:00:00,PB,230,154,CAMPINA GRANDE,Acessar a via sem observar a presença dos outros veículos,Colisão transversal,Com Vítimas Feridas,Plena Noite,Crescente,Garoa/Chuvisco,Simples,Em Obras;Retorno Regulamentado,Sim,3,0,1,0,1,1,1,3,"-7,2777","-35,8985",SPRF-PB,DEL02-PB,UOP01-DEL02-PB
532865.0,2023-06-30,sexta-feira,17:50:00,PB,110,"183,9",MONTEIRO,Velocidade Incompatível,Saída de leito carroçável,Com Vítimas Feridas,Anoitecer,Crescente,Nublado,Simples,Curva,Não,2,0,1,0,0,1,1,2,"-7,90446874","-37,13829723",SPRF-PB,DEL02-PB,UOP02-DEL02-PB
533706.0,2023-07-04,terça-feira,18:20:00,PB,230,"127,3",CAMPINA GRANDE,Ausência de reação do condutor,Colisão traseira,Com Vítimas Feridas,Plena Noite,Decrescente,Céu Claro,Dupla,Curva,Não,5,0,2,0,2,1,2,2,"-7,2602","-35,6965",SPRF-PB,DEL02-PB,UOP01-DEL02-PB