id,data_inversa,dia_semana,horario,uf,br,km,municipio,causa_acidente,tipo_acidente,classificacao_acidente,fase_dia,sentido_via,condicao_metereologica,tipo_pista,tracado_via,uso_solo,pessoas,mortos,feridos_leves,feridos_graves,ilesos,ignorados,feridos,veiculos,latitude,longitude,regional,delegacia,uop
533806.0,2023-07-05,quarta-feira,12:00:00,PB,230,"237,7",JUAZEIRINHO,Reação tardia ou ineficiente do condutor,Tombamento,Com Vítimas Feridas,Pleno dia,Crescente,Céu Claro,Simples,Curva,Não,1,0,1,0,0,0,1,1,"-7,05319367","-36,54911041",SPRF-PB,DEL02-PB,UOP02-DEL02-PB
533935.0,2023-07-05,quarta-feira,23:20:00,PB,230,"135,7",CAMPINA GRANDE,Reação tardia ou ineficiente do condutor,Tombamento,Com Vítimas Feridas,Plena Noite,Crescente,Nublado,Dupla,Curva,Não,2,0,0,1,0,1,1,2,"-7,2789","-35,7591",SPRF-PB,DEL02-PB,UOP01-DEL02-PB
534141.0,2023-07-07,sexta-feira,00:30:00,PB,101,25,MAMANGUAPE,Demais falhas na via,Saída de leito carroçável,Com Vítimas Feridas,Plena Noite,Crescente,Chuva,Dupla,Reta,Não,2,0,1,0,0,1,1,2,"-6,70802006","-35,11772953",SPRF-PB,DEL01-PB,UOP04-DEL01-PB
534148.0,2023-07-07,sexta-feira,02:40:00,PB,230,"76,5",RIACHAO DO POCO,Frear bruscamente,Colisão traseira,Com Vítimas Feridas,Plena Noite,Decrescente,Chuva,Dupla,Reta,Não,5,0,4,0,1,0,4,2,"-7,1889","-35,2782",SPRF-PB,DEL01-PB,UOP03-DEL01-PB
534652.0,2023-07-09,domingo,03:30:00,PB,101,"25,4",MAMANGUAPE,Pista esburacada,Saída de leito carroçável,Com Vítimas Feridas,Plena Noite,Crescente,Garoa/Chuvisco,Dupla,Reta,Não,1,0,1,0,0,0,1,1,"-6,712237","-35,118348",SPRF-PB,DEL01-PB,UOP04-DEL01-PB
534847.0,2023-07-09,domingo,20:50:00,PB,101,"88,3",JOAO PESSOA,Ausência de reação do condutor,Colisão lateral mesmo sentido,Com Vítimas Feridas,Plena Noite,Crescente,Céu Claro,Dupla,Reta,Não,2,0,1,0,0,1,1,2,"-7,16470016","-34,89993643",SPRF-PB,DEL01-PB,UOP01-DEL01-PB
535267.0,2023-07-12,quarta-feira,00:30:00,PB,427,"21,1",PAULISTA,Velocidade Incompatível,Tombamento,Com Vítimas Feridas,Plena Noite,Decrescente,Céu Claro,Simples,Curva,Não,1,0,1,0,0,0,1,1,"-6,71033","-37,646305",SPRF-PB,DEL03-PB,UOP02-DEL03-PB
535490.0,2023-07-13,quinta-feira,06:15:00,PB,230,280,SANTA LUZIA,Transitar na contramão,Colisão frontal,Com Vítimas Fatais,Plena Noite,Decrescente,Céu Claro,Simples,Aclive;Curva,Não,2,1,0,0,1,0,0,2,"-6,9359","-36,8505",SPRF-PB,DEL03-PB,UOP01-DEL03-PB
535766.0,2023-05-19,sexta-feira,03:15:00,PB,101,"19,5",RIO TINTO,Condutor Dormindo,Colisão traseira,Com Vítimas Feridas,Plena Noite,Decrescente,Céu Claro,Dupla,Declive;Curva,Não,3,0,1,0,1,2,1,4,"-6,65604609","-35,11912427",SPRF-PB,DEL01-PB,UOP04-DEL01-PB
535804.0,2023-07-14,sexta-feira,17:29:00,PB,230,"17,8",JOAO PESSOA,Reação tardia ou ineficiente do condutor,Colisão traseira,Com Vítimas Feridas,Plena Noite,Decrescente,Céu Claro,Dupla,Reta,Não,2,0,0,1,1,0,1,2,"-7,12144379","-34,84511945",SPRF-PB,DEL01-PB,UOP01-DEL01-PB
536328.0,2023-07-16,domingo,21:50:00,PB,361,"4,7",PATOS,Ausência de reação do condutor,Colisão lateral sentido oposto,Com Vítimas Feridas,Pleno dia,Crescente,Céu Claro,Simples,Reta,Não,2,0,1,0,1,0,1,2,"-7,03594312","-37,31112598",SPRF-PB,DEL03-PB,UOP01-DEL03-PB
536359.0,2023-07-17,segunda-feira,04:40:00,PB,230,"91,4",GURINHEM,Ausência de reação do condutor,Colisão traseira,Com Vítimas Feridas,Amanhecer,Decrescente,Céu Claro,Dupla,Aclive;Reta,Não,17,0,9,6,1,1,15,3,"-7,1746","-35,4022",SPRF-PB,DEL01-PB,UOP03-DEL01-PB
536746.0,2023-07-19,quarta-feira,01:40:00,PB,230,"210,9",SOLEDADE,Condutor Dormindo,Saída de leito carroçável,Com Vítimas Feridas,Plena Noite,Crescente,Céu Claro,Simples,Reta,Não,2,0,1,0,0,1,1,2,"-7,0807","-36,3232",SPRF-PB,DEL02-PB,UOP02-DEL02-PB
538140.0,2023-07-06,quinta-feira,10:45:00,PB,101,80,BAYEUX,Reação tardia ou ineficiente do condutor,Engavetamento,Sem Vítimas,Pleno dia,Decrescente,Chuva,Dupla,Reta,Sim,4,0,0,0,4,0,0,4,"-7,11753704","-34,94951428",SPRF-PB,DEL01-PB,UOP04-DEL01-PB
538181.0,2023-07-25,terça-feira,21:18:00,PB,101,125,CAAPORA,Ausência de reação do condutor,Colisão traseira,Sem Vítimas,Plena Noite,Crescente,Céu Claro,Dupla,Aclive;Reta,Não,3,0,0,0,2,1,0,3,"-7,45909075","-34,98049935",SPRF-PB,DEL01-PB,UOP02-DEL01-PB
538245.0,2023-07-26,quarta-feira,05:50:00,PB,230,"191,5",POCINHOS,Condutor Dormindo,Colisão frontal,Com Vítimas Fatais,Amanhecer,Crescente,Nublado,Simples,Reta,Não,4,1,0,0,2,1,0,3,"-7,132517","-36,163062",SPRF-PB,DEL02-PB,UOP02-DEL02-PB
538377.0,2023-07-26,quarta-feira,21:00:00,PB,230,161,CAMPINA GRANDE,Transitar no Acostamento,Colisão transversal,Com Vítimas Feridas,Plena Noite,Decrescente,Nublado,Simples,Reta,Não,4,0,1,0,2,1,1,3,"-7,2361","-35,941",SPRF-PB,DEL02-PB,UOP01-DEL02-PB
538415.0,2023-07-27,quinta-feira,07:30:00,PB,230,"22,8",JOAO PESSOA,Reação tardia ou ineficiente do condutor,Colisão traseira,Com Vítimas Fatais,Pleno dia,Decrescente,Nublado,Dupla,Reta,Sim,5,1,0,0,1,4,0,6,"-7,1495","-34,8517",SPRF-PB,DEL01-PB,UOP01-DEL01-PB
539770.0,2023-08-02,quarta-feira,12:30:00,PB,104,"136,4",QUEIMADAS,Reação tardia ou ineficiente do condutor,Colisão traseira,Com Vítimas Feridas,Pleno dia,Decrescente,Céu Claro,Simples,Reta,Não,2,0,1,0,1,0,1,2,"-7,34336909","-35,89968752",SPRF-PB,DEL02-PB,UOP03-DEL02-PB
539884.0,2023-08-02,quarta-feira,21:15:00,PB,412,"128,9",SUME,Acessar a via sem observar a presença dos outros veículos,Colisão transversal,Com Vítimas Feridas,Plena Noite,Decrescente,Céu Claro,Simples,Reta,Não,4,0,2,0,1,1,2,2,"-7,787073","-37,012352",SPRF-PB,DEL02-PB,UOP02-DEL02-PB
539904.0,2023-08-03,quinta-feira,07:15:00,PB,230,252,JUAZEIRINHO,Desrespeitar a preferência no cruzamento,Colisão transversal,Com Vítimas Feridas,Pleno dia,Crescente,Céu Claro,Simples,Reta,Não,3,0,0,1,1,2,1,4,"-7,0468","-36,6581",SPRF-PB,DEL03-PB,UOP01-DEL03-PB
539910.0,2023-08-03,quinta-feira,08:00:00,PB,230,23,JOAO PESSOA,Ausência de reação do condutor,Colisão traseira,Com Vítimas Feridas,Pleno dia,Decrescente,Céu Claro,Dupla,Reta,Sim,3,0,1,0,1,2,1,4,"-7,1562","-34,8574",SPRF-PB,DEL01-PB,UOP01-DEL01-PB
540022.0,2023-08-03,quinta-feira,14:00:00,PB,101,123,CAAPORA,Demais falhas mecânicas ou elétricas,Colisão com objeto,Sem Vítimas,Pleno dia,Decrescente,Sol,Dupla,Reta;Aclive,Não,2,0,0,0,1,1,0,2,"-7,45909075","-34,98049935",SPRF-PB,DEL01-PB,UOP02-DEL01-PB
540748.0,2023-08-07,segunda-feira,03:50:00,PB,104,"176,3",ALCANTIL,Velocidade Incompatível,Colisão traseira,Com Vítimas Feridas,Plena Noite,Decrescente,Céu Claro,Simples,Reta,Não,4,0,2,0,0,2,2,3,"-7,61618189","-36,07162605",SPRF-PB,DEL02-PB,UOP03-DEL02-PB
541225.0,2023-08-09,quarta-feira,08:30:00,PB,405,"45,4",SAO JOAO DO RIO DO PEIXE,Reação tardia ou ineficiente do condutor,Colisão frontal,Com Vítimas Fatais,Pleno dia,Crescente,Céu Claro,Simples,Curva;Em Obras,Não,3,1,0,0,1,1,0,3,"-6,822017","-38,407642",SPRF-PB,DEL03-PB,UOP03-DEL03-PB
541272.0,2023-08-09,quarta-feira,18:00:00,PB,104,"150,1",QUEIMADAS,Acessar a via sem observar a presença dos outros veículos,Colisão transversal,Com Vítimas Feridas,Plena Noite,Crescente,Céu Claro,Simples,Reta,Não,2,0,1,0,1,0,1,2,"-7,45915","-35,919905",SPRF-PB,DEL02-PB,UOP03-DEL02-PB
541750.0,2023-08-11,sexta-feira,21:58:00,PB,230,11,CABEDELO,Acessar a via sem observar a presença dos outros veículos,Colisão lateral mesmo sentido,Sem Vítimas,Plena Noite,Crescente,Céu Claro,Dupla,Reta,Sim,2,0,0,0,2,0,0,2,"-7,06495601","-34,85044062",SPRF-PB,DEL01-PB,UOP01-DEL01-PB
543189.0,2023-08-18,sexta-feira,23:20:00,PB,101,30,MAMANGUAPE,Reação tardia ou ineficiente do condutor,Saída de leito carroçável,Com Vítimas Feridas,Plena Noite,Crescente,Céu Claro,Dupla,Reta,Não,1,0,1,0,0,0,1,1,"-6,748999","-35,133778",SPRF-PB,DEL01-PB,UOP04-DEL01-PB
543916.0,2023-08-22,terça-feira,17:40:00,PB,230,"165,8",CAMPINA GRANDE,Acostamento em desnível,Tombamento,Com Vítimas Fatais,Anoitecer,Crescente,Céu Claro,Simples,Aclive;Em Obras,Sim,2,1,0,0,1,0,0,2,"-7,2051","-35,951",SPRF-PB,DEL02-PB,UOP02-DEL02-PB
544335.0,2023-08-24,quinta-feira,20:24:00,PB,101,"96,2",CONDE,Animais na Pista,Tombamento,Com Vítimas Feridas,Plena Noite,Decrescente,Céu Claro,Dupla,Curva,Não,2,0,1,0,1,0,1,2,"-7,23500195","-34,92460012",SPRF-PB,DEL01-PB,UOP02-DEL01-PB
544375.0,2023-08-25,sexta-feira,04:59:00,PB,230,28,JOAO PESSOA,Carga excessiva e/ou mal acondicionada,Tombamento,Com Vítimas Feridas,Amanhecer,Crescente,Céu Claro,Dupla,Viaduto;Curva,Sim,2,0,1,0,0,1,1,2,"-7,16540438","-34,89515792",SPRF-PB,DEL01-PB,UOP01-DEL01-PB
544479.0,2023-08-25,sexta-feira,10:10:00,PB,230,493,CAJAZEIRAS,Demais falhas mecânicas ou elétricas,Incêndio,Sem Vítimas,Pleno dia,Crescente,Sol,Simples,Aclive;Reta,Não,2,0,0,0,1,1,0,2,"-6,875","-38,4488",SPRF-PB,DEL03-PB,UOP03-DEL03-PB
544711.0,2023-08-26,sábado,14:10:00,PB,230,"234,5",JUAZEIRINHO,Reação tardia ou ineficiente do condutor,Colisão traseira,Com Vítimas Fatais,Pleno dia,Crescente,Céu Claro,Simples,Declive,Não,2,1,0,0,1,0,0,2,"-7,0416","-36,5166",SPRF-PB,DEL02-PB,UOP02-DEL02-PB
545093.0,2023-08-28,segunda-feira,07:37:00,PB,230,278,SANTA LUZIA,Ausência de reação do condutor,Saída de leito carroçável,Com Vítimas Feridas,Pleno dia,Crescente,Céu Claro,Simples,Reta,Não,2,0,2,0,0,0,2,1,"-6,9513","-36,8451",SPRF-PB,DEL03-PB,UOP01-DEL03-PB
545130.0,2023-08-28,segunda-feira,12:30:00,PB,230,156,CAMPINA GRANDE,Acessar a via sem observar a presença dos outros veículos,Saída de leito carroçável,Sem Vítimas,Pleno dia,Decrescente,Céu Claro,Simples,Retorno Regulamentado;Rotatória;Reta,Não,2,0,0,0,2,0,0,2,"-7,2693","-35,9138",SPRF-PB,DEL02-PB,UOP01-DEL02-PB
545563.0,2023-08-31,quinta-feira,00:40:00,PB,101,88,JOAO PESSOA,Transitar na contramão,Colisão lateral sentido oposto,Com Vítimas Feridas,Plena Noite,Decrescente,Céu Claro,Dupla,Reta,Sim,2,0,1,0,1,0,1,2,"-7,172698","-34,897982",SPRF-PB,DEL01-PB,UOP01-DEL01-PB
545580.0,2023-08-31,quinta-feira,06:12:00,PB,101,12,MAMANGUAPE,Ausência de reação do condutor,Queda de ocupante de veículo,Com Vítimas Feridas,Pleno dia,Crescente,Céu Claro,Dupla,Aclive,Não,2,0,1,0,1,0,1,2,"-6,60110408","-35,14339905",SPRF-PB,DEL01-PB,UOP04-DEL01-PB
545818.0,2023-08-04,sexta-feira,15:35:00,PB,230,"154,8",CAMPINA GRANDE,Ausência de reação do condutor,Colisão traseira,Com Vítimas Feridas,Pleno dia,Decrescente,Céu Claro,Simples,Reta,Sim,6,0,2,0,4,0,2,5,"-7,2777","-35,8985",SPRF-PB,DEL02-PB,UOP01-DEL02-PB
545936.0,2023-09-01,sexta-feira,19:48:00,PB,101,13,MAMANGUAPE,Frear bruscamente,Colisão traseira,Com Vítimas Feridas,Plena Noite,Crescente,Céu Claro,Dupla,Reta,Não,3,0,1,0,1,1,1,2,"-6,60852702","-35,13959152",SPRF-PB,DEL01-PB,UOP04-DEL01-PB
546466.0,2023-09-04,segunda-feira,02:00:00,PB,230,"140,7",CAMPINA GRANDE,Carga excessiva e/ou mal acondicionada,Derramamento de carga,Sem Vítimas,Plena Noite,Decrescente,Céu Claro,Dupla,Curva,Não,1,0,0,0,1,0,0,1,"-7,268","-35,7991",SPRF-PB,DEL02-PB,UOP01-DEL02-PB
546754.0,2023-07-07,sexta-feira,17:30:00,PB,104,22,CUITE,Ausência de sinalização,Colisão traseira,Com Vítimas Feridas,Plena Noite,Crescente,Garoa/Chuvisco,Simples,Reta,Não,3,0,0,1,1,1,1,3,"-6,583936","-36,134642",SPRF-PB,DEL02-PB,UOP04-DEL02-PB
546791.0,2023-09-05,terça-feira,18:20:00,PB,230,25,JOAO PESSOA,Acesso irregular,Colisão lateral mesmo sentido,Sem Vítimas,Plena Noite,Decrescente,Garoa/Chuvisco,Dupla,Reta;Em Obras,Sim,2,0,0,0,2,0,0,2,"-7,1707","-34,8684",SPRF-PB,DEL01-PB,UOP01-DEL01-PB
546906.0,2023-09-06,quarta-feira,10:30:00,PB,230,"156,8",CAMPINA GRANDE,Ultrapassagem Indevida,Colisão lateral sentido oposto,Com Vítimas Feridas,Pleno dia,Decrescente,Sol,Simples,Reta,Sim,2,0,0,1,1,0,1,2,"-7,2693","-35,9138",SPRF-PB,DEL02-PB,UOP01-DEL02-PB
547042.0,2023-09-06,quarta-feira,21:10:00,PB,104,"134,9",QUEIMADAS,Transitar na contramão,Colisão frontal,Com Vítimas Fatais,Plena Noite,Decrescente,Céu Claro,Simples,Reta,Sim,2,1,0,0,1,0,0,2,"-7,34336909","-35,89968752",SPRF-PB,DEL02-PB,UOP03-DEL02-PB
547894.0,2023-09-10,domingo,18:15:00,PB,230,"2,1",CABEDELO,Manobra de mudança de faixa,Colisão lateral mesmo sentido,Com Vítimas Feridas,Plena Noite,Decrescente,Céu Claro,Dupla,Reta,Sim,5,0,1,1,1,2,2,4,"-6,9837","-34,8295",SPRF-PB,DEL01-PB,UOP01-DEL01-PB
547944.0,2023-09-10,domingo,22:30:00,PB,230,"152,5",CAMPINA GRANDE,Ausência de reação do condutor,Saída de leito carroçável,Com Vítimas Feridas,Plena Noite,Decrescente,Céu Claro,Simples,Reta;Declive,Sim,1,0,1,0,0,0,1,1,"-7,27295","-35,886111",SPRF-PB,DEL02-PB,UOP01-DEL02-PB
548202.0,2023-09-12,terça-feira,10:30:00,PB,230,19,JOAO PESSOA,Condutor deixou de manter distância do veículo da frente,Colisão traseira,Com Vítimas Feridas,Pleno dia,Decrescente,Sol,Dupla,Reta,Sim,5,0,2,0,3,0,2,4,"-7,1281","-34,8466",SPRF-PB,DEL01-PB,UOP01-DEL01-PB
548701.0,2023-09-14,quinta-feira,20:00:00,PB,230,"241,3",JUAZEIRINHO,Acessar a via sem observar a presença dos outros veículos,Colisão transversal,Sem Vítimas,Plena Noite,Decrescente,Céu Claro,Simples,Reta,Sim,4,0,0,0,3,1,0,2,"-7,0688","-36,5739",SPRF-PB,DEL02-PB,UOP02-DEL02-PB
549061.0,2023-02-08,quarta-feira,15:20:00,PB,230,147,CAMPINA GRANDE,Demais falhas mecânicas ou elétricas,Saída de leito carroçável,Sem Vítimas,Pleno dia,Crescente,Céu Claro,Dupla,Reta,Sim,2,0,0,0,1,1,0,2,"-7,2425","-35,8567",SPRF-PB,DEL02-PB,UOP01-DEL02-PB
549931.0,2023-09-20,quarta-feira,20:35:00,PB,230,57,CRUZ DO ESPIRITO SANTO,Avarias e/ou desgaste excessivo no pneu,Colisão com objeto,Com Vítimas Feridas,Plena Noite,Crescente,Nublado,Dupla,Reta,Não,2,0,1,0,0,1,1,2,"-7,2028","-35,1125",SPRF-PB,DEL01-PB,UOP03-DEL01-PB
550006.0,2023-09-21,quinta-feira,08:30:00,PB,101,"81,4",BAYEUX,Condutor deixou de manter distância do veículo da frente,Colisão traseira,Sem Vítimas,Pleno dia,Crescente,Nublado,Dupla,Reta;Aclive,Sim,2,0,0,0,2,0,0,2,"-7,12750139","-34,94045734",SPRF-PB,DEL01-PB,UOP01-DEL01-PB
550032.0,2023-09-21,quinta-feira,09:50:00,PB,230,334,PATOS,Mal súbito do condutor,Engavetamento,Com Vítimas Feridas,Pleno dia,Crescente,Céu Claro,Múltipla,Rotatória,Sim,8,0,5,0,2,1,5,3,"-7,018148","-37,259165",SPRF-PB,DEL03-PB,UOP01-DEL03-PB
550280.0,2023-09-22,sexta-feira,18:00:00,PB,230,"175,8",CAMPINA GRANDE,Ultrapassagem Indevida,Colisão frontal,Com Vítimas Fatais,Plena Noite,Decrescente,Céu Claro,Simples,Reta;Em Obras;Aclive,Não,3,2,0,0,1,0,0,2,"-7,1775","-36,0247",SPRF-PB,DEL02-PB,UOP02-DEL02-PB
550290.0,2023-09-22,sexta-feira,17:20:00,PB,230,"13,2",CABEDELO,Condutor deixou de manter distância do veículo da frente,Colisão traseira,Com Vítimas Fatais,Pleno dia,Decrescente,Nublado,Dupla,Reta,Sim,3,1,0,0,1,1,0,3,"-7,0834533","-34,84880447",SPRF-PB,DEL01-PB,UOP01-DEL01-PB
550297.0,2023-09-22,sexta-feira,19:05:00,PB,412,27,BOA VISTA,Ausência de reação do condutor,Saída de leito carroçável,Com Vítimas Feridas,Plena Noite,Decrescente,Céu Claro,Simples,Reta,Não,1,0,1,0,0,0,1,1,"-7,289562","-36,295708",SPRF-PB,DEL02-PB,UOP02-DEL02-PB
550572.0,2023-09-24,domingo,05:50:00,PB,116,"8,4",CACHOEIRA DOS INDIOS,Condutor Dormindo,Saída de leito carroçável,Com Vítimas Feridas,Amanhecer,Crescente,Céu Claro,Simples,Reta;Declive,Não,2,0,2,0,0,0,2,1,"-6,967428","-38,730755",SPRF-CE,DEL05-CE,UOP03-DEL05-CE
551083.0,2023-09-26,terça-feira,12:45:00,PB,104,168,BARRA DE SANTANA,Acessar a via sem observar a presença dos outros veículos,Colisão transversal,Com Vítimas Feridas,Pleno dia,Decrescente,Céu Claro,Simples,Curva,Não,5,0,4,0,1,0,4,2,"-7,5782404179","-36,0145538924",SPRF-PB,DEL02-PB,UOP03-DEL02-PB
551201.0,2023-09-27,quarta-feira,01:10:00,PB,412,"85,8",SERRA BRANCA,Condutor Dormindo,Saída de leito carroçável,Sem Vítimas,Plena Noite,Decrescente,Céu Claro,Simples,Reta,Não,2,0,0,0,1,2,0,3,"-7,537379","-36,729534",SPRF-PB,DEL02-PB,UOP02-DEL02-PB
551430.0,2023-09-28,quinta-feira,07:12:00,PB,101,113,CAAPORA,Condutor Dormindo,Saída de leito carroçável,Com Vítimas Feridas,Pleno dia,Crescente,Sol,Dupla,Curva;Declive;Retorno Regulamentado,Não,2,0,1,0,0,3,1,4,"-7,37852293","-34,95673822",SPRF-PB,DEL01-PB,UOP02-DEL01-PB
551498.0,2023-09-28,quinta-feira,17:45:00,PB,230,"87,5",GURINHEM,Ingestão de álcool e/ou substâncias psicoativas pelo pedestre,Atropelamento de Pedestre,Com Vítimas Fatais,Anoitecer,Decrescente,Céu Claro,Dupla,Reta,Não,4,1,0,0,1,2,0,4,"-7,17117965","-35,38396272",SPRF-PB,DEL01-PB,UOP03-DEL01-PB
551734.0,2023-09-29,sexta-feira,17:00:00,PB,230,"148,6",CAMPINA GRANDE,Ausência de reação do condutor,Queda de ocupante de veículo,Com Vítimas Feridas,Anoitecer,Crescente,Céu Claro,Dupla,Reta;Declive,Sim,2,0,1,0,0,1,1,2,"-7,238","-35,8656",SPRF-PB,DEL02-PB,UOP01-DEL02-PB
552845.0,2023-10-04,quarta-feira,18:20:00,PB,101,100,CONDE,Acessar a via sem observar a presença dos outros veículos,Colisão transversal,Sem Vítimas,Plena Noite,Decrescente,Céu Claro,Dupla,Reta,Não,3,0,0,0,1,2,0,3,"-7,26469806","-34,93677965",SPRF-PB,DEL01-PB,UOP02-DEL01-PB
552919.0,2023-10-05,quinta-feira,07:20:00,PB,101,"67,9",SANTA RITA,Demais falhas mecânicas ou elétricas,Incêndio,Sem Vítimas,Pleno dia,Decrescente,Céu Claro,Dupla,Reta;Declive,Não,2,0,0,0,2,0,0,1,"-7,05298058","-35,03595029",SPRF-PB,DEL01-PB,UOP04-DEL01-PB
553336.0,2023-10-07,sábado,04:05:00,PB,101,"104,9",ALHANDRA,Condutor Dormindo,Saída de leito carroçável,Com Vítimas Fatais,Plena Noite,Decrescente,Céu Claro,Simples,Retorno Regulamentado,Não,2,1,1,0,0,0,1,1,"-7,30029088","-34,93888622",SPRF-PB,DEL01-PB,UOP02-DEL01-PB
554201.0,2023-10-10,terça-feira,23:55:00,PB,101,"91,7",JOAO PESSOA,Ausência de reação do condutor,Colisão traseira,Com Vítimas Fatais,Plena Noite,Crescente,Céu Claro,Dupla,Reta,Sim,3,1,0,0,1,2,0,4,"-7,197406","-34,905938",SPRF-PB,DEL01-PB,UOP02-DEL01-PB
554917.0,2023-10-14,sábado,12:25:00,PB,230,"17,2",JOAO PESSOA,Reação tardia ou ineficiente do condutor,Colisão traseira,Com Vítimas Feridas,Pleno dia,Crescente,Sol,Dupla,Curva,Sim,3,0,1,0,2,0,1,3,"-7,1121","-34,8426",SPRF-PB,DEL01-PB,UOP01-DEL01-PB
554948.0,2023-10-14,sábado,15:10:00,PB,230,"39,6",SANTA RITA,Reação tardia ou ineficiente do condutor,Colisão traseira,Com Vítimas Feridas,Pleno dia,Decrescente,Céu Claro,Dupla,Curva;Declive,Não,4,0,1,0,3,0,1,4,"-7,1381","-34,9707",SPRF-PB,DEL01-PB,UOP03-DEL01-PB
555000.0,2023-10-14,sábado,20:15:00,PB,230,"74,8",SOBRADO,Transitar no Acostamento,Colisão com objeto,Com Vítimas Fatais,Plena Noite,Crescente,Céu Claro,Dupla,Reta,Não,3,1,0,0,1,1,0,3,"-7,1894","-35,2596",SPRF-PB,DEL01-PB,UOP03-DEL01-PB
555410.0,2023-10-16,segunda-feira,18:40:00,PB,230,290,SANTA LUZIA,Pedestre cruzava a pista fora da faixa,Atropelamento de Pedestre,Com Vítimas Feridas,Plena Noite,Crescente,Céu Claro,Simples,Reta;Declive,Sim,3,0,0,1,1,1,1,3,"-6,8742","-36,9085",SPRF-PB,DEL03-PB,UOP01-DEL03-PB
555536.0,2023-10-17,terça-feira,13:00:00,PB,101,"66,3",SANTA RITA,Condutor Dormindo,Colisão traseira,Com Vítimas Feridas,Pleno dia,Crescente,Céu Claro,Dupla,Reta,Não,2,0,0,1,1,0,1,2,"-7,04802898","-35,04348899",SPRF-PB,DEL01-PB,UOP04-DEL01-PB
555580.0,2023-10-17,terça-feira,18:05:00,PB,230,151,CAMPINA GRANDE,Retorno proibido,Colisão traseira,Com Vítimas Feridas,Plena Noite,Crescente,Céu Claro,Simples,Curva,Não,5,0,1,1,2,1,2,3,"-7,2587","-35,8778",SPRF-PB,DEL02-PB,UOP01-DEL02-PB
556774.0,2023-10-23,segunda-feira,15:15:00,PB,101,89,JOAO PESSOA,Acessar a via sem observar a presença dos outros veículos,Colisão lateral mesmo sentido,Com Vítimas Feridas,Pleno dia,Crescente,Céu Claro,Dupla,Reta;Retorno Regulamentado,Sim,2,0,1,0,1,0,1,2,"-7,1710694","-34,89765372",SPRF-PB,DEL01-PB,UOP02-DEL01-PB
556809.0,2023-10-23,segunda-feira,18:00:00,PB,230,19,JOAO PESSOA,Manobra de mudança de faixa,Colisão lateral mesmo sentido,Com Vítimas Feridas,Plena Noite,Decrescente,Céu Claro,Dupla,Curva,Sim,3,0,1,0,1,2,1,4,"-7,1281","-34,8466",SPRF-PB,DEL01-PB,UOP01-DEL01-PB
556845.0,2023-10-23,segunda-feira,21:30:00,PB,230,"146,9",CAMPINA GRANDE,Ingestão de álcool pelo condutor,Colisão traseira,Sem Vítimas,Plena Noite,Crescente,Céu Claro,Dupla,Reta,Sim,2,0,0,0,2,0,0,2,"-7,2468","-35,8484",SPRF-PB,DEL02-PB,UOP01-DEL02-PB
556878.0,2023-10-24,terça-feira,07:23:00,PB,230,"59,4",CRUZ DO ESPIRITO SANTO,Ausência de reação do condutor,Colisão traseira,Com Vítimas Feridas,Pleno dia,Decrescente,Céu Claro,Dupla,Reta,Não,2,0,0,1,1,0,1,2,"-7,2043","-35,1305",SPRF-PB,DEL01-PB,UOP03-DEL01-PB
556881.0,2023-10-24,terça-feira,06:15:00,PB,101,"74,2",SANTA RITA,Condutor deixou de manter distância do veículo da frente,Colisão traseira,Com Vítimas Feridas,Pleno dia,Decrescente,Nublado,Dupla,Curva;Aclive,Não,3,0,1,0,1,2,1,4,"-7,08339163","-34,98076176",SPRF-PB,DEL01-PB,UOP04-DEL01-PB
556962.0,2023-10-24,terça-feira,14:50:00,PB,104,"133,2",QUEIMADAS,Condutor deixou de manter distância do veículo da frente,Tombamento,Com Vítimas Fatais,Pleno dia,Crescente,Céu Claro,Simples,Reta,Sim,3,1,1,0,1,0,1,2,"-7,31674795","-35,89500926",SPRF-PB,DEL02-PB,UOP03-DEL02-PB
556983.0,2023-10-24,terça-feira,17:15:00,PB,230,"25,2",JOAO PESSOA,Transitar na contramão,Colisão lateral mesmo sentido,Com Vítimas Feridas,Anoitecer,Decrescente,Céu Claro,Simples,Viaduto;Interseção de Vias,Sim,2,0,0,1,1,0,1,2,"-7,17062224","-34,87129211",SPRF-PB,DEL01-PB,UOP01-DEL01-PB
557297.0,2023-10-26,quinta-feira,13:15:00,PB,101,108,ALHANDRA,Reação tardia ou ineficiente do condutor,Colisão com objeto,Sem Vítimas,Pleno dia,Crescente,Céu Claro,Dupla,Reta,Não,2,0,0,0,2,0,0,1,"-7,33454898","-34,94758056",SPRF-PB,DEL01-PB,UOP02-DEL01-PB
557666.0,2023-10-28,sábado,05:20:00,PB,230,380,CONDADO,Ausência de reação do condutor,Saída de leito carroçável,Com Vítimas Feridas,Pleno dia,Decrescente,Céu Claro,Simples,Declive,Não,1,0,1,0,0,0,1,1,"-6,9141","-37,636",SPRF-PB,DEL03-PB,UOP02-DEL03-PB
558052.0,2023-10-30,segunda-feira,02:35:00,PB,230,"17,9",JOAO PESSOA,Ausência de reação do condutor,Colisão traseira,Com Vítimas Feridas,Plena Noite,Decrescente,Nublado,Dupla,Reta,Sim,2,0,1,0,0,1,1,2,"-7,1121","-34,8426",SPRF-PB,DEL01-PB,UOP01-DEL01-PB