id,data_inversa,dia_semana,horario,uf,br,km,municipio,causa_acidente,tipo_acidente,classificacao_acidente,fase_dia,sentido_via,condicao_metereologica,tipo_pista,tracado_via,uso_solo,pessoas,mortos,feridos_leves,feridos_graves,ilesos,ignorados,feridos,veiculos,latitude,longitude,regional,delegacia,uop
558101.0,2023-10-30,segunda-feira,10:00:00,PB,230,"27,8",JOAO PESSOA,Acessar a via sem observar a presença dos outros veículos,Colisão transversal,Com Vítimas Feridas,Pleno dia,Crescente,Céu Claro,Dupla,Viaduto;Interseção de Vias,Não,2,0,1,0,1,0,1,2,"-7,16531814","-34,89483996",SPRF-PB,DEL01-PB,UOP01-DEL01-PB
558124.0,2023-10-30,segunda-feira,13:00:00,PB,101,89,JOAO PESSOA,Demais falhas mecânicas ou elétricas,Colisão lateral mesmo sentido,Com Vítimas Feridas,Pleno dia,Decrescente,Céu Claro,Dupla,Interseção de Vias,Sim,5,0,0,1,3,3,1,7,"-7,1710694","-34,89765372",SPRF-PB,DEL01-PB,UOP02-DEL01-PB
558276.0,2023-10-31,terça-feira,04:00:00,PB,230,"438,8",APARECIDA,Condutor Dormindo,Tombamento,Sem Vítimas,Amanhecer,Decrescente,Céu Claro,Simples,Reta,Não,1,0,0,0,1,0,0,1,"-6,7612","-38,0094",SPRF-PB,DEL03-PB,UOP02-DEL03-PB
558987.0,2023-11-04,sábado,03:45:00,PB,230,"39,8",SANTA RITA,Pedestre andava na pista,Atropelamento de Pedestre,Com Vítimas Fatais,Plena Noite,Crescente,Céu Claro,Dupla,Reta;Aclive,Não,2,1,0,0,0,1,0,2,"-7,141854","-34,979717",SPRF-PB,DEL01-PB,UOP03-DEL01-PB
559073.0,2023-11-04,sábado,12:45:00,PB,230,"154,8",CAMPINA GRANDE,Condutor deixou de manter distância do veículo da frente,Colisão traseira,Com Vítimas Feridas,Pleno dia,Crescente,Sol,Simples,Reta,Sim,2,0,0,1,1,0,1,2,"-7,2777","-35,8985",SPRF-PB,DEL02-PB,UOP01-DEL02-PB
559435.0,2023-11-06,segunda-feira,01:00:00,PB,230,492,CAJAZEIRAS,Transitar na contramão,Colisão frontal,Com Vítimas Feridas,Plena Noite,Decrescente,Chuva,Simples,Reta,Não,2,0,2,0,0,0,2,2,"-6,8721","-38,4409",SPRF-PB,DEL03-PB,UOP03-DEL03-PB
559550.0,2023-11-06,segunda-feira,17:42:00,PB,101,81,BAYEUX,Animais na Pista,Tombamento,Com Vítimas Feridas,Plena Noite,Decrescente,Céu Claro,Dupla,Reta,Sim,2,0,1,0,1,0,1,2,"-7,12508575","-34,94513217",SPRF-PB,DEL01-PB,UOP01-DEL01-PB
559697.0,2023-11-07,terça-feira,10:00:00,PB,104,"173,8",ALCANTIL,Demais falhas mecânicas ou elétricas,Incêndio,Sem Vítimas,Pleno dia,Decrescente,Céu Claro,Simples,Reta,Não,2,0,0,0,1,2,0,3,"-7,60324293","-36,04843316",SPRF-PB,DEL02-PB,UOP03-DEL02-PB
559942.0,2023-11-08,quarta-feira,15:35:00,PB,101,7,MAMANGUAPE,Ausência de reação do condutor,Colisão traseira,Com Vítimas Feridas,Pleno dia,Decrescente,Céu Claro,Dupla,Reta,Não,3,0,2,0,1,0,2,2,"-6,55994553","-35,13580041",SPRF-PB,DEL01-PB,UOP04-DEL01-PB
560644.0,2023-11-11,sábado,19:00:00,PB,116,"9,2",CACHOEIRA DOS INDIOS,Velocidade Incompatível,Saída de leito carroçável,Com Vítimas Fatais,Plena Noite,Decrescente,Céu Claro,Simples,Curva;Declive,Não,2,1,0,0,0,1,0,2,"-6,970903","-38,734009",SPRF-CE,DEL05-CE,UOP03-DEL05-CE
561061.0,2023-11-13,segunda-feira,11:40:00,PB,101,84,BAYEUX,Reação tardia ou ineficiente do condutor,Engavetamento,Com Vítimas Feridas,Pleno dia,Decrescente,Céu Claro,Dupla,Reta;Em Obras,Sim,4,0,1,0,3,0,1,4,"-7,14366872","-34,91843104",SPRF-PB,DEL01-PB,UOP01-DEL01-PB
561321.0,2023-11-14,terça-feira,17:38:00,PB,230,"13,9",CABEDELO,Manobra de mudança de faixa,Colisão lateral mesmo sentido,Com Vítimas Feridas,Plena Noite,Crescente,Céu Claro,Dupla,Retorno Regulamentado,Sim,3,0,1,0,1,2,1,4,"-7,0772","-34,8494",SPRF-PB,DEL01-PB,UOP01-DEL01-PB
561525.0,2023-11-15,quarta-feira,14:45:00,PB,412,84,SERRA BRANCA,Ingestão de álcool pelo condutor,Colisão lateral sentido oposto,Com Vítimas Feridas,Pleno dia,Decrescente,Céu Claro,Simples,Reta,Não,3,0,0,1,1,3,1,5,"-7,532014","-36,722336",SPRF-PB,DEL02-PB,UOP02-DEL02-PB
561744.0,2023-11-16,quinta-feira,21:01:00,PB,230,"157,7",CAMPINA GRANDE,Acessar a via sem observar a presença dos outros veículos,Colisão transversal,Sem Vítimas,Plena Noite,Decrescente,Céu Claro,Simples,Interseção de Vias,Sim,3,0,0,0,2,1,0,3,"-7,264","-35,9199",SPRF-PB,DEL02-PB,UOP01-DEL02-PB
561848.0,2023-11-17,sexta-feira,13:00:00,PB,230,19,JOAO PESSOA,Velocidade Incompatível,Colisão com objeto,Sem Vítimas,Pleno dia,Decrescente,Céu Claro,Dupla,Reta,Sim,1,0,0,0,1,0,0,1,"-7,12894883","-34,849436",SPRF-PB,DEL01-PB,UOP01-DEL01-PB
562641.0,2023-11-21,terça-feira,06:30:00,PB,230,372,CONDADO,Reação tardia ou ineficiente do condutor,Colisão frontal,Com Vítimas Feridas,Pleno dia,Decrescente,Céu Claro,Simples,Reta,Não,2,0,0,1,1,0,1,2,"-6,9082","-37,5675",SPRF-PB,DEL03-PB,UOP02-DEL03-PB
562905.0,2023-11-22,quarta-feira,12:11:00,PB,405,"27,5",SAO JOAO DO RIO DO PEIXE,Ausência de reação do condutor,Saída de leito carroçável,Sem Vítimas,Pleno dia,Decrescente,Céu Claro,Simples,Reta,Não,1,0,0,0,0,1,0,1,"-6,679955","-38,442372",SPRF-PB,DEL03-PB,UOP03-DEL03-PB
563788.0,2023-11-26,domingo,18:40:00,PB,230,"171,2",CAMPINA GRANDE,Ausência de reação do condutor,Colisão traseira,Com Vítimas Feridas,Plena Noite,Crescente,Céu Claro,Simples,Reta,Não,4,0,1,1,1,1,2,3,"-7,18","-35,9938",SPRF-PB,DEL02-PB,UOP02-DEL02-PB
564152.0,2023-11-28,terça-feira,15:15:00,PB,230,"27,1",JOAO PESSOA,Ausência de reação do condutor,Colisão traseira,Com Vítimas Feridas,Pleno dia,Decrescente,Céu Claro,Dupla,Reta,Sim,2,0,0,1,1,0,1,2,"-7,1651","-34,8941",SPRF-PB,DEL01-PB,UOP01-DEL01-PB
564231.0,2023-11-28,terça-feira,23:30:00,PB,101,103,ALHANDRA,Ausência de reação do condutor,Colisão traseira,Com Vítimas Fatais,Plena Noite,Crescente,Céu Claro,Dupla,Reta,Não,2,1,0,0,0,1,0,2,"-7,29163604","-34,93807826",SPRF-PB,DEL01-PB,UOP02-DEL01-PB
564252.0,2023-11-29,quarta-feira,05:00:00,PB,230,"417,6",POMBAL,Problema com o freio,Capotamento,Com Vítimas Feridas,Amanhecer,Decrescente,Céu Claro,Simples,Interseção de Vias,Não,1,0,1,0,0,0,1,1,"-6,715417","-37,835726",SPRF-PB,DEL03-PB,UOP02-DEL03-PB
564957.0,2023-12-02,sábado,13:06:00,PB,230,109,INGA,Reação tardia ou ineficiente do condutor,Colisão traseira,Com Vítimas Feridas,Pleno dia,Crescente,Céu Claro,Dupla,Reta,Não,6,0,3,0,2,2,3,5,"-7,2117","-35,5822",SPRF-PB,DEL01-PB,UOP03-DEL01-PB
564970.0,2023-12-02,sábado,13:10:00,PB,230,173,CAMPINA GRANDE,Reação tardia ou ineficiente do condutor,Colisão lateral mesmo sentido,Com Vítimas Feridas,Pleno dia,Crescente,Céu Claro,Simples,Aclive;Reta,Não,2,0,1,0,1,0,1,2,"-7,1796","-36,0075",SPRF-PB,DEL02-PB,UOP02-DEL02-PB
565066.0,2023-12-02,sábado,22:15:00,PB,230,257,ASSUNCAO,Transitar na contramão,Colisão frontal,Com Vítimas Fatais,Plena Noite,Decrescente,Céu Claro,Simples,Reta,Não,3,1,0,0,2,0,0,2,"-7,0114","-36,681",SPRF-PB,DEL03-PB,UOP01-DEL03-PB
565782.0,2023-10-10,terça-feira,19:49:00,PB,101,"89,9",JOAO PESSOA,Ausência de reação do condutor,Colisão transversal,Com Vítimas Feridas,Plena Noite,Crescente,Céu Claro,Múltipla,Reta;Retorno Regulamentado;Interseção de Vias,Sim,4,0,1,1,1,1,2,3,"-7,1710694","-34,89765372",SPRF-PB,DEL01-PB,UOP02-DEL01-PB
566281.0,2023-12-08,sexta-feira,09:25:00,PB,101,113,ALHANDRA,Ausência de reação do condutor,Colisão traseira,Com Vítimas Fatais,Pleno dia,Decrescente,Céu Claro,Dupla,Aclive;Reta,Sim,4,1,0,1,1,1,1,3,"-7,37852293","-34,95673822",SPRF-PB,DEL01-PB,UOP02-DEL01-PB
566563.0,2023-12-09,sábado,10:45:00,PB,101,"125,1",CAAPORA,Ausência de reação do condutor,Colisão traseira,Com Vítimas Feridas,Pleno dia,Crescente,Céu Claro,Dupla,Aclive;Reta,Não,3,0,1,0,1,2,1,4,"-7,47616812","-34,97864057",SPRF-PB,DEL01-PB,UOP02-DEL01-PB
566707.0,2023-12-09,sábado,21:00:00,PB,116,9,CACHOEIRA DOS INDIOS,Ausência de reação do condutor,Saída de leito carroçável,Com Vítimas Feridas,Plena Noite,Decrescente,Chuva,Simples,Curva;Declive,Não,2,0,2,0,0,0,2,1,"-6,970903","-38,734009",SPRF-CE,DEL05-CE,UOP03-DEL05-CE
567064.0,2023-12-11,segunda-feira,08:30:00,PB,104,131,QUEIMADAS,Ausência de reação do condutor,Colisão traseira,Com Vítimas Feridas,Pleno dia,Decrescente,Nublado,Simples,Reta,Sim,3,0,1,0,2,0,1,3,"-7,29003","-35,890258",SPRF-PB,DEL02-PB,UOP03-DEL02-PB
567089.0,2023-12-11,segunda-feira,12:45:00,PB,230,18,JOAO PESSOA,Velocidade Incompatível,Colisão traseira,Com Vítimas Feridas,Pleno dia,Decrescente,Céu Claro,Dupla,Reta,Sim,4,0,2,0,1,1,2,4,"-7,1198","-34,8453",SPRF-PB,DEL01-PB,UOP01-DEL01-PB
567172.0,2023-12-11,segunda-feira,18:30:00,PB,230,456,SOUSA,Transitar na contramão,Colisão frontal,Com Vítimas Feridas,Plena Noite,Crescente,Céu Claro,Simples,Reta,Não,2,0,1,0,0,1,1,2,"-6,777912","-38,176157",SPRF-PB,DEL03-PB,UOP03-DEL03-PB
567411.0,2023-12-12,terça-feira,22:45:00,PB,101,122,CAAPORA,Condutor Dormindo,Saída de leito carroçável,Sem Vítimas,Plena Noite,Crescente,Céu Claro,Simples,Reta,Não,2,0,0,0,1,2,0,3,"-7,45038197","-34,97994215",SPRF-PB,DEL01-PB,UOP02-DEL01-PB
567586.0,2023-12-13,quarta-feira,21:10:00,PB,230,232,JUAZEIRINHO,Animais na Pista,Colisão frontal,Com Vítimas Feridas,Plena Noite,Decrescente,Céu Claro,Simples,Reta,Não,6,0,4,0,1,1,4,3,"-7,0338","-36,5016",SPRF-PB,DEL02-PB,UOP02-DEL02-PB
567656.0,2023-12-14,quinta-feira,09:40:00,PB,230,376,CONDADO,Ausência de reação do condutor,Tombamento,Com Vítimas Feridas,Pleno dia,Crescente,Céu Claro,Simples,Reta,Não,1,0,1,0,0,0,1,1,"-6,9108","-37,6026",SPRF-PB,DEL03-PB,UOP02-DEL03-PB
567952.0,2023-12-15,sexta-feira,12:55:00,PB,230,"332,5",PATOS,Acessar a via sem observar a presença dos outros veículos,Colisão lateral mesmo sentido,Com Vítimas Feridas,Pleno dia,Decrescente,Céu Claro,Simples,Reta,Sim,2,0,0,1,1,0,1,2,"-7,0203","-37,2403",SPRF-PB,DEL03-PB,UOP01-DEL03-PB
567979.0,2023-12-15,sexta-feira,16:10:00,PB,230,"1,4",CABEDELO,Acessar a via sem observar a presença dos outros veículos,Colisão transversal,Com Vítimas Feridas,Pleno dia,Decrescente,Nublado,Simples,Reta,Sim,3,0,1,0,1,1,1,3,"-6,9753","-34,8318",SPRF-PB,DEL01-PB,UOP01-DEL01-PB
567982.0,2023-12-15,sexta-feira,16:50:00,PB,101,"35,5",SANTA RITA,Reação tardia ou ineficiente do condutor,Engavetamento,Com Vítimas Feridas,Pleno dia,Decrescente,Nublado,Múltipla,Curva;Declive;Interseção de Vias,Sim,14,0,0,3,10,1,3,14,"-7,12526574","-34,94527459",SPRF-PB,DEL01-PB,UOP04-DEL01-PB
568643.0,2023-12-18,segunda-feira,00:15:00,PB,230,"132,5",MASSARANDUBA,Condutor Dormindo,Saída de leito carroçável,Com Vítimas Feridas,Plena Noite,Crescente,Céu Claro,Dupla,Reta,Não,3,0,2,0,0,3,2,4,"-7,2774","-35,7367",SPRF-PB,DEL02-PB,UOP01-DEL02-PB
568880.0,2023-12-19,terça-feira,05:39:00,PB,230,"135,1",MASSARANDUBA,Velocidade Incompatível,Tombamento,Com Vítimas Feridas,Amanhecer,Crescente,Nublado,Dupla,Curva;Retorno Regulamentado,Não,1,0,1,0,0,0,1,1,"-7,28164351","-35,76931715",SPRF-PB,DEL02-PB,UOP01-DEL02-PB
569056.0,2023-12-19,terça-feira,21:20:00,PB,230,58,CRUZ DO ESPIRITO SANTO,Acumulo de água sobre o pavimento,Saída de leito carroçável,Com Vítimas Feridas,Plena Noite,Decrescente,Chuva,Dupla,Reta,Não,1,0,1,0,0,0,1,1,"-7,2035","-35,1214",SPRF-PB,DEL01-PB,UOP03-DEL01-PB
569133.0,2023-12-20,quarta-feira,07:54:00,PB,101,"72,8",SANTA RITA,Ausência de reação do condutor,Saída de leito carroçável,Sem Vítimas,Pleno dia,Crescente,Nublado,Dupla,Reta,Não,1,0,0,0,1,0,0,1,"-7,07320663","-34,99569975",SPRF-PB,DEL01-PB,UOP04-DEL01-PB
569210.0,2023-12-20,quarta-feira,12:00:00,PB,230,143,CAMPINA GRANDE,Manobra de mudança de faixa,Colisão com objeto,Sem Vítimas,Pleno dia,Crescente,Chuva,Dupla,Reta,Não,2,0,0,0,1,2,0,3,"-7,2557","-35,8223",SPRF-PB,DEL02-PB,UOP01-DEL02-PB
569644.0,2023-12-21,quinta-feira,01:30:00,PB,104,"150,2",QUEIMADAS,Reação tardia ou ineficiente do condutor,Colisão com objeto,Sem Vítimas,Plena Noite,Decrescente,Nublado,Dupla,Reta,Não,2,0,0,0,1,1,0,2,"-7,45915","-35,919905",SPRF-PB,DEL02-PB,UOP03-DEL02-PB
569805.0,2023-12-22,sexta-feira,19:15:00,PB,230,"43,5",SANTA RITA,Pedestre andava na pista,Atropelamento de Pedestre,Com Vítimas Fatais,Plena Noite,Crescente,Nublado,Dupla,Reta,Não,2,1,0,0,0,1,0,2,"-7,1479","-35,0029",SPRF-PB,DEL01-PB,UOP03-DEL01-PB
570655.0,2023-12-26,terça-feira,08:50:00,PB,230,"173,3",CAMPINA GRANDE,Reação tardia ou ineficiente do condutor,Colisão traseira,Com Vítimas Feridas,Pleno dia,Decrescente,Nublado,Simples,Aclive,Não,3,0,1,0,2,0,1,2,"-7,1796","-36,0075",SPRF-PB,DEL02-PB,UOP02-DEL02-PB
570829.0,2023-10-19,quinta-feira,20:08:00,PB,230,"27,8",JOAO PESSOA,Ausência de reação do condutor,Engavetamento,Com Vítimas Feridas,Plena Noite,Crescente,Céu Claro,Dupla,Viaduto,Sim,6,0,1,0,5,0,1,5,"-7,1677","-34,8855",SPRF-PB,DEL01-PB,UOP01-DEL01-PB
570864.0,2023-12-27,quarta-feira,10:30:00,PB,230,148,CAMPINA GRANDE,Manobra de mudança de faixa,Colisão lateral mesmo sentido,Com Vítimas Feridas,Pleno dia,Crescente,Sol,Dupla,Reta;Aclive,Sim,2,0,1,0,1,0,1,2,"-7,237331","-35,868099",SPRF-PB,DEL02-PB,UOP01-DEL02-PB
570975.0,2023-12-27,quarta-feira,17:40:00,PB,230,436,APARECIDA,Demais falhas mecânicas ou elétricas,Incêndio,Sem Vítimas,Anoitecer,Crescente,Céu Claro,Simples,Reta,Não,2,0,0,0,1,1,0,2,"-6,753","-37,9931",SPRF-PB,DEL03-PB,UOP02-DEL03-PB
571569.0,2023-12-30,sábado,18:20:00,PB,104,"112,1",LAGOA SECA,Ausência de reação do condutor,Colisão traseira,Sem Vítimas,Plena Noite,Crescente,Céu Claro,Simples,Aclive;Reta,Não,2,0,0,0,1,1,0,2,"-7,145303","-35,856632",SPRF-PB,DEL02-PB,UOP04-DEL02-PB
583234.0,2023-12-31,domingo,10:30:00,PB,412,51,SAO JOAO DO CARIRI,Demais falhas mecânicas ou elétricas,Incêndio,Sem Vítimas,Pleno dia,Crescente,Sol,Simples,Reta,Não,2,0,0,0,1,1,0,2,"-7,359022","-36,496246",SPRF-PB,DEL02-PB,UOP02-DEL02-PB
565987.0,2023-12-07,quinta-feira,02:06:00,PB,230,"45,5",SANTA RITA,Demais falhas mecânicas ou elétricas,Incêndio,Sem Vítimas,Plena Noite,Decrescente,Céu Claro,Dupla,Reta,Não,1,0,0,0,0,1,0,1,"-7,1583","-35,0176",SPRF-PB,DEL01-PB,UOP03-DEL01-PB
573341.0,2023-12-16,sábado,14:00:00,PB,101,89,JOAO PESSOA,Acessar a via sem observar a presença dos outros veículos,Tombamento,Sem Vítimas,Pleno dia,Decrescente,Ignorado,Dupla,Reta,Sim,2,0,0,0,1,1,0,2,"-7,1710694","-34,89765372",SPRF-PB,DEL01-PB,UOP02-DEL01-PB
509700.0,2023-03-10,sexta-feira,18:30:00,PB,361,"45,1",CATINGUEIRA,Ausência de reação do condutor,Colisão traseira,Com Vítimas Fatais,Plena Noite,Decrescente,Céu Claro,Simples,Reta;Ponte,Não,3,1,0,0,0,2,0,3,"-7,13476516","-37,61358296",SPRF-PB,DEL03-PB,UOP01-DEL03-PB
515840.0,2023-04-09,domingo,16:45:00,PB,230,215,SOLEDADE,Transitar na contramão,Colisão lateral sentido oposto,Com Vítimas Feridas,Pleno dia,Decrescente,Céu Claro,Simples,Reta,Não,3,0,1,0,1,1,1,3,"-7,0577","-36,3629",SPRF-PB,DEL02-PB,UOP02-DEL02-PB
518169.0,2023-04-20,quinta-feira,20:15:00,PB,230,"203,9",OLIVEDOS,Deficiência do Sistema de Iluminação/Sinalização,Colisão traseira,Com Vítimas Feridas,Plena Noite,Crescente,Céu Claro,Simples,Reta,Não,7,0,2,0,0,5,2,3,"-7,0962","-36,2621",SPRF-PB,DEL02-PB,UOP02-DEL02-PB
531746.0,2023-06-13,terça-feira,09:00:00,PB,230,162,CAMPINA GRANDE,Acessar a via sem observar a presença dos outros veículos,Colisão transversal,Com Vítimas Feridas,Pleno dia,Decrescente,Sol,Simples,Curva,Não,3,0,0,1,1,1,1,3,"-7,2277","-35,9439",SPRF-PB,DEL02-PB,UOP01-DEL02-PB
543326.0,2023-08-19,sábado,12:40:00,PB,230,268,SANTA LUZIA,Transitar na contramão,Colisão frontal,Com Vítimas Feridas,Pleno dia,Decrescente,Céu Claro,Simples,Reta,Não,5,0,2,0,2,1,2,3,"-6,9674","-36,764",SPRF-PB,DEL03-PB,UOP01-DEL03-PB
562434.0,2023-11-20,segunda-feira,07:30:00,PB,101,89,JOAO PESSOA,Ausência de reação do condutor,Colisão traseira,Com Vítimas Feridas,Pleno dia,Crescente,Sol,Dupla,Reta,Sim,4,0,1,0,2,1,1,3,"-7,1710694","-34,89765372",SPRF-PB,DEL01-PB,UOP02-DEL01-PB
496585.0,2023-01-01,domingo,09:05:00,PB,230,50,SANTA RITA,Avarias e/ou desgaste excessivo no pneu,Queda de ocupante de veículo,Com Vítimas Feridas,Pleno dia,Crescente,Céu Claro,Dupla,Reta,Não,2,0,2,0,0,0,2,1,"-7,1846","-35,0544",SPRF-PB,DEL01-PB,UOP03-DEL01-PB
496669.0,2023-01-01,domingo,17:30:00,PB,104,148,QUEIMADAS,Acessar a via sem observar a presença dos outros veículos,Colisão transversal,Sem Vítimas,Pleno dia,Crescente,Céu Claro,Simples,Reta,Não,2,0,0,0,2,0,0,2,"-7,441147","-35,90274",SPRF-PB,DEL02-PB,UOP03-DEL02-PB
496682.0,2023-01-01,domingo,19:45:00,PB,230,23,JOAO PESSOA,Ingestão de álcool pelo condutor,Colisão com objeto,Com Vítimas Feridas,Plena Noite,Crescente,Chuva,Dupla,Reta,Sim,6,0,0,1,5,0,1,2,"-7,1562","-34,8574",SPRF-PB,DEL01-PB,UOP01-DEL01-PB
496716.0,2023-01-01,domingo,16:30:00,PB,361,"111,5",ITAPORANGA,Condutor Dormindo,Colisão com objeto,Com Vítimas Feridas,Pleno dia,Decrescente,Céu Claro,Simples,Reta,Sim,1,0,0,1,0,0,1,1,"-7,30040074","-38,12822707",SPRF-PB,DEL03-PB,UOP01-DEL03-PB
496724.0,2023-01-01,domingo,23:15:00,PB,230,"509,7",CAJAZEIRAS,Chuva,Saída de leito carroçável,Com Vítimas Feridas,Plena Noite,Crescente,Chuva,Simples,Reta,Não,4,0,4,0,0,0,4,1,"-6,8931","-38,5804",SPRF-PB,DEL03-PB,UOP03-DEL03-PB
496746.0,2023-01-02,segunda-feira,05:15:00,PB,230,"131,9",CAMPINA GRANDE,Velocidade Incompatível,Saída de leito carroçável,Com Vítimas Feridas,Pleno dia,Decrescente,Chuva,Dupla,Curva,Não,1,0,1,0,0,0,1,1,"-7,2746","-35,7269",SPRF-PB,DEL02-PB,UOP01-DEL02-PB
496777.0,2023-01-01,domingo,23:45:00,PB,230,15,JOAO PESSOA,Velocidade Incompatível,Saída de leito carroçável,Sem Vítimas,Plena Noite,Crescente,Chuva,Dupla,Curva;Aclive,Sim,1,0,0,0,0,1,0,1,"-7,10284475","-34,84706517",SPRF-PB,DEL01-PB,UOP01-DEL01-PB
496866.0,2023-01-02,segunda-feira,17:30:00,PB,104,140,QUEIMADAS,Conversão proibida,Colisão transversal,Com Vítimas Feridas,Pleno dia,Decrescente,Nublado,Simples,Reta,Sim,2,0,0,1,1,0,1,2,"-7,37817097","-35,89737088",SPRF-PB,DEL02-PB,UOP03-DEL02-PB
496948.0,2023-01-03,terça-feira,06:45:00,PB,230,"65,3",SAO MIGUEL DE TAIPU,Velocidade Incompatível,Saída de leito carroçável,Sem Vítimas,Pleno dia,Decrescente,Nublado,Dupla,Retorno Regulamentado;Declive,Não,1,0,0,0,1,0,0,1,"-7,18686611","-35,1920414",SPRF-PB,DEL01-PB,UOP03-DEL01-PB
496952.0,2023-01-03,terça-feira,07:20:00,PB,101,92,JOAO PESSOA,Ausência de reação do condutor,Colisão lateral mesmo sentido,Com Vítimas Feridas,Pleno dia,Decrescente,Sol,Dupla,Reta,Sim,2,0,1,0,1,0,1,2,"-7,19683829","-34,90588313",SPRF-PB,DEL01-PB,UOP02-DEL01-PB
496972.0,2023-01-02,segunda-feira,21:00:00,PB,230,"6,5",CABEDELO,Transitar na contramão,Colisão com objeto,Com Vítimas Feridas,Plena Noite,Crescente,Nublado,Dupla,Viaduto;Em Obras;Aclive,Sim,1,0,0,1,0,0,1,1,"-7,02739371","-34,83906269",SPRF-PB,DEL01-PB,UOP01-DEL01-PB
497035.0,2023-01-03,terça-feira,13:40:00,PB,230,125,RIACHAO DO BACAMARTE,Avarias e/ou desgaste excessivo no pneu,Saída de leito carroçável,Com Vítimas Feridas,Pleno dia,Decrescente,Garoa/Chuvisco,Dupla,Reta,Não,3,0,3,0,0,0,3,1,"-7,2498","-35,6827",SPRF-PB,DEL02-PB,UOP01-DEL02-PB
497084.0,2023-01-03,terça-feira,18:34:00,PB,230,"13,4",CABEDELO,Acessar a via sem observar a presença dos outros veículos,Atropelamento de Pedestre,Com Vítimas Feridas,Plena Noite,Decrescente,Nublado,Múltipla,Reta,Sim,2,0,1,0,0,1,1,2,"-7,086881","-34,848576",SPRF-PB,DEL01-PB,UOP01-DEL01-PB
497091.0,2023-01-03,terça-feira,19:40:00,PB,104,"138,5",QUEIMADAS,Reação tardia ou ineficiente do condutor,Tombamento,Com Vítimas Feridas,Plena Noite,Decrescente,Céu Claro,Simples,Reta,Sim,1,0,1,0,0,0,1,1,"-7,36116095","-35,90230617",SPRF-PB,DEL02-PB,UOP03-DEL02-PB
497250.0,2023-01-04,quarta-feira,14:20:00,PB,230,30,JOAO PESSOA,Reação tardia ou ineficiente do condutor,Saída de leito carroçável,Sem Vítimas,Pleno dia,Crescente,Céu Claro,Dupla,Reta,Não,2,0,0,0,0,2,0,2,"-7,1549","-34,9077",SPRF-PB,DEL01-PB,UOP01-DEL01-PB
497283.0,2023-01-04,quarta-feira,17:30:00,PB,104,"113,9",LAGOA SECA,Ultrapassagem Indevida,Colisão frontal,Com Vítimas Feridas,Anoitecer,Crescente,Céu Claro,Simples,Reta,Sim,2,0,1,0,1,0,1,2,"-7,15342626","-35,85241772",SPRF-PB,DEL02-PB,UOP04-DEL02-PB
497436.0,2023-01-05,quinta-feira,14:00:00,PB,230,507,CAJAZEIRAS,Acessar a via sem observar a presença dos outros veículos,Colisão transversal,Sem Vítimas,Pleno dia,Decrescente,Céu Claro,Simples,Reta;Interseção de Vias,Não,2,0,0,0,1,1,0,2,"-6,9024","-38,5643",SPRF-PB,DEL03-PB,UOP03-DEL03-PB
497595.0,2023-01-06,sexta-feira,14:45:00,PB,101,78,SANTA RITA,Ausência de reação do condutor,Colisão traseira,Sem Vítimas,Pleno dia,Decrescente,Céu Claro,Dupla,Reta,Não,3,0,0,0,2,1,0,2,"-7,1080829498","-34,9629388466",SPRF-PB,DEL01-PB,UOP04-DEL01-PB
497604.0,2023-01-06,sexta-feira,14:45:00,PB,230,2,CABEDELO,Ingestão de álcool pelo condutor,Colisão transversal,Sem Vítimas,Pleno dia,Decrescente,Céu Claro,Simples,Reta;Interseção de Vias,Sim,2,0,0,0,2,0,0,2,"-6,9837","-34,8295",SPRF-PB,DEL01-PB,UOP01-DEL01-PB
497743.0,2023-01-07,sábado,08:00:00,PB,230,135,CAMPINA GRANDE,Velocidade Incompatível,Saída de leito carroçável,Com Vítimas Feridas,Pleno dia,Decrescente,Céu Claro,Dupla,Curva,Não,1,0,0,1,0,0,1,1,"-7,2789","-35,7591",SPRF-PB,DEL02-PB,UOP01-DEL02-PB
497760.0,2023-01-07,sábado,12:03:00,PB,230,19,JOAO PESSOA,Reação tardia ou ineficiente do condutor,Atropelamento de Pedestre,Com Vítimas Feridas,Pleno dia,Decrescente,Céu Claro,Dupla,Reta,Sim,2,0,1,0,1,0,1,2,"-7,1281","-34,8466",SPRF-PB,DEL01-PB,UOP01-DEL01-PB
497763.0,2023-01-07,sábado,12:50:00,PB,230,17,JOAO PESSOA,Ausência de reação do condutor,Colisão traseira,Com Vítimas Feridas,Pleno dia,Decrescente,Céu Claro,Dupla,Reta,Sim,3,0,1,0,1,1,1,3,"-7,1121","-34,8426",SPRF-PB,DEL01-PB,UOP01-DEL01-PB
497846.0,2023-01-07,sábado,20:55:00,PB,104,"103,1",SAO SEBASTIAO DE LAGOA DE  ROCA,Condutor deixou de manter distância do veículo da frente,Colisão traseira,Com Vítimas Feridas,Plena Noite,Crescente,Céu Claro,Simples,Aclive;Reta,Não,5,0,5,0,0,0,5,2,"-7,08061598","-35,85413977",SPRF-PB,DEL02-PB,UOP04-DEL02-PB