id,data_inversa,dia_semana,horario,uf,br,km,municipio,causa_acidente,tipo_acidente,classificacao_acidente,fase_dia,sentido_via,condicao_metereologica,tipo_pista,tracado_via,uso_solo,pessoas,mortos,feridos_leves,feridos_graves,ilesos,ignorados,feridos,veiculos,latitude,longitude,regional,delegacia,uop
497987.0,2023-01-08,domingo,13:50:00,PB,230,16,JOAO PESSOA,Demais falhas mecânicas ou elétricas,Tombamento,Com Vítimas Feridas,Pleno dia,Decrescente,Céu Claro,Dupla,Reta,Sim,2,0,2,0,0,0,2,1,"-7,1039","-34,8458",SPRF-PB,DEL01-PB,UOP01-DEL01-PB
498114.0,2023-01-09,segunda-feira,00:30:00,PB,230,87,GURINHEM,Ingestão de álcool pelo condutor,Tombamento,Com Vítimas Feridas,Plena Noite,Decrescente,Céu Claro,Dupla,Reta,Não,3,0,1,0,2,0,1,2,"-7,1673","-35,3656",SPRF-PB,DEL01-PB,UOP03-DEL01-PB
498157.0,2023-01-09,segunda-feira,07:50:00,PB,230,23,JOAO PESSOA,Manobra de mudança de faixa,Colisão lateral mesmo sentido,Com Vítimas Feridas,Pleno dia,Decrescente,Céu Claro,Dupla,Reta,Sim,5,0,3,0,2,0,3,2,"-7,1562","-34,8574",SPRF-PB,DEL01-PB,UOP01-DEL01-PB
498164.0,2023-01-09,segunda-feira,09:10:00,PB,230,417,POMBAL,Acessar a via sem observar a presença dos outros veículos,Colisão transversal,Com Vítimas Feridas,Pleno dia,Crescente,Céu Claro,Simples,Reta,Não,3,0,0,2,1,0,2,2,"-6,7147","-37,8288",SPRF-PB,DEL03-PB,UOP02-DEL03-PB
498191.0,2023-01-09,segunda-feira,11:45:00,PB,101,84,BAYEUX,Condutor deixou de manter distância do veículo da frente,Engavetamento,Sem Vítimas,Pleno dia,Decrescente,Sol,Dupla,Reta,Não,5,0,0,0,5,0,0,5,"-7,13957906","-34,92312806",SPRF-PB,DEL01-PB,UOP01-DEL01-PB
498289.0,2023-01-09,segunda-feira,20:00:00,PB,101,"126,9",CAAPORA,Pedestre cruzava a pista fora da faixa,Atropelamento de Pedestre,Com Vítimas Feridas,Plena Noite,Decrescente,Céu Claro,Dupla,Reta,Sim,2,0,0,1,1,0,1,2,"-7,49506862","-34,98390198",SPRF-PB,DEL01-PB,UOP02-DEL01-PB
498362.0,2023-01-10,terça-feira,10:00:00,PB,412,"29,6",BOA VISTA,Reação tardia ou ineficiente do condutor,Saída de leito carroçável,Com Vítimas Feridas,Pleno dia,Decrescente,Céu Claro,Simples,Reta,Não,2,0,1,0,1,0,1,1,"-7,295269","-36,31274",SPRF-PB,DEL02-PB,UOP02-DEL02-PB
498408.0,2023-01-10,terça-feira,15:10:00,PB,104,"103,2",SAO SEBASTIAO DE LAGOA DE  ROCA,Condutor Dormindo,Colisão com objeto,Com Vítimas Fatais,Pleno dia,Decrescente,Céu Claro,Simples,Reta,Não,5,1,2,2,0,0,4,2,"-7,070652","-35,854844",SPRF-PB,DEL02-PB,UOP04-DEL02-PB
498442.0,2023-01-10,terça-feira,19:20:00,PB,230,"157,9",CAMPINA GRANDE,Pedestre andava na pista,Atropelamento de Pedestre,Com Vítimas Feridas,Plena Noite,Crescente,Vento,Simples,Reta,Não,3,0,1,1,1,0,2,2,"-7,26519608","-35,91869956",SPRF-PB,DEL02-PB,UOP01-DEL02-PB
498466.0,2023-01-11,quarta-feira,01:30:00,PB,230,36,SANTA RITA,Velocidade Incompatível,Queda de ocupante de veículo,Com Vítimas Fatais,Plena Noite,Decrescente,Céu Claro,Dupla,Curva,Sim,1,1,0,0,0,0,0,1,"-7,1246","-34,9473",SPRF-PB,DEL01-PB,UOP03-DEL01-PB
498476.0,2023-01-11,quarta-feira,06:33:00,PB,101,124,CAAPORA,Ausência de reação do condutor,Saída de leito carroçável,Com Vítimas Feridas,Pleno dia,Crescente,Céu Claro,Dupla,Curva,Não,1,0,1,0,0,0,1,1,"-7,46746892","-34,9772648",SPRF-PB,DEL01-PB,UOP02-DEL01-PB
498488.0,2023-01-11,quarta-feira,07:45:00,PB,230,"158,2",CAMPINA GRANDE,Conversão proibida,Colisão transversal,Com Vítimas Feridas,Pleno dia,Crescente,Céu Claro,Simples,Reta;Aclive,Não,2,0,1,0,1,0,1,2,"-7,2582","-35,9267",SPRF-PB,DEL02-PB,UOP01-DEL02-PB
498644.0,2023-01-12,quinta-feira,05:50:00,PB,101,"107,8",ALHANDRA,Desrespeitar a preferência no cruzamento,Colisão transversal,Com Vítimas Fatais,Pleno dia,Decrescente,Sol,Simples,Reta,Não,2,1,0,1,0,0,1,2,"-7,33327602","-34,94715448",SPRF-PB,DEL01-PB,UOP02-DEL01-PB
498660.0,2023-01-12,quinta-feira,07:00:00,PB,230,"82,8",CALDAS BRANDAO,Velocidade Incompatível,Capotamento,Com Vítimas Fatais,Pleno dia,Crescente,Céu Claro,Dupla,Curva,Não,1,1,0,0,0,0,0,1,"-7,1669","-35,3355",SPRF-PB,DEL01-PB,UOP03-DEL01-PB
498662.0,2023-01-12,quinta-feira,03:00:00,PB,230,472,SOUSA,Ausência de reação do condutor,Colisão traseira,Com Vítimas Feridas,Plena Noite,Decrescente,Nublado,Simples,Reta,Não,2,0,0,1,1,0,1,2,"-6,7994","-38,2987",SPRF-PB,DEL03-PB,UOP03-DEL03-PB
498888.0,2023-01-13,sexta-feira,12:35:00,PB,230,22,JOAO PESSOA,Trafegar com motocicleta (ou similar) entre as faixas,Colisão traseira,Com Vítimas Feridas,Pleno dia,Decrescente,Sol,Dupla,Reta,Sim,3,0,1,0,2,0,1,3,"-7,15861128","-34,85858794",SPRF-PB,DEL01-PB,UOP01-DEL01-PB
498904.0,2023-01-13,sexta-feira,13:50:00,PB,230,23,JOAO PESSOA,Condutor deixou de manter distância do veículo da frente,Colisão traseira,Com Vítimas Feridas,Pleno dia,Decrescente,Céu Claro,Dupla,Reta,Não,3,0,0,1,2,0,1,2,"-7,15626201","-34,85722661",SPRF-PB,DEL01-PB,UOP01-DEL01-PB
498954.0,2023-01-13,sexta-feira,17:30:00,PB,230,24,JOAO PESSOA,Reação tardia ou ineficiente do condutor,Colisão traseira,Com Vítimas Feridas,Anoitecer,Decrescente,Céu Claro,Dupla,Reta,Sim,2,0,0,1,1,0,1,2,"-7,1637","-34,8618",SPRF-PB,DEL01-PB,UOP01-DEL01-PB
498967.0,2023-01-13,sexta-feira,17:40:00,PB,101,84,BAYEUX,Condutor deixou de manter distância do veículo da frente,Queda de ocupante de veículo,Com Vítimas Feridas,Plena Noite,Crescente,Céu Claro,Dupla,Reta,Sim,1,0,1,0,0,0,1,1,"-7,13957906","-34,92312806",SPRF-PB,DEL01-PB,UOP01-DEL01-PB
499028.0,2023-01-14,sábado,00:25:00,PB,101,"105,9",ALHANDRA,Reação tardia ou ineficiente do condutor,Colisão com objeto,Com Vítimas Feridas,Plena Noite,Crescente,Céu Claro,Dupla,Reta,Não,1,0,1,0,0,0,1,1,"-7,31664525","-34,94667828",SPRF-PB,DEL01-PB,UOP02-DEL01-PB
499075.0,2023-01-14,sábado,09:24:00,PB,101,"67,7",SANTA RITA,Demais falhas mecânicas ou elétricas,Saída de leito carroçável,Sem Vítimas,Pleno dia,Crescente,Céu Claro,Dupla,Reta,Não,3,0,0,0,3,0,0,1,"-7,05298058","-35,03595029",SPRF-PB,DEL01-PB,UOP04-DEL01-PB
499102.0,2023-01-14,sábado,12:30:00,PB,230,19,JOAO PESSOA,Ausência de reação do condutor,Colisão traseira,Com Vítimas Feridas,Pleno dia,Decrescente,Sol,Dupla,Reta,Sim,7,0,1,0,6,0,1,2,"-7,1281","-34,8466",SPRF-PB,DEL01-PB,UOP01-DEL01-PB
499208.0,2023-01-14,sábado,22:20:00,PB,104,"129,6",CAMPINA GRANDE,Transitar na contramão,Colisão frontal,Com Vítimas Feridas,Plena Noite,Decrescente,Céu Claro,Simples,Curva,Não,2,0,2,0,0,0,2,2,"-7,28120589","-35,88915693",SPRF-PB,DEL02-PB,UOP03-DEL02-PB
499225.0,2023-01-15,domingo,00:15:00,PB,104,"129,6",CAMPINA GRANDE,Ausência de sinalização,Tombamento,Com Vítimas Feridas,Plena Noite,Decrescente,Céu Claro,Simples,Curva;Desvio Temporário,Sim,2,0,1,0,1,0,1,1,"-7,28120589","-35,88915693",SPRF-PB,DEL02-PB,UOP03-DEL02-PB
499381.0,2023-01-15,domingo,18:30:00,PB,230,"23,4",JOAO PESSOA,Trafegar com motocicleta (ou similar) entre as faixas,Colisão lateral mesmo sentido,Com Vítimas Feridas,Plena Noite,Decrescente,Céu Claro,Dupla,Aclive;Viaduto,Sim,3,0,1,1,0,1,2,2,"-7,16568297","-34,86282706",SPRF-PB,DEL01-PB,UOP01-DEL01-PB
499501.0,2023-01-16,segunda-feira,07:15:00,PB,104,89,REMIGIO,Condutor deixou de manter distância do veículo da frente,Colisão traseira,Com Vítimas Feridas,Pleno dia,Decrescente,Céu Claro,Simples,Reta,Não,2,0,2,0,0,0,2,2,"-6,971692","-35,802746",SPRF-PB,DEL02-PB,UOP04-DEL02-PB
499560.0,2023-01-16,segunda-feira,15:00:00,PB,101,68,SANTA RITA,Reação tardia ou ineficiente do condutor,Saída de leito carroçável,Com Vítimas Feridas,Pleno dia,Decrescente,Céu Claro,Dupla,Curva,Não,5,0,2,0,3,0,2,1,"-7,06603626","-35,00799802",SPRF-PB,DEL01-PB,UOP04-DEL01-PB
499563.0,2023-01-16,segunda-feira,15:30:00,PB,230,15,JOAO PESSOA,Ausência de reação do condutor,Colisão lateral mesmo sentido,Com Vítimas Feridas,Pleno dia,Crescente,Céu Claro,Dupla,Reta,Sim,3,0,0,1,2,0,1,2,"-7,093","-34,8482",SPRF-PB,DEL01-PB,UOP01-DEL01-PB
499613.0,2023-01-16,segunda-feira,19:00:00,PB,412,"17,3",BOA VISTA,Ausência de reação do condutor,Saída de leito carroçável,Com Vítimas Fatais,Plena Noite,Decrescente,Céu Claro,Simples,Interseção de Vias,Não,1,1,0,0,0,0,0,1,"-7,249509","-36,219105",SPRF-PB,DEL02-PB,UOP02-DEL02-PB
499619.0,2023-01-16,segunda-feira,18:40:00,PB,405,"34,3",SAO JOAO DO RIO DO PEIXE,Acessar a via sem observar a presença dos outros veículos,Colisão transversal,Com Vítimas Feridas,Plena Noite,Crescente,Nublado,Simples,Reta;Interseção de Vias,Sim,2,0,1,1,0,0,2,2,"-6,739024","-38,444831",SPRF-PB,DEL03-PB,UOP03-DEL03-PB
499628.0,2023-01-16,segunda-feira,22:40:00,PB,230,85,BAYEUX,Ausência de reação do condutor,Saída de leito carroçável,Sem Vítimas,Plena Noite,Crescente,Céu Claro,Dupla,Reta,Sim,4,0,0,0,4,0,0,1,"-7,14977142","-34,91192369",SPRF-PB,DEL01-PB,UOP03-DEL01-PB
499891.0,2023-01-18,quarta-feira,10:30:00,PB,230,"111,9",INGA,Velocidade Incompatível,Saída de leito carroçável,Com Vítimas Feridas,Pleno dia,Crescente,Chuva,Dupla,Curva,Não,4,0,3,0,1,0,3,1,"-7,2144847","-35,58977544",SPRF-PB,DEL01-PB,UOP03-DEL01-PB
499909.0,2023-01-18,quarta-feira,14:52:00,PB,101,43,MAMANGUAPE,Velocidade Incompatível,Saída de leito carroçável,Com Vítimas Feridas,Pleno dia,Decrescente,Chuva,Dupla,Declive;Curva,Não,1,0,1,0,0,0,1,1,"-6,865561","-35,133374",SPRF-PB,DEL01-PB,UOP04-DEL01-PB
500063.0,2023-01-09,segunda-feira,17:15:00,PB,230,400,POMBAL,Acessar a via sem observar a presença dos outros veículos,Colisão transversal,Com Vítimas Fatais,Anoitecer,Decrescente,Céu Claro,Simples,Reta,Não,12,3,4,2,2,1,6,2,"-6,822","-37,762",SPRF-PB,DEL03-PB,UOP02-DEL03-PB
500090.0,2023-01-19,quinta-feira,15:00:00,PB,104,"100,5",SAO SEBASTIAO DE LAGOA DE  ROCA,Ultrapassagem Indevida,Colisão lateral sentido oposto,Com Vítimas Feridas,Pleno dia,Decrescente,Nublado,Simples,Reta,Não,3,0,2,1,0,0,3,2,"-7,048862","-35,855986",SPRF-PB,DEL02-PB,UOP04-DEL02-PB
500245.0,2023-01-20,sexta-feira,13:05:00,PB,230,23,JOAO PESSOA,Ausência de reação do condutor,Tombamento,Com Vítimas Feridas,Pleno dia,Decrescente,Céu Claro,Dupla,Declive;Reta,Sim,1,0,1,0,0,0,1,1,"-7,1562","-34,8574",SPRF-PB,DEL01-PB,UOP01-DEL01-PB
500299.0,2023-01-20,sexta-feira,17:00:00,PB,104,114,LAGOA SECA,Ausência de reação do condutor,Colisão traseira,Com Vítimas Feridas,Pleno dia,Crescente,Céu Claro,Simples,Reta,Sim,3,0,0,1,2,0,1,2,"-7,1620139","-35,85712429",SPRF-PB,DEL02-PB,UOP04-DEL02-PB
500459.0,2023-01-21,sábado,18:40:00,PB,104,"195,5",ALCANTIL,Transitar na contramão,Colisão frontal,Com Vítimas Fatais,Plena Noite,Crescente,Céu Claro,Simples,Curva,Não,3,1,0,0,0,2,0,2,"-7,76107074","-36,09318327",SPRF-PB,DEL02-PB,UOP03-DEL02-PB
500463.0,2023-01-22,domingo,12:00:00,PB,230,334,PATOS,Ausência de reação do condutor,Colisão traseira,Com Vítimas Feridas,Pleno dia,Decrescente,Céu Claro,Simples,Curva,Não,2,0,1,0,1,0,1,2,"-7,018","-37,2589",SPRF-PB,DEL03-PB,UOP01-DEL03-PB
500487.0,2023-01-21,sábado,13:00:00,PB,101,"74,8",SANTA RITA,Reação tardia ou ineficiente do condutor,Tombamento,Com Vítimas Feridas,Pleno dia,Crescente,Céu Claro,Dupla,Curva;Declive,Não,2,0,0,1,0,1,1,2,"-7,083677","-34,972977",SPRF-PB,DEL01-PB,UOP04-DEL01-PB
500519.0,2023-01-23,segunda-feira,08:10:00,PB,230,"405,4",POMBAL,Acessar a via sem observar a presença dos outros veículos,Colisão lateral mesmo sentido,Com Vítimas Feridas,Pleno dia,Crescente,Céu Claro,Simples,Declive;Reta,Sim,3,0,2,0,1,0,2,2,"-6,786765","-37,795289",SPRF-PB,DEL03-PB,UOP02-DEL03-PB
500565.0,2023-01-21,sábado,07:00:00,PB,230,"148,7",CAMPINA GRANDE,Acessar a via sem observar a presença dos outros veículos,Colisão transversal,Com Vítimas Feridas,Pleno dia,Decrescente,Céu Claro,Dupla,Reta,Sim,3,0,1,1,1,0,2,2,"-7,24788","-35,871505",SPRF-PB,DEL02-PB,UOP01-DEL02-PB
500594.0,2023-01-22,domingo,05:00:00,PB,230,218,SOLEDADE,Ausência de reação do condutor,Saída de leito carroçável,Sem Vítimas,Amanhecer,Crescente,Céu Claro,Simples,Reta;Aclive,Não,1,0,0,0,0,1,0,1,"-7,0492","-36,3843",SPRF-PB,DEL02-PB,UOP02-DEL02-PB
500626.0,2023-01-23,segunda-feira,18:11:00,PB,101,76,SANTA RITA,Condutor deixou de manter distância do veículo da frente,Colisão traseira,Com Vítimas Feridas,Plena Noite,Crescente,Céu Claro,Dupla,Reta,Não,2,0,1,0,1,0,1,2,"-7,09085711","-34,96857932",SPRF-PB,DEL01-PB,UOP04-DEL01-PB
500776.0,2023-01-24,terça-feira,11:00:00,PB,104,"135,9",QUEIMADAS,Condutor deixou de manter distância do veículo da frente,Colisão traseira,Com Vítimas Feridas,Pleno dia,Crescente,Céu Claro,Simples,Reta;Aclive,Sim,2,0,1,0,1,0,1,2,"-7,33449509","-35,89813347",SPRF-PB,DEL02-PB,UOP03-DEL02-PB
500856.0,2023-01-24,terça-feira,17:20:00,PB,101,94,JOAO PESSOA,Ausência de reação do condutor,Tombamento,Com Vítimas Feridas,Anoitecer,Decrescente,Céu Claro,Dupla,Declive;Reta,Não,1,0,1,0,0,0,1,1,"-7,21483297","-34,9117521",SPRF-PB,DEL01-PB,UOP02-DEL01-PB
500987.0,2023-01-25,quarta-feira,07:30:00,PB,230,157,CAMPINA GRANDE,Acesso irregular,Colisão transversal,Com Vítimas Feridas,Pleno dia,Decrescente,Céu Claro,Simples,Declive,Sim,2,0,2,0,0,0,2,2,"-7,264","-35,9199",SPRF-PB,DEL02-PB,UOP01-DEL02-PB
501058.0,2023-01-14,sábado,18:35:00,PB,361,36,CATINGUEIRA,Ingestão de álcool pelo condutor,Capotamento,Com Vítimas Feridas,Plena Noite,Decrescente,Céu Claro,Simples,Curva,Não,1,0,0,1,0,0,1,1,"-7,09077111","-37,56284298",SPRF-PB,DEL03-PB,UOP01-DEL03-PB
501076.0,2023-01-25,quarta-feira,14:00:00,PB,101,"111,2",ALHANDRA,Demais falhas mecânicas ou elétricas,Tombamento,Com Vítimas Feridas,Pleno dia,Crescente,Céu Claro,Dupla,Reta,Não,2,0,2,0,0,0,2,1,"-7,36122197","-34,95184711",SPRF-PB,DEL01-PB,UOP02-DEL01-PB
501093.0,2023-01-25,quarta-feira,15:00:00,PB,230,74,SOBRADO,Condutor deixou de manter distância do veículo da frente,Colisão traseira,Com Vítimas Feridas,Pleno dia,Crescente,Sol,Dupla,Reta;Em Obras,Não,2,0,1,0,0,1,1,2,"-7,1894","-35,2596",SPRF-PB,DEL01-PB,UOP03-DEL01-PB
501143.0,2023-01-25,quarta-feira,18:45:00,PB,230,"135,1",CAMPINA GRANDE,Ausência de reação do condutor,Saída de leito carroçável,Com Vítimas Feridas,Plena Noite,Decrescente,Céu Claro,Dupla,Curva,Não,4,0,4,0,0,0,4,1,"-7,282077","-35,768555",SPRF-PB,DEL02-PB,UOP01-DEL02-PB
501150.0,2023-01-22,domingo,05:30:00,PB,101,44,MAMANGUAPE,Condutor Dormindo,Colisão com objeto,Com Vítimas Feridas,Amanhecer,Decrescente,Nublado,Dupla,Declive;Reta,Não,1,0,0,1,0,0,1,1,"-6,87451305","-35,13232736",SPRF-PB,DEL01-PB,UOP04-DEL01-PB
501176.0,2023-01-25,quarta-feira,19:30:00,PB,230,"158,8",CAMPINA GRANDE,Acessar a via sem observar a presença dos outros veículos,Colisão transversal,Com Vítimas Feridas,Plena Noite,Crescente,Céu Claro,Simples,Retorno Regulamentado,Sim,2,0,0,1,0,1,1,2,"-7,25623129","-35,92894077",SPRF-PB,DEL02-PB,UOP01-DEL02-PB
501182.0,2023-01-25,quarta-feira,22:15:00,PB,230,15,JOAO PESSOA,Mal súbito do condutor,Saída de leito carroçável,Com Vítimas Feridas,Plena Noite,Crescente,Céu Claro,Dupla,Curva,Sim,1,0,1,0,0,0,1,1,"-7,093","-34,8482",SPRF-PB,DEL01-PB,UOP01-DEL01-PB
501223.0,2023-01-26,quinta-feira,07:45:00,PB,230,"26,9",JOAO PESSOA,Reação tardia ou ineficiente do condutor,Colisão traseira,Com Vítimas Feridas,Pleno dia,Crescente,Céu Claro,Dupla,Reta,Sim,2,0,1,0,1,0,1,2,"-7,1693","-34,8782",SPRF-PB,DEL01-PB,UOP01-DEL01-PB
501295.0,2023-01-26,quinta-feira,12:00:00,PB,230,8,CABEDELO,Ausência de reação do condutor,Colisão com objeto,Com Vítimas Feridas,Pleno dia,Decrescente,Sol,Múltipla,Viaduto,Sim,3,0,0,1,2,0,1,2,"-7,026","-34,8385",SPRF-PB,DEL01-PB,UOP01-DEL01-PB
501320.0,2023-01-22,domingo,10:30:00,PB,230,"91,6",GURINHEM,Demais falhas mecânicas ou elétricas,Saída de leito carroçável,Sem Vítimas,Pleno dia,Decrescente,Céu Claro,Dupla,Declive;Reta,Não,1,0,0,0,0,1,0,1,"-7,1761","-35,4097",SPRF-PB,DEL01-PB,UOP03-DEL01-PB
501346.0,2023-01-26,quinta-feira,16:35:00,PB,101,83,BAYEUX,Ausência de reação do condutor,Colisão traseira,Com Vítimas Feridas,Pleno dia,Crescente,Céu Claro,Dupla,Reta,Sim,5,0,2,0,3,0,2,3,"-7,1337703","-34,92963914",SPRF-PB,DEL01-PB,UOP01-DEL01-PB
501358.0,2023-01-26,quinta-feira,17:35:00,PB,101,89,JOAO PESSOA,Condutor deixou de manter distância do veículo da frente,Colisão traseira,Com Vítimas Feridas,Anoitecer,Decrescente,Céu Claro,Dupla,Reta,Sim,3,0,2,0,1,0,2,3,"-7,1747631","-34,89865065",SPRF-PB,DEL01-PB,UOP02-DEL01-PB
501473.0,2023-01-27,sexta-feira,07:50:00,PB,230,152,CAMPINA GRANDE,Condutor deixou de manter distância do veículo da frente,Colisão lateral mesmo sentido,Com Vítimas Feridas,Pleno dia,Decrescente,Nublado,Simples,Declive,Sim,2,0,0,1,0,1,1,2,"-7,2688","-35,8837",SPRF-PB,DEL02-PB,UOP01-DEL02-PB
501498.0,2023-01-26,quinta-feira,18:30:00,PB,361,"39,2",CATINGUEIRA,Animais na Pista,Atropelamento de Animal,Com Vítimas Feridas,Anoitecer,Crescente,Céu Claro,Simples,Reta,Não,2,0,1,0,1,0,1,1,"-7,09419004","-37,58921197",SPRF-PB,DEL03-PB,UOP01-DEL03-PB
501675.0,2023-01-28,sábado,04:20:00,PB,230,"159,6",CAMPINA GRANDE,Ingestão de álcool pelo condutor,Saída de leito carroçável,Sem Vítimas,Plena Noite,Crescente,Ignorado,Simples,Reta;Declive,Sim,1,0,0,0,0,1,0,1,"-7,250621","-35,934145",SPRF-PB,DEL02-PB,UOP01-DEL02-PB
501678.0,2023-01-23,segunda-feira,13:10:00,PB,230,"26,5",JOAO PESSOA,Ausência de reação do condutor,Colisão traseira,Com Vítimas Feridas,Pleno dia,Decrescente,Céu Claro,Dupla,Reta,Sim,5,0,3,0,2,0,3,2,"-7,1693","-34,8782",SPRF-PB,DEL01-PB,UOP01-DEL01-PB
501700.0,2023-01-28,sábado,12:44:00,PB,101,"49,5",MAMANGUAPE,Condutor Dormindo,Saída de leito carroçável,Com Vítimas Feridas,Pleno dia,Decrescente,Céu Claro,Dupla,Reta,Não,1,0,1,0,0,0,1,1,"-6,91464699","-35,11263198",SPRF-PB,DEL01-PB,UOP04-DEL01-PB
501728.0,2023-01-28,sábado,14:30:00,PB,230,25,JOAO PESSOA,Ausência de reação do condutor,Tombamento,Com Vítimas Feridas,Pleno dia,Decrescente,Céu Claro,Dupla,Reta;Aclive,Sim,1,0,1,0,0,0,1,1,"-7,1707","-34,8684",SPRF-PB,DEL01-PB,UOP01-DEL01-PB
501733.0,2023-01-28,sábado,14:30:00,PB,412,108,SUME,Ausência de reação do condutor,Colisão transversal,Com Vítimas Feridas,Pleno dia,Crescente,Céu Claro,Dupla,Reta,Sim,2,0,1,0,1,0,1,2,"-7,67108169","-36,87760949",SPRF-PB,DEL02-PB,UOP02-DEL02-PB
501789.0,2023-01-28,sábado,19:40:00,PB,101,"86,4",JOAO PESSOA,Área urbana sem a presença de local apropriado para a travessia de pedestres,Atropelamento de Pedestre,Com Vítimas Feridas,Plena Noite,Decrescente,Céu Claro,Dupla,Reta,Sim,2,0,0,1,0,1,1,2,"-7,15118983","-34,91012184",SPRF-PB,DEL01-PB,UOP01-DEL01-PB
501835.0,2023-01-28,sábado,23:52:00,PB,230,16,JOAO PESSOA,Acessar a via sem observar a presença dos outros veículos,Colisão traseira,Sem Vítimas,Plena Noite,Decrescente,Céu Claro,Dupla,Declive;Curva,Sim,4,0,0,0,2,2,0,4,"-7,1039","-34,8458",SPRF-PB,DEL01-PB,UOP01-DEL01-PB
501929.0,2023-01-29,domingo,13:15:00,PB,230,304,SAO MAMEDE,Avarias e/ou desgaste excessivo no pneu,Saída de leito carroçável,Sem Vítimas,Pleno dia,Decrescente,Céu Claro,Simples,Reta,Não,1,0,0,0,1,0,0,1,"-6,9122","-37,0172",SPRF-PB,DEL03-PB,UOP01-DEL03-PB
501986.0,2023-01-29,domingo,18:00:00,PB,230,"155,9",CAMPINA GRANDE,Ingestão de álcool pelo condutor,Colisão transversal,Com Vítimas Feridas,Plena Noite,Crescente,Céu Claro,Simples,Reta;Interseção de Vias,Sim,9,0,3,0,5,1,3,2,"-7,2748","-35,9058",SPRF-PB,DEL02-PB,UOP01-DEL02-PB
502007.0,2023-01-29,domingo,19:30:00,PB,101,12,MAMANGUAPE,Ausência de reação do condutor,Queda de ocupante de veículo,Com Vítimas Feridas,Plena Noite,Decrescente,Ignorado,Dupla,Reta,Sim,1,0,0,1,0,0,1,1,"-6,60110408","-35,14339905",SPRF-PB,DEL01-PB,UOP04-DEL01-PB
502183.0,2023-01-30,segunda-feira,16:30:00,PB,104,"138,5",QUEIMADAS,Acessar a via sem observar a presença dos outros veículos,Colisão transversal,Com Vítimas Feridas,Pleno dia,Decrescente,Céu Claro,Simples,Reta,Sim,2,0,1,0,1,0,1,2,"-7,36116095","-35,90230617",SPRF-PB,DEL02-PB,UOP03-DEL02-PB
502215.0,2023-01-30,segunda-feira,18:45:00,PB,101,58,SANTA RITA,Ingestão de álcool pelo condutor,Colisão transversal,Com Vítimas Feridas,Plena Noite,Decrescente,Céu Claro,Dupla,Reta,Não,2,0,1,0,1,0,1,2,"-6,98564991","-35,07334684",SPRF-PB,DEL01-PB,UOP04-DEL01-PB
502303.0,2023-01-31,terça-feira,10:20:00,PB,230,"12,4",CABEDELO,Reação tardia ou ineficiente do condutor,Colisão com objeto,Com Vítimas Feridas,Pleno dia,Crescente,Sol,Dupla,Reta,Sim,2,0,2,0,0,0,2,1,"-7,076119","-34,849491",SPRF-PB,DEL01-PB,UOP01-DEL01-PB
502340.0,2023-01-31,terça-feira,12:00:00,PB,0,0,CAJAZEIRAS,Demais falhas na via,Colisão com objeto,Sem Vítimas,Pleno dia,Não Informado,Sol,Simples,Reta,Não,2,0,0,0,1,1,0,2,"-6,873938","-38,63915",SPRF-PB,DEL03-PB,UOP03-DEL03-PB
502346.0,2023-01-31,terça-feira,14:00:00,PB,104,"156,7",BARRA DE SANTANA,Ausência de sinalização,Colisão transversal,Com Vítimas Feridas,Pleno dia,Decrescente,Céu Claro,Simples,Retorno Regulamentado;Reta;Declive;Interseção de Vias,Não,2,0,0,1,1,0,1,2,"-7,50392242","-35,96094131",SPRF-PB,DEL02-PB,UOP03-DEL02-PB
502366.0,2023-01-31,terça-feira,16:00:00,PB,230,15,JOAO PESSOA,Reação tardia ou ineficiente do condutor,Tombamento,Com Vítimas Feridas,Pleno dia,Decrescente,Céu Claro,Dupla,Reta;Declive,Sim,1,0,1,0,0,0,1,1,"-7,093","-34,8482",SPRF-PB,DEL01-PB,UOP01-DEL01-PB
502444.0,2023-02-01,quarta-feira,06:50:00,PB,101,"106,3",ALHANDRA,Demais falhas mecânicas ou elétricas,Queda de ocupante de veículo,Com Vítimas Feridas,Pleno dia,Crescente,Céu Claro,Dupla,Reta,Não,2,0,1,1,0,0,2,1,"-7,31642501","-34,94666379",SPRF-PB,DEL01-PB,UOP02-DEL01-PB
502474.0,2023-01-01,domingo,06:00:00,PB,230,"18,5",JOAO PESSOA,Ingestão de álcool pelo condutor,Colisão com objeto,Com Vítimas Fatais,Pleno dia,Decrescente,Garoa/Chuvisco,Dupla,Curva;Declive,Sim,8,1,6,0,1,0,6,3,"-7,12862608","-34,847399",SPRF-PB,DEL01-PB,UOP01-DEL01-PB
502535.0,2023-02-01,quarta-feira,17:47:00,PB,230,14,CABEDELO,Demais falhas mecânicas ou elétricas,Tombamento,Com Vítimas Feridas,Plena Noite,Crescente,Céu Claro,Múltipla,Reta,Sim,2,0,1,0,1,0,1,1,"-7,09642416","-34,84801202",SPRF-PB,DEL01-PB,UOP01-DEL01-PB