id,data_inversa,dia_semana,horario,uf,br,km,municipio,causa_acidente,tipo_acidente,classificacao_acidente,fase_dia,sentido_via,condicao_metereologica,tipo_pista,tracado_via,uso_solo,pessoas,mortos,feridos_leves,feridos_graves,ilesos,ignorados,feridos,veiculos,latitude,longitude,regional,delegacia,uop
522584.0,2023-05-12,sexta-feira,16:45:00,PB,230,"16,8",JOAO PESSOA,Reação tardia ou ineficiente do condutor,Colisão lateral mesmo sentido,Com Vítimas Feridas,Anoitecer,Crescente,Céu Claro,Dupla,Reta,Sim,3,0,1,0,2,0,1,2,"-7,1121","-34,8426",SPRF-PB,DEL01-PB,UOP01-DEL01-PB
522602.0,2023-05-12,sexta-feira,17:00:00,PB,104,"143,7",QUEIMADAS,Acessar a via sem observar a presença dos outros veículos,Colisão transversal,Com Vítimas Feridas,Plena Noite,Crescente,Céu Claro,Simples,Reta,Não,2,0,1,0,1,0,1,2,"-7,40477903","-35,89667929",SPRF-PB,DEL02-PB,UOP03-DEL02-PB
522607.0,2023-05-12,sexta-feira,17:50:00,PB,230,"72,5",SOBRADO,Acesso irregular,Colisão transversal,Com Vítimas Feridas,Plena Noite,Crescente,Céu Claro,Dupla,Reta,Não,4,0,1,2,1,0,3,3,"-7,1907","-35,2418",SPRF-PB,DEL01-PB,UOP03-DEL01-PB
522731.0,2023-05-13,sábado,08:10:00,PB,104,145,QUEIMADAS,Acessar a via sem observar a presença dos outros veículos,Colisão transversal,Sem Vítimas,Pleno dia,Crescente,Céu Claro,Simples,Reta,Não,3,0,0,0,3,0,0,3,"-7,42278697","-35,89513073",SPRF-PB,DEL02-PB,UOP03-DEL02-PB
522738.0,2023-05-13,sábado,09:10:00,PB,230,"4,9",CABEDELO,Manobra de mudança de faixa,Colisão traseira,Com Vítimas Feridas,Pleno dia,Crescente,Céu Claro,Dupla,Reta;Desvio Temporário,Sim,2,0,1,0,1,0,1,2,"-7,01","-34,8312",SPRF-PB,DEL01-PB,UOP01-DEL01-PB
522830.0,2023-05-13,sábado,17:25:00,PB,230,160,CAMPINA GRANDE,Ingestão de álcool pelo condutor,Colisão frontal,Sem Vítimas,Plena Noite,Decrescente,Céu Claro,Simples,Reta,Sim,3,0,0,0,3,0,0,2,"-7,2436","-35,9375",SPRF-PB,DEL02-PB,UOP01-DEL02-PB
522845.0,2023-05-13,sábado,18:40:00,PB,230,152,CAMPINA GRANDE,Acessar a via sem observar a presença dos outros veículos,Colisão lateral mesmo sentido,Com Vítimas Feridas,Plena Noite,Decrescente,Garoa/Chuvisco,Simples,Reta,Sim,2,0,1,0,1,0,1,2,"-7,2688","-35,8837",SPRF-PB,DEL02-PB,UOP01-DEL02-PB
522933.0,2023-05-14,domingo,00:40:00,PB,230,"137,8",MASSARANDUBA,Ingestão de álcool pelo condutor,Saída de leito carroçável,Com Vítimas Feridas,Plena Noite,Decrescente,Chuva,Dupla,Curva;Declive,Não,1,0,0,1,0,0,1,1,"-7,2766","-35,7739",SPRF-PB,DEL02-PB,UOP01-DEL02-PB
522938.0,2023-05-13,sábado,20:20:00,PB,104,"1,4",NOVA FLORESTA,Transitar na contramão,Colisão frontal,Com Vítimas Feridas,Plena Noite,Crescente,Garoa/Chuvisco,Simples,Reta,Não,2,0,1,0,0,1,1,2,"-6,442351","-36,20277203",SPRF-PB,DEL02-PB,UOP04-DEL02-PB
523000.0,2023-05-14,domingo,11:18:00,PB,101,"86,6",JOAO PESSOA,Condutor deixou de manter distância do veículo da frente,Engavetamento,Sem Vítimas,Pleno dia,Decrescente,Céu Claro,Simples,Reta,Sim,3,0,0,0,3,0,0,3,"-7,15118983","-34,91012184",SPRF-PB,DEL01-PB,UOP01-DEL01-PB
523002.0,2023-05-14,domingo,10:15:00,PB,230,"316,3",SAO MAMEDE,Transitar na contramão,Colisão frontal,Com Vítimas Fatais,Pleno dia,Crescente,Céu Claro,Simples,Curva,Não,2,1,0,0,0,1,0,2,"-6,9507","-37,1169",SPRF-PB,DEL03-PB,UOP01-DEL03-PB
523005.0,2023-05-14,domingo,11:00:00,PB,101,"85,5",BAYEUX,Pedestre cruzava a pista fora da faixa,Atropelamento de Pedestre,Com Vítimas Fatais,Pleno dia,Crescente,Céu Claro,Dupla,Reta,Sim,2,1,0,0,0,1,0,2,"-7,14538184","-34,91662887",SPRF-PB,DEL01-PB,UOP01-DEL01-PB
523007.0,2023-05-14,domingo,12:10:00,PB,230,"507,6",CAJAZEIRAS,Acessar a via sem observar a presença dos outros veículos,Colisão transversal,Com Vítimas Feridas,Pleno dia,Crescente,Nublado,Simples,Reta;Interseção de Vias,Sim,3,0,1,1,0,1,2,2,"-6,9024","-38,5643",SPRF-PB,DEL03-PB,UOP03-DEL03-PB
523036.0,2023-05-14,domingo,14:10:00,PB,230,106,MOGEIRO,Condutor Dormindo,Saída de leito carroçável,Com Vítimas Feridas,Pleno dia,Decrescente,Chuva,Dupla,Curva,Não,1,0,1,0,0,0,1,1,"-7,2083","-35,5318",SPRF-PB,DEL01-PB,UOP03-DEL01-PB
523060.0,2023-05-14,domingo,16:00:00,PB,230,124,RIACHAO DO BACAMARTE,Pista Escorregadia,Saída de leito carroçável,Com Vítimas Feridas,Pleno dia,Crescente,Chuva,Dupla,Declive,Não,4,0,3,1,0,0,4,1,"-7,2465","-35,6751",SPRF-PB,DEL02-PB,UOP01-DEL02-PB
523061.0,2023-05-14,domingo,17:30:00,PB,230,"12,7",CABEDELO,Pedestre cruzava a pista fora da faixa,Atropelamento de Pedestre,Com Vítimas Feridas,Anoitecer,Decrescente,Céu Claro,Dupla,Reta,Sim,2,0,0,1,1,0,1,2,"-7,068","-34,85",SPRF-PB,DEL01-PB,UOP01-DEL01-PB
523065.0,2023-05-14,domingo,17:15:00,PB,101,"88,9",JOAO PESSOA,Condutor deixou de manter distância do veículo da frente,Colisão traseira,Com Vítimas Feridas,Plena Noite,Crescente,Céu Claro,Dupla,Reta,Sim,3,0,2,0,1,0,2,2,"-7,16470016","-34,89993643",SPRF-PB,DEL01-PB,UOP02-DEL01-PB
523367.0,2023-05-16,terça-feira,06:10:00,PB,101,"88,3",JOAO PESSOA,Pista Escorregadia,Tombamento,Com Vítimas Feridas,Pleno dia,Crescente,Garoa/Chuvisco,Dupla,Reta,Sim,1,0,1,0,0,0,1,1,"-7,16470016","-34,89993643",SPRF-PB,DEL01-PB,UOP01-DEL01-PB
523456.0,2023-05-16,terça-feira,15:30:00,PB,230,"139,5",CAMPINA GRANDE,Entrada inopinada do pedestre,Atropelamento de Pedestre,Com Vítimas Feridas,Pleno dia,Decrescente,Céu Claro,Dupla,Reta,Não,3,0,1,0,1,1,1,2,"-7,268","-35,7991",SPRF-PB,DEL02-PB,UOP01-DEL02-PB
523560.0,2023-05-17,quarta-feira,06:40:00,PB,101,"77,9",SANTA RITA,Chuva,Colisão com objeto,Com Vítimas Feridas,Pleno dia,Crescente,Garoa/Chuvisco,Dupla,Reta,Não,1,0,0,1,0,0,1,1,"-7,107827","-34,963207",SPRF-PB,DEL01-PB,UOP04-DEL01-PB
523728.0,2023-05-18,quinta-feira,07:00:00,PB,101,"96,8",CONDE,Acumulo de água sobre o pavimento,Tombamento,Com Vítimas Feridas,Pleno dia,Crescente,Chuva,Dupla,Reta,Não,1,0,1,0,0,0,1,1,"-7,23612638","-34,92558002",SPRF-PB,DEL01-PB,UOP02-DEL01-PB
523739.0,2023-05-18,quinta-feira,07:22:00,PB,230,"157,7",CAMPINA GRANDE,Desrespeitar a preferência no cruzamento,Colisão transversal,Com Vítimas Feridas,Pleno dia,Crescente,Céu Claro,Simples,Retorno Regulamentado,Sim,2,0,0,1,1,0,1,2,"-7,264","-35,9199",SPRF-PB,DEL02-PB,UOP01-DEL02-PB
523742.0,2023-05-18,quinta-feira,08:05:00,PB,230,25,JOAO PESSOA,Manobra de mudança de faixa,Colisão lateral mesmo sentido,Com Vítimas Feridas,Pleno dia,Crescente,Garoa/Chuvisco,Dupla,Reta;Declive,Sim,3,0,1,0,2,0,1,3,"-7,1707","-34,8684",SPRF-PB,DEL01-PB,UOP01-DEL01-PB
523755.0,2023-05-18,quinta-feira,08:40:00,PB,230,36,SANTA RITA,Pista Escorregadia,Colisão lateral mesmo sentido,Com Vítimas Feridas,Pleno dia,Decrescente,Chuva,Dupla,Curva;Declive,Sim,2,0,1,0,1,0,1,2,"-7,125245","-34,946927",SPRF-PB,DEL01-PB,UOP03-DEL01-PB
524002.0,2023-05-19,sexta-feira,13:25:00,PB,230,19,JOAO PESSOA,Reação tardia ou ineficiente do condutor,Tombamento,Com Vítimas Feridas,Pleno dia,Decrescente,Sol,Dupla,Reta;Declive,Sim,1,0,1,0,0,0,1,1,"-7,1281","-34,8466",SPRF-PB,DEL01-PB,UOP01-DEL01-PB
524009.0,2023-05-19,sexta-feira,14:15:00,PB,230,"311,1",SAO MAMEDE,Ingestão de álcool pelo condutor,Tombamento,Com Vítimas Feridas,Pleno dia,Decrescente,Sol,Simples,Reta,Não,1,0,1,0,0,0,1,1,"-6,9286","-37,0745",SPRF-PB,DEL03-PB,UOP01-DEL03-PB
524062.0,2023-05-19,sexta-feira,17:50:00,PB,101,52,CAPIM,Pedestre andava na pista,Atropelamento de Pedestre,Com Vítimas Fatais,Plena Noite,Crescente,Céu Claro,Dupla,Declive,Não,2,1,0,0,0,1,0,2,"-6,93821564","-35,09935736",SPRF-PB,DEL01-PB,UOP04-DEL01-PB
524235.0,2023-05-20,sábado,07:30:00,PB,230,"11,2",JOAO PESSOA,Manobra de mudança de faixa,Colisão lateral mesmo sentido,Com Vítimas Feridas,Pleno dia,Crescente,Céu Claro,Dupla,Reta,Sim,2,0,1,0,0,1,1,2,"-7,0596","-34,8506",SPRF-PB,DEL01-PB,UOP01-DEL01-PB
524239.0,2023-05-20,sábado,13:35:00,PB,427,"37,3",POMBAL,Ausência de reação do condutor,Saída de leito carroçável,Com Vítimas Feridas,Pleno dia,Decrescente,Céu Claro,Simples,Reta,Sim,1,0,0,1,0,0,1,1,"-6,76405124","-37,78910384",SPRF-PB,DEL03-PB,UOP02-DEL03-PB
524241.0,2023-05-20,sábado,13:30:00,PB,230,"41,3",SANTA RITA,Velocidade Incompatível,Tombamento,Com Vítimas Feridas,Pleno dia,Decrescente,Céu Claro,Dupla,Curva,Sim,1,0,0,1,0,0,1,1,"-7,1432","-34,9869",SPRF-PB,DEL01-PB,UOP03-DEL01-PB
524318.0,2023-05-20,sábado,19:30:00,PB,230,153,CAMPINA GRANDE,Ingestão de álcool pelo condutor,Colisão traseira,Com Vítimas Feridas,Plena Noite,Crescente,Céu Claro,Dupla,Em Obras;Reta;Interseção de Vias,Sim,2,0,0,1,0,1,1,2,"-7,2763","-35,8887",SPRF-PB,DEL02-PB,UOP01-DEL02-PB
524339.0,2023-05-20,sábado,21:40:00,PB,230,"21,9",JOAO PESSOA,Ingestão de álcool pelo condutor,Colisão transversal,Sem Vítimas,Plena Noite,Crescente,Céu Claro,Dupla,Reta,Sim,2,0,0,0,2,0,0,2,"-7,14623784","-34,85087872",SPRF-PB,DEL01-PB,UOP01-DEL01-PB
524437.0,2023-05-21,domingo,11:25:00,PB,101,124,CAAPORA,Velocidade Incompatível,Saída de leito carroçável,Com Vítimas Feridas,Pleno dia,Crescente,Sol,Dupla,Aclive;Curva,Não,4,0,1,3,0,0,4,1,"-7,4687065","-34,97707063",SPRF-PB,DEL01-PB,UOP02-DEL01-PB
524452.0,2023-05-21,domingo,12:20:00,PB,230,41,SANTA RITA,Condutor Dormindo,Saída de leito carroçável,Sem Vítimas,Pleno dia,Decrescente,Céu Claro,Dupla,Declive;Reta,Não,1,0,0,0,1,0,0,1,"-7,1432","-34,9869",SPRF-PB,DEL01-PB,UOP03-DEL01-PB
524499.0,2023-01-24,terça-feira,17:20:00,PB,230,25,JOAO PESSOA,Reação tardia ou ineficiente do condutor,Colisão lateral mesmo sentido,Sem Vítimas,Anoitecer,Decrescente,Céu Claro,Simples,Reta,Sim,6,0,0,0,6,0,0,2,"-7,16950718","-34,87847458",SPRF-PB,DEL01-PB,UOP01-DEL01-PB
524535.0,2023-05-21,domingo,19:05:00,PB,230,"157,7",CAMPINA GRANDE,Acessar a via sem observar a presença dos outros veículos,Colisão transversal,Com Vítimas Feridas,Plena Noite,Decrescente,Céu Claro,Simples,Reta,Sim,3,0,0,2,1,0,2,2,"-7,264","-35,9199",SPRF-PB,DEL02-PB,UOP01-DEL02-PB
524597.0,2023-05-22,segunda-feira,06:40:00,PB,101,"97,7",CONDE,Pista Escorregadia,Tombamento,Com Vítimas Feridas,Pleno dia,Decrescente,Nublado,Dupla,Reta;Aclive,Sim,1,0,1,0,0,0,1,1,"-7,23846306","-34,9268519",SPRF-PB,DEL01-PB,UOP02-DEL01-PB
524684.0,2023-04-29,sábado,17:00:00,PB,230,286,SANTA LUZIA,Transitar na contramão,Colisão lateral sentido oposto,Com Vítimas Feridas,Pleno dia,Crescente,Céu Claro,Simples,Aclive;Curva,Não,6,0,1,0,5,0,1,2,"-6,8978","-36,8794",SPRF-PB,DEL03-PB,UOP01-DEL03-PB
524708.0,2023-05-22,segunda-feira,17:45:00,PB,101,"87,4",JOAO PESSOA,Animais na Pista,Atropelamento de Animal,Com Vítimas Feridas,Anoitecer,Crescente,Nublado,Dupla,Reta;Declive,Sim,1,0,1,0,0,0,1,1,"-7,16318138","-34,90192294",SPRF-PB,DEL01-PB,UOP01-DEL01-PB
524768.0,2023-05-22,segunda-feira,22:15:00,PB,230,"463,6",SOUSA,Animais na Pista,Atropelamento de Animal,Sem Vítimas,Plena Noite,Crescente,Nublado,Simples,Reta,Sim,1,0,0,0,1,0,0,1,"-6,7783","-38,2256",SPRF-PB,DEL03-PB,UOP03-DEL03-PB
524895.0,2023-05-23,terça-feira,17:25:00,PB,101,"92,2",JOAO PESSOA,Transitar na contramão,Colisão frontal,Com Vítimas Feridas,Plena Noite,Decrescente,Nublado,Dupla,Reta,Sim,2,0,1,0,1,0,1,2,"-7,19683829","-34,90588313",SPRF-PB,DEL01-PB,UOP02-DEL01-PB
524899.0,2023-05-23,terça-feira,17:30:00,PB,104,137,QUEIMADAS,Animais na Pista,Atropelamento de Animal,Com Vítimas Feridas,Anoitecer,Decrescente,Nublado,Simples,Reta,Sim,2,0,2,0,0,0,2,1,"-7,352277","-35,90094",SPRF-PB,DEL02-PB,UOP03-DEL02-PB
524966.0,2023-05-24,quarta-feira,05:45:00,PB,230,"115,8",INGA,Chuva,Capotamento,Com Vítimas Feridas,Amanhecer,Crescente,Chuva,Dupla,Curva,Não,1,0,1,0,0,0,1,1,"-7,2296","-35,5998",SPRF-PB,DEL01-PB,UOP03-DEL01-PB
524982.0,2023-05-24,quarta-feira,09:10:00,PB,230,14,CABEDELO,Reação tardia ou ineficiente do condutor,Colisão traseira,Com Vítimas Feridas,Pleno dia,Crescente,Nublado,Dupla,Reta,Sim,3,0,2,0,1,0,2,2,"-7,0844","-34,8488",SPRF-PB,DEL01-PB,UOP01-DEL01-PB
525035.0,2023-05-24,quarta-feira,15:00:00,PB,230,36,SANTA RITA,Velocidade Incompatível,Saída de leito carroçável,Sem Vítimas,Pleno dia,Crescente,Nublado,Dupla,Curva,Não,1,0,0,0,1,0,0,1,"-7,1246","-34,9473",SPRF-PB,DEL01-PB,UOP03-DEL01-PB
525057.0,2023-05-24,quarta-feira,18:00:00,PB,230,21,JOAO PESSOA,Ausência de reação do condutor,Colisão traseira,Sem Vítimas,Plena Noite,Decrescente,Céu Claro,Dupla,Reta,Sim,4,0,0,0,4,0,0,4,"-7,1415","-34,8519",SPRF-PB,DEL01-PB,UOP01-DEL01-PB
525099.0,2023-05-24,quarta-feira,18:50:00,PB,230,506,CAJAZEIRAS,Acessar a via sem observar a presença dos outros veículos,Colisão transversal,Com Vítimas Feridas,Plena Noite,Crescente,Céu Claro,Simples,Reta,Sim,3,0,2,1,0,0,3,2,"-6,9008","-38,5559",SPRF-PB,DEL03-PB,UOP03-DEL03-PB
525128.0,2023-05-25,quinta-feira,01:45:00,PB,230,"28,3",JOAO PESSOA,Velocidade Incompatível,Colisão com objeto,Com Vítimas Feridas,Plena Noite,Crescente,Nublado,Dupla,Curva,Sim,1,0,1,0,0,0,1,1,"-7,16496217","-34,89466099",SPRF-PB,DEL01-PB,UOP01-DEL01-PB
525158.0,2023-05-25,quinta-feira,07:00:00,PB,230,"11,1",CABEDELO,Acessar a via sem observar a presença dos outros veículos,Colisão transversal,Com Vítimas Feridas,Pleno dia,Decrescente,Chuva,Dupla,Reta;Retorno Regulamentado,Sim,2,0,1,1,0,0,2,2,"-7,0596","-34,8506",SPRF-PB,DEL01-PB,UOP01-DEL01-PB
525168.0,2023-05-25,quinta-feira,08:55:00,PB,230,"11,5",CABEDELO,Acessar a via sem observar a presença dos outros veículos,Colisão transversal,Sem Vítimas,Pleno dia,Decrescente,Sol,Dupla,Reta,Sim,2,0,0,0,2,0,0,2,"-7,0596","-34,8506",SPRF-PB,DEL01-PB,UOP01-DEL01-PB
525203.0,2023-05-25,quinta-feira,12:00:00,PB,230,"123,1",RIACHAO DO BACAMARTE,Velocidade Incompatível,Saída de leito carroçável,Com Vítimas Feridas,Pleno dia,Crescente,Nublado,Simples,Curva,Não,1,0,1,0,0,0,1,1,"-7,247405","-35,673643",SPRF-PB,DEL02-PB,UOP01-DEL02-PB
525232.0,2023-05-25,quinta-feira,14:40:00,PB,101,"86,5",JOAO PESSOA,Acessar a via sem observar a presença dos outros veículos,Atropelamento de Pedestre,Com Vítimas Feridas,Pleno dia,Crescente,Céu Claro,Dupla,Reta,Sim,4,0,1,0,3,0,1,2,"-7,15552749","-34,90760922",SPRF-PB,DEL01-PB,UOP01-DEL01-PB
525248.0,2023-05-25,quinta-feira,15:25:00,PB,104,"118,9",CAMPINA GRANDE,Ausência de reação do condutor,Colisão traseira,Com Vítimas Feridas,Pleno dia,Decrescente,Nublado,Simples,Declive;Em Obras,Não,3,0,1,0,2,0,1,3,"-7,19637839","-35,87571339",SPRF-PB,DEL02-PB,UOP04-DEL02-PB
525340.0,2023-05-26,sexta-feira,06:30:00,PB,230,26,JOAO PESSOA,Trafegar com motocicleta (ou similar) entre as faixas,Colisão traseira,Com Vítimas Feridas,Pleno dia,Decrescente,Céu Claro,Dupla,Reta,Sim,3,0,2,1,0,0,3,2,"-7,1677","-34,8855",SPRF-PB,DEL01-PB,UOP01-DEL01-PB
525359.0,2023-05-26,sexta-feira,04:30:00,PB,230,87,GURINHEM,Velocidade Incompatível,Capotamento,Sem Vítimas,Pleno dia,Decrescente,Nublado,Dupla,Reta,Não,1,0,0,0,0,1,0,1,"-7,1673","-35,3656",SPRF-PB,DEL01-PB,UOP03-DEL01-PB
525425.0,2023-05-26,sexta-feira,15:15:00,PB,230,26,JOAO PESSOA,Ausência de reação do condutor,Colisão lateral mesmo sentido,Com Vítimas Feridas,Pleno dia,Decrescente,Céu Claro,Dupla,Interseção de Vias,Sim,2,0,0,1,1,0,1,2,"-7,1691783","-34,88025785",SPRF-PB,DEL01-PB,UOP01-DEL01-PB
525578.0,2023-05-27,sábado,05:45:00,PB,230,24,JOAO PESSOA,Acesso irregular,Colisão com objeto,Com Vítimas Feridas,Pleno dia,Decrescente,Céu Claro,Dupla,Curva,Sim,1,0,0,1,0,0,1,1,"-7,1637","-34,8618",SPRF-PB,DEL01-PB,UOP01-DEL01-PB
525619.0,2023-05-27,sábado,09:45:00,PB,101,"85,9",BAYEUX,Entrada inopinada do pedestre,Atropelamento de Pedestre,Com Vítimas Fatais,Pleno dia,Decrescente,Céu Claro,Dupla,Reta,Não,2,1,0,0,1,0,0,2,"-7,15118983","-34,91012184",SPRF-PB,DEL01-PB,UOP01-DEL01-PB
525674.0,2023-05-27,sábado,16:45:00,PB,230,27,JOAO PESSOA,Trafegar com motocicleta (ou similar) entre as faixas,Colisão lateral mesmo sentido,Com Vítimas Feridas,Pleno dia,Crescente,Céu Claro,Dupla,Reta,Sim,4,0,1,1,2,0,2,3,"-7,1677","-34,8855",SPRF-PB,DEL01-PB,UOP01-DEL01-PB
525809.0,2023-05-28,domingo,04:23:00,PB,230,"41,9",SANTA RITA,Ingestão de álcool pelo condutor,Tombamento,Com Vítimas Feridas,Amanhecer,Crescente,Céu Claro,Dupla,Reta;Retorno Regulamentado,Não,1,0,1,0,0,0,1,1,"-7,14450191","-34,99792886",SPRF-PB,DEL01-PB,UOP03-DEL01-PB
525834.0,2023-05-28,domingo,08:16:00,PB,101,97,JOAO PESSOA,Velocidade Incompatível,Tombamento,Com Vítimas Feridas,Pleno dia,Crescente,Sol,Dupla,Reta,Não,2,0,1,0,0,1,1,1,"-7,23846306","-34,9268519",SPRF-PB,DEL01-PB,UOP02-DEL01-PB
526007.0,2023-05-29,segunda-feira,03:10:00,PB,101,"6,9",MAMANGUAPE,Reação tardia ou ineficiente do condutor,Colisão com objeto,Com Vítimas Feridas,Plena Noite,Crescente,Chuva,Dupla,Reta,Não,1,0,1,0,0,0,1,1,"-6,55395097","-35,12900895",SPRF-PB,DEL01-PB,UOP04-DEL01-PB
526008.0,2023-05-29,segunda-feira,03:40:00,PB,101,86,JOAO PESSOA,Ingestão de álcool pelo condutor,Tombamento,Sem Vítimas,Amanhecer,Decrescente,Chuva,Dupla,Curva;Declive,Sim,1,0,0,0,1,0,0,1,"-7,15166701","-34,90919352",SPRF-PB,DEL01-PB,UOP01-DEL01-PB
526134.0,2023-05-29,segunda-feira,16:10:00,PB,101,80,SANTA RITA,Acumulo de água sobre o pavimento,Colisão traseira,Sem Vítimas,Pleno dia,Crescente,Chuva,Dupla,Curva;Declive,Não,2,0,0,0,2,0,0,2,"-7,11732748","-34,94978964",SPRF-PB,DEL01-PB,UOP04-DEL01-PB
526253.0,2023-05-30,terça-feira,10:15:00,PB,101,88,JOAO PESSOA,Acessar a via sem observar a presença dos outros veículos,Colisão lateral mesmo sentido,Com Vítimas Feridas,Pleno dia,Crescente,Céu Claro,Dupla,Interseção de Vias;Reta,Sim,3,0,1,1,1,0,2,2,"-7,16906808","-34,89707351",SPRF-PB,DEL01-PB,UOP01-DEL01-PB
526321.0,2023-05-30,terça-feira,17:40:00,PB,230,"11,8",CABEDELO,Área urbana sem a presença de local apropriado para a travessia de pedestres,Atropelamento de Pedestre,Com Vítimas Feridas,Anoitecer,Decrescente,Céu Claro,Dupla,Interseção de Vias;Reta,Sim,2,0,1,0,0,1,1,2,"-7,06910099","-34,84973788",SPRF-PB,DEL01-PB,UOP01-DEL01-PB
526331.0,2023-05-30,terça-feira,15:50:00,PB,230,157,CAMPINA GRANDE,Ingestão de álcool pelo condutor,Colisão com objeto,Sem Vítimas,Pleno dia,Decrescente,Céu Claro,Simples,Interseção de Vias,Sim,1,0,0,0,1,0,0,1,"-7,264","-35,9199",SPRF-PB,DEL02-PB,UOP01-DEL02-PB
526337.0,2023-05-30,terça-feira,16:40:00,PB,104,"130,5",CAMPINA GRANDE,Manobra de mudança de faixa,Colisão transversal,Com Vítimas Feridas,Pleno dia,Crescente,Céu Claro,Simples,Reta,Sim,2,0,1,0,1,0,1,2,"-7,29013399","-35,89029705",SPRF-PB,DEL02-PB,UOP03-DEL02-PB
526339.0,2023-05-30,terça-feira,18:50:00,PB,230,127,RIACHAO DO BACAMARTE,Manobra de mudança de faixa,Saída de leito carroçável,Com Vítimas Feridas,Plena Noite,Crescente,Vento,Dupla,Declive;Reta,Não,1,0,0,1,0,0,1,1,"-7,24571952","-35,65069699",SPRF-PB,DEL02-PB,UOP01-DEL02-PB
526419.0,2023-05-31,quarta-feira,08:05:00,PB,230,6,CABEDELO,Acessar a via sem observar a presença dos outros veículos,Colisão transversal,Com Vítimas Feridas,Pleno dia,Crescente,Sol,Simples,Interseção de Vias,Sim,3,0,2,0,1,0,2,2,"-7,02","-34,8359",SPRF-PB,DEL01-PB,UOP01-DEL01-PB
526466.0,2023-05-31,quarta-feira,12:35:00,PB,230,"14,5",CABEDELO,Reação tardia ou ineficiente do condutor,Tombamento,Com Vítimas Feridas,Pleno dia,Crescente,Sol,Dupla,Reta,Sim,1,0,0,1,0,0,1,1,"-7,0844","-34,8488",SPRF-PB,DEL01-PB,UOP01-DEL01-PB
526536.0,2023-05-31,quarta-feira,17:08:00,PB,230,43,SANTA RITA,Demais falhas mecânicas ou elétricas,Incêndio,Sem Vítimas,Anoitecer,Decrescente,Céu Claro,Dupla,Reta,Não,1,0,0,0,0,1,0,1,"-7,1479","-35,0029",SPRF-PB,DEL01-PB,UOP03-DEL01-PB
526602.0,2023-06-01,quinta-feira,06:40:00,PB,230,"152,6",CAMPINA GRANDE,Pista Escorregadia,Tombamento,Com Vítimas Feridas,Pleno dia,Decrescente,Nublado,Simples,Curva,Sim,2,0,2,0,0,0,2,1,"-7,27852763","-35,88871837",SPRF-PB,DEL02-PB,UOP01-DEL02-PB
526641.0,2023-04-02,domingo,22:10:00,PB,104,"107,7",SAO SEBASTIAO DE LAGOA DE  ROCA,Ingestão de álcool pelo condutor,Saída de leito carroçável,Com Vítimas Fatais,Plena Noite,Decrescente,Céu Claro,Simples,Reta,Sim,1,1,0,0,0,0,0,1,"-7,107569","-35,867698",SPRF-PB,DEL02-PB,UOP04-DEL02-PB
526654.0,2023-06-01,quinta-feira,11:30:00,PB,230,"27,7",JOAO PESSOA,Reação tardia ou ineficiente do condutor,Colisão com objeto,Com Vítimas Feridas,Pleno dia,Decrescente,Céu Claro,Dupla,Reta;Interseção de Vias;Declive,Sim,2,0,2,0,0,0,2,2,"-7,16539362","-34,89444787",SPRF-PB,DEL01-PB,UOP01-DEL01-PB
526666.0,2023-06-01,quinta-feira,13:27:00,PB,101,"99,5",CONDE,Acessar a via sem observar a presença dos outros veículos,Colisão transversal,Com Vítimas Feridas,Pleno dia,Decrescente,Céu Claro,Dupla,Rotatória;Aclive;Retorno Regulamentado,Não,5,0,4,0,1,0,4,2,"-7,2557332","-34,93469152",SPRF-PB,DEL01-PB,UOP02-DEL01-PB
526704.0,2023-06-01,quinta-feira,18:20:00,PB,101,"89,1",JOAO PESSOA,Condutor deixou de manter distância do veículo da frente,Colisão traseira,Com Vítimas Feridas,Plena Noite,Crescente,Céu Claro,Dupla,Reta,Sim,3,0,2,0,0,1,2,2,"-7,1710694","-34,89765372",SPRF-PB,DEL01-PB,UOP02-DEL01-PB
526750.0,2023-06-01,quinta-feira,20:20:00,PB,230,"26,2",JOAO PESSOA,Manobra de mudança de faixa,Colisão lateral mesmo sentido,Com Vítimas Feridas,Plena Noite,Crescente,Céu Claro,Múltipla,Reta,Sim,4,0,1,0,1,2,1,3,"-7,168982","-34,880261",SPRF-PB,DEL01-PB,UOP01-DEL01-PB
526815.0,2023-06-02,sexta-feira,06:21:00,PB,101,85,BAYEUX,Pista Escorregadia,Queda de ocupante de veículo,Com Vítimas Feridas,Pleno dia,Crescente,Nublado,Dupla,Reta,Não,2,0,2,0,0,0,2,1,"-7,14538184","-34,91662887",SPRF-PB,DEL01-PB,UOP01-DEL01-PB
526835.0,2023-06-02,sexta-feira,08:00:00,PB,230,8,CABEDELO,Reação tardia ou ineficiente do condutor,Colisão traseira,Com Vítimas Feridas,Pleno dia,Decrescente,Céu Claro,Simples,Reta,Sim,2,0,1,0,1,0,1,2,"-7,0355","-34,8429",SPRF-PB,DEL01-PB,UOP01-DEL01-PB
526977.0,2023-06-02,sexta-feira,20:59:00,PB,230,"41,9",SANTA RITA,Reação tardia ou ineficiente do condutor,Saída de leito carroçável,Com Vítimas Feridas,Plena Noite,Crescente,Céu Claro,Dupla,Retorno Regulamentado,Sim,3,0,1,0,1,1,1,1,"-7,1432","-34,9869",SPRF-PB,DEL01-PB,UOP03-DEL01-PB