id,data_inversa,dia_semana,horario,uf,br,km,municipio,causa_acidente,tipo_acidente,classificacao_acidente,fase_dia,sentido_via,condicao_metereologica,tipo_pista,tracado_via,uso_solo,pessoas,mortos,feridos_leves,feridos_graves,ilesos,ignorados,feridos,veiculos,latitude,longitude,regional,delegacia,uop
527014.0,2023-06-03,sábado,01:40:00,PB,230,"126,9",CAMPINA GRANDE,Ingestão de álcool pelo condutor,Saída de leito carroçável,Sem Vítimas,Plena Noite,Crescente,Céu Claro,Dupla,Reta,Não,1,0,0,0,1,0,0,1,"-7,2546","-35,6892",SPRF-PB,DEL02-PB,UOP01-DEL02-PB
527108.0,2023-06-03,sábado,12:40:00,PB,230,"151,2",CAMPINA GRANDE,Retorno proibido,Colisão transversal,Com Vítimas Feridas,Pleno dia,Crescente,Céu Claro,Simples,Reta,Não,3,0,2,0,0,1,2,2,"-7,2587","-35,8778",SPRF-PB,DEL02-PB,UOP01-DEL02-PB
527182.0,2023-06-03,sábado,18:00:00,PB,230,405,POMBAL,Ausência de reação do condutor,Queda de ocupante de veículo,Com Vítimas Feridas,Plena Noite,Crescente,Céu Claro,Simples,Reta,Não,2,0,0,1,0,1,1,2,"-6,7888","-37,7923",SPRF-PB,DEL03-PB,UOP02-DEL03-PB
527254.0,2023-06-03,sábado,23:47:00,PB,230,"510,6",CAJAZEIRAS,Animais na Pista,Atropelamento de Animal,Sem Vítimas,Plena Noite,Decrescente,Céu Claro,Simples,Reta;Aclive,Não,1,0,0,0,1,0,0,1,"-6,8906","-38,5885",SPRF-PB,DEL03-PB,UOP03-DEL03-PB
527264.0,2023-06-04,domingo,01:40:00,PB,104,"90,7",REMIGIO,Ingestão de álcool pelo condutor,Atropelamento de Pedestre,Com Vítimas Feridas,Plena Noite,Decrescente,Céu Claro,Simples,Declive,Não,5,0,0,1,4,0,1,3,"-6,97533024","-35,81785095",SPRF-PB,DEL02-PB,UOP04-DEL02-PB
527302.0,2023-06-04,domingo,05:50:00,PB,230,277,SANTA LUZIA,Condutor Dormindo,Saída de leito carroçável,Sem Vítimas,Plena Noite,Crescente,Céu Claro,Simples,Declive;Curva,Não,1,0,0,0,0,1,0,1,"-6,9579","-36,8398",SPRF-PB,DEL03-PB,UOP01-DEL03-PB
527307.0,2023-06-04,domingo,08:39:00,PB,230,25,JOAO PESSOA,Reação tardia ou ineficiente do condutor,Colisão com objeto,Com Vítimas Feridas,Pleno dia,Decrescente,Nublado,Dupla,Reta;Em Obras;Desvio Temporário,Sim,1,0,1,0,0,0,1,1,"-7,17077876","-34,86850446",SPRF-PB,DEL01-PB,UOP01-DEL01-PB
527400.0,2023-06-04,domingo,17:30:00,PB,104,98,ESPERANCA,Conversão proibida,Colisão transversal,Com Vítimas Feridas,Anoitecer,Decrescente,Céu Claro,Simples,Reta,Não,2,0,1,0,1,0,1,2,"-7,02803215","-35,85657159",SPRF-PB,DEL02-PB,UOP04-DEL02-PB
527494.0,2023-06-05,segunda-feira,07:03:00,PB,230,26,JOAO PESSOA,Ausência de reação do condutor,Colisão traseira,Com Vítimas Feridas,Pleno dia,Decrescente,Sol,Simples,Interseção de Vias,Sim,3,0,1,0,1,1,1,2,"-7,1693","-34,8782",SPRF-PB,DEL01-PB,UOP01-DEL01-PB
527535.0,2023-06-05,segunda-feira,10:20:00,PB,230,462,SOUSA,Acessar a via sem observar a presença dos outros veículos,Colisão lateral mesmo sentido,Com Vítimas Feridas,Pleno dia,Crescente,Sol,Simples,Reta,Sim,2,0,1,0,1,0,1,2,"-6,7768","-38,215",SPRF-PB,DEL03-PB,UOP03-DEL03-PB
527585.0,2023-06-05,segunda-feira,12:47:00,PB,101,"87,2",JOAO PESSOA,Condutor deixou de manter distância do veículo da frente,Colisão traseira,Com Vítimas Feridas,Pleno dia,Crescente,Céu Claro,Dupla,Reta,Sim,3,0,2,0,0,1,2,2,"-7,15886802","-34,90628504",SPRF-PB,DEL01-PB,UOP01-DEL01-PB
527633.0,2023-06-05,segunda-feira,18:40:00,PB,230,332,QUIXABA,Ausência de sinalização,Colisão traseira,Com Vítimas Feridas,Plena Noite,Decrescente,Céu Claro,Simples,Ponte,Não,3,0,1,2,0,0,3,2,"-7,0203","-37,2403",SPRF-PB,DEL03-PB,UOP01-DEL03-PB
527671.0,2023-06-06,terça-feira,06:00:00,PB,412,65,SAO JOAO DO CARIRI,Condutor Dormindo,Saída de leito carroçável,Sem Vítimas,Pleno dia,Crescente,Céu Claro,Simples,Reta,Não,3,0,0,0,3,0,0,1,"-7,440197","-36,586514",SPRF-PB,DEL02-PB,UOP02-DEL02-PB
527733.0,2023-06-06,terça-feira,12:30:00,PB,230,"185,1",POCINHOS,Acessar a via sem observar a presença dos outros veículos,Colisão transversal,Sem Vítimas,Pleno dia,Crescente,Nublado,Simples,Interseção de Vias,Não,2,0,0,0,2,0,0,2,"-7,151","-36,1114",SPRF-PB,DEL02-PB,UOP02-DEL02-PB
527776.0,2023-06-06,terça-feira,17:35:00,PB,101,"57,8",SANTA RITA,Demais falhas mecânicas ou elétricas,Colisão traseira,Com Vítimas Feridas,Anoitecer,Crescente,Céu Claro,Dupla,Reta;Retorno Regulamentado,Não,3,0,0,2,1,0,2,2,"-6,97775678","-35,0777086",SPRF-PB,DEL01-PB,UOP04-DEL01-PB
527817.0,2023-06-06,terça-feira,20:50:00,PB,230,"85,6",GURINHEM,Ingestão de álcool pelo condutor,Colisão traseira,Com Vítimas Feridas,Plena Noite,Crescente,Céu Claro,Dupla,Reta,Não,2,0,0,1,1,0,1,2,"-7,16767048","-35,36723614",SPRF-PB,DEL01-PB,UOP03-DEL01-PB
527879.0,2023-06-07,quarta-feira,08:50:00,PB,230,27,JOAO PESSOA,Acumulo de óleo sobre o pavimento,Tombamento,Com Vítimas Feridas,Pleno dia,Decrescente,Céu Claro,Simples,Curva,Sim,2,0,0,1,0,1,1,2,"-7,1677","-34,8855",SPRF-PB,DEL01-PB,UOP01-DEL01-PB
527894.0,2023-06-07,quarta-feira,08:20:00,PB,230,"155,9",CAMPINA GRANDE,Reação tardia ou ineficiente do condutor,Tombamento,Com Vítimas Feridas,Pleno dia,Decrescente,Nublado,Simples,Reta,Não,1,0,1,0,0,0,1,1,"-7,2748","-35,9058",SPRF-PB,DEL02-PB,UOP01-DEL02-PB
527899.0,2023-06-07,quarta-feira,08:30:00,PB,230,"483,7",SAO JOAO DO RIO DO PEIXE,Manobra de mudança de faixa,Colisão traseira,Com Vítimas Feridas,Pleno dia,Decrescente,Céu Claro,Simples,Reta;Aclive,Não,3,0,2,0,1,0,2,2,"-6,8536","-38,3662",SPRF-PB,DEL03-PB,UOP03-DEL03-PB
527908.0,2023-06-03,sábado,14:30:00,PB,110,52,SAO JOSE DE ESPINHARAS,Condutor Dormindo,Saída de leito carroçável,Com Vítimas Feridas,Pleno dia,Decrescente,Céu Claro,Simples,Reta,Não,1,0,0,1,0,0,1,1,"-6,729925","-37,420928",SPRF-PB,DEL03-PB,UOP01-DEL03-PB
527947.0,2023-05-01,segunda-feira,15:10:00,PB,230,7,CABEDELO,Ingestão de álcool pelo condutor,Colisão traseira,Sem Vítimas,Pleno dia,Decrescente,Sol,Múltipla,Reta;Em Obras,Sim,2,0,0,0,2,0,0,2,"-7,0355","-34,8429",SPRF-PB,DEL01-PB,UOP01-DEL01-PB
527978.0,2023-06-07,quarta-feira,11:00:00,PB,405,6,UIRAUNA,Condutor Dormindo,Saída de leito carroçável,Sem Vítimas,Pleno dia,Decrescente,Céu Claro,Simples,Reta,Não,1,0,0,0,0,1,0,1,"-6,501569","-38,401245",SPRF-PB,DEL03-PB,UOP03-DEL03-PB
528018.0,2023-06-07,quarta-feira,19:30:00,PB,230,"365,6",MALTA,Animais na Pista,Atropelamento de Animal,Com Vítimas Feridas,Plena Noite,Decrescente,Céu Claro,Simples,Reta,Não,1,0,1,0,0,0,1,1,"-6,9086","-37,505",SPRF-PB,DEL03-PB,UOP02-DEL03-PB
528118.0,2023-06-08,quinta-feira,08:30:00,PB,230,"225,3",SOLEDADE,Ingestão de álcool pelo condutor,Saída de leito carroçável,Com Vítimas Feridas,Pleno dia,Crescente,Céu Claro,Simples,Reta,Não,1,0,1,0,0,0,1,1,"-7,0374","-36,4421",SPRF-PB,DEL02-PB,UOP02-DEL02-PB
528168.0,2023-06-08,quinta-feira,15:06:00,PB,230,"72,6",SOBRADO,Condutor Dormindo,Saída de leito carroçável,Com Vítimas Feridas,Pleno dia,Crescente,Nublado,Dupla,Reta,Sim,5,0,1,0,4,0,1,1,"-7,18966","-35,25753",SPRF-PB,DEL01-PB,UOP03-DEL01-PB
528251.0,2023-06-08,quinta-feira,20:27:00,PB,104,"94,2",ESPERANCA,Ingestão de álcool pelo condutor,Colisão lateral sentido oposto,Sem Vítimas,Plena Noite,Crescente,Céu Claro,Simples,Em Obras;Aclive;Curva,Não,6,0,0,0,6,0,0,2,"-7,001878","-35,8453",SPRF-PB,DEL02-PB,UOP04-DEL02-PB
528268.0,2023-06-08,quinta-feira,23:30:00,PB,101,"86,5",JOAO PESSOA,Ingestão de álcool pelo condutor,Colisão frontal,Com Vítimas Feridas,Plena Noite,Decrescente,Chuva,Dupla,Reta,Sim,4,0,1,1,2,0,2,3,"-7,15118983","-34,91012184",SPRF-PB,DEL01-PB,UOP01-DEL01-PB
528343.0,2023-06-09,sexta-feira,11:55:00,PB,230,292,SANTA LUZIA,Acessar a via sem observar a presença dos outros veículos,Colisão transversal,Com Vítimas Feridas,Pleno dia,Crescente,Céu Claro,Simples,Reta,Sim,2,0,1,0,0,1,1,2,"-6,8684","-36,9222",SPRF-PB,DEL03-PB,UOP01-DEL03-PB
528420.0,2023-06-09,sexta-feira,17:59:00,PB,101,93,JOAO PESSOA,Pedestre andava na pista,Atropelamento de Pedestre,Com Vítimas Feridas,Plena Noite,Decrescente,Céu Claro,Dupla,Reta,Sim,2,0,1,0,0,1,1,2,"-7,20016843","-34,90686005",SPRF-PB,DEL01-PB,UOP02-DEL01-PB
528464.0,2023-06-09,sexta-feira,23:35:00,PB,230,"37,1",SANTA RITA,Reação tardia ou ineficiente do condutor,Tombamento,Com Vítimas Feridas,Plena Noite,Crescente,Chuva,Dupla,Reta,Sim,1,0,0,1,0,0,1,1,"-7,1293","-34,9536",SPRF-PB,DEL01-PB,UOP03-DEL01-PB
528538.0,2023-06-10,sábado,11:20:00,PB,230,144,CAMPINA GRANDE,Ausência de reação do condutor,Queda de ocupante de veículo,Com Vítimas Feridas,Pleno dia,Decrescente,Céu Claro,Dupla,Reta,Sim,1,0,1,0,0,0,1,1,"-7,251858","-35,838554",SPRF-PB,DEL02-PB,UOP01-DEL02-PB
528562.0,2023-06-10,sábado,13:00:00,PB,230,"0,5",CABEDELO,Ultrapassagem Indevida,Colisão lateral mesmo sentido,Com Vítimas Feridas,Pleno dia,Decrescente,Sol,Simples,Interseção de Vias;Reta,Sim,2,0,1,0,1,0,1,2,"-6,97473604","-34,83203238",SPRF-PB,DEL01-PB,UOP01-DEL01-PB
528660.0,2023-06-10,sábado,21:40:00,PB,230,"115,3",INGA,Demais falhas na via,Tombamento,Com Vítimas Feridas,Pleno dia,Crescente,Céu Claro,Dupla,Em Obras;Reta,Não,2,0,0,1,1,0,1,2,"-7,2296","-35,5998",SPRF-PB,DEL01-PB,UOP03-DEL01-PB
528712.0,2023-06-11,domingo,03:20:00,PB,405,"1,2",UIRAUNA,Frear bruscamente,Colisão traseira,Com Vítimas Feridas,Plena Noite,Decrescente,Céu Claro,Simples,Declive,Não,5,0,1,2,1,1,3,3,"-6,461908","-38,378624",SPRF-PB,DEL03-PB,UOP03-DEL03-PB
528731.0,2023-06-11,domingo,05:49:00,PB,101,"103,2",ALHANDRA,Reação tardia ou ineficiente do condutor,Colisão traseira,Sem Vítimas,Amanhecer,Crescente,Chuva,Dupla,Reta,Não,2,0,0,0,2,0,0,2,"-7,29163604","-34,93807826",SPRF-PB,DEL01-PB,UOP02-DEL01-PB
528745.0,2023-06-11,domingo,07:40:00,PB,230,"52,8",SANTA RITA,Reação tardia ou ineficiente do condutor,Saída de leito carroçável,Sem Vítimas,Pleno dia,Decrescente,Chuva,Dupla,Curva,Não,1,0,0,0,0,1,0,1,"-7,1951","-35,0691",SPRF-PB,DEL01-PB,UOP03-DEL01-PB
528910.0,2023-06-11,domingo,14:40:00,PB,104,113,LAGOA SECA,Ausência de reação do condutor,Atropelamento de Pedestre,Com Vítimas Feridas,Pleno dia,Decrescente,Chuva,Simples,Curva;Aclive,Sim,2,0,0,1,0,1,1,2,"-7,15342626","-35,85241772",SPRF-PB,DEL02-PB,UOP04-DEL02-PB
528947.0,2023-06-12,segunda-feira,00:50:00,PB,230,119,RIACHAO DO BACAMARTE,Condutor Dormindo,Saída de leito carroçável,Com Vítimas Feridas,Plena Noite,Crescente,Nublado,Dupla,Reta,Não,1,0,1,0,0,0,1,1,"-7,2423","-35,6312",SPRF-PB,DEL02-PB,UOP01-DEL02-PB
528974.0,2023-06-12,segunda-feira,06:55:00,PB,101,"90,1",JOAO PESSOA,Condutor deixou de manter distância do veículo da frente,Colisão traseira,Com Vítimas Feridas,Pleno dia,Decrescente,Chuva,Dupla,Aclive;Reta,Sim,2,0,0,1,1,0,1,2,"-7,18443914","-34,90175128",SPRF-PB,DEL01-PB,UOP02-DEL01-PB
529060.0,2023-06-12,segunda-feira,13:29:00,PB,230,6,CABEDELO,Desrespeitar a preferência no cruzamento,Colisão transversal,Com Vítimas Feridas,Pleno dia,Decrescente,Céu Claro,Dupla,Interseção de Vias,Sim,2,0,1,0,1,0,1,2,"-7,02","-34,8359",SPRF-PB,DEL01-PB,UOP01-DEL01-PB
529160.0,2023-06-12,segunda-feira,00:45:00,PB,230,6,CABEDELO,Reação tardia ou ineficiente do condutor,Queda de ocupante de veículo,Com Vítimas Feridas,Plena Noite,Decrescente,Céu Claro,Simples,Viaduto,Sim,2,0,2,0,0,0,2,1,"-7,02","-34,8359",SPRF-PB,DEL01-PB,UOP01-DEL01-PB
529165.0,2023-06-13,terça-feira,04:50:00,PB,230,"48,9",SANTA RITA,Ausência de reação do condutor,Capotamento,Com Vítimas Feridas,Amanhecer,Decrescente,Céu Claro,Dupla,Reta,Não,2,0,2,0,0,0,2,1,"-7,174","-35,0397",SPRF-PB,DEL01-PB,UOP03-DEL01-PB
529194.0,2023-06-13,terça-feira,07:10:00,PB,230,112,INGA,Manobra de mudança de faixa,Colisão lateral mesmo sentido,Com Vítimas Feridas,Pleno dia,Crescente,Céu Claro,Dupla,Curva;Em Obras,Não,2,0,0,1,1,0,1,2,"-7,216414","-35,594662",SPRF-PB,DEL01-PB,UOP03-DEL01-PB
529442.0,2023-06-14,quarta-feira,13:30:00,PB,230,157,CAMPINA GRANDE,Acessar a via sem observar a presença dos outros veículos,Colisão transversal,Com Vítimas Feridas,Pleno dia,Crescente,Chuva,Simples,Interseção de Vias;Reta,Não,3,0,2,0,1,0,2,2,"-7,264","-35,9199",SPRF-PB,DEL02-PB,UOP01-DEL02-PB
529463.0,2023-06-14,quarta-feira,15:15:00,PB,101,"123,9",CAAPORA,Chuva,Saída de leito carroçável,Com Vítimas Feridas,Pleno dia,Decrescente,Chuva,Dupla,Declive;Curva,Não,1,0,1,0,0,0,1,1,"-7,46746892","-34,9772648",SPRF-PB,DEL01-PB,UOP02-DEL01-PB
529465.0,2023-06-14,quarta-feira,15:50:00,PB,230,12,CABEDELO,Manobra de mudança de faixa,Colisão lateral mesmo sentido,Com Vítimas Feridas,Pleno dia,Decrescente,Chuva,Dupla,Reta,Sim,3,0,1,0,2,0,1,2,"-7,068","-34,85",SPRF-PB,DEL01-PB,UOP01-DEL01-PB
529544.0,2023-06-15,quinta-feira,03:30:00,PB,230,"391,4",SAO BENTINHO,Transitar na contramão,Colisão frontal,Com Vítimas Fatais,Plena Noite,Decrescente,Céu Claro,Simples,Curva,Sim,2,1,0,0,0,1,0,2,"-6,8904","-37,7258",SPRF-PB,DEL03-PB,UOP02-DEL03-PB
529601.0,2023-06-15,quinta-feira,09:20:00,PB,104,142,QUEIMADAS,Manobra de mudança de faixa,Colisão transversal,Com Vítimas Feridas,Pleno dia,Crescente,Nublado,Simples,Reta,Não,2,0,1,0,0,1,1,2,"-7,39577502","-35,89744631",SPRF-PB,DEL02-PB,UOP03-DEL02-PB
529651.0,2023-06-15,quinta-feira,16:50:00,PB,230,"41,1",SANTA RITA,Acumulo de água sobre o pavimento,Queda de ocupante de veículo,Com Vítimas Feridas,Pleno dia,Crescente,Chuva,Dupla,Reta,Sim,1,0,1,0,0,0,1,1,"-7,1432","-34,9869",SPRF-PB,DEL01-PB,UOP03-DEL01-PB
529695.0,2023-06-15,quinta-feira,16:30:00,PB,230,472,SOUSA,Acumulo de areia ou detritos sobre o pavimento,Saída de leito carroçável,Com Vítimas Feridas,Pleno dia,Decrescente,Céu Claro,Simples,Reta,Não,2,0,2,0,0,0,2,1,"-6,81054","-38,308722",SPRF-PB,DEL03-PB,UOP03-DEL03-PB
529889.0,2023-06-16,sexta-feira,18:40:00,PB,230,292,SANTA LUZIA,Acessar a via sem observar a presença dos outros veículos,Colisão transversal,Com Vítimas Feridas,Plena Noite,Crescente,Céu Claro,Simples,Reta,Sim,2,0,0,1,1,0,1,2,"-6,8684","-36,9222",SPRF-PB,DEL03-PB,UOP01-DEL03-PB
529926.0,2023-06-16,sexta-feira,21:50:00,PB,101,84,BAYEUX,Avarias e/ou desgaste excessivo no pneu,Colisão com objeto,Com Vítimas Feridas,Plena Noite,Crescente,Chuva,Dupla,Reta,Sim,2,0,1,0,1,0,1,1,"-7,13957906","-34,92312806",SPRF-PB,DEL01-PB,UOP01-DEL01-PB
529963.0,2023-06-17,sábado,03:30:00,PB,230,"12,8",CABEDELO,Ausência de reação do condutor,Tombamento,Com Vítimas Feridas,Plena Noite,Decrescente,Céu Claro,Dupla,Reta,Sim,1,0,1,0,0,0,1,1,"-7,068","-34,85",SPRF-PB,DEL01-PB,UOP01-DEL01-PB
530077.0,2023-06-08,quinta-feira,18:00:00,PB,101,83,BAYEUX,Condutor deixou de manter distância do veículo da frente,Engavetamento,Sem Vítimas,Plena Noite,Crescente,Céu Claro,Dupla,Reta,Não,3,0,0,0,0,3,0,3,"-7,1337703","-34,92963914",SPRF-PB,DEL01-PB,UOP01-DEL01-PB
530093.0,2023-06-17,sábado,18:10:00,PB,0,0,CAMPINA GRANDE,Ingestão de álcool pelo condutor,Colisão traseira,Com Vítimas Feridas,Plena Noite,Não Informado,Céu Claro,Múltipla,Rotatória;Viaduto,Sim,2,0,1,0,1,0,1,2,"-7,21606892","-35,87781429",SPRF-PB,DEL02-PB,UOP01-DEL02-PB
530183.0,2023-06-18,domingo,00:48:00,PB,230,35,SANTA RITA,Ausência de reação do condutor,Saída de leito carroçável,Com Vítimas Feridas,Plena Noite,Decrescente,Nublado,Simples,Curva;Declive,Não,1,0,0,1,0,0,1,1,"-7,12515983","-34,94588267",SPRF-PB,DEL01-PB,UOP01-DEL01-PB
530209.0,2023-06-18,domingo,05:20:00,PB,230,359,MALTA,Velocidade Incompatível,Saída de leito carroçável,Sem Vítimas,Pleno dia,Decrescente,Céu Claro,Simples,Reta,Não,2,0,0,0,2,0,0,1,"-6,918","-37,4531",SPRF-PB,DEL03-PB,UOP02-DEL03-PB
530287.0,2023-06-18,domingo,12:55:00,PB,230,41,SANTA RITA,Demais falhas mecânicas ou elétricas,Tombamento,Com Vítimas Feridas,Pleno dia,Crescente,Céu Claro,Dupla,Reta,Sim,2,0,1,0,0,1,1,1,"-7,14283127","-34,98928428",SPRF-PB,DEL01-PB,UOP03-DEL01-PB
530326.0,2023-06-18,domingo,18:00:00,PB,230,"141,3",MASSARANDUBA,Entrada inopinada do pedestre,Atropelamento de Pedestre,Com Vítimas Feridas,Plena Noite,Decrescente,Chuva,Dupla,Curva;Declive,Sim,2,0,0,1,1,0,1,2,"-7,25868979","-35,81051588",SPRF-PB,DEL02-PB,UOP01-DEL02-PB
530353.0,2023-06-18,domingo,20:01:00,PB,230,"115,5",INGA,Ingestão de álcool pelo condutor,Colisão com objeto,Com Vítimas Feridas,Plena Noite,Crescente,Céu Claro,Dupla,Reta,Não,2,0,1,0,1,0,1,1,"-7,2296","-35,5998",SPRF-PB,DEL01-PB,UOP03-DEL01-PB
530441.0,2023-06-19,segunda-feira,05:30:00,PB,110,"183,7",MONTEIRO,Condutor Dormindo,Colisão com objeto,Com Vítimas Fatais,Pleno dia,Crescente,Céu Claro,Simples,Ponte,Não,1,1,0,0,0,0,0,1,"-7,90446874","-37,13829723",SPRF-PB,DEL02-PB,UOP02-DEL02-PB
530443.0,2023-06-19,segunda-feira,08:35:00,PB,101,79,SANTA RITA,Pista esburacada,Colisão lateral mesmo sentido,Com Vítimas Feridas,Pleno dia,Decrescente,Sol,Dupla,Reta,Não,2,0,1,0,1,0,1,2,"-7,1147526","-34,95793891",SPRF-PB,DEL01-PB,UOP04-DEL01-PB
530475.0,2023-05-24,quarta-feira,14:50:00,PB,104,"105,1",SAO SEBASTIAO DE LAGOA DE  ROCA,Condutor deixou de manter distância do veículo da frente,Colisão traseira,Com Vítimas Feridas,Pleno dia,Crescente,Nublado,Simples,Reta;Declive,Não,2,0,0,1,1,0,1,2,"-7,08938993","-35,85454407",SPRF-PB,DEL02-PB,UOP04-DEL02-PB
530556.0,2023-06-19,segunda-feira,18:50:00,PB,230,1,PATOS,Ausência de reação do condutor,Colisão com objeto,Com Vítimas Fatais,Plena Noite,Crescente,Céu Claro,Simples,Curva;Declive,Sim,1,1,0,0,0,0,0,1,"-7,024862","-37,280304",SPRF-PB,DEL03-PB,UOP01-DEL03-PB
530563.0,2023-06-19,segunda-feira,18:20:00,PB,230,"117,2",INGA,Acessar a via sem observar a presença dos outros veículos,Colisão traseira,Sem Vítimas,Anoitecer,Decrescente,Céu Claro,Dupla,Reta,Não,5,0,0,0,5,0,0,2,"-7,2393","-35,6128",SPRF-PB,DEL02-PB,UOP01-DEL02-PB
530604.0,2023-05-06,sábado,04:35:00,PB,101,"81,4",BAYEUX,Manobra de mudança de faixa,Colisão transversal,Com Vítimas Fatais,Amanhecer,Crescente,Céu Claro,Dupla,Reta;Aclive,Não,3,1,2,0,0,0,2,2,"-7,12508575","-34,94513217",SPRF-PB,DEL01-PB,UOP01-DEL01-PB
530652.0,2023-06-20,terça-feira,11:05:00,PB,230,24,JOAO PESSOA,Demais falhas mecânicas ou elétricas,Incêndio,Sem Vítimas,Pleno dia,Decrescente,Sol,Dupla,Viaduto;Reta;Aclive;Em Obras,Sim,1,0,0,0,1,0,0,1,"-7,1637","-34,8618",SPRF-PB,DEL01-PB,UOP01-DEL01-PB
530700.0,2023-06-20,terça-feira,15:40:00,PB,101,110,ALHANDRA,Reação tardia ou ineficiente do condutor,Colisão com objeto,Com Vítimas Feridas,Pleno dia,Decrescente,Nublado,Simples,Reta,Sim,1,0,1,0,0,0,1,1,"-7,35255626","-34,94940909",SPRF-PB,DEL01-PB,UOP02-DEL01-PB
530710.0,2023-06-20,terça-feira,16:20:00,PB,230,"135,9",MASSARANDUBA,Demais falhas mecânicas ou elétricas,Saída de leito carroçável,Sem Vítimas,Pleno dia,Crescente,Garoa/Chuvisco,Dupla,Reta,Não,1,0,0,0,1,0,0,1,"-7,2789","-35,7591",SPRF-PB,DEL02-PB,UOP01-DEL02-PB
530743.0,2023-06-20,terça-feira,19:50:00,PB,104,131,CAMPINA GRANDE,Reação tardia ou ineficiente do condutor,Tombamento,Com Vítimas Feridas,Plena Noite,Crescente,Nublado,Simples,Reta,Sim,1,0,1,0,0,0,1,1,"-7,284053","-35,889297",SPRF-PB,DEL02-PB,UOP03-DEL02-PB
530825.0,2023-06-03,sábado,18:38:00,PB,230,"18,3",JOAO PESSOA,Mal súbito do condutor,Engavetamento,Com Vítimas Feridas,Plena Noite,Crescente,Céu Claro,Dupla,Curva,Sim,5,0,0,1,4,0,1,5,"-7,126276","-34,84548",SPRF-PB,DEL01-PB,UOP01-DEL01-PB
530840.0,2023-06-21,quarta-feira,10:00:00,PB,230,152,CAMPINA GRANDE,Acessar a via sem observar a presença dos outros veículos,Colisão traseira,Sem Vítimas,Pleno dia,Crescente,Chuva,Simples,Interseção de Vias,Sim,2,0,0,0,2,0,0,2,"-7,2688","-35,8837",SPRF-PB,DEL02-PB,UOP01-DEL02-PB
530958.0,2023-06-21,quarta-feira,21:45:00,PB,230,"156,3",CAMPINA GRANDE,Animais na Pista,Atropelamento de Animal,Com Vítimas Feridas,Plena Noite,Crescente,Céu Claro,Simples,Reta,Sim,1,0,1,0,0,0,1,1,"-7,2777","-35,8985",SPRF-PB,DEL02-PB,UOP01-DEL02-PB
531078.0,2023-06-22,quinta-feira,14:30:00,PB,104,"138,1",QUEIMADAS,Acessar a via sem observar a presença dos outros veículos,Colisão transversal,Com Vítimas Feridas,Pleno dia,Decrescente,Chuva,Simples,Reta,Sim,2,0,0,1,1,0,1,2,"-7,36116095","-35,90230617",SPRF-PB,DEL02-PB,UOP03-DEL02-PB
531083.0,2023-06-22,quinta-feira,15:00:00,PB,230,43,SANTA RITA,Avarias e/ou desgaste excessivo no pneu,Tombamento,Com Vítimas Feridas,Pleno dia,Decrescente,Céu Claro,Dupla,Reta,Sim,2,0,0,1,1,0,1,1,"-7,1479","-35,0029",SPRF-PB,DEL01-PB,UOP03-DEL01-PB
531139.0,2023-06-22,quinta-feira,19:24:00,PB,230,27,JOAO PESSOA,Reação tardia ou ineficiente do condutor,Tombamento,Com Vítimas Feridas,Plena Noite,Decrescente,Garoa/Chuvisco,Dupla,Curva,Sim,2,0,2,0,0,0,2,1,"-7,1677","-34,8855",SPRF-PB,DEL01-PB,UOP01-DEL01-PB
531156.0,2023-06-10,sábado,08:15:00,PB,412,"101,2",SUME,Animais na Pista,Atropelamento de Animal,Com Vítimas Feridas,Pleno dia,Crescente,Sol,Simples,Reta,Não,2,0,2,0,0,0,2,1,"-7,626319","-36,840961",SPRF-PB,DEL02-PB,UOP02-DEL02-PB
531185.0,2023-06-23,sexta-feira,01:20:00,PB,230,107,INGA,Condutor Dormindo,Saída de leito carroçável,Sem Vítimas,Plena Noite,Decrescente,Nublado,Dupla,Reta,Não,1,0,0,0,0,1,0,1,"-7,20339039","-35,54422655",SPRF-PB,DEL01-PB,UOP03-DEL01-PB
531190.0,2023-06-23,sexta-feira,02:00:00,PB,230,"17,9",JOAO PESSOA,Velocidade Incompatível,Colisão frontal,Com Vítimas Feridas,Plena Noite,Decrescente,Chuva,Dupla,Reta,Sim,2,0,0,1,1,0,1,2,"-7,1121","-34,8426",SPRF-PB,DEL01-PB,UOP01-DEL01-PB
531192.0,2023-06-23,sexta-feira,03:15:00,PB,230,341,PATOS,Ausência de reação do condutor,Colisão traseira,Com Vítimas Fatais,Plena Noite,Crescente,Nublado,Simples,Reta,Não,3,1,0,2,0,0,2,2,"-6,9946","-37,3159",SPRF-PB,DEL03-PB,UOP01-DEL03-PB
531196.0,2023-06-23,sexta-feira,05:50:00,PB,230,69,SOBRADO,Demais falhas na via,Tombamento,Com Vítimas Feridas,Pleno dia,Crescente,Nublado,Dupla,Reta,Não,1,0,1,0,0,0,1,1,"-7,19196613","-35,22508088",SPRF-PB,DEL01-PB,UOP03-DEL01-PB
531202.0,2023-06-23,sexta-feira,06:20:00,PB,230,"180,1",CAMPINA GRANDE,Pista Escorregadia,Saída de leito carroçável,Com Vítimas Feridas,Pleno dia,Crescente,Chuva,Simples,Curva,Não,1,0,1,0,0,0,1,1,"-7,165","-36,067",SPRF-PB,DEL02-PB,UOP02-DEL02-PB