id,data_inversa,dia_semana,horario,uf,br,km,municipio,causa_acidente,tipo_acidente,classificacao_acidente,fase_dia,sentido_via,condicao_metereologica,tipo_pista,tracado_via,uso_solo,pessoas,mortos,feridos_leves,feridos_graves,ilesos,ignorados,feridos,veiculos,latitude,longitude,regional,delegacia,uop
531255.0,2023-06-23,sexta-feira,10:00:00,PB,230,288,SANTA LUZIA,Condutor usando celular,Saída de leito carroçável,Com Vítimas Feridas,Pleno dia,Decrescente,Nublado,Simples,Reta,Não,2,0,0,2,0,0,2,1,"-6,8871","-36,894",SPRF-PB,DEL03-PB,UOP01-DEL03-PB
531263.0,2023-06-23,sexta-feira,09:30:00,PB,230,"237,6",JUAZEIRINHO,Reação tardia ou ineficiente do condutor,Saída de leito carroçável,Sem Vítimas,Pleno dia,Decrescente,Chuva,Simples,Reta,Não,1,0,0,0,1,0,0,1,"-7,0516","-36,5438",SPRF-PB,DEL02-PB,UOP02-DEL02-PB
531270.0,2023-06-23,sexta-feira,13:00:00,PB,230,133,CAMPINA GRANDE,Chuva,Saída de leito carroçável,Com Vítimas Feridas,Pleno dia,Decrescente,Chuva,Dupla,Curva,Não,2,0,1,0,1,0,1,1,"-7,2767","-35,7464",SPRF-PB,DEL02-PB,UOP01-DEL02-PB
531349.0,2023-06-23,sexta-feira,19:10:00,PB,230,"333,7",PATOS,Transitar na contramão,Colisão frontal,Com Vítimas Feridas,Plena Noite,Crescente,Céu Claro,Simples,Reta,Sim,6,0,0,1,5,0,1,2,"-7,0193","-37,2493",SPRF-PB,DEL03-PB,UOP01-DEL03-PB
531352.0,2023-06-23,sexta-feira,19:30:00,PB,230,133,MASSARANDUBA,Chuva,Saída de leito carroçável,Sem Vítimas,Plena Noite,Crescente,Chuva,Dupla,Curva,Não,3,0,0,0,3,0,0,1,"-7,27256786","-35,75174332",SPRF-PB,DEL02-PB,UOP01-DEL02-PB
531460.0,2023-06-24,sábado,07:00:00,PB,101,80,SANTA RITA,Ausência de reação do condutor,Colisão traseira,Sem Vítimas,Pleno dia,Decrescente,Chuva,Dupla,Reta,Não,2,0,0,0,2,0,0,2,"-7,115","-34,955",SPRF-PB,DEL01-PB,UOP04-DEL01-PB
531492.0,2023-06-24,sábado,07:10:00,PB,230,"130,5",MASSARANDUBA,Velocidade Incompatível,Saída de leito carroçável,Com Vítimas Feridas,Pleno dia,Decrescente,Nublado,Dupla,Curva;Declive,Não,2,0,2,0,0,0,2,1,"-7,277477","-35,731064",SPRF-PB,DEL02-PB,UOP01-DEL02-PB
531501.0,2023-06-24,sábado,11:30:00,PB,230,"463,7",SOUSA,Condutor deixou de manter distância do veículo da frente,Colisão traseira,Com Vítimas Feridas,Pleno dia,Crescente,Céu Claro,Simples,Reta,Sim,2,0,1,0,1,0,1,2,"-6,778456","-38,231885",SPRF-PB,DEL03-PB,UOP03-DEL03-PB
531573.0,2023-06-24,sábado,18:30:00,PB,101,104,ALHANDRA,Avarias e/ou desgaste excessivo no pneu,Colisão com objeto,Com Vítimas Feridas,Plena Noite,Decrescente,Céu Claro,Dupla,Reta,Não,2,0,0,2,0,0,2,1,"-7,30029088","-34,93888622",SPRF-PB,DEL01-PB,UOP02-DEL01-PB
531706.0,2023-06-25,domingo,05:00:00,PB,101,"99,7",CONDE,Ingestão de álcool pelo condutor,Saída de leito carroçável,Sem Vítimas,Pleno dia,Crescente,Chuva,Dupla,Retorno Regulamentado,Não,1,0,0,0,0,1,0,1,"-7,26133973","-34,93611964",SPRF-PB,DEL01-PB,UOP02-DEL01-PB
531772.0,2023-06-25,domingo,16:20:00,PB,101,"25,5",RIO TINTO,Demais falhas na via,Colisão com objeto,Com Vítimas Feridas,Pleno dia,Crescente,Chuva,Dupla,Reta,Não,6,0,5,0,0,1,5,2,"-6,70802006","-35,11772953",SPRF-PB,DEL01-PB,UOP04-DEL01-PB
531779.0,2023-06-25,domingo,17:37:00,PB,101,"85,9",BAYEUX,Ingestão de álcool pelo condutor,Atropelamento de Pedestre,Com Vítimas Feridas,Plena Noite,Crescente,Chuva,Dupla,Reta;Retorno Regulamentado,Não,2,0,1,0,1,0,1,2,"-7,14538184","-34,91662887",SPRF-PB,DEL01-PB,UOP01-DEL01-PB
531825.0,2023-06-25,domingo,21:15:00,PB,230,"36,2",SANTA RITA,Ausência de reação do condutor,Colisão traseira,Sem Vítimas,Plena Noite,Decrescente,Chuva,Dupla,Reta,Sim,2,0,0,0,2,0,0,2,"-7,12618817","-34,94905472",SPRF-PB,DEL01-PB,UOP03-DEL01-PB
531871.0,2023-06-26,segunda-feira,03:00:00,PB,101,127,CAAPORA,Acumulo de água sobre o pavimento,Saída de leito carroçável,Sem Vítimas,Amanhecer,Crescente,Chuva,Dupla,Reta,Sim,1,0,0,0,0,1,0,1,"-7,49352627","-34,98332893",SPRF-PB,DEL01-PB,UOP02-DEL01-PB
531898.0,2023-06-26,segunda-feira,08:05:00,PB,230,"156,3",CAMPINA GRANDE,Condutor deixou de manter distância do veículo da frente,Colisão traseira,Com Vítimas Feridas,Pleno dia,Decrescente,Chuva,Simples,Declive,Sim,2,0,1,0,1,0,1,2,"-7,2693","-35,9138",SPRF-PB,DEL02-PB,UOP01-DEL02-PB
531963.0,2023-06-26,segunda-feira,13:45:00,PB,230,"427,9",POMBAL,Falta de elemento de contenção que evite a saída do leito carroçável,Saída de leito carroçável,Com Vítimas Feridas,Pleno dia,Crescente,Céu Claro,Simples,Aclive;Reta,Não,4,0,3,1,0,0,4,1,"-6,7349","-37,916",SPRF-PB,DEL03-PB,UOP02-DEL03-PB
532161.0,2023-06-27,terça-feira,14:30:00,PB,104,"130,5",CAMPINA GRANDE,Manobra de mudança de faixa,Colisão transversal,Com Vítimas Feridas,Pleno dia,Crescente,Céu Claro,Simples,Reta,Sim,2,0,1,0,1,0,1,2,"-7,29013399","-35,89029705",SPRF-PB,DEL02-PB,UOP03-DEL02-PB
532191.0,2023-06-27,terça-feira,15:20:00,PB,104,"118,9",CAMPINA GRANDE,Ausência de reação do condutor,Colisão traseira,Com Vítimas Feridas,Pleno dia,Crescente,Céu Claro,Simples,Reta,Não,4,0,0,2,2,0,2,2,"-7,19637839","-35,87571339",SPRF-PB,DEL02-PB,UOP04-DEL02-PB
532214.0,2023-06-27,terça-feira,17:40:00,PB,230,"240,3",JUAZEIRINHO,Ingestão de álcool pelo condutor,Colisão transversal,Sem Vítimas,Anoitecer,Crescente,Nublado,Simples,Reta,Não,2,0,0,0,1,1,0,2,"-7,065725","-36,56784",SPRF-PB,DEL02-PB,UOP02-DEL02-PB
532269.0,2023-06-28,quarta-feira,07:04:00,PB,101,"19,5",RIO TINTO,Acumulo de água sobre o pavimento,Saída de leito carroçável,Com Vítimas Feridas,Pleno dia,Decrescente,Chuva,Dupla,Curva;Declive,Não,2,0,1,0,1,0,1,1,"-6,676273","-35,11294127",SPRF-PB,DEL01-PB,UOP04-DEL01-PB
532287.0,2023-06-28,quarta-feira,07:40:00,PB,101,"79,8",SANTA RITA,Velocidade Incompatível,Colisão com objeto,Com Vítimas Feridas,Pleno dia,Crescente,Chuva,Dupla,Curva,Não,1,0,1,0,0,0,1,1,"-7,1147525966","-34,9579389098",SPRF-PB,DEL01-PB,UOP04-DEL01-PB
532325.0,2023-06-28,quarta-feira,11:30:00,PB,104,188,ALCANTIL,Frear bruscamente,Colisão frontal,Com Vítimas Fatais,Pleno dia,Crescente,Nublado,Simples,Reta,Não,4,1,1,0,2,0,1,3,"-7,70626718","-36,06343369",SPRF-PB,DEL02-PB,UOP03-DEL02-PB
532345.0,2023-06-28,quarta-feira,14:30:00,PB,104,"130,6",CAMPINA GRANDE,Ausência de reação do condutor,Colisão traseira,Sem Vítimas,Pleno dia,Decrescente,Chuva,Simples,Reta,Sim,2,0,0,0,2,0,0,2,"-7,29013399","-35,89029705",SPRF-PB,DEL02-PB,UOP03-DEL02-PB
532383.0,2023-06-28,quarta-feira,18:05:00,PB,230,"19,2",JOAO PESSOA,Trafegar com motocicleta (ou similar) entre as faixas,Colisão lateral mesmo sentido,Com Vítimas Feridas,Plena Noite,Crescente,Nublado,Dupla,Reta,Sim,3,0,1,0,2,0,1,2,"-7,1281","-34,8466",SPRF-PB,DEL01-PB,UOP01-DEL01-PB
532398.0,2023-06-28,quarta-feira,18:35:00,PB,101,57,SANTA RITA,Reação tardia ou ineficiente do condutor,Saída de leito carroçável,Sem Vítimas,Plena Noite,Decrescente,Chuva,Dupla,Reta,Não,1,0,0,0,1,0,0,1,"-6,97775678","-35,0777086",SPRF-PB,DEL01-PB,UOP04-DEL01-PB
532448.0,2023-06-29,quinta-feira,04:03:00,PB,101,34,MAMANGUAPE,Ausência de reação do condutor,Colisão traseira,Com Vítimas Feridas,Plena Noite,Decrescente,Chuva,Dupla,Reta,Não,2,0,1,1,0,0,2,1,"-6,78533891","-35,13428131",SPRF-PB,DEL01-PB,UOP04-DEL01-PB
532459.0,2023-06-29,quinta-feira,05:56:00,PB,101,89,JOAO PESSOA,Ausência de reação do condutor,Colisão frontal,Com Vítimas Feridas,Pleno dia,Crescente,Chuva,Dupla,Reta,Sim,2,0,1,0,1,0,1,2,"-7,17258436","-34,89823779",SPRF-PB,DEL01-PB,UOP02-DEL01-PB
532467.0,2023-06-29,quinta-feira,07:10:00,PB,230,169,CAMPINA GRANDE,Condutor deixou de manter distância do veículo da frente,Queda de ocupante de veículo,Com Vítimas Feridas,Pleno dia,Decrescente,Céu Claro,Simples,Reta,Sim,2,0,1,0,0,1,1,2,"-7,1853","-35,9764",SPRF-PB,DEL02-PB,UOP02-DEL02-PB
532570.0,2023-06-29,quinta-feira,11:50:00,PB,230,132,MASSARANDUBA,Velocidade Incompatível,Saída de leito carroçável,Com Vítimas Feridas,Pleno dia,Decrescente,Nublado,Dupla,Curva,Não,3,0,3,0,0,0,3,1,"-7,277299","-35,745402",SPRF-PB,DEL02-PB,UOP01-DEL02-PB
532605.0,2023-06-29,quinta-feira,18:50:00,PB,230,"11,2",CABEDELO,Reação tardia ou ineficiente do condutor,Colisão traseira,Com Vítimas Feridas,Plena Noite,Decrescente,Chuva,Dupla,Reta;Retorno Regulamentado,Sim,2,0,0,1,1,0,1,2,"-7,0596","-34,8506",SPRF-PB,DEL01-PB,UOP01-DEL01-PB
532663.0,2023-06-29,quinta-feira,23:20:00,PB,230,2,CABEDELO,Chuva,Queda de ocupante de veículo,Com Vítimas Feridas,Plena Noite,Decrescente,Chuva,Múltipla,Reta;Em Obras,Sim,1,0,1,0,0,0,1,1,"-6,9837","-34,8295",SPRF-PB,DEL01-PB,UOP01-DEL01-PB
532686.0,2023-06-30,sexta-feira,06:30:00,PB,230,42,SANTA RITA,Velocidade Incompatível,Saída de leito carroçável,Sem Vítimas,Pleno dia,Decrescente,Chuva,Dupla,Retorno Regulamentado,Não,1,0,0,0,1,0,0,1,"-7,1457976","-34,99937296",SPRF-PB,DEL01-PB,UOP03-DEL01-PB
532714.0,2023-06-30,sexta-feira,09:00:00,PB,230,"174,3",CAMPINA GRANDE,Acessar a via sem observar a presença dos outros veículos,Colisão transversal,Com Vítimas Feridas,Pleno dia,Crescente,Chuva,Simples,Declive,Não,6,0,1,0,5,0,1,2,"-7,1794","-36,0164",SPRF-PB,DEL02-PB,UOP02-DEL02-PB
532752.0,2023-06-30,sexta-feira,14:28:00,PB,101,"85,6",BAYEUX,Condutor deixou de manter distância do veículo da frente,Colisão traseira,Sem Vítimas,Pleno dia,Decrescente,Nublado,Dupla,Reta,Não,2,0,0,0,2,0,0,2,"-7,1495448","-34,91158962",SPRF-PB,DEL01-PB,UOP01-DEL01-PB
532830.0,2023-06-30,sexta-feira,21:00:00,PB,101,"65,5",SANTA RITA,Demais falhas mecânicas ou elétricas,Incêndio,Sem Vítimas,Plena Noite,Crescente,Nublado,Dupla,Reta,Não,2,0,0,0,2,0,0,1,"-7,04256889","-35,05061285",SPRF-PB,DEL01-PB,UOP04-DEL01-PB
532837.0,2023-06-30,sexta-feira,21:30:00,PB,230,"26,8",JOAO PESSOA,Ausência de reação do condutor,Atropelamento de Pedestre,Com Vítimas Feridas,Plena Noite,Decrescente,Chuva,Dupla,Reta,Sim,2,0,0,2,0,0,2,2,"-7,1693","-34,8782",SPRF-PB,DEL01-PB,UOP01-DEL01-PB
532862.0,2023-07-01,sábado,01:15:00,PB,230,28,JOAO PESSOA,Ingestão de álcool pelo condutor,Queda de ocupante de veículo,Com Vítimas Feridas,Plena Noite,Decrescente,Céu Claro,Dupla,Declive;Reta,Sim,1,0,1,0,0,0,1,1,"-7,1651","-34,8941",SPRF-PB,DEL01-PB,UOP01-DEL01-PB
532863.0,2023-07-01,sábado,00:50:00,PB,230,28,JOAO PESSOA,Acumulo de areia ou detritos sobre o pavimento,Tombamento,Com Vítimas Feridas,Pleno dia,Crescente,Nublado,Múltipla,Curva;Viaduto,Sim,2,0,1,1,0,0,2,1,"-7,1651","-34,8941",SPRF-PB,DEL01-PB,UOP01-DEL01-PB
532873.0,2023-07-01,sábado,02:00:00,PB,230,335,PATOS,Animais na Pista,Atropelamento de Animal,Com Vítimas Feridas,Plena Noite,Crescente,Céu Claro,Simples,Reta,Não,1,0,0,1,0,0,1,1,"-7,0128","-37,2644",SPRF-PB,DEL03-PB,UOP01-DEL03-PB
532887.0,2023-07-01,sábado,03:10:00,PB,104,"106,4",SAO SEBASTIAO DE LAGOA DE  ROCA,Transitar na contramão,Colisão frontal,Com Vítimas Fatais,Plena Noite,Decrescente,Céu Claro,Simples,Declive;Reta,Sim,3,1,0,1,1,0,1,2,"-7,09569811","-35,86106094",SPRF-PB,DEL02-PB,UOP04-DEL02-PB
532902.0,2023-07-01,sábado,05:10:00,PB,101,79,SANTA RITA,Pista esburacada,Tombamento,Com Vítimas Feridas,Amanhecer,Decrescente,Céu Claro,Dupla,Reta,Não,1,0,0,1,0,0,1,1,"-7,1147526","-34,95793891",SPRF-PB,DEL01-PB,UOP04-DEL01-PB
532955.0,2023-06-13,terça-feira,15:13:00,PB,230,407,POMBAL,Acessar a via sem observar a presença dos outros veículos,Colisão lateral mesmo sentido,Com Vítimas Feridas,Pleno dia,Decrescente,Céu Claro,Simples,Reta,Sim,2,0,1,0,0,1,1,2,"-6,7733","-37,798",SPRF-PB,DEL03-PB,UOP02-DEL03-PB
533154.0,2023-07-02,domingo,06:13:00,PB,101,"83,8",BAYEUX,Ausência de reação do condutor,Colisão lateral mesmo sentido,Com Vítimas Feridas,Pleno dia,Decrescente,Chuva,Dupla,Reta,Sim,3,0,1,0,2,0,1,2,"-7,13949827","-34,92334587",SPRF-PB,DEL01-PB,UOP01-DEL01-PB
533183.0,2023-07-02,domingo,09:00:00,PB,230,28,JOAO PESSOA,Ausência de reação do condutor,Colisão transversal,Com Vítimas Feridas,Pleno dia,Decrescente,Nublado,Dupla,Interseção de Vias;Aclive;Viaduto,Sim,3,0,2,1,0,0,3,2,"-7,16562188","-34,8978967",SPRF-PB,DEL01-PB,UOP01-DEL01-PB
533215.0,2023-07-02,domingo,11:12:00,PB,101,85,BAYEUX,Reação tardia ou ineficiente do condutor,Saída de leito carroçável,Com Vítimas Feridas,Pleno dia,Crescente,Nublado,Dupla,Curva;Interseção de Vias,Sim,1,0,1,0,0,0,1,1,"-7,14538184","-34,91662887",SPRF-PB,DEL01-PB,UOP01-DEL01-PB
533236.0,2023-07-02,domingo,13:24:00,PB,101,30,RIO TINTO,Acessar a via sem observar a presença dos outros veículos,Colisão traseira,Sem Vítimas,Pleno dia,Crescente,Garoa/Chuvisco,Dupla,Reta,Não,2,0,0,0,2,0,0,2,"-6,748999","-35,133778",SPRF-PB,DEL01-PB,UOP04-DEL01-PB
533273.0,2023-07-02,domingo,17:30:00,PB,230,25,JOAO PESSOA,Ingestão de álcool pelo condutor,Colisão traseira,Sem Vítimas,Plena Noite,Decrescente,Chuva,Dupla,Desvio Temporário;Reta,Sim,2,0,0,0,2,0,0,2,"-7,1707","-34,8684",SPRF-PB,DEL01-PB,UOP01-DEL01-PB
533352.0,2023-07-02,domingo,20:45:00,PB,405,"8,7",UIRAUNA,Ausência de reação do condutor,Colisão frontal,Com Vítimas Feridas,Plena Noite,Decrescente,Céu Claro,Simples,Reta,Sim,2,0,0,1,1,0,1,2,"-6,514012","-38,414757",SPRF-PB,DEL03-PB,UOP03-DEL03-PB
533355.0,2023-07-03,segunda-feira,01:00:00,PB,230,"71,8",SOBRADO,Deficiência do Sistema de Iluminação/Sinalização,Tombamento,Com Vítimas Feridas,Plena Noite,Decrescente,Nublado,Dupla,Reta;Em Obras,Não,2,0,2,0,0,0,2,1,"-7,1894","-35,2596",SPRF-PB,DEL01-PB,UOP03-DEL01-PB
533382.0,2023-07-03,segunda-feira,06:25:00,PB,230,18,JOAO PESSOA,Trafegar com motocicleta (ou similar) entre as faixas,Queda de ocupante de veículo,Com Vítimas Feridas,Pleno dia,Decrescente,Nublado,Dupla,Reta,Sim,3,0,2,0,0,1,2,2,"-7,1198","-34,8453",SPRF-PB,DEL01-PB,UOP01-DEL01-PB
533403.0,2023-07-03,segunda-feira,08:05:00,PB,230,6,CABEDELO,Condutor deixou de manter distância do veículo da frente,Colisão traseira,Com Vítimas Feridas,Pleno dia,Decrescente,Nublado,Dupla,Reta,Sim,2,0,1,0,1,0,1,2,"-7,02","-34,8359",SPRF-PB,DEL01-PB,UOP01-DEL01-PB
533630.0,2023-07-04,terça-feira,11:45:00,PB,230,314,SAO MAMEDE,Reação tardia ou ineficiente do condutor,Saída de leito carroçável,Com Vítimas Feridas,Pleno dia,Decrescente,Céu Claro,Simples,Reta,Não,2,0,1,1,0,0,2,1,"-6,9412","-37,1016",SPRF-PB,DEL03-PB,UOP01-DEL03-PB
533679.0,2023-07-04,terça-feira,17:15:00,PB,230,10,CABEDELO,Ausência de reação do condutor,Colisão traseira,Com Vítimas Feridas,Anoitecer,Decrescente,Céu Claro,Simples,Reta,Não,3,0,1,0,0,2,1,3,"-7,0514","-34,8499",SPRF-PB,DEL01-PB,UOP01-DEL01-PB
533778.0,2023-07-05,quarta-feira,09:50:00,PB,101,89,JOAO PESSOA,Condutor deixou de manter distância do veículo da frente,Colisão traseira,Sem Vítimas,Pleno dia,Decrescente,Nublado,Dupla,Reta;Declive,Sim,4,0,0,0,3,1,0,4,"-7,1710694","-34,89765372",SPRF-PB,DEL01-PB,UOP02-DEL01-PB
533826.0,2023-07-05,quarta-feira,13:25:00,PB,230,"17,7",JOAO PESSOA,Condutor deixou de manter distância do veículo da frente,Colisão traseira,Sem Vítimas,Pleno dia,Decrescente,Nublado,Dupla,Reta,Não,2,0,0,0,1,1,0,2,"-7,11985755","-34,84507799",SPRF-PB,DEL01-PB,UOP01-DEL01-PB
533838.0,2023-01-11,quarta-feira,05:49:00,PB,230,15,JOAO PESSOA,Acumulo de areia ou detritos sobre o pavimento,Tombamento,Com Vítimas Feridas,Pleno dia,Crescente,Chuva,Dupla,Curva,Sim,1,0,1,0,0,0,1,1,"-7,093","-34,8482",SPRF-PB,DEL01-PB,UOP01-DEL01-PB
533883.0,2023-07-05,quarta-feira,18:30:00,PB,230,333,PATOS,Reação tardia ou ineficiente do condutor,Colisão transversal,Sem Vítimas,Plena Noite,Crescente,Céu Claro,Dupla,Rotatória,Sim,6,0,0,0,6,0,0,2,"-7,0193","-37,2493",SPRF-PB,DEL03-PB,UOP01-DEL03-PB
534036.0,2023-07-06,quinta-feira,12:50:00,PB,230,112,INGA,Pista Escorregadia,Colisão com objeto,Sem Vítimas,Pleno dia,Crescente,Chuva,Dupla,Curva,Não,1,0,0,0,1,0,0,1,"-7,2117","-35,5822",SPRF-PB,DEL01-PB,UOP03-DEL01-PB
534274.0,2023-07-07,sexta-feira,16:35:00,PB,230,"158,8",CAMPINA GRANDE,Desrespeitar a preferência no cruzamento,Colisão transversal,Com Vítimas Feridas,Anoitecer,Decrescente,Céu Claro,Dupla,Interseção de Vias,Sim,3,0,1,1,1,0,2,2,"-7,25662507","-35,92888713",SPRF-PB,DEL02-PB,UOP01-DEL02-PB
534324.0,2023-07-07,sexta-feira,19:50:00,PB,230,1,PATOS,Acessar a via sem observar a presença dos outros veículos,Colisão lateral mesmo sentido,Com Vítimas Feridas,Plena Noite,Crescente,Céu Claro,Simples,Reta,Sim,2,0,0,1,1,0,1,2,"-7,01077528","-37,2902298",SPRF-PB,DEL03-PB,UOP01-DEL03-PB
534389.0,2023-07-08,sábado,02:25:00,PB,101,99,CONDE,Ausência de reação do condutor,Saída de leito carroçável,Com Vítimas Feridas,Plena Noite,Decrescente,Nublado,Dupla,Interseção de Vias;Curva;Retorno Regulamentado,Não,3,0,2,0,0,1,2,1,"-7,25611907","-34,9345525",SPRF-PB,DEL01-PB,UOP02-DEL01-PB
534481.0,2023-07-08,sábado,12:28:00,PB,230,13,CABEDELO,Condutor deixou de manter distância do veículo da frente,Colisão traseira,Com Vítimas Feridas,Pleno dia,Decrescente,Céu Claro,Dupla,Reta,Sim,3,0,2,0,1,0,2,2,"-7,0772","-34,8494",SPRF-PB,DEL01-PB,UOP01-DEL01-PB
534508.0,2023-07-08,sábado,13:50:00,PB,230,"121,2",RIACHAO DO BACAMARTE,Velocidade Incompatível,Saída de leito carroçável,Com Vítimas Fatais,Pleno dia,Decrescente,Nublado,Dupla,Curva,Sim,3,1,0,0,2,0,0,1,"-7,25017","-35,657558",SPRF-PB,DEL02-PB,UOP01-DEL02-PB
534537.0,2023-07-08,sábado,15:20:00,PB,101,"59,9",SANTA RITA,Velocidade Incompatível,Colisão com objeto,Com Vítimas Feridas,Pleno dia,Crescente,Nublado,Dupla,Reta;Declive,Não,1,0,1,0,0,0,1,1,"-7,000975","-35,065051",SPRF-PB,DEL01-PB,UOP04-DEL01-PB
534540.0,2023-07-08,sábado,17:20:00,PB,361,"4,2",PATOS,Ultrapassagem Indevida,Colisão frontal,Com Vítimas Feridas,Pleno dia,Crescente,Céu Claro,Simples,Reta,Sim,2,0,0,1,1,0,1,2,"-7,03208047","-37,29365088",SPRF-PB,DEL03-PB,UOP01-DEL03-PB
534567.0,2023-06-23,sexta-feira,03:15:00,PB,230,341,PATOS,Ausência de sinalização,Atropelamento de Pedestre,Com Vítimas Feridas,Plena Noite,Crescente,Nublado,Simples,Reta,Não,4,0,0,3,0,1,3,2,"-6,9946","-37,3159",SPRF-PB,DEL03-PB,UOP01-DEL03-PB
534591.0,2023-07-08,sábado,20:51:00,PB,361,11,PATOS,Manobra de mudança de faixa,Colisão frontal,Sem Vítimas,Plena Noite,Crescente,Céu Claro,Simples,Reta,Não,2,0,0,0,1,1,0,2,"-7,04180696","-37,35443701",SPRF-PB,DEL03-PB,UOP01-DEL03-PB
534663.0,2023-07-08,sábado,23:30:00,PB,361,84,PIANCO,Ausência de reação do condutor,Colisão com objeto,Sem Vítimas,Plena Noite,Crescente,Nublado,Simples,Reta,Sim,1,0,0,0,1,0,0,1,"-7,19608437","-37,92579184",SPRF-PB,DEL03-PB,UOP01-DEL03-PB
534755.0,2023-07-09,domingo,14:15:00,PB,230,366,MALTA,Ingestão de álcool pelo condutor,Colisão traseira,Sem Vítimas,Pleno dia,Crescente,Céu Claro,Simples,Reta,Sim,2,0,0,0,2,0,0,2,"-6,9051","-37,5155",SPRF-PB,DEL03-PB,UOP02-DEL03-PB
534851.0,2023-07-09,domingo,22:00:00,PB,101,88,JOAO PESSOA,Reação tardia ou ineficiente do condutor,Colisão com objeto,Com Vítimas Feridas,Plena Noite,Crescente,Céu Claro,Múltipla,Reta,Não,2,0,1,0,0,1,1,2,"-7,16470016","-34,89993643",SPRF-PB,DEL01-PB,UOP01-DEL01-PB
534879.0,2023-07-09,domingo,23:00:00,PB,230,"204,3",OLIVEDOS,Acostamento em desnível,Colisão com objeto,Com Vítimas Fatais,Plena Noite,Crescente,Céu Claro,Simples,Aclive;Reta,Não,2,1,1,0,0,0,1,1,"-7,0932","-36,2743",SPRF-PB,DEL02-PB,UOP02-DEL02-PB
534880.0,2023-07-10,segunda-feira,04:50:00,PB,230,504,CAJAZEIRAS,Transitar no Acostamento,Colisão traseira,Com Vítimas Feridas,Amanhecer,Crescente,Céu Claro,Simples,Reta,Sim,2,0,0,1,0,1,1,2,"-6,8900281","-38,553576",SPRF-PB,DEL03-PB,UOP03-DEL03-PB
534927.0,2023-07-10,segunda-feira,10:00:00,PB,230,7,CABEDELO,Avarias e/ou desgaste excessivo no pneu,Tombamento,Com Vítimas Feridas,Pleno dia,Decrescente,Sol,Múltipla,Reta;Interseção de Vias,Sim,1,0,1,0,0,0,1,1,"-7,026","-34,8385",SPRF-PB,DEL01-PB,UOP01-DEL01-PB
534951.0,2023-07-10,segunda-feira,12:42:00,PB,230,25,JOAO PESSOA,Demais falhas na via,Colisão lateral mesmo sentido,Com Vítimas Feridas,Pleno dia,Decrescente,Céu Claro,Simples,Interseção de Vias,Sim,2,0,2,0,0,0,2,2,"-7,16936722","-34,87949464",SPRF-PB,DEL01-PB,UOP01-DEL01-PB
534987.0,2023-07-10,segunda-feira,14:37:00,PB,230,"111,3",INGA,Reação tardia ou ineficiente do condutor,Colisão traseira,Com Vítimas Feridas,Pleno dia,Crescente,Céu Claro,Dupla,Reta;Declive,Não,4,0,2,1,1,0,3,2,"-7,2086","-35,5736",SPRF-PB,DEL01-PB,UOP03-DEL01-PB
535008.0,2023-07-10,segunda-feira,18:01:00,PB,101,91,JOAO PESSOA,Ausência de reação do condutor,Tombamento,Com Vítimas Feridas,Plena Noite,Decrescente,Céu Claro,Dupla,Interseção de Vias;Reta,Não,1,0,0,1,0,0,1,1,"-7,19184773","-34,90409017",SPRF-PB,DEL01-PB,UOP02-DEL01-PB
535063.0,2023-07-10,segunda-feira,21:35:00,PB,230,330,PATOS,Iluminação deficiente,Colisão transversal,Com Vítimas Feridas,Plena Noite,Crescente,Céu Claro,Simples,Reta,Não,2,0,1,0,0,1,1,2,"-7,0173","-37,2249",SPRF-PB,DEL03-PB,UOP01-DEL03-PB
535110.0,2023-07-11,terça-feira,09:14:00,PB,101,"70,2",SANTA RITA,Avarias e/ou desgaste excessivo no pneu,Tombamento,Com Vítimas Feridas,Pleno dia,Crescente,Céu Claro,Dupla,Aclive;Reta,Não,2,0,1,1,0,0,2,1,"-7,06454776","-35,01147489",SPRF-PB,DEL01-PB,UOP04-DEL01-PB
535180.0,2023-07-11,terça-feira,16:40:00,PB,230,"85,9",BAYEUX,Demais falhas mecânicas ou elétricas,Tombamento,Com Vítimas Feridas,Pleno dia,Decrescente,Nublado,Dupla,Interseção de Vias;Curva,Sim,2,0,1,1,0,0,2,1,"-7,14929308","-34,91160393",SPRF-PB,DEL01-PB,UOP03-DEL01-PB
535197.0,2023-07-11,terça-feira,18:05:00,PB,101,"35,8",MAMANGUAPE,Pista esburacada,Colisão com objeto,Com Vítimas Feridas,Plena Noite,Crescente,Nublado,Dupla,Reta,Não,5,0,3,0,2,0,3,1,"-6,79401305","-35,13707183",SPRF-PB,DEL01-PB,UOP04-DEL01-PB
535326.0,2023-07-11,terça-feira,22:00:00,PB,104,36,BARRA DE SANTA ROSA,Condutor Dormindo,Saída de leito carroçável,Com Vítimas Feridas,Plena Noite,Crescente,Céu Claro,Simples,Curva,Não,2,0,2,0,0,0,2,1,"-6,66736226","-36,10037306",SPRF-PB,DEL02-PB,UOP04-DEL02-PB