id,data_inversa,dia_semana,horario,uf,br,km,municipio,causa_acidente,tipo_acidente,classificacao_acidente,fase_dia,sentido_via,condicao_metereologica,tipo_pista,tracado_via,uso_solo,pessoas,mortos,feridos_leves,feridos_graves,ilesos,ignorados,feridos,veiculos,latitude,longitude,regional,delegacia,uop
535345.0,2023-07-12,quarta-feira,12:15:00,PB,104,"140,3",QUEIMADAS,Mal súbito do condutor,Colisão frontal,Com Vítimas Feridas,Pleno dia,Crescente,Céu Claro,Simples,Reta,Não,2,0,1,0,1,0,1,2,"-7,36948311","-35,89979635",SPRF-PB,DEL02-PB,UOP03-DEL02-PB
535367.0,2023-07-12,quarta-feira,14:30:00,PB,101,97,CONDE,Acumulo de óleo sobre o pavimento,Queda de ocupante de veículo,Com Vítimas Feridas,Pleno dia,Decrescente,Céu Claro,Dupla,Reta,Não,4,0,1,0,3,0,1,2,"-7,23846306","-34,9268519",SPRF-PB,DEL01-PB,UOP02-DEL01-PB
535385.0,2023-07-12,quarta-feira,16:50:00,PB,101,63,SANTA RITA,Demais falhas mecânicas ou elétricas,Queda de ocupante de veículo,Com Vítimas Feridas,Pleno dia,Crescente,Céu Claro,Dupla,Aclive;Reta,Não,2,0,2,0,0,0,2,1,"-7,02710902","-35,05990203",SPRF-PB,DEL01-PB,UOP04-DEL01-PB
535485.0,2023-07-13,quinta-feira,06:40:00,PB,101,"11,8",MAMANGUAPE,Retorno proibido,Colisão transversal,Com Vítimas Feridas,Pleno dia,Crescente,Céu Claro,Dupla,Declive,Sim,2,0,0,1,1,0,1,2,"-6,59256898","-35,14508356",SPRF-PB,DEL01-PB,UOP04-DEL01-PB
535515.0,2023-07-13,quinta-feira,09:20:00,PB,101,90,CONDE,Reação tardia ou ineficiente do condutor,Colisão transversal,Com Vítimas Feridas,Pleno dia,Decrescente,Céu Claro,Dupla,Reta,Sim,2,0,1,0,1,0,1,2,"-7,179652","-34,900417",SPRF-PB,DEL01-PB,UOP02-DEL01-PB
535527.0,2023-07-13,quinta-feira,09:30:00,PB,104,"139,4",QUEIMADAS,Condutor Dormindo,Colisão lateral sentido oposto,Com Vítimas Feridas,Pleno dia,Crescente,Céu Claro,Simples,Reta,Sim,4,0,0,1,3,0,1,4,"-7,365205","-35,901601",SPRF-PB,DEL02-PB,UOP03-DEL02-PB
535584.0,2023-07-13,quinta-feira,15:36:00,PB,230,"16,6",JOAO PESSOA,Reação tardia ou ineficiente do condutor,Colisão traseira,Com Vítimas Feridas,Pleno dia,Decrescente,Céu Claro,Dupla,Reta,Sim,4,0,1,0,2,1,1,4,"-7,1039","-34,8458",SPRF-PB,DEL01-PB,UOP01-DEL01-PB
535667.0,2023-07-14,sexta-feira,00:20:00,PB,230,200,POCINHOS,Demais falhas mecânicas ou elétricas,Saída de leito carroçável,Com Vítimas Feridas,Plena Noite,Crescente,Céu Claro,Simples,Ponte,Não,2,0,2,0,0,0,2,1,"-7,1037","-36,2363",SPRF-PB,DEL02-PB,UOP02-DEL02-PB
535671.0,2023-07-14,sexta-feira,01:24:00,PB,230,23,JOAO PESSOA,Reação tardia ou ineficiente do condutor,Saída de leito carroçável,Sem Vítimas,Plena Noite,Crescente,Céu Claro,Dupla,Reta,Sim,1,0,0,0,0,1,0,1,"-7,16245751","-34,86116409",SPRF-PB,DEL01-PB,UOP01-DEL01-PB
535773.0,2023-07-14,sexta-feira,15:15:00,PB,104,89,REMIGIO,Manobra de mudança de faixa,Colisão lateral sentido oposto,Com Vítimas Feridas,Pleno dia,Crescente,Sol,Simples,Curva,Sim,2,0,2,0,0,0,2,2,"-6,9732572","-35,80905795",SPRF-PB,DEL02-PB,UOP04-DEL02-PB
535784.0,2023-07-14,sexta-feira,15:31:00,PB,230,"74,5",SOBRADO,Demais falhas mecânicas ou elétricas,Tombamento,Com Vítimas Feridas,Pleno dia,Crescente,Céu Claro,Dupla,Reta,Não,2,0,2,0,0,0,2,1,"-7,1894","-35,2596",SPRF-PB,DEL01-PB,UOP03-DEL01-PB
535788.0,2023-07-14,sexta-feira,16:10:00,PB,101,"85,6",BAYEUX,Condutor deixou de manter distância do veículo da frente,Colisão lateral mesmo sentido,Com Vítimas Feridas,Pleno dia,Decrescente,Céu Claro,Dupla,Reta,Sim,2,0,0,1,1,0,1,2,"-7,14538184","-34,91662887",SPRF-PB,DEL01-PB,UOP01-DEL01-PB
535826.0,2023-07-14,sexta-feira,18:00:00,PB,101,87,JOAO PESSOA,Manobra de mudança de faixa,Colisão lateral mesmo sentido,Com Vítimas Feridas,Plena Noite,Decrescente,Céu Claro,Dupla,Reta,Sim,2,0,1,0,1,0,1,2,"-7,15886802","-34,90628504",SPRF-PB,DEL01-PB,UOP01-DEL01-PB
535887.0,2023-07-14,sexta-feira,20:00:00,PB,230,"282,2",SANTA LUZIA,Ultrapassagem Indevida,Colisão frontal,Com Vítimas Fatais,Plena Noite,Crescente,Céu Claro,Simples,Declive;Curva,Não,6,1,1,4,0,0,5,2,"-6,9203","-36,8532",SPRF-PB,DEL03-PB,UOP01-DEL03-PB
535922.0,2023-07-15,sábado,04:55:00,PB,101,102,ALHANDRA,Ausência de reação do condutor,Colisão com objeto,Com Vítimas Feridas,Amanhecer,Decrescente,Nublado,Dupla,Curva,Não,2,0,2,0,0,0,2,1,"-7,28265304","-34,9393864",SPRF-PB,DEL01-PB,UOP02-DEL01-PB
536005.0,2023-07-15,sábado,15:00:00,PB,230,178,POCINHOS,Condutor deixou de manter distância do veículo da frente,Colisão traseira,Com Vítimas Feridas,Pleno dia,Decrescente,Céu Claro,Simples,Reta,Não,3,0,1,2,0,0,3,2,"-7,1653","-36,0493",SPRF-PB,DEL02-PB,UOP02-DEL02-PB
536042.0,2023-07-15,sábado,17:50:00,PB,230,119,RIACHAO DO BACAMARTE,Ingestão de álcool pelo condutor,Colisão lateral mesmo sentido,Sem Vítimas,Anoitecer,Decrescente,Céu Claro,Dupla,Reta,Não,3,0,0,0,3,0,0,3,"-7,2423","-35,6312",SPRF-PB,DEL02-PB,UOP01-DEL02-PB
536129.0,2023-07-16,domingo,03:30:00,PB,361,"20,9",SANTA TERESINHA,Condutor deixou de manter distância do veículo da frente,Colisão traseira,Com Vítimas Feridas,Plena Noite,Decrescente,Céu Claro,Simples,Curva,Não,5,0,3,0,2,0,3,2,"-7,07981191","-37,42222407",SPRF-PB,DEL03-PB,UOP01-DEL03-PB
536130.0,2023-07-16,domingo,04:06:00,PB,230,"27,4",JOAO PESSOA,Velocidade Incompatível,Colisão com objeto,Com Vítimas Feridas,Amanhecer,Decrescente,Nublado,Dupla,Curva;Viaduto,Sim,1,0,1,0,0,0,1,1,"-7,16632544","-34,89473104",SPRF-PB,DEL01-PB,UOP01-DEL01-PB
536182.0,2023-07-16,domingo,12:15:00,PB,230,"154,3",CAMPINA GRANDE,Reação tardia ou ineficiente do condutor,Tombamento,Com Vítimas Feridas,Pleno dia,Crescente,Nublado,Simples,Curva;Em Obras,Sim,2,0,2,0,0,0,2,1,"-7,2763","-35,8887",SPRF-PB,DEL02-PB,UOP01-DEL02-PB
536222.0,2023-07-16,domingo,14:05:00,PB,405,"5,4",UIRAUNA,Conversão proibida,Colisão com objeto,Com Vítimas Feridas,Pleno dia,Crescente,Céu Claro,Simples,Rotatória,Não,2,0,1,1,0,0,2,1,"-6,498716","-38,396358",SPRF-PB,DEL03-PB,UOP03-DEL03-PB
536327.0,2023-07-16,domingo,22:00:00,PB,230,"131,7",MASSARANDUBA,Ingestão de álcool pelo condutor,Saída de leito carroçável,Sem Vítimas,Plena Noite,Crescente,Céu Claro,Dupla,Reta,Não,1,0,0,0,1,0,0,1,"-7,2746","-35,7269",SPRF-PB,DEL02-PB,UOP01-DEL02-PB
536425.0,2023-07-17,segunda-feira,11:15:00,PB,230,507,CAJAZEIRAS,Reação tardia ou ineficiente do condutor,Tombamento,Com Vítimas Feridas,Pleno dia,Crescente,Céu Claro,Simples,Declive;Reta,Sim,1,0,0,1,0,0,1,1,"-6,9024","-38,5643",SPRF-PB,DEL03-PB,UOP03-DEL03-PB
536449.0,2023-07-17,segunda-feira,13:20:00,PB,230,"158,7",CAMPINA GRANDE,Acessar a via sem observar a presença dos outros veículos,Colisão transversal,Com Vítimas Feridas,Pleno dia,Decrescente,Nublado,Simples,Interseção de Vias,Sim,2,0,0,1,1,0,1,2,"-7,2582","-35,9267",SPRF-PB,DEL02-PB,UOP01-DEL02-PB
536567.0,2023-07-18,terça-feira,02:40:00,PB,230,"503,9",CAJAZEIRAS,Animais na Pista,Atropelamento de Animal,Com Vítimas Feridas,Plena Noite,Crescente,Céu Claro,Simples,Reta,Sim,1,0,0,1,0,0,1,1,"-6,8962","-38,534",SPRF-PB,DEL03-PB,UOP03-DEL03-PB
536666.0,2023-07-18,terça-feira,12:50:00,PB,101,75,SANTA RITA,Ausência de reação do condutor,Saída de leito carroçável,Sem Vítimas,Pleno dia,Decrescente,Chuva,Dupla,Curva;Aclive,Não,1,0,0,0,1,0,0,1,"-7,084","-34,978",SPRF-PB,DEL01-PB,UOP04-DEL01-PB
536800.0,2023-07-19,quarta-feira,11:15:00,PB,230,"152,5",CAMPINA GRANDE,Ausência de reação do condutor,Colisão traseira,Com Vítimas Feridas,Pleno dia,Crescente,Sol,Simples,Reta;Viaduto,Sim,2,0,1,0,1,0,1,2,"-7,274464","-35,887055",SPRF-PB,DEL02-PB,UOP01-DEL02-PB
536830.0,2023-07-19,quarta-feira,13:50:00,PB,230,150,CAMPINA GRANDE,Retorno proibido,Colisão transversal,Com Vítimas Feridas,Pleno dia,Crescente,Céu Claro,Simples,Reta,Não,3,0,1,0,1,1,1,3,"-7,2587","-35,8778",SPRF-PB,DEL02-PB,UOP01-DEL02-PB
536891.0,2023-07-19,quarta-feira,18:30:00,PB,230,464,SOUSA,Pedestre cruzava a pista fora da faixa,Atropelamento de Pedestre,Com Vítimas Feridas,Plena Noite,Decrescente,Céu Claro,Simples,Reta,Sim,2,0,1,1,0,0,2,2,"-6,7786","-38,2341",SPRF-PB,DEL03-PB,UOP03-DEL03-PB
536923.0,2023-07-20,quinta-feira,05:22:00,PB,230,"506,5",CAJAZEIRAS,Acessar a via sem observar a presença dos outros veículos,Colisão transversal,Com Vítimas Fatais,Amanhecer,Decrescente,Céu Claro,Simples,Declive;Reta,Sim,2,1,0,1,0,0,1,2,"-6,9008","-38,5559",SPRF-PB,DEL03-PB,UOP03-DEL03-PB
536945.0,2023-07-20,quinta-feira,09:00:00,PB,230,"12,2",CABEDELO,Reação tardia ou ineficiente do condutor,Tombamento,Com Vítimas Feridas,Pleno dia,Crescente,Nublado,Dupla,Reta,Sim,1,0,1,0,0,0,1,1,"-7,068","-34,85",SPRF-PB,DEL01-PB,UOP01-DEL01-PB
536965.0,2023-07-20,quinta-feira,10:50:00,PB,230,"291,4",SANTA LUZIA,Condutor deixou de manter distância do veículo da frente,Colisão traseira,Com Vítimas Feridas,Pleno dia,Decrescente,Céu Claro,Simples,Reta,Sim,2,0,1,0,1,0,1,2,"-6,870735","-36,91237",SPRF-PB,DEL03-PB,UOP01-DEL03-PB
537035.0,2023-07-20,quinta-feira,18:00:00,PB,361,"21,8",SANTA TERESINHA,Animais na Pista,Atropelamento de Animal,Com Vítimas Feridas,Plena Noite,Crescente,Céu Claro,Simples,Reta,Sim,1,0,1,0,0,0,1,1,"-7,084803","-37,438883",SPRF-PB,DEL03-PB,UOP01-DEL03-PB
537089.0,2023-07-21,sexta-feira,05:50:00,PB,230,"91,1",GURINHEM,Reação tardia ou ineficiente do condutor,Colisão traseira,Com Vítimas Feridas,Pleno dia,Decrescente,Céu Claro,Dupla,Reta,Não,2,0,0,1,1,0,1,2,"-7,1746","-35,4022",SPRF-PB,DEL01-PB,UOP03-DEL01-PB
537258.0,2023-07-21,sexta-feira,18:56:00,PB,101,88,JOAO PESSOA,Reação tardia ou ineficiente do condutor,Saída de leito carroçável,Com Vítimas Feridas,Plena Noite,Crescente,Céu Claro,Simples,Curva;Viaduto,Sim,1,0,1,0,0,0,1,1,"-7,16470016","-34,89993643",SPRF-PB,DEL01-PB,UOP01-DEL01-PB
537318.0,2023-07-21,sexta-feira,18:10:00,PB,230,251,JUAZEIRINHO,Reação tardia ou ineficiente do condutor,Colisão lateral mesmo sentido,Com Vítimas Feridas,Plena Noite,Crescente,Céu Claro,Simples,Declive,Não,5,0,0,1,4,0,1,2,"-7,055","-36,6541",SPRF-PB,DEL03-PB,UOP01-DEL03-PB
537334.0,2023-07-22,sábado,05:00:00,PB,230,247,JUAZEIRINHO,Reação tardia ou ineficiente do condutor,Colisão lateral sentido oposto,Com Vítimas Feridas,Pleno dia,Crescente,Céu Claro,Simples,Reta,Não,2,0,0,1,1,0,1,2,"-7,0709","-36,626",SPRF-PB,DEL02-PB,UOP02-DEL02-PB
537496.0,2023-07-22,sábado,20:20:00,PB,104,"88,2",REMIGIO,Entrada inopinada do pedestre,Atropelamento de Pedestre,Com Vítimas Feridas,Plena Noite,Decrescente,Nublado,Simples,Reta,Sim,2,0,0,1,0,1,1,2,"-6,97079488","-35,80063462",SPRF-PB,DEL02-PB,UOP04-DEL02-PB
537598.0,2023-07-23,domingo,08:00:00,PB,230,"340,3",PATOS,Reação tardia ou ineficiente do condutor,Saída de leito carroçável,Com Vítimas Feridas,Pleno dia,Crescente,Céu Claro,Simples,Reta,Não,3,0,3,0,0,0,3,1,"-6,998189","-37,310634",SPRF-PB,DEL03-PB,UOP01-DEL03-PB
537794.0,2023-07-23,domingo,18:45:00,PB,361,"32,6",CATINGUEIRA,Animais na Pista,Colisão com objeto,Sem Vítimas,Plena Noite,Crescente,Céu Claro,Simples,Reta,Não,1,0,0,0,0,1,0,1,"-7,0879361","-37,527634",SPRF-PB,DEL03-PB,UOP01-DEL03-PB
537892.0,2023-07-24,segunda-feira,11:05:00,PB,230,72,SOBRADO,Condutor deixou de manter distância do veículo da frente,Saída de leito carroçável,Com Vítimas Feridas,Pleno dia,Decrescente,Sol,Dupla,Aclive;Reta;Desvio Temporário,Não,3,0,2,1,0,0,3,1,"-7,1907","-35,2418",SPRF-PB,DEL01-PB,UOP03-DEL01-PB
537931.0,2023-07-24,segunda-feira,13:30:00,PB,230,"133,9",MASSARANDUBA,Condutor Dormindo,Saída de leito carroçável,Com Vítimas Feridas,Pleno dia,Crescente,Céu Claro,Dupla,Reta,Não,5,0,1,4,0,0,5,1,"-7,2767","-35,7464",SPRF-PB,DEL02-PB,UOP01-DEL02-PB
538131.0,2023-07-25,terça-feira,17:35:00,PB,230,19,JOAO PESSOA,Ausência de reação do condutor,Tombamento,Com Vítimas Feridas,Plena Noite,Crescente,Céu Claro,Dupla,Aclive;Reta,Sim,1,0,1,0,0,0,1,1,"-7,1281","-34,8466",SPRF-PB,DEL01-PB,UOP01-DEL01-PB
538231.0,2023-07-26,quarta-feira,06:40:00,PB,104,"130,6",CAMPINA GRANDE,Acessar a via sem observar a presença dos outros veículos,Colisão transversal,Com Vítimas Feridas,Pleno dia,Decrescente,Céu Claro,Simples,Reta,Não,2,0,2,0,0,0,2,2,"-7,29900408","-35,89187256",SPRF-PB,DEL02-PB,UOP03-DEL02-PB
538244.0,2023-07-26,quarta-feira,08:30:00,PB,101,"84,1",BAYEUX,Avarias e/ou desgaste excessivo no pneu,Tombamento,Com Vítimas Feridas,Pleno dia,Crescente,Nublado,Dupla,Reta,Sim,2,0,2,0,0,0,2,1,"-7,13957906","-34,92312806",SPRF-PB,DEL01-PB,UOP01-DEL01-PB
538310.0,2023-07-26,quarta-feira,16:30:00,PB,230,"26,9",JOAO PESSOA,Pedestre cruzava a pista fora da faixa,Atropelamento de Pedestre,Com Vítimas Fatais,Pleno dia,Decrescente,Céu Claro,Dupla,Reta,Sim,2,1,0,1,0,0,1,2,"-7,1693","-34,8782",SPRF-PB,DEL01-PB,UOP01-DEL01-PB
538371.0,2023-07-26,quarta-feira,21:10:00,PB,230,160,CAMPINA GRANDE,Ausência de reação do condutor,Atropelamento de Pedestre,Com Vítimas Feridas,Plena Noite,Decrescente,Nublado,Simples,Reta,Não,3,0,0,1,1,1,1,2,"-7,2436","-35,9375",SPRF-PB,DEL02-PB,UOP01-DEL02-PB
538426.0,2023-07-27,quinta-feira,08:45:00,PB,230,20,JOAO PESSOA,Ausência de reação do condutor,Engavetamento,Com Vítimas Feridas,Pleno dia,Decrescente,Nublado,Dupla,Reta;Viaduto,Sim,3,0,1,0,2,0,1,3,"-7,138131","-34,853169",SPRF-PB,DEL01-PB,UOP01-DEL01-PB
538488.0,2023-07-27,quinta-feira,15:00:00,PB,230,"16,5",JOAO PESSOA,Manobra de mudança de faixa,Colisão traseira,Com Vítimas Feridas,Pleno dia,Decrescente,Sol,Dupla,Reta,Sim,3,0,2,0,1,0,2,2,"-7,1039","-34,8458",SPRF-PB,DEL01-PB,UOP01-DEL01-PB
538600.0,2023-07-27,quinta-feira,21:30:00,PB,426,"71,9",PIANCO,Animais na Pista,Saída de leito carroçável,Com Vítimas Feridas,Plena Noite,Decrescente,Céu Claro,Simples,Reta,Não,2,0,1,1,0,0,2,1,"-7,23231395","-37,93375509",SPRF-PB,DEL03-PB,UOP01-DEL03-PB
538642.0,2023-07-28,sexta-feira,08:28:00,PB,230,23,JOAO PESSOA,Condutor deixou de manter distância do veículo da frente,Engavetamento,Sem Vítimas,Pleno dia,Decrescente,Céu Claro,Dupla,Reta,Sim,6,0,0,0,5,1,0,5,"-7,15868225","-34,85863924",SPRF-PB,DEL01-PB,UOP01-DEL01-PB
538689.0,2023-07-28,sexta-feira,13:30:00,PB,230,19,JOAO PESSOA,Condutor deixou de manter distância do veículo da frente,Colisão traseira,Com Vítimas Feridas,Pleno dia,Decrescente,Nublado,Dupla,Curva;Declive,Sim,1,0,1,0,0,0,1,1,"-7,1281","-34,8466",SPRF-PB,DEL01-PB,UOP01-DEL01-PB
538745.0,2023-07-28,sexta-feira,14:30:00,PB,230,"487,5",SAO JOAO DO RIO DO PEIXE,Ultrapassagem Indevida,Colisão frontal,Com Vítimas Feridas,Pleno dia,Crescente,Sol,Simples,Aclive,Não,7,0,1,4,1,1,5,3,"-6,8702","-38,3949",SPRF-PB,DEL03-PB,UOP03-DEL03-PB
538845.0,2023-07-29,sábado,04:30:00,PB,101,"83,6",BAYEUX,Ausência de reação do condutor,Saída de leito carroçável,Com Vítimas Fatais,Plena Noite,Decrescente,Céu Claro,Dupla,Reta,Sim,1,1,0,0,0,0,0,1,"-7,1337703","-34,92963914",SPRF-PB,DEL01-PB,UOP01-DEL01-PB
538900.0,2023-07-29,sábado,11:00:00,PB,230,23,JOAO PESSOA,Velocidade Incompatível,Colisão traseira,Com Vítimas Feridas,Pleno dia,Crescente,Céu Claro,Dupla,Aclive;Reta,Sim,3,0,2,0,1,0,2,2,"-7,1562","-34,8574",SPRF-PB,DEL01-PB,UOP01-DEL01-PB
538994.0,2023-07-29,sábado,14:20:00,PB,230,20,JOAO PESSOA,Ausência de reação do condutor,Colisão traseira,Com Vítimas Feridas,Pleno dia,Crescente,Sol,Dupla,Aclive;Reta,Sim,2,0,0,1,0,1,1,2,"-7,1337","-34,8544",SPRF-PB,DEL01-PB,UOP01-DEL01-PB
539014.0,2023-07-29,sábado,19:40:00,PB,230,149,CAMPINA GRANDE,Condutor deixou de manter distância do veículo da frente,Colisão traseira,Sem Vítimas,Plena Noite,Crescente,Vento,Simples,Reta,Não,3,0,0,0,0,3,0,3,"-7,243","-35,8709",SPRF-PB,DEL02-PB,UOP01-DEL02-PB
539094.0,2023-07-30,domingo,01:55:00,PB,104,158,BARRA DE SANTANA,Ingestão de álcool e/ou substâncias psicoativas pelo pedestre,Saída de leito carroçável,Com Vítimas Feridas,Plena Noite,Decrescente,Céu Claro,Simples,Reta,Não,2,0,1,0,1,0,1,1,"-7,50926896","-35,97063002",SPRF-PB,DEL02-PB,UOP03-DEL02-PB
539095.0,2023-07-30,domingo,04:00:00,PB,104,"156,1",QUEIMADAS,Ingestão de álcool pelo condutor,Queda de ocupante de veículo,Com Vítimas Feridas,Plena Noite,Decrescente,Garoa/Chuvisco,Simples,Reta,Não,2,0,1,0,1,0,1,1,"-7,49889786","-35,95614718",SPRF-PB,DEL02-PB,UOP03-DEL02-PB
539115.0,2023-07-30,domingo,06:20:00,PB,230,"117,1",INGA,Reação tardia ou ineficiente do condutor,Colisão traseira,Com Vítimas Feridas,Amanhecer,Decrescente,Chuva,Dupla,Interseção de Vias;Retorno Regulamentado,Não,3,0,2,0,0,1,2,3,"-7,24106488","-35,62286854",SPRF-PB,DEL01-PB,UOP03-DEL01-PB
539136.0,2023-07-30,domingo,08:30:00,PB,230,"153,2",CAMPINA GRANDE,Ausência de reação do condutor,Saída de leito carroçável,Sem Vítimas,Pleno dia,Crescente,Céu Claro,Simples,Interseção de Vias;Curva,Sim,1,0,0,0,0,1,0,1,"-7,2763","-35,8887",SPRF-PB,DEL02-PB,UOP01-DEL02-PB
539229.0,2023-07-30,domingo,18:00:00,PB,230,26,JOAO PESSOA,Acessar a via sem observar a presença dos outros veículos,Colisão transversal,Com Vítimas Feridas,Plena Noite,Decrescente,Céu Claro,Dupla,Reta,Sim,2,0,2,0,0,0,2,2,"-7,16607575","-34,88894885",SPRF-PB,DEL01-PB,UOP01-DEL01-PB
539230.0,2023-07-30,domingo,16:00:00,PB,104,46,BARRA DE SANTA ROSA,Pedestre cruzava a pista fora da faixa,Atropelamento de Pedestre,Com Vítimas Feridas,Pleno dia,Crescente,Sol,Simples,Reta,Sim,2,0,0,1,0,1,1,2,"-6,73521882","-36,0463818",SPRF-PB,DEL02-PB,UOP04-DEL02-PB
539413.0,2023-07-09,domingo,18:10:00,PB,230,"461,5",SOUSA,Ingestão de álcool pelo condutor,Atropelamento de Pedestre,Com Vítimas Feridas,Plena Noite,Decrescente,Céu Claro,Simples,Reta,Sim,3,0,2,1,0,0,3,2,"-6,7753","-38,2061",SPRF-PB,DEL03-PB,UOP03-DEL03-PB
539417.0,2023-07-31,segunda-feira,09:15:00,PB,230,72,SOBRADO,Demais falhas mecânicas ou elétricas,Incêndio,Sem Vítimas,Pleno dia,Crescente,Céu Claro,Dupla,Reta,Não,1,0,0,0,1,0,0,1,"-7,1907","-35,2418",SPRF-PB,DEL01-PB,UOP03-DEL01-PB
539490.0,2023-07-31,segunda-feira,19:45:00,PB,104,98,ESPERANCA,Transitar na contramão,Colisão frontal,Sem Vítimas,Plena Noite,Crescente,Céu Claro,Simples,Reta,Sim,2,0,0,0,2,0,0,2,"-7,02803215","-35,85657159",SPRF-PB,DEL02-PB,UOP04-DEL02-PB
539527.0,2023-08-01,terça-feira,07:12:00,PB,230,27,JOAO PESSOA,Trafegar com motocicleta (ou similar) entre as faixas,Colisão lateral mesmo sentido,Com Vítimas Feridas,Pleno dia,Crescente,Céu Claro,Múltipla,Aclive;Reta;Viaduto,Sim,2,0,1,0,1,0,1,2,"-7,16549136","-34,89545345",SPRF-PB,DEL01-PB,UOP01-DEL01-PB
539566.0,2023-08-01,terça-feira,08:25:00,PB,101,97,CONDE,Acessar a via sem observar a presença dos outros veículos,Colisão lateral mesmo sentido,Sem Vítimas,Pleno dia,Crescente,Céu Claro,Dupla,Reta,Sim,3,0,0,0,1,2,0,2,"-7,23846306","-34,9268519",SPRF-PB,DEL01-PB,UOP02-DEL01-PB
539622.0,2023-08-01,terça-feira,14:20:00,PB,230,25,JOAO PESSOA,Ausência de sinalização,Colisão traseira,Com Vítimas Feridas,Pleno dia,Crescente,Céu Claro,Múltipla,Viaduto;Reta,Sim,2,0,1,0,1,0,1,2,"-7,17034924","-34,87077355",SPRF-PB,DEL01-PB,UOP01-DEL01-PB
539626.0,2023-08-01,terça-feira,14:50:00,PB,230,17,JOAO PESSOA,Condutor deixou de manter distância do veículo da frente,Colisão transversal,Sem Vítimas,Pleno dia,Crescente,Céu Claro,Dupla,Reta;Retorno Regulamentado,Sim,2,0,0,0,1,1,0,2,"-7,11821804","-34,84404445",SPRF-PB,DEL01-PB,UOP01-DEL01-PB
539658.0,2023-08-01,terça-feira,18:05:00,PB,230,"503,6",CAJAZEIRAS,Transitar no Acostamento,Atropelamento de Pedestre,Com Vítimas Fatais,Anoitecer,Decrescente,Céu Claro,Simples,Ponte;Reta,Sim,2,1,1,0,0,0,1,2,"-6,894581","-38,539452",SPRF-PB,DEL03-PB,UOP03-DEL03-PB
539748.0,2023-08-02,quarta-feira,09:50:00,PB,230,11,CABEDELO,Ausência de reação do condutor,Colisão lateral mesmo sentido,Com Vítimas Feridas,Pleno dia,Decrescente,Céu Claro,Simples,Reta,Sim,2,0,1,0,1,0,1,2,"-7,06479614","-34,85007763",SPRF-PB,DEL01-PB,UOP01-DEL01-PB
539751.0,2023-08-02,quarta-feira,10:30:00,PB,101,90,JOAO PESSOA,Acessar a via sem observar a presença dos outros veículos,Colisão lateral mesmo sentido,Com Vítimas Feridas,Pleno dia,Crescente,Céu Claro,Dupla,Reta;Retorno Regulamentado,Sim,2,0,0,1,1,0,1,2,"-7,179652","-34,900417",SPRF-PB,DEL01-PB,UOP02-DEL01-PB
539797.0,2023-08-02,quarta-feira,14:55:00,PB,230,"59,8",CRUZ DO ESPIRITO SANTO,Acessar a via sem observar a presença dos outros veículos,Colisão transversal,Com Vítimas Fatais,Pleno dia,Decrescente,Céu Claro,Dupla,Reta,Não,4,1,0,0,1,2,0,3,"-7,2043","-35,1305",SPRF-PB,DEL01-PB,UOP03-DEL01-PB
539824.0,2023-08-02,quarta-feira,17:20:00,PB,230,"403,6",POMBAL,Ausência de reação do condutor,Colisão traseira,Sem Vítimas,Pleno dia,Decrescente,Céu Claro,Simples,Aclive;Reta,Não,15,0,0,0,14,1,0,2,"-6,795897","-37,781268",SPRF-PB,DEL03-PB,UOP02-DEL03-PB
539828.0,2023-08-02,quarta-feira,18:01:00,PB,230,11,CABEDELO,Velocidade Incompatível,Colisão transversal,Com Vítimas Feridas,Plena Noite,Decrescente,Céu Claro,Dupla,Reta,Sim,2,0,0,2,0,0,2,2,"-7,0596","-34,8506",SPRF-PB,DEL01-PB,UOP01-DEL01-PB
539830.0,2023-08-02,quarta-feira,17:20:00,PB,230,"157,4",CAMPINA GRANDE,Condutor deixou de manter distância do veículo da frente,Colisão traseira,Com Vítimas Feridas,Anoitecer,Decrescente,Céu Claro,Simples,Reta,Não,3,0,1,1,1,0,2,3,"-7,2693","-35,9138",SPRF-PB,DEL02-PB,UOP01-DEL02-PB
539909.0,2023-08-03,quinta-feira,07:32:00,PB,230,"22,8",JOAO PESSOA,Ausência de reação do condutor,Engavetamento,Com Vítimas Feridas,Pleno dia,Decrescente,Céu Claro,Múltipla,Reta,Sim,4,0,1,1,2,0,2,3,"-7,1495","-34,8517",SPRF-PB,DEL01-PB,UOP01-DEL01-PB
540000.0,2023-08-03,quinta-feira,16:51:00,PB,230,"25,4",JOAO PESSOA,Demais falhas mecânicas ou elétricas,Queda de ocupante de veículo,Com Vítimas Feridas,Pleno dia,Decrescente,Céu Claro,Múltipla,Viaduto,Sim,1,0,1,0,0,0,1,1,"-7,16953646","-34,87495065",SPRF-PB,DEL01-PB,UOP01-DEL01-PB
540002.0,2023-08-03,quinta-feira,16:40:00,PB,230,4,CABEDELO,Ingestão de álcool pelo condutor,Colisão traseira,Com Vítimas Feridas,Pleno dia,Decrescente,Céu Claro,Dupla,Reta,Sim,2,0,2,0,0,0,2,1,"-7,0004","-34,8284",SPRF-PB,DEL01-PB,UOP01-DEL01-PB