id,data_inversa,dia_semana,horario,uf,br,km,municipio,causa_acidente,tipo_acidente,classificacao_acidente,fase_dia,sentido_via,condicao_metereologica,tipo_pista,tracado_via,uso_solo,pessoas,mortos,feridos_leves,feridos_graves,ilesos,ignorados,feridos,veiculos,latitude,longitude,regional,delegacia,uop
540045.0,2023-08-03,quinta-feira,19:50:00,PB,230,"170,6",CAMPINA GRANDE,Reação tardia ou ineficiente do condutor,Colisão traseira,Com Vítimas Feridas,Plena Noite,Crescente,Céu Claro,Simples,Reta,Sim,2,0,1,1,0,0,2,2,"-7,1806","-35,9873",SPRF-PB,DEL02-PB,UOP02-DEL02-PB
540081.0,2023-08-04,sexta-feira,04:10:00,PB,101,"87,5",JOAO PESSOA,Ausência de reação do condutor,Colisão com objeto,Sem Vítimas,Amanhecer,Crescente,Céu Claro,Dupla,Reta,Sim,1,0,0,0,0,1,0,1,"-7,15886802","-34,90628504",SPRF-PB,DEL01-PB,UOP01-DEL01-PB
540111.0,2023-08-04,sexta-feira,08:00:00,PB,101,88,JOAO PESSOA,Ausência de reação do condutor,Queda de ocupante de veículo,Com Vítimas Feridas,Pleno dia,Crescente,Céu Claro,Dupla,Reta,Sim,2,0,2,0,0,0,2,1,"-7,16911066","-34,89708424",SPRF-PB,DEL01-PB,UOP01-DEL01-PB
540166.0,2023-08-04,sexta-feira,13:40:00,PB,230,"22,8",JOAO PESSOA,Condutor deixou de manter distância do veículo da frente,Colisão traseira,Com Vítimas Feridas,Pleno dia,Decrescente,Céu Claro,Dupla,Reta,Sim,3,0,2,0,0,1,2,3,"-7,1495","-34,8517",SPRF-PB,DEL01-PB,UOP01-DEL01-PB
540169.0,2023-08-04,sexta-feira,13:30:00,PB,230,"20,4",JOAO PESSOA,Acostamento em desnível,Colisão lateral mesmo sentido,Com Vítimas Feridas,Pleno dia,Crescente,Céu Claro,Dupla,Reta,Sim,2,0,2,0,0,0,2,2,"-7,14199404","-34,85188723",SPRF-PB,DEL01-PB,UOP01-DEL01-PB
540201.0,2023-08-04,sexta-feira,15:59:00,PB,230,6,CABEDELO,Ausência de reação do condutor,Colisão traseira,Com Vítimas Feridas,Pleno dia,Decrescente,Sol,Múltipla,Reta,Sim,3,0,2,0,1,0,2,2,"-7,02233954","-34,83650565",SPRF-PB,DEL01-PB,UOP01-DEL01-PB
540256.0,2023-08-04,sexta-feira,21:34:00,PB,230,23,JOAO PESSOA,Condutor deixou de manter distância do veículo da frente,Colisão traseira,Com Vítimas Feridas,Plena Noite,Crescente,Céu Claro,Dupla,Reta,Sim,2,0,1,0,0,1,1,2,"-7,1562","-34,8574",SPRF-PB,DEL01-PB,UOP01-DEL01-PB
540343.0,2023-08-05,sábado,08:30:00,PB,230,158,CAMPINA GRANDE,Reação tardia ou ineficiente do condutor,Engavetamento,Sem Vítimas,Pleno dia,Decrescente,Céu Claro,Simples,Rotatória,Sim,3,0,0,0,3,0,0,3,"-7,2582","-35,9267",SPRF-PB,DEL02-PB,UOP01-DEL02-PB
540411.0,2023-08-05,sábado,16:40:00,PB,230,"4,2",CABEDELO,Reação tardia ou ineficiente do condutor,Colisão transversal,Com Vítimas Feridas,Pleno dia,Crescente,Céu Claro,Dupla,Reta,Não,3,0,1,0,2,0,1,2,"-7,0004","-34,8284",SPRF-PB,DEL01-PB,UOP01-DEL01-PB
540638.0,2023-08-06,domingo,18:20:00,PB,230,52,CRUZ DO ESPIRITO SANTO,Ingestão de álcool pelo condutor,Colisão traseira,Com Vítimas Feridas,Plena Noite,Decrescente,Chuva,Dupla,Reta,Não,3,0,2,0,0,1,2,2,"-7,1951","-35,0691",SPRF-PB,DEL01-PB,UOP03-DEL01-PB
540652.0,2023-08-06,domingo,18:50:00,PB,230,367,MALTA,Ausência de reação do condutor,Colisão frontal,Com Vítimas Feridas,Plena Noite,Decrescente,Céu Claro,Simples,Reta,Sim,3,0,0,1,2,0,1,2,"-6,9048","-37,5252",SPRF-PB,DEL03-PB,UOP02-DEL03-PB
540704.0,2023-08-06,domingo,22:45:00,PB,101,87,JOAO PESSOA,Condutor deixou de manter distância do veículo da frente,Colisão traseira,Com Vítimas Feridas,Plena Noite,Decrescente,Nublado,Dupla,Reta,Sim,3,0,1,1,1,0,2,2,"-7,15886802","-34,90628504",SPRF-PB,DEL01-PB,UOP01-DEL01-PB
540754.0,2023-08-07,segunda-feira,07:35:00,PB,101,"89,4",JOAO PESSOA,Frear bruscamente,Tombamento,Com Vítimas Feridas,Pleno dia,Decrescente,Chuva,Dupla,Retorno Regulamentado,Sim,1,0,0,1,0,0,1,1,"-7,17854577","-34,89976287",SPRF-PB,DEL01-PB,UOP02-DEL01-PB
540826.0,2023-08-07,segunda-feira,08:00:00,PB,230,135,CAMPINA GRANDE,Reação tardia ou ineficiente do condutor,Saída de leito carroçável,Com Vítimas Feridas,Pleno dia,Crescente,Céu Claro,Simples,Curva,Não,1,0,1,0,0,0,1,1,"-7,2789","-35,7591",SPRF-PB,DEL02-PB,UOP01-DEL02-PB
540934.0,2023-08-08,terça-feira,00:34:00,PB,104,"142,5",QUEIMADAS,Demais falhas mecânicas ou elétricas,Incêndio,Sem Vítimas,Plena Noite,Crescente,Céu Claro,Simples,Reta,Sim,1,0,0,0,0,1,0,1,"-7,39577502","-35,89744631",SPRF-PB,DEL02-PB,UOP03-DEL02-PB
540961.0,2023-08-08,terça-feira,07:50:00,PB,230,18,JOAO PESSOA,Manobra de mudança de faixa,Colisão lateral mesmo sentido,Com Vítimas Feridas,Pleno dia,Decrescente,Céu Claro,Dupla,Aclive,Não,3,0,2,0,1,0,2,2,"-7,1198","-34,8453",SPRF-PB,DEL01-PB,UOP01-DEL01-PB
540962.0,2023-08-08,terça-feira,08:08:00,PB,104,"115,2",LAGOA SECA,Ausência de reação do condutor,Colisão traseira,Sem Vítimas,Pleno dia,Crescente,Chuva,Simples,Reta,Não,5,0,0,0,5,0,0,3,"-7,173962","-35,85993",SPRF-PB,DEL02-PB,UOP04-DEL02-PB
541024.0,2023-08-08,terça-feira,12:30:00,PB,230,14,CABEDELO,Frear bruscamente,Tombamento,Com Vítimas Feridas,Pleno dia,Crescente,Nublado,Múltipla,Reta,Sim,1,0,1,0,0,0,1,1,"-7,08981658","-34,84854108",SPRF-PB,DEL01-PB,UOP01-DEL01-PB
541043.0,2023-08-08,terça-feira,15:00:00,PB,101,68,SANTA RITA,Chuva,Queda de ocupante de veículo,Sem Vítimas,Anoitecer,Decrescente,Garoa/Chuvisco,Dupla,Reta,Não,1,0,0,0,0,1,0,1,"-7,05686225","-35,02780412",SPRF-PB,DEL01-PB,UOP04-DEL01-PB
541072.0,2023-06-21,quarta-feira,00:44:00,PB,230,25,JOAO PESSOA,Transitar na contramão,Colisão frontal,Com Vítimas Feridas,Plena Noite,Crescente,Nublado,Múltipla,Reta,Sim,2,0,0,1,1,0,1,2,"-7,1707","-34,8684",SPRF-PB,DEL01-PB,UOP01-DEL01-PB
541202.0,2023-08-09,quarta-feira,07:05:00,PB,101,"66,3",SANTA RITA,Ausência de reação do condutor,Saída de leito carroçável,Com Vítimas Fatais,Pleno dia,Crescente,Ignorado,Dupla,Reta,Não,1,1,0,0,0,0,0,1,"-7,04802898","-35,04348899",SPRF-PB,DEL01-PB,UOP04-DEL01-PB
541208.0,2023-08-09,quarta-feira,10:20:00,PB,101,101,CONDE,Transitar no Acostamento,Colisão lateral mesmo sentido,Com Vítimas Feridas,Pleno dia,Decrescente,Sol,Dupla,Reta,Não,2,0,0,1,1,0,1,2,"-7,26940303","-34,93723934",SPRF-PB,DEL01-PB,UOP02-DEL01-PB
541258.0,2023-08-09,quarta-feira,16:40:00,PB,101,"74,8",SANTA RITA,Avarias e/ou desgaste excessivo no pneu,Tombamento,Com Vítimas Feridas,Pleno dia,Decrescente,Céu Claro,Dupla,Curva;Aclive,Não,2,0,2,0,0,0,2,1,"-7,08339163","-34,98076176",SPRF-PB,DEL01-PB,UOP04-DEL01-PB
541273.0,2023-08-09,quarta-feira,18:15:00,PB,104,"150,1",QUEIMADAS,Condutor deixou de manter distância do veículo da frente,Colisão frontal,Sem Vítimas,Plena Noite,Crescente,Céu Claro,Simples,Reta,Não,2,0,0,0,1,1,0,2,"-7,45620953","-35,9166956",SPRF-PB,DEL02-PB,UOP03-DEL02-PB
541284.0,2023-08-09,quarta-feira,19:15:00,PB,230,28,JOAO PESSOA,Manobra de mudança de faixa,Colisão lateral mesmo sentido,Com Vítimas Feridas,Plena Noite,Crescente,Céu Claro,Dupla,Curva;Declive,Sim,3,0,2,0,0,1,2,2,"-7,1651","-34,8941",SPRF-PB,DEL01-PB,UOP01-DEL01-PB
541297.0,2023-08-09,quarta-feira,19:05:00,PB,230,"151,4",CAMPINA GRANDE,Ultrapassagem Indevida,Colisão lateral sentido oposto,Com Vítimas Feridas,Plena Noite,Crescente,Céu Claro,Simples,Aclive;Reta,Não,3,0,2,0,0,1,2,2,"-7,2587","-35,8778",SPRF-PB,DEL02-PB,UOP01-DEL02-PB
541563.0,2023-08-11,sexta-feira,07:55:00,PB,230,"155,5",CAMPINA GRANDE,Ausência de reação do condutor,Colisão traseira,Com Vítimas Feridas,Pleno dia,Decrescente,Nublado,Simples,Em Obras;Reta,Sim,2,0,1,0,1,0,1,2,"-7,274907","-35,905597",SPRF-PB,DEL02-PB,UOP01-DEL02-PB
541642.0,2023-08-11,sexta-feira,14:00:00,PB,412,"144,4",MONTEIRO,Manobra de mudança de faixa,Colisão frontal,Com Vítimas Feridas,Pleno dia,Decrescente,Sol,Simples,Reta,Sim,3,0,1,1,1,0,2,2,"-7,891878","-37,111336",SPRF-PB,DEL02-PB,UOP02-DEL02-PB
541707.0,2023-08-11,sexta-feira,19:00:00,PB,104,112,LAGOA SECA,Acessar a via sem observar a presença dos outros veículos,Colisão transversal,Com Vítimas Feridas,Plena Noite,Decrescente,Garoa/Chuvisco,Simples,Interseção de Vias;Reta,Sim,2,0,1,1,0,0,2,2,"-7,1450288","-35,85692679",SPRF-PB,DEL02-PB,UOP04-DEL02-PB
541823.0,2023-08-12,sábado,08:10:00,PB,230,"35,8",SANTA RITA,Ausência de reação do condutor,Colisão traseira,Com Vítimas Feridas,Pleno dia,Decrescente,Céu Claro,Dupla,Declive,Sim,3,0,1,1,1,0,2,2,"-7,1246","-34,9473",SPRF-PB,DEL01-PB,UOP03-DEL01-PB
541842.0,2023-03-31,sexta-feira,19:20:00,PB,230,349,PATOS,Condutor deixou de manter distância do veículo da frente,Colisão lateral sentido oposto,Com Vítimas Feridas,Plena Noite,Crescente,Céu Claro,Simples,Reta,Não,4,0,1,1,1,1,2,3,"-6,9548","-37,3764",SPRF-PB,DEL03-PB,UOP01-DEL03-PB
541916.0,2023-08-12,sábado,17:00:00,PB,230,"278,9",SANTA LUZIA,Ausência de reação do condutor,Saída de leito carroçável,Com Vítimas Feridas,Anoitecer,Crescente,Céu Claro,Simples,Reta,Não,2,0,1,0,1,0,1,1,"-6,9513","-36,8451",SPRF-PB,DEL03-PB,UOP01-DEL03-PB
541981.0,2023-08-12,sábado,21:50:00,PB,101,77,SANTA RITA,Ausência de reação do condutor,Queda de ocupante de veículo,Com Vítimas Feridas,Plena Noite,Decrescente,Céu Claro,Dupla,Reta,Não,2,0,2,0,0,0,2,1,"-7,0994719432","-34,9657428263",SPRF-PB,DEL01-PB,UOP04-DEL01-PB
542071.0,2023-08-06,domingo,19:15:00,PB,104,99,ESPERANCA,Pedestre andava na pista,Atropelamento de Pedestre,Com Vítimas Fatais,Plena Noite,Crescente,Céu Claro,Simples,Declive;Reta,Não,2,1,0,1,0,0,1,2,"-7,03648001","-35,8599039",SPRF-PB,DEL02-PB,UOP04-DEL02-PB
542099.0,2023-08-13,domingo,12:35:00,PB,101,"79,8",SANTA RITA,Acumulo de água sobre o pavimento,Saída de leito carroçável,Com Vítimas Feridas,Pleno dia,Decrescente,Chuva,Dupla,Ponte;Reta,Não,2,0,1,0,1,0,1,1,"-7,1147526","-34,95793891",SPRF-PB,DEL01-PB,UOP04-DEL01-PB
542101.0,2023-08-13,domingo,09:50:00,PB,230,438,POMBAL,Reação tardia ou ineficiente do condutor,Saída de leito carroçável,Com Vítimas Feridas,Pleno dia,Decrescente,Céu Claro,Simples,Reta,Não,1,0,1,0,0,0,1,1,"-6,7612","-38,0094",SPRF-PB,DEL03-PB,UOP02-DEL03-PB
542120.0,2023-08-13,domingo,15:35:00,PB,230,"12,6",CABEDELO,Pedestre cruzava a pista fora da faixa,Atropelamento de Pedestre,Com Vítimas Feridas,Pleno dia,Crescente,Céu Claro,Dupla,Interseção de Vias;Reta,Não,5,0,0,3,0,2,3,4,"-7,0769609","-34,84940756",SPRF-PB,DEL01-PB,UOP01-DEL01-PB
542173.0,2023-08-13,domingo,19:30:00,PB,230,153,CAMPINA GRANDE,Reação tardia ou ineficiente do condutor,Saída de leito carroçável,Sem Vítimas,Plena Noite,Decrescente,Céu Claro,Simples,Interseção de Vias,Sim,1,0,0,0,1,0,0,1,"-7,2763","-35,8887",SPRF-PB,DEL02-PB,UOP01-DEL02-PB
542182.0,2023-08-13,domingo,19:30:00,PB,230,407,POMBAL,Ultrapassagem Indevida,Colisão frontal,Com Vítimas Feridas,Plena Noite,Crescente,Céu Claro,Simples,Curva,Sim,3,0,0,3,0,0,3,2,"-6,7733","-37,798",SPRF-PB,DEL03-PB,UOP02-DEL03-PB
542281.0,2023-08-14,segunda-feira,08:30:00,PB,230,23,JOAO PESSOA,Ausência de reação do condutor,Colisão traseira,Com Vítimas Feridas,Pleno dia,Decrescente,Nublado,Múltipla,Reta,Sim,6,0,1,0,5,0,1,2,"-7,1562","-34,8574",SPRF-PB,DEL01-PB,UOP01-DEL01-PB
542307.0,2023-08-14,segunda-feira,10:00:00,PB,427,"21,1",PAULISTA,Avarias e/ou desgaste excessivo no pneu,Colisão com objeto,Com Vítimas Feridas,Pleno dia,Decrescente,Céu Claro,Simples,Curva,Não,2,0,2,0,0,0,2,1,"-6,710463","-37,64633",SPRF-PB,DEL03-PB,UOP02-DEL03-PB
542400.0,2023-08-14,segunda-feira,19:25:00,PB,101,81,BAYEUX,Carga excessiva e/ou mal acondicionada,Colisão com objeto,Com Vítimas Feridas,Plena Noite,Decrescente,Céu Claro,Dupla,Reta,Sim,1,0,1,0,0,0,1,1,"-7,12508575","-34,94513217",SPRF-PB,DEL01-PB,UOP01-DEL01-PB
542480.0,2023-08-15,terça-feira,09:35:00,PB,230,"16,5",JOAO PESSOA,Condutor deixou de manter distância do veículo da frente,Tombamento,Com Vítimas Feridas,Pleno dia,Decrescente,Céu Claro,Dupla,Aclive;Reta,Sim,1,0,1,0,0,0,1,1,"-7,1039","-34,8458",SPRF-PB,DEL01-PB,UOP01-DEL01-PB
542699.0,2023-08-16,quarta-feira,12:10:00,PB,230,13,CABEDELO,Reação tardia ou ineficiente do condutor,Colisão lateral mesmo sentido,Com Vítimas Feridas,Pleno dia,Decrescente,Sol,Dupla,Reta,Sim,3,0,1,0,1,1,1,3,"-7,09112182","-34,84821731",SPRF-PB,DEL01-PB,UOP01-DEL01-PB
542773.0,2023-08-16,quarta-feira,19:00:00,PB,104,"143,5",QUEIMADAS,Reação tardia ou ineficiente do condutor,Atropelamento de Animal,Com Vítimas Feridas,Plena Noite,Decrescente,Céu Claro,Simples,Reta,Não,1,0,0,1,0,0,1,1,"-7,40477903","-35,89667929",SPRF-PB,DEL02-PB,UOP03-DEL02-PB
542795.0,2023-08-16,quarta-feira,23:49:00,PB,101,78,SANTA RITA,Ingestão de álcool pelo condutor,Colisão traseira,Sem Vítimas,Plena Noite,Crescente,Chuva,Dupla,Curva;Declive,Não,2,0,0,0,2,0,0,2,"-7,10808295","-34,96293885",SPRF-PB,DEL01-PB,UOP04-DEL01-PB
542996.0,2023-08-18,sexta-feira,03:30:00,PB,405,1,UIRAUNA,Ausência de reação do condutor,Queda de ocupante de veículo,Com Vítimas Feridas,Amanhecer,Crescente,Céu Claro,Simples,Aclive;Reta,Não,1,0,0,1,0,0,1,1,"-6,461908","-38,378624",SPRF-PB,DEL03-PB,UOP03-DEL03-PB
543040.0,2023-08-18,sexta-feira,11:40:00,PB,230,"185,3",POCINHOS,Condutor deixou de manter distância do veículo da frente,Colisão traseira,Com Vítimas Feridas,Pleno dia,Decrescente,Nublado,Simples,Reta,Não,4,0,2,0,2,0,2,2,"-7,15082","-36,112378",SPRF-PB,DEL02-PB,UOP02-DEL02-PB
543121.0,2023-08-18,sexta-feira,17:08:00,PB,230,156,CAMPINA GRANDE,Desrespeitar a preferência no cruzamento,Colisão transversal,Com Vítimas Feridas,Anoitecer,Crescente,Céu Claro,Simples,Rotatória,Não,3,0,1,0,2,0,1,2,"-7,2693","-35,9138",SPRF-PB,DEL02-PB,UOP01-DEL02-PB
543233.0,2023-08-19,sábado,07:05:00,PB,230,"67,8",SOBRADO,Ausência de reação do condutor,Saída de leito carroçável,Com Vítimas Feridas,Pleno dia,Decrescente,Chuva,Dupla,Declive;Retorno Regulamentado,Não,1,0,1,0,0,0,1,1,"-7,18826054","-35,21282315",SPRF-PB,DEL01-PB,UOP03-DEL01-PB
543275.0,2023-08-19,sábado,10:50:00,PB,230,"64,6",SAO MIGUEL DE TAIPU,Reação tardia ou ineficiente do condutor,Saída de leito carroçável,Com Vítimas Feridas,Pleno dia,Crescente,Chuva,Dupla,Ponte,Não,3,0,1,0,2,0,1,1,"-7,1944","-35,1754",SPRF-PB,DEL01-PB,UOP03-DEL01-PB
543343.0,2023-08-19,sábado,18:20:00,PB,101,96,CONDE,Reação tardia ou ineficiente do condutor,Colisão traseira,Com Vítimas Feridas,Plena Noite,Crescente,Céu Claro,Múltipla,Reta,Sim,2,0,1,0,0,1,1,2,"-7,230921","-34,921149",SPRF-PB,DEL01-PB,UOP02-DEL01-PB
543499.0,2023-08-20,domingo,12:35:00,PB,230,"35,6",SANTA RITA,Reação tardia ou ineficiente do condutor,Colisão com objeto,Com Vítimas Feridas,Pleno dia,Crescente,Garoa/Chuvisco,Simples,Aclive;Curva;Viaduto,Sim,4,0,1,2,1,0,3,1,"-7,12381411","-34,94593263",SPRF-PB,DEL01-PB,UOP01-DEL01-PB
543636.0,2023-08-20,domingo,21:45:00,PB,230,51,CRUZ DO ESPIRITO SANTO,Chuva,Saída de leito carroçável,Sem Vítimas,Plena Noite,Decrescente,Chuva,Dupla,Reta,Não,1,0,0,0,0,1,0,1,"-7,1897","-35,0615",SPRF-PB,DEL01-PB,UOP03-DEL01-PB
543668.0,2023-08-21,segunda-feira,09:10:00,PB,230,23,JOAO PESSOA,Trafegar com motocicleta (ou similar) entre as faixas,Colisão lateral mesmo sentido,Com Vítimas Feridas,Pleno dia,Decrescente,Céu Claro,Dupla,Viaduto,Não,2,0,1,0,1,0,1,2,"-7,1562","-34,8574",SPRF-PB,DEL01-PB,UOP01-DEL01-PB
543813.0,2023-07-25,terça-feira,07:00:00,PB,101,89,JOAO PESSOA,Ausência de reação do condutor,Tombamento,Com Vítimas Feridas,Pleno dia,Crescente,Céu Claro,Simples,Reta,Não,1,0,1,0,0,0,1,1,"-7,1710694","-34,89765372",SPRF-PB,DEL01-PB,UOP02-DEL01-PB
543869.0,2023-08-22,terça-feira,13:00:00,PB,101,102,ALHANDRA,Pista Escorregadia,Colisão com objeto,Sem Vítimas,Pleno dia,Decrescente,Chuva,Dupla,Reta,Não,3,0,0,0,1,2,0,1,"-7,28436337","-34,93897449",SPRF-PB,DEL01-PB,UOP02-DEL01-PB
543921.0,2023-08-22,terça-feira,18:30:00,PB,104,107,SAO SEBASTIAO DE LAGOA DE  ROCA,Transitar na contramão,Colisão com objeto,Com Vítimas Feridas,Plena Noite,Crescente,Céu Claro,Simples,Reta,Sim,2,0,1,0,1,0,1,2,"-7,10299395","-35,8661241",SPRF-PB,DEL02-PB,UOP04-DEL02-PB
543959.0,2023-08-22,terça-feira,21:50:00,PB,230,"158,5",CAMPINA GRANDE,Animais na Pista,Atropelamento de Animal,Com Vítimas Feridas,Plena Noite,Decrescente,Nublado,Simples,Declive;Reta,Sim,1,0,1,0,0,0,1,1,"-7,2582","-35,9267",SPRF-PB,DEL02-PB,UOP01-DEL02-PB
544046.0,2023-07-02,domingo,10:30:00,PB,230,"56,7",CRUZ DO ESPIRITO SANTO,Manobra de mudança de faixa,Colisão lateral mesmo sentido,Com Vítimas Feridas,Pleno dia,Decrescente,Chuva,Dupla,Curva,Não,2,0,0,1,1,0,1,2,"-7,2021","-35,1038",SPRF-PB,DEL01-PB,UOP03-DEL01-PB
544069.0,2023-08-23,quarta-feira,16:25:00,PB,230,28,JOAO PESSOA,Ausência de reação do condutor,Tombamento,Com Vítimas Feridas,Pleno dia,Decrescente,Sol,Simples,Aclive;Curva;Interseção de Vias,Sim,1,0,1,0,0,0,1,1,"-7,16584017","-34,89826999",SPRF-PB,DEL01-PB,UOP01-DEL01-PB
544082.0,2023-08-23,quarta-feira,17:50:00,PB,230,"16,5",JOAO PESSOA,Condutor deixou de manter distância do veículo da frente,Colisão lateral mesmo sentido,Com Vítimas Feridas,Anoitecer,Crescente,Céu Claro,Dupla,Reta,Sim,2,0,0,1,1,0,1,2,"-7,1039","-34,8458",SPRF-PB,DEL01-PB,UOP01-DEL01-PB
544214.0,2023-08-24,quinta-feira,09:15:00,PB,230,"117,8",INGA,Ausência de reação do condutor,Saída de leito carroçável,Com Vítimas Feridas,Pleno dia,Decrescente,Céu Claro,Dupla,Curva;Declive;Retorno Regulamentado,Não,1,0,1,0,0,0,1,1,"-7,2393","-35,6128",SPRF-PB,DEL02-PB,UOP01-DEL02-PB
544224.0,2023-08-24,quinta-feira,10:15:00,PB,101,94,CONDE,Ausência de reação do condutor,Colisão traseira,Sem Vítimas,Pleno dia,Decrescente,Céu Claro,Dupla,Reta,Não,2,0,0,0,2,0,0,2,"-7,22545094","-34,91588116",SPRF-PB,DEL01-PB,UOP02-DEL01-PB
544253.0,2023-08-24,quinta-feira,13:00:00,PB,230,"18,8",JOAO PESSOA,Objeto estático sobre o leito carroçável,Tombamento,Com Vítimas Feridas,Pleno dia,Crescente,Sol,Dupla,Reta,Não,2,0,1,0,0,1,1,1,"-7,1198","-34,8453",SPRF-PB,DEL01-PB,UOP01-DEL01-PB
544270.0,2023-08-24,quinta-feira,16:15:00,PB,230,"22,5",JOAO PESSOA,Condutor deixou de manter distância do veículo da frente,Colisão traseira,Com Vítimas Feridas,Pleno dia,Decrescente,Céu Claro,Dupla,Reta,Sim,3,0,1,0,1,1,1,3,"-7,15398392","-34,85543489",SPRF-PB,DEL01-PB,UOP01-DEL01-PB
544303.0,2023-07-19,quarta-feira,18:30:00,PB,361,64,OLHO DAGUA,Transitar na contramão,Colisão frontal,Com Vítimas Feridas,Plena Noite,Crescente,Céu Claro,Simples,Reta,Não,2,0,0,1,1,0,1,2,"-7,21220219","-37,75729797",SPRF-PB,DEL03-PB,UOP01-DEL03-PB
544419.0,2023-08-25,sexta-feira,09:50:00,PB,230,296,SANTA LUZIA,Manobra de mudança de faixa,Saída de leito carroçável,Com Vítimas Feridas,Pleno dia,Decrescente,Céu Claro,Simples,Reta,Não,1,0,1,0,0,0,1,1,"-6,90301252","-36,9881022",SPRF-PB,DEL03-PB,UOP01-DEL03-PB
544456.0,2023-08-25,sexta-feira,13:30:00,PB,230,19,JOAO PESSOA,Condutor deixou de manter distância do veículo da frente,Engavetamento,Sem Vítimas,Pleno dia,Decrescente,Céu Claro,Dupla,Reta,Sim,9,0,0,0,8,1,0,7,"-7,1281","-34,8466",SPRF-PB,DEL01-PB,UOP01-DEL01-PB
544494.0,2023-08-25,sexta-feira,17:20:00,PB,101,"96,3",CONDE,Condutor deixou de manter distância do veículo da frente,Colisão traseira,Com Vítimas Feridas,Anoitecer,Decrescente,Céu Claro,Dupla,Reta;Retorno Regulamentado,Não,2,0,1,0,0,1,1,2,"-7,23313935","-34,92274404",SPRF-PB,DEL01-PB,UOP02-DEL01-PB
544528.0,2023-08-25,sexta-feira,20:55:00,PB,230,17,JOAO PESSOA,Pedestre cruzava a pista fora da faixa,Atropelamento de Pedestre,Com Vítimas Feridas,Plena Noite,Crescente,Céu Claro,Dupla,Reta,Sim,3,0,0,1,1,1,1,2,"-7,1121","-34,8426",SPRF-PB,DEL01-PB,UOP01-DEL01-PB
544559.0,2023-08-25,sexta-feira,18:10:00,PB,230,"453,5",SOUSA,Ausência de reação do condutor,Tombamento,Com Vítimas Feridas,Plena Noite,Crescente,Céu Claro,Simples,Reta,Não,3,0,2,1,0,0,3,1,"-6,780736","-38,155225",SPRF-PB,DEL03-PB,UOP03-DEL03-PB
544628.0,2023-08-26,sábado,08:40:00,PB,230,51,CRUZ DO ESPIRITO SANTO,Avarias e/ou desgaste excessivo no pneu,Tombamento,Com Vítimas Feridas,Pleno dia,Decrescente,Céu Claro,Dupla,Reta,Não,2,0,2,0,0,0,2,1,"-7,1897","-35,0615",SPRF-PB,DEL01-PB,UOP03-DEL01-PB
544728.0,2023-08-26,sábado,17:10:00,PB,230,"72,8",SOBRADO,Avarias e/ou desgaste excessivo no pneu,Tombamento,Com Vítimas Feridas,Pleno dia,Decrescente,Céu Claro,Dupla,Reta,Não,2,0,1,1,0,0,2,1,"-7,1907","-35,2418",SPRF-PB,DEL01-PB,UOP03-DEL01-PB
544753.0,2023-08-26,sábado,17:10:00,PB,230,14,CABEDELO,Transtornos Mentais (exceto suicidio),Queda de ocupante de veículo,Com Vítimas Feridas,Anoitecer,Decrescente,Céu Claro,Múltipla,Reta,Sim,3,0,1,0,2,0,1,1,"-7,0844","-34,8488",SPRF-PB,DEL01-PB,UOP01-DEL01-PB
544866.0,2023-08-27,domingo,09:30:00,PB,230,2,CABEDELO,Condutor deixou de manter distância do veículo da frente,Colisão traseira,Com Vítimas Feridas,Pleno dia,Decrescente,Sol,Dupla,Reta,Sim,3,0,1,1,1,0,2,2,"-6,9837","-34,8295",SPRF-PB,DEL01-PB,UOP01-DEL01-PB
544869.0,2023-08-27,domingo,08:30:00,PB,230,"117,3",INGA,Avarias e/ou desgaste excessivo no pneu,Tombamento,Com Vítimas Feridas,Pleno dia,Decrescente,Nublado,Dupla,Curva;Declive,Não,2,0,2,0,0,0,2,1,"-7,241188","-35,623304",SPRF-PB,DEL02-PB,UOP01-DEL02-PB
544931.0,2023-08-27,domingo,16:20:00,PB,101,"93,2",CONDE,Acessar a via sem observar a presença dos outros veículos,Colisão transversal,Com Vítimas Feridas,Pleno dia,Decrescente,Céu Claro,Dupla,Reta,Sim,4,0,2,0,2,0,2,2,"-7,205825","-34,90879",SPRF-PB,DEL01-PB,UOP02-DEL01-PB
545338.0,2023-08-29,terça-feira,17:50:00,PB,230,16,JOAO PESSOA,Trafegar com motocicleta (ou similar) entre as faixas,Queda de ocupante de veículo,Com Vítimas Feridas,Anoitecer,Decrescente,Céu Claro,Dupla,Reta,Sim,1,0,1,0,0,0,1,1,"-7,1039","-34,8458",SPRF-PB,DEL01-PB,UOP01-DEL01-PB
545456.0,2023-08-30,quarta-feira,12:00:00,PB,104,"130,8",QUEIMADAS,Acesso irregular,Colisão lateral sentido oposto,Com Vítimas Feridas,Pleno dia,Crescente,Céu Claro,Simples,Reta,Sim,2,0,0,1,1,0,1,2,"-7,29013399","-35,89029705",SPRF-PB,DEL02-PB,UOP03-DEL02-PB