id,data_inversa,dia_semana,horario,uf,br,km,municipio,causa_acidente,tipo_acidente,classificacao_acidente,fase_dia,sentido_via,condicao_metereologica,tipo_pista,tracado_via,uso_solo,pessoas,mortos,feridos_leves,feridos_graves,ilesos,ignorados,feridos,veiculos,latitude,longitude,regional,delegacia,uop
545508.0,2023-08-30,quarta-feira,15:50:00,PB,230,165,CAMPINA GRANDE,Condutor deixou de manter distância do veículo da frente,Colisão traseira,Sem Vítimas,Pleno dia,Crescente,Céu Claro,Simples,Reta,Sim,2,0,0,0,2,0,0,2,"-7,2051","-35,951",SPRF-PB,DEL02-PB,UOP01-DEL02-PB
545524.0,2023-08-30,quarta-feira,17:40:00,PB,230,"158,9",CAMPINA GRANDE,Desrespeitar a preferência no cruzamento,Colisão transversal,Com Vítimas Feridas,Pleno dia,Decrescente,Nublado,Simples,Reta;Interseção de Vias,Sim,2,0,0,1,1,0,1,2,"-7,2582","-35,9267",SPRF-PB,DEL02-PB,UOP01-DEL02-PB
545593.0,2023-08-31,quinta-feira,06:30:00,PB,101,55,SANTA RITA,Condutor Dormindo,Saída de leito carroçável,Com Vítimas Feridas,Pleno dia,Decrescente,Sol,Dupla,Reta,Não,1,0,1,0,0,0,1,1,"-6,96193314","-35,08636026",SPRF-PB,DEL01-PB,UOP04-DEL01-PB
545609.0,2023-08-31,quinta-feira,09:00:00,PB,230,"8,4",CABEDELO,Ausência de reação do condutor,Colisão traseira,Com Vítimas Feridas,Pleno dia,Decrescente,Céu Claro,Dupla,Viaduto,Sim,2,0,1,0,1,0,1,2,"-7,0355","-34,8429",SPRF-PB,DEL01-PB,UOP01-DEL01-PB
545625.0,2023-08-31,quinta-feira,08:10:00,PB,230,"125,5",RIACHAO DO BACAMARTE,Ausência de reação do condutor,Saída de leito carroçável,Com Vítimas Feridas,Pleno dia,Decrescente,Céu Claro,Simples,Declive;Reta,Não,1,0,1,0,0,0,1,1,"-7,26077579","-35,69267035",SPRF-PB,DEL02-PB,UOP01-DEL02-PB
545657.0,2023-08-31,quinta-feira,13:00:00,PB,361,78,PIANCO,Condutor Dormindo,Colisão frontal,Com Vítimas Feridas,Pleno dia,Crescente,Céu Claro,Simples,Reta,Não,3,0,0,2,1,0,2,2,"-7,18552414","-37,877191",SPRF-PB,DEL03-PB,UOP01-DEL03-PB
545686.0,2023-08-31,quinta-feira,17:18:00,PB,230,19,JOAO PESSOA,Trafegar com motocicleta (ou similar) entre as faixas,Colisão transversal,Com Vítimas Feridas,Anoitecer,Crescente,Céu Claro,Dupla,Reta,Sim,3,0,1,1,0,1,2,2,"-7,1281","-34,8466",SPRF-PB,DEL01-PB,UOP01-DEL01-PB
545710.0,2023-08-31,quinta-feira,13:30:00,PB,104,169,BARRA DE SANTANA,Ausência de reação do condutor,Saída de leito carroçável,Com Vítimas Feridas,Pleno dia,Crescente,Céu Claro,Simples,Reta,Não,1,0,0,1,0,0,1,1,"-7,58058542","-36,02331289",SPRF-PB,DEL02-PB,UOP03-DEL02-PB
545739.0,2023-08-31,quinta-feira,19:20:00,PB,230,470,SOUSA,Ingestão de álcool pelo condutor,Queda de ocupante de veículo,Com Vítimas Feridas,Plena Noite,Crescente,Céu Claro,Simples,Reta,Não,1,0,1,0,0,0,1,1,"-6,789","-38,2846",SPRF-PB,DEL03-PB,UOP03-DEL03-PB
545803.0,2023-09-01,sexta-feira,08:50:00,PB,230,57,CRUZ DO ESPIRITO SANTO,Ausência de reação do condutor,Colisão traseira,Sem Vítimas,Pleno dia,Decrescente,Céu Claro,Dupla,Reta,Não,3,0,0,0,3,0,0,2,"-7,2028","-35,1125",SPRF-PB,DEL01-PB,UOP03-DEL01-PB
545896.0,2023-09-01,sexta-feira,16:20:00,PB,230,"151,8",CAMPINA GRANDE,Ultrapassagem Indevida,Colisão lateral mesmo sentido,Com Vítimas Feridas,Pleno dia,Decrescente,Céu Claro,Simples,Reta,Sim,2,0,1,0,0,1,1,2,"-7,2587","-35,8778",SPRF-PB,DEL02-PB,UOP01-DEL02-PB
546065.0,2023-09-02,sábado,04:00:00,PB,361,"16,8",SANTA TERESINHA,Animais na Pista,Atropelamento de Animal,Com Vítimas Feridas,Plena Noite,Decrescente,Céu Claro,Simples,Ponte;Reta,Não,1,0,1,0,0,0,1,1,"-7,05665302","-37,39553498",SPRF-PB,DEL03-PB,UOP01-DEL03-PB
546190.0,2023-09-02,sábado,18:00:00,PB,104,"116,8",LAGOA SECA,Manobra de mudança de faixa,Colisão frontal,Com Vítimas Feridas,Plena Noite,Decrescente,Nublado,Simples,Curva,Sim,2,0,0,1,0,1,1,2,"-7,18022102","-35,86480593",SPRF-PB,DEL02-PB,UOP04-DEL02-PB
546363.0,2023-09-03,domingo,13:40:00,PB,230,"87,7",GURINHEM,Acessar a via sem observar a presença dos outros veículos,Saída de leito carroçável,Com Vítimas Feridas,Pleno dia,Crescente,Céu Claro,Dupla,Reta,Não,5,0,4,1,0,0,5,1,"-7,1673","-35,3656",SPRF-PB,DEL01-PB,UOP03-DEL01-PB
546404.0,2023-09-03,domingo,19:20:00,PB,104,"114,6",LAGOA SECA,Reação tardia ou ineficiente do condutor,Colisão com objeto,Com Vítimas Feridas,Plena Noite,Crescente,Céu Claro,Simples,Reta,Sim,1,0,0,1,0,0,1,1,"-7,1620139","-35,85712429",SPRF-PB,DEL02-PB,UOP04-DEL02-PB
546455.0,2023-09-04,segunda-feira,00:03:00,PB,101,"92,9",JOAO PESSOA,Condutor Dormindo,Colisão com objeto,Sem Vítimas,Plena Noite,Crescente,Céu Claro,Dupla,Reta,Não,1,0,0,0,1,0,0,1,"-7,207301","-34,909384",SPRF-PB,DEL01-PB,UOP02-DEL01-PB
546492.0,2023-09-04,segunda-feira,07:05:00,PB,230,"158,8",CAMPINA GRANDE,Reação tardia ou ineficiente do condutor,Colisão traseira,Sem Vítimas,Pleno dia,Crescente,Céu Claro,Simples,Reta,Sim,2,0,0,0,2,0,0,2,"-7,2582","-35,9267",SPRF-PB,DEL02-PB,UOP01-DEL02-PB
546516.0,2023-09-04,segunda-feira,05:00:00,PB,230,12,CABEDELO,Ausência de reação do condutor,Saída de leito carroçável,Sem Vítimas,Pleno dia,Crescente,Céu Claro,Dupla,Retorno Regulamentado,Sim,1,0,0,0,0,1,0,1,"-7,07432042","-34,84956849",SPRF-PB,DEL01-PB,UOP01-DEL01-PB
546531.0,2023-09-04,segunda-feira,10:25:00,PB,101,81,BAYEUX,Manobra de mudança de faixa,Colisão lateral mesmo sentido,Sem Vítimas,Pleno dia,Crescente,Sol,Dupla,Reta,Sim,2,0,0,0,2,0,0,2,"-7,12508575","-34,94513217",SPRF-PB,DEL01-PB,UOP01-DEL01-PB
546600.0,2023-09-04,segunda-feira,17:30:00,PB,230,160,CAMPINA GRANDE,Acessar a via sem observar a presença dos outros veículos,Colisão transversal,Com Vítimas Feridas,Anoitecer,Crescente,Céu Claro,Simples,Interseção de Vias,Sim,3,0,0,1,2,0,1,2,"-7,2436","-35,9375",SPRF-PB,DEL02-PB,UOP01-DEL02-PB
546780.0,2023-09-05,terça-feira,17:40:00,PB,101,"82,2",BAYEUX,Condutor deixou de manter distância do veículo da frente,Engavetamento,Com Vítimas Feridas,Plena Noite,Crescente,Garoa/Chuvisco,Dupla,Reta,Sim,4,0,2,0,1,1,2,3,"-7,12911","-34,93714",SPRF-PB,DEL01-PB,UOP01-DEL01-PB
546817.0,2023-09-05,terça-feira,19:55:00,PB,101,"85,3",JOAO PESSOA,Acessar a via sem observar a presença dos outros veículos,Colisão traseira,Com Vítimas Feridas,Plena Noite,Crescente,Chuva,Dupla,Reta,Sim,3,0,1,1,1,0,2,2,"-7,1549","-34,9077",SPRF-PB,DEL01-PB,UOP01-DEL01-PB
546839.0,2023-09-05,terça-feira,23:30:00,PB,230,"27,7",JOAO PESSOA,Condutor deixou de manter distância do veículo da frente,Engavetamento,Sem Vítimas,Plena Noite,Crescente,Céu Claro,Múltipla,Viaduto,Não,3,0,0,0,3,0,0,3,"-7,16573974","-34,89681244",SPRF-PB,DEL01-PB,UOP01-DEL01-PB
546904.0,2023-09-06,quarta-feira,11:20:00,PB,230,"23,5",JOAO PESSOA,Avarias e/ou desgaste excessivo no pneu,Tombamento,Com Vítimas Feridas,Pleno dia,Crescente,Céu Claro,Múltipla,Viaduto;Curva,Sim,1,0,1,0,0,0,1,1,"-7,1646504","-34,86251593",SPRF-PB,DEL01-PB,UOP01-DEL01-PB
546916.0,2023-09-06,quarta-feira,11:37:00,PB,230,"16,6",JOAO PESSOA,Condutor deixou de manter distância do veículo da frente,Engavetamento,Sem Vítimas,Pleno dia,Crescente,Céu Claro,Dupla,Reta,Sim,4,0,0,0,4,0,0,3,"-7,11196871","-34,84261036",SPRF-PB,DEL01-PB,UOP01-DEL01-PB
546954.0,2023-09-06,quarta-feira,11:30:00,PB,104,"89,5",REMIGIO,Acessar a via sem observar a presença dos outros veículos,Colisão transversal,Com Vítimas Fatais,Pleno dia,Crescente,Sol,Simples,Reta;Declive,Sim,2,1,0,0,1,0,0,2,"-6,9732572","-35,80905795",SPRF-PB,DEL02-PB,UOP04-DEL02-PB
546961.0,2023-09-06,quarta-feira,17:00:00,PB,230,312,SAO MAMEDE,Animais na Pista,Atropelamento de Animal,Com Vítimas Feridas,Anoitecer,Crescente,Céu Claro,Simples,Curva,Sim,1,0,1,0,0,0,1,1,"-6,9321","-37,0867",SPRF-PB,DEL03-PB,UOP01-DEL03-PB
546999.0,2023-09-06,quarta-feira,19:35:00,PB,101,88,JOAO PESSOA,Entrada inopinada do pedestre,Atropelamento de Pedestre,Com Vítimas Feridas,Plena Noite,Decrescente,Nublado,Múltipla,Viaduto;Reta,Sim,4,0,0,1,2,1,1,3,"-7,16544878","-34,89541054",SPRF-PB,DEL01-PB,UOP01-DEL01-PB
547020.0,2023-09-06,quarta-feira,20:07:00,PB,230,20,JOAO PESSOA,Condutor deixou de manter distância do veículo da frente,Colisão traseira,Sem Vítimas,Plena Noite,Decrescente,Céu Claro,Dupla,Reta,Sim,3,0,0,0,3,0,0,3,"-7,1337","-34,8544",SPRF-PB,DEL01-PB,UOP01-DEL01-PB
547129.0,2023-09-07,quinta-feira,07:10:00,PB,230,9,CABEDELO,Ausência de reação do condutor,Colisão com objeto,Sem Vítimas,Pleno dia,Crescente,Céu Claro,Dupla,Curva;Retorno Regulamentado,Não,1,0,0,0,0,1,0,1,"-7,0433","-34,8466",SPRF-PB,DEL01-PB,UOP01-DEL01-PB
547197.0,2023-09-07,quinta-feira,15:00:00,PB,230,"59,8",CRUZ DO ESPIRITO SANTO,Acessar a via sem observar a presença dos outros veículos,Colisão traseira,Com Vítimas Feridas,Pleno dia,Crescente,Céu Claro,Dupla,Aclive,Não,4,0,1,0,2,1,1,3,"-7,2043","-35,1305",SPRF-PB,DEL01-PB,UOP03-DEL01-PB
547267.0,2023-09-07,quinta-feira,20:38:00,PB,230,42,SANTA RITA,Ingestão de álcool pelo condutor,Capotamento,Sem Vítimas,Plena Noite,Crescente,Chuva,Dupla,Retorno Regulamentado,Não,5,0,0,0,1,4,0,1,"-7,1426","-34,9956",SPRF-PB,DEL01-PB,UOP03-DEL01-PB
547311.0,2023-09-08,sexta-feira,01:00:00,PB,230,"133,9",CAMPINA GRANDE,Condutor Dormindo,Saída de leito carroçável,Sem Vítimas,Plena Noite,Crescente,Garoa/Chuvisco,Dupla,Curva,Não,1,0,0,0,0,1,0,1,"-7,2746","-35,7269",SPRF-PB,DEL02-PB,UOP01-DEL02-PB
547323.0,2023-09-08,sexta-feira,06:00:00,PB,104,"166,6",BARRA DE SANTANA,Ingestão de álcool pelo condutor,Colisão com objeto,Com Vítimas Feridas,Pleno dia,Decrescente,Nublado,Simples,Aclive;Curva,Não,2,0,1,0,1,0,1,2,"-7,56253597","-36,00840527",SPRF-PB,DEL02-PB,UOP03-DEL02-PB
547333.0,2023-09-08,sexta-feira,08:00:00,PB,230,"22,2",JOAO PESSOA,Avarias e/ou desgaste excessivo no pneu,Tombamento,Com Vítimas Feridas,Pleno dia,Decrescente,Sol,Dupla,Reta,Sim,2,0,1,1,0,0,2,1,"-7,1495","-34,8517",SPRF-PB,DEL01-PB,UOP01-DEL01-PB
547379.0,2023-09-08,sexta-feira,13:00:00,PB,230,"51,9",CRUZ DO ESPIRITO SANTO,Avarias e/ou desgaste excessivo no pneu,Saída de leito carroçável,Com Vítimas Feridas,Pleno dia,Crescente,Nublado,Dupla,Reta,Não,1,0,1,0,0,0,1,1,"-7,19844722","-35,0735414",SPRF-PB,DEL01-PB,UOP03-DEL01-PB
547382.0,2023-09-08,sexta-feira,12:45:00,PB,230,88,JOAO PESSOA,Manobra de mudança de faixa,Colisão lateral mesmo sentido,Com Vítimas Feridas,Pleno dia,Decrescente,Nublado,Dupla,Interseção de Vias;Viaduto,Sim,3,0,1,0,2,0,1,2,"-7,16709876","-34,89659071",SPRF-PB,DEL01-PB,UOP03-DEL01-PB
547391.0,2023-09-08,sexta-feira,13:30:00,PB,101,"88,5",JOAO PESSOA,Avarias e/ou desgaste excessivo no pneu,Colisão com objeto,Sem Vítimas,Pleno dia,Decrescente,Nublado,Múltipla,Curva,Não,1,0,0,0,1,0,0,1,"-7,16587458","-34,8945415",SPRF-PB,DEL01-PB,UOP02-DEL01-PB
547444.0,2023-09-08,sexta-feira,15:00:00,PB,361,"34,3",CATINGUEIRA,Velocidade Incompatível,Saída de leito carroçável,Com Vítimas Fatais,Pleno dia,Crescente,Céu Claro,Simples,Curva,Não,1,1,0,0,0,0,0,1,"-7,08749516","-37,54524796",SPRF-PB,DEL03-PB,UOP01-DEL03-PB
547595.0,2023-09-09,sábado,13:55:00,PB,230,"57,8",CRUZ DO ESPIRITO SANTO,Avarias e/ou desgaste excessivo no pneu,Tombamento,Com Vítimas Feridas,Pleno dia,Crescente,Sol,Dupla,Declive;Reta,Não,2,0,2,0,0,0,2,1,"-7,2028","-35,1125",SPRF-PB,DEL01-PB,UOP03-DEL01-PB
547598.0,2023-08-25,sexta-feira,16:45:00,PB,101,"98,2",CONDE,Ausência de reação do condutor,Colisão lateral mesmo sentido,Com Vítimas Feridas,Pleno dia,Crescente,Sol,Dupla,Reta,Não,2,0,1,0,1,0,1,2,"-7,24692282","-34,93113937",SPRF-PB,DEL01-PB,UOP02-DEL01-PB
547631.0,2023-09-09,sábado,17:20:00,PB,230,12,CABEDELO,Reação tardia ou ineficiente do condutor,Colisão com objeto,Com Vítimas Feridas,Anoitecer,Decrescente,Chuva,Dupla,Reta,Sim,3,0,0,1,1,1,1,3,"-7,08027291","-34,84912781",SPRF-PB,DEL01-PB,UOP01-DEL01-PB
547796.0,2023-09-10,domingo,08:20:00,PB,230,"370,5",CONDADO,Ultrapassagem Indevida,Saída de leito carroçável,Com Vítimas Feridas,Pleno dia,Decrescente,Céu Claro,Simples,Reta,Não,5,0,4,1,0,0,5,1,"-6,9079","-37,5497",SPRF-PB,DEL03-PB,UOP02-DEL03-PB
547829.0,2023-06-29,quinta-feira,19:56:00,PB,104,94,ESPERANCA,Acessar a via sem observar a presença dos outros veículos,Colisão transversal,Com Vítimas Feridas,Pleno dia,Decrescente,Céu Claro,Simples,Reta,Sim,2,0,1,0,0,1,1,2,"-7,00474364","-35,85081722",SPRF-PB,DEL02-PB,UOP04-DEL02-PB
547846.0,2023-09-10,domingo,16:07:00,PB,101,84,BAYEUX,Ausência de reação do condutor,Colisão traseira,Com Vítimas Feridas,Pleno dia,Decrescente,Céu Claro,Dupla,Reta,Não,2,0,0,1,1,0,1,2,"-7,13957906","-34,92312806",SPRF-PB,DEL01-PB,UOP01-DEL01-PB
547848.0,2023-09-10,domingo,16:15:00,PB,230,375,CONDADO,Ingestão de álcool pelo condutor,Colisão traseira,Com Vítimas Feridas,Pleno dia,Crescente,Céu Claro,Simples,Reta,Sim,2,0,1,0,1,0,1,2,"-6,9088","-37,5918",SPRF-PB,DEL03-PB,UOP02-DEL03-PB
547900.0,2023-09-10,domingo,18:20:00,PB,230,"171,8",CAMPINA GRANDE,Reação tardia ou ineficiente do condutor,Colisão traseira,Com Vítimas Feridas,Plena Noite,Decrescente,Céu Claro,Simples,Reta;Aclive,Não,4,0,1,0,3,0,1,2,"-7,18","-35,9938",SPRF-PB,DEL02-PB,UOP02-DEL02-PB
547989.0,2023-09-11,segunda-feira,07:10:00,PB,230,20,JOAO PESSOA,Acostamento em desnível,Tombamento,Com Vítimas Feridas,Pleno dia,Crescente,Céu Claro,Simples,Reta,Não,1,0,1,0,0,0,1,1,"-7,1337","-34,8544",SPRF-PB,DEL01-PB,UOP01-DEL01-PB
548084.0,2023-09-11,segunda-feira,15:30:00,PB,101,11,MAMANGUAPE,Ausência de reação do condutor,Saída de leito carroçável,Com Vítimas Feridas,Pleno dia,Crescente,Céu Claro,Dupla,Reta;Declive,Não,1,0,0,1,0,0,1,1,"-6,59256898","-35,14508356",SPRF-PB,DEL01-PB,UOP04-DEL01-PB
548182.0,2023-07-02,domingo,13:50:00,PB,230,"157,7",CAMPINA GRANDE,Acessar a via sem observar a presença dos outros veículos,Colisão transversal,Com Vítimas Feridas,Pleno dia,Crescente,Céu Claro,Simples,Interseção de Vias,Não,3,0,0,2,1,0,2,2,"-7,264","-35,9199",SPRF-PB,DEL02-PB,UOP01-DEL02-PB
548247.0,2023-09-12,terça-feira,15:10:00,PB,104,133,QUEIMADAS,Ausência de reação do condutor,Colisão traseira,Com Vítimas Feridas,Anoitecer,Decrescente,Garoa/Chuvisco,Simples,Reta,Não,3,0,1,0,2,0,1,3,"-7,31674795","-35,89500926",SPRF-PB,DEL02-PB,UOP03-DEL02-PB
548410.0,2023-09-13,quarta-feira,13:50:00,PB,230,108,GURINHEM,Reação tardia ou ineficiente do condutor,Saída de leito carroçável,Com Vítimas Feridas,Pleno dia,Crescente,Garoa/Chuvisco,Dupla,Curva,Não,4,0,3,0,1,0,3,1,"-7,203","-35,5483",SPRF-PB,DEL01-PB,UOP03-DEL01-PB
548601.0,2023-09-14,quinta-feira,14:15:00,PB,230,"1,4",CABEDELO,Acessar a via sem observar a presença dos outros veículos,Colisão transversal,Com Vítimas Feridas,Pleno dia,Crescente,Céu Claro,Simples,Interseção de Vias;Reta,Sim,2,0,2,0,0,0,2,2,"-6,97575438","-34,83158654",SPRF-PB,DEL01-PB,UOP01-DEL01-PB
548730.0,2023-09-15,sexta-feira,07:20:00,PB,230,"159,1",CAMPINA GRANDE,Conversão proibida,Colisão transversal,Com Vítimas Feridas,Pleno dia,Crescente,Céu Claro,Simples,Reta,Sim,3,0,2,0,1,0,2,2,"-7,252","-35,9334",SPRF-PB,DEL02-PB,UOP01-DEL02-PB
548747.0,2023-09-15,sexta-feira,08:45:00,PB,230,2,CABEDELO,Manobra de mudança de faixa,Colisão lateral mesmo sentido,Com Vítimas Feridas,Pleno dia,Crescente,Céu Claro,Simples,Reta,Sim,3,0,0,1,1,1,1,3,"-6,9837","-34,8295",SPRF-PB,DEL01-PB,UOP01-DEL01-PB
548762.0,2023-09-15,sexta-feira,09:00:00,PB,101,127,CAAPORA,Reação tardia ou ineficiente do condutor,Engavetamento,Com Vítimas Feridas,Pleno dia,Crescente,Céu Claro,Dupla,Reta,Sim,5,0,1,0,4,0,1,4,"-7,49352627","-34,98332893",SPRF-PB,DEL01-PB,UOP02-DEL01-PB
548782.0,2023-09-15,sexta-feira,11:55:00,PB,230,"82,3",CALDAS BRANDAO,Conversão proibida,Colisão lateral mesmo sentido,Com Vítimas Feridas,Pleno dia,Decrescente,Céu Claro,Dupla,Reta,Sim,3,0,0,2,1,0,2,2,"-7,1727","-35,3284",SPRF-PB,DEL01-PB,UOP03-DEL01-PB
548873.0,2023-09-15,sexta-feira,18:40:00,PB,230,171,CAMPINA GRANDE,Manobra de mudança de faixa,Colisão frontal,Com Vítimas Feridas,Plena Noite,Crescente,Céu Claro,Simples,Reta,Não,2,0,1,0,0,1,1,2,"-7,18","-35,9938",SPRF-PB,DEL02-PB,UOP02-DEL02-PB
548903.0,2023-09-15,sexta-feira,21:30:00,PB,230,137,CAMPINA GRANDE,Condutor deixou de manter distância do veículo da frente,Colisão traseira,Sem Vítimas,Plena Noite,Crescente,Céu Claro,Dupla,Reta,Não,2,0,0,0,1,1,0,2,"-7,2766","-35,7739",SPRF-PB,DEL02-PB,UOP01-DEL02-PB
548927.0,2023-09-16,sábado,01:30:00,PB,104,"111,6",LAGOA SECA,Ingestão de álcool pelo condutor,Saída de leito carroçável,Com Vítimas Feridas,Plena Noite,Decrescente,Céu Claro,Simples,Reta,Não,1,0,0,1,0,0,1,1,"-7,136985","-35,86095",SPRF-PB,DEL02-PB,UOP04-DEL02-PB
548965.0,2023-09-16,sábado,09:05:00,PB,230,"22,6",JOAO PESSOA,Suicídio (presumido),Atropelamento de Pedestre,Com Vítimas Fatais,Pleno dia,Crescente,Céu Claro,Dupla,Reta,Sim,2,1,0,0,1,0,0,2,"-7,1578945","-34,85829592",SPRF-PB,DEL01-PB,UOP01-DEL01-PB
549060.0,2023-09-16,sábado,18:30:00,PB,230,26,JOAO PESSOA,Velocidade Incompatível,Colisão com objeto,Com Vítimas Feridas,Plena Noite,Decrescente,Nublado,Múltipla,Interseção de Vias;Reta;Viaduto,Sim,2,0,0,2,0,0,2,1,"-7,1693","-34,8782",SPRF-PB,DEL01-PB,UOP01-DEL01-PB
549148.0,2023-09-16,sábado,20:20:00,PB,230,464,SOUSA,Acessar a via sem observar a presença dos outros veículos,Colisão transversal,Com Vítimas Feridas,Pleno dia,Decrescente,Céu Claro,Simples,Reta,Não,2,0,1,0,1,0,1,2,"-6,7786","-38,2341",SPRF-PB,DEL03-PB,UOP03-DEL03-PB
549324.0,2023-09-17,domingo,20:00:00,PB,230,"60,2",CRUZ DO ESPIRITO SANTO,Transitar na contramão,Colisão frontal,Com Vítimas Fatais,Plena Noite,Decrescente,Nublado,Dupla,Reta,Não,2,1,0,0,1,0,0,2,"-7,2055","-35,148",SPRF-PB,DEL01-PB,UOP03-DEL01-PB
549404.0,2023-09-18,segunda-feira,07:14:00,PB,101,"99,6",ALHANDRA,Velocidade Incompatível,Queda de ocupante de veículo,Com Vítimas Feridas,Pleno dia,Crescente,Céu Claro,Múltipla,Retorno Regulamentado,Sim,1,0,1,0,0,0,1,1,"-7,2557332","-34,93469152",SPRF-PB,DEL01-PB,UOP02-DEL01-PB
549465.0,2023-09-18,segunda-feira,12:41:00,PB,230,"158,9",CAMPINA GRANDE,Acessar a via sem observar a presença dos outros veículos,Colisão transversal,Com Vítimas Feridas,Pleno dia,Decrescente,Chuva,Simples,Reta,Sim,2,0,1,0,1,0,1,2,"-7,2582","-35,9267",SPRF-PB,DEL02-PB,UOP01-DEL02-PB
549534.0,2023-09-18,segunda-feira,17:45:00,PB,230,16,JOAO PESSOA,Ausência de reação do condutor,Colisão traseira,Com Vítimas Feridas,Anoitecer,Crescente,Céu Claro,Dupla,Reta;Declive,Sim,2,0,1,0,0,1,1,2,"-7,1039","-34,8458",SPRF-PB,DEL01-PB,UOP01-DEL01-PB
549543.0,2023-09-18,segunda-feira,18:00:00,PB,427,37,POMBAL,Ingestão de álcool pelo condutor,Colisão lateral sentido oposto,Sem Vítimas,Plena Noite,Crescente,Céu Claro,Simples,Reta,Sim,2,0,0,0,2,0,0,2,"-6,76405124","-37,78910384",SPRF-PB,DEL03-PB,UOP02-DEL03-PB
549738.0,2023-09-19,terça-feira,18:30:00,PB,230,"23,5",JOAO PESSOA,Ausência de reação do condutor,Colisão traseira,Com Vítimas Feridas,Plena Noite,Decrescente,Nublado,Dupla,Viaduto;Reta,Sim,2,0,1,0,0,1,1,2,"-7,1707","-34,8684",SPRF-PB,DEL01-PB,UOP01-DEL01-PB
549778.0,2023-09-19,terça-feira,21:15:00,PB,230,161,CAMPINA GRANDE,Animais na Pista,Atropelamento de Animal,Com Vítimas Feridas,Plena Noite,Crescente,Céu Claro,Simples,Reta,Não,1,0,1,0,0,0,1,1,"-7,2361","-35,941",SPRF-PB,DEL02-PB,UOP01-DEL02-PB
549795.0,2023-09-20,quarta-feira,06:40:00,PB,230,42,SANTA RITA,Velocidade Incompatível,Colisão traseira,Sem Vítimas,Pleno dia,Crescente,Céu Claro,Dupla,Reta,Sim,2,0,0,0,1,1,0,2,"-7,1426","-34,9956",SPRF-PB,DEL01-PB,UOP03-DEL01-PB
549803.0,2023-09-20,quarta-feira,07:30:00,PB,230,36,SANTA RITA,Pedestre cruzava a pista fora da faixa,Atropelamento de Pedestre,Com Vítimas Feridas,Pleno dia,Decrescente,Garoa/Chuvisco,Dupla,Reta;Declive,Sim,2,0,1,1,0,0,2,2,"-7,12627333","-34,94929075",SPRF-PB,DEL01-PB,UOP03-DEL01-PB
549875.0,2023-09-20,quarta-feira,15:55:00,PB,101,53,SANTA RITA,Manobra de mudança de faixa,Saída de leito carroçável,Com Vítimas Feridas,Pleno dia,Decrescente,Céu Claro,Múltipla,Reta,Não,3,0,2,0,1,0,2,1,"-6,94606786","-35,09493776",SPRF-PB,DEL01-PB,UOP04-DEL01-PB
549897.0,2023-09-20,quarta-feira,18:10:00,PB,230,"3,8",CABEDELO,Reação tardia ou ineficiente do condutor,Colisão traseira,Com Vítimas Feridas,Plena Noite,Decrescente,Céu Claro,Dupla,Declive;Viaduto;Reta,Sim,2,0,1,0,1,0,1,2,"-6,9915","-34,8287",SPRF-PB,DEL01-PB,UOP01-DEL01-PB
549930.0,2023-09-20,quarta-feira,18:40:00,PB,230,169,CAMPINA GRANDE,Ausência de reação do condutor,Colisão traseira,Sem Vítimas,Plena Noite,Decrescente,Céu Claro,Simples,Reta,Sim,3,0,0,0,3,0,0,3,"-7,1853","-35,9764",SPRF-PB,DEL02-PB,UOP02-DEL02-PB
549980.0,2023-09-21,quinta-feira,06:39:00,PB,230,17,JOAO PESSOA,Avarias e/ou desgaste excessivo no pneu,Queda de ocupante de veículo,Com Vítimas Feridas,Pleno dia,Decrescente,Céu Claro,Dupla,Curva,Sim,2,0,2,0,0,0,2,1,"-7,1121","-34,8426",SPRF-PB,DEL01-PB,UOP01-DEL01-PB
549986.0,2023-09-21,quinta-feira,07:05:00,PB,101,108,ALHANDRA,Ausência de reação do condutor,Colisão com objeto,Com Vítimas Feridas,Pleno dia,Decrescente,Garoa/Chuvisco,Dupla,Reta,Sim,1,0,0,1,0,0,1,1,"-7,35064017","-34,94870944",SPRF-PB,DEL01-PB,UOP02-DEL01-PB
550018.0,2023-09-21,quinta-feira,09:30:00,PB,230,23,JOAO PESSOA,Condutor deixou de manter distância do veículo da frente,Colisão traseira,Com Vítimas Feridas,Pleno dia,Decrescente,Garoa/Chuvisco,Dupla,Reta,Não,5,0,1,0,4,0,1,5,"-7,16554765","-34,86269188",SPRF-PB,DEL01-PB,UOP01-DEL01-PB
550035.0,2023-09-21,quinta-feira,08:30:00,PB,230,"14,8",CABEDELO,Reação tardia ou ineficiente do condutor,Colisão traseira,Com Vítimas Feridas,Pleno dia,Crescente,Nublado,Dupla,Reta,Sim,2,0,1,0,1,0,1,2,"-7,0844","-34,8488",SPRF-PB,DEL01-PB,UOP01-DEL01-PB
550161.0,2023-09-22,sexta-feira,00:50:00,PB,230,140,CAMPINA GRANDE,Ingestão de álcool pelo condutor,Saída de leito carroçável,Sem Vítimas,Plena Noite,Decrescente,Céu Claro,Dupla,Curva,Não,5,0,0,0,5,0,0,1,"-7,268","-35,7991",SPRF-PB,DEL02-PB,UOP01-DEL02-PB