id,data_inversa,dia_semana,horario,uf,br,km,municipio,causa_acidente,tipo_acidente,classificacao_acidente,fase_dia,sentido_via,condicao_metereologica,tipo_pista,tracado_via,uso_solo,pessoas,mortos,feridos_leves,feridos_graves,ilesos,ignorados,feridos,veiculos,latitude,longitude,regional,delegacia,uop
550174.0,2023-09-22,sexta-feira,06:15:00,PB,101,"5,8",MATARACA,Ausência de reação do condutor,Colisão transversal,Com Vítimas Fatais,Pleno dia,Decrescente,Garoa/Chuvisco,Dupla,Reta,Não,2,1,0,0,1,0,0,2,"-6,54791705","-35,12227696",SPRF-PB,DEL01-PB,UOP04-DEL01-PB
550186.0,2023-09-10,domingo,20:09:00,PB,230,477,MARIZOPOLIS,Transitar na contramão,Colisão frontal,Com Vítimas Feridas,Plena Noite,Decrescente,Céu Claro,Simples,Aclive,Não,3,0,1,1,0,1,2,2,"-6,8384","-38,3156",SPRF-PB,DEL03-PB,UOP03-DEL03-PB
550187.0,2023-09-22,sexta-feira,07:35:00,PB,230,"11,2",CABEDELO,Acessar a via sem observar a presença dos outros veículos,Colisão lateral mesmo sentido,Com Vítimas Feridas,Pleno dia,Decrescente,Céu Claro,Dupla,Retorno Regulamentado;Reta,Sim,4,0,2,1,0,1,3,2,"-7,06499489","-34,85010982",SPRF-PB,DEL01-PB,UOP01-DEL01-PB
550244.0,2023-09-22,sexta-feira,14:20:00,PB,230,22,JOAO PESSOA,Ausência de reação do condutor,Colisão traseira,Com Vítimas Feridas,Pleno dia,Decrescente,Céu Claro,Dupla,Reta,Sim,2,0,1,0,1,0,1,2,"-7,1495","-34,8517",SPRF-PB,DEL01-PB,UOP01-DEL01-PB
550293.0,2023-09-22,sexta-feira,19:00:00,PB,427,"4,3",PAULISTA,Ausência de reação do condutor,Colisão com objeto,Com Vítimas Feridas,Plena Noite,Decrescente,Céu Claro,Simples,Ponte;Reta,Não,1,0,1,0,0,0,1,1,"-6,65089249","-37,50800791",SPRF-PB,DEL03-PB,UOP02-DEL03-PB
550368.0,2023-09-23,sábado,06:00:00,PB,412,144,MONTEIRO,Demais falhas mecânicas ou elétricas,Incêndio,Sem Vítimas,Pleno dia,Crescente,Nublado,Simples,Reta,Sim,1,0,0,0,0,1,0,1,"-7,891878","-37,111336",SPRF-PB,DEL02-PB,UOP02-DEL02-PB
550486.0,2023-09-23,sábado,19:25:00,PB,101,"89,9",JOAO PESSOA,Transitar na contramão,Colisão frontal,Com Vítimas Feridas,Plena Noite,Crescente,Nublado,Dupla,Reta,Sim,3,0,2,0,1,0,2,2,"-7,1710694","-34,89765372",SPRF-PB,DEL01-PB,UOP02-DEL01-PB
550584.0,2023-09-24,domingo,07:25:00,PB,104,"107,6",SAO SEBASTIAO DE LAGOA DE  ROCA,Ausência de reação do condutor,Queda de ocupante de veículo,Com Vítimas Feridas,Amanhecer,Decrescente,Sol,Simples,Aclive;Reta,Não,1,0,0,1,0,0,1,1,"-7,10299395","-35,8661241",SPRF-PB,DEL02-PB,UOP04-DEL02-PB
550665.0,2023-09-24,domingo,16:30:00,PB,230,36,SANTA RITA,Velocidade Incompatível,Colisão com objeto,Com Vítimas Feridas,Pleno dia,Crescente,Céu Claro,Dupla,Curva;Aclive;Viaduto,Não,1,0,0,1,0,0,1,1,"-7,1246","-34,9473",SPRF-PB,DEL01-PB,UOP03-DEL01-PB
550666.0,2023-09-24,domingo,16:23:00,PB,230,"71,3",SOBRADO,Condutor Dormindo,Saída de leito carroçável,Com Vítimas Feridas,Pleno dia,Decrescente,Céu Claro,Dupla,Reta,Não,4,0,1,0,3,0,1,1,"-7,1901","-35,2505",SPRF-PB,DEL01-PB,UOP03-DEL01-PB
550669.0,2023-09-24,domingo,14:40:00,PB,412,137,MONTEIRO,Velocidade Incompatível,Colisão traseira,Com Vítimas Feridas,Pleno dia,Crescente,Sol,Simples,Reta;Declive,Não,2,0,0,1,1,0,1,2,"-7,845642","-37,068237",SPRF-PB,DEL02-PB,UOP02-DEL02-PB
550722.0,2023-09-24,domingo,20:00:00,PB,101,"81,5",BAYEUX,Ausência de reação do condutor,Colisão com objeto,Com Vítimas Feridas,Plena Noite,Crescente,Nublado,Dupla,Reta,Sim,1,0,0,1,0,0,1,1,"-7,12508575","-34,94513217",SPRF-PB,DEL01-PB,UOP01-DEL01-PB
550769.0,2023-09-25,segunda-feira,00:25:00,PB,101,"97,5",CONDE,Velocidade Incompatível,Colisão com objeto,Com Vítimas Fatais,Plena Noite,Crescente,Nublado,Dupla,Reta,Sim,1,1,0,0,0,0,0,1,"-7,243551","-34,929684",SPRF-PB,DEL01-PB,UOP02-DEL01-PB
550917.0,2023-09-25,segunda-feira,17:20:00,PB,101,"107,7",ALHANDRA,Ingestão de substâncias psicoativas pelo condutor,Colisão com objeto,Sem Vítimas,Pleno dia,Crescente,Céu Claro,Dupla,Reta,Não,1,0,0,0,1,0,0,1,"-7,32549201","-34,94709877",SPRF-PB,DEL01-PB,UOP02-DEL01-PB
550982.0,2023-09-25,segunda-feira,23:45:00,PB,230,"144,1",CAMPINA GRANDE,Ingestão de álcool pelo condutor,Colisão frontal,Com Vítimas Feridas,Plena Noite,Crescente,Céu Claro,Dupla,Reta,Sim,2,0,0,1,0,1,1,2,"-7,2536","-35,8317",SPRF-PB,DEL02-PB,UOP01-DEL02-PB
551006.0,2023-09-26,terça-feira,06:40:00,PB,101,89,JOAO PESSOA,Acessar a via sem observar a presença dos outros veículos,Colisão transversal,Com Vítimas Feridas,Pleno dia,Decrescente,Céu Claro,Dupla,Reta;Retorno Regulamentado,Sim,2,0,1,0,0,1,1,2,"-7,1710694","-34,89765372",SPRF-PB,DEL01-PB,UOP02-DEL01-PB
551129.0,2023-09-26,terça-feira,17:00:00,PB,230,1,CABEDELO,Transitar na contramão,Colisão frontal,Com Vítimas Feridas,Anoitecer,Decrescente,Céu Claro,Simples,Curva,Sim,2,0,1,0,1,0,1,2,"-6,9753","-34,8318",SPRF-PB,DEL01-PB,UOP01-DEL01-PB
551148.0,2023-08-29,terça-feira,17:30:00,PB,230,27,JOAO PESSOA,Reação tardia ou ineficiente do condutor,Colisão traseira,Com Vítimas Feridas,Plena Noite,Decrescente,Céu Claro,Dupla,Reta,Sim,2,0,1,0,0,1,1,2,"-7,1677","-34,8855",SPRF-PB,DEL01-PB,UOP01-DEL01-PB
551178.0,2023-09-26,terça-feira,21:55:00,PB,230,"14,8",CABEDELO,Afundamento ou ondulação no pavimento,Tombamento,Com Vítimas Feridas,Plena Noite,Decrescente,Céu Claro,Dupla,Viaduto;Reta;Declive,Sim,1,0,1,0,0,0,1,1,"-7,09715949","-34,84780312",SPRF-PB,DEL01-PB,UOP01-DEL01-PB
551286.0,2023-09-27,quarta-feira,13:50:00,PB,230,"155,4",CAMPINA GRANDE,Acessar a via sem observar a presença dos outros veículos,Colisão transversal,Com Vítimas Feridas,Pleno dia,Crescente,Céu Claro,Simples,Curva;Declive,Sim,2,0,1,0,1,0,1,2,"-7,273727","-35,908118",SPRF-PB,DEL02-PB,UOP01-DEL02-PB
551302.0,2023-02-25,sábado,19:30:00,PB,230,"515,4",BOM JESUS,Transitar na contramão,Colisão frontal,Com Vítimas Feridas,Plena Noite,Decrescente,Céu Claro,Simples,Reta;Declive,Não,2,0,0,1,1,0,1,2,"-6,8847","-38,6229",SPRF-PB,DEL03-PB,UOP03-DEL03-PB
551328.0,2023-09-27,quarta-feira,16:40:00,PB,230,432,APARECIDA,Condutor deixou de manter distância do veículo da frente,Colisão traseira,Sem Vítimas,Plena Noite,Decrescente,Céu Claro,Simples,Reta,Não,3,0,0,0,2,1,0,2,"-6,7447","-37,9609",SPRF-PB,DEL03-PB,UOP02-DEL03-PB
551471.0,2023-09-28,quinta-feira,13:30:00,PB,230,242,JUAZEIRINHO,Reação tardia ou ineficiente do condutor,Saída de leito carroçável,Com Vítimas Feridas,Pleno dia,Crescente,Céu Claro,Simples,Reta,Sim,1,0,0,1,0,0,1,1,"-7,0692","-36,5826",SPRF-PB,DEL02-PB,UOP02-DEL02-PB
551515.0,2023-09-28,quinta-feira,18:20:00,PB,230,"220,5",SOLEDADE,Animais na Pista,Atropelamento de Animal,Com Vítimas Feridas,Plena Noite,Decrescente,Nublado,Simples,Reta,Não,1,0,1,0,0,0,1,1,"-7,0392","-36,4152",SPRF-PB,DEL02-PB,UOP02-DEL02-PB
551535.0,2023-09-28,quinta-feira,18:30:00,PB,230,391,SAO BENTINHO,Acesso irregular,Colisão lateral mesmo sentido,Com Vítimas Feridas,Plena Noite,Crescente,Céu Claro,Simples,Reta,Não,3,0,0,3,0,0,3,2,"-6,8904","-37,7258",SPRF-PB,DEL03-PB,UOP02-DEL03-PB
551598.0,2023-09-29,sexta-feira,06:30:00,PB,230,25,JOAO PESSOA,Ausência de reação do condutor,Tombamento,Com Vítimas Feridas,Pleno dia,Decrescente,Sol,Dupla,Reta,Sim,2,0,1,0,1,0,1,1,"-7,1707","-34,8684",SPRF-PB,DEL01-PB,UOP01-DEL01-PB
551720.0,2023-09-29,sexta-feira,07:00:00,PB,230,391,SAO BENTINHO,Acessar a via sem observar a presença dos outros veículos,Colisão transversal,Com Vítimas Feridas,Pleno dia,Decrescente,Céu Claro,Simples,Curva,Sim,3,0,2,0,1,0,2,2,"-6,8904","-37,7258",SPRF-PB,DEL03-PB,UOP02-DEL03-PB
551735.0,2023-09-29,sexta-feira,17:10:00,PB,104,"155,8",QUEIMADAS,Ultrapassagem Indevida,Colisão frontal,Com Vítimas Feridas,Amanhecer,Crescente,Céu Claro,Simples,Reta,Sim,2,0,0,1,1,0,1,2,"-7,49197162","-35,95038343",SPRF-PB,DEL02-PB,UOP03-DEL02-PB
551766.0,2023-09-29,sexta-feira,16:40:00,PB,230,"0,4",CAMPINA GRANDE,Ausência de reação do condutor,Tombamento,Com Vítimas Fatais,Pleno dia,Decrescente,Céu Claro,Simples,Reta,Não,1,1,0,0,0,0,0,1,"-7,20717544","-35,94829559",SPRF-PB,DEL02-PB,UOP01-DEL02-PB
551980.0,2023-09-30,sábado,20:00:00,PB,361,"0,2",PATOS,Acessar a via sem observar a presença dos outros veículos,Colisão transversal,Com Vítimas Feridas,Plena Noite,Decrescente,Céu Claro,Simples,Reta;Interseção de Vias,Sim,3,0,2,0,1,0,2,2,"-7,0185995","-37,26078",SPRF-PB,DEL03-PB,UOP01-DEL03-PB
552012.0,2023-09-30,sábado,18:50:00,PB,104,"192,9",ALCANTIL,Ausência de sinalização,Colisão traseira,Sem Vítimas,Plena Noite,Crescente,Céu Claro,Simples,Reta,Sim,3,0,0,0,1,2,0,2,"-7,76107074","-36,09318327",SPRF-PB,DEL02-PB,UOP03-DEL02-PB
552013.0,2023-09-30,sábado,21:20:00,PB,104,149,QUEIMADAS,Ingestão de álcool pelo condutor,Tombamento,Com Vítimas Feridas,Plena Noite,Decrescente,Céu Claro,Simples,Reta,Não,1,0,1,0,0,0,1,1,"-7,45300306","-35,91331495",SPRF-PB,DEL02-PB,UOP03-DEL02-PB
552082.0,2023-10-01,domingo,06:16:00,PB,101,"84,2",BAYEUX,Ausência de reação do condutor,Colisão com objeto,Com Vítimas Feridas,Pleno dia,Crescente,Sol,Dupla,Reta,Sim,2,0,1,0,1,0,1,1,"-7,13957906","-34,92312806",SPRF-PB,DEL01-PB,UOP01-DEL01-PB
552205.0,2023-10-01,domingo,18:00:00,PB,101,81,BAYEUX,Ultrapassagem Indevida,Colisão lateral mesmo sentido,Com Vítimas Feridas,Pleno dia,Crescente,Céu Claro,Dupla,Reta,Sim,2,0,1,0,0,1,1,2,"-7,12508575","-34,94513217",SPRF-PB,DEL01-PB,UOP01-DEL01-PB
552209.0,2023-10-01,domingo,18:02:00,PB,230,109,INGA,Ausência de reação do condutor,Saída de leito carroçável,Com Vítimas Feridas,Anoitecer,Crescente,Céu Claro,Dupla,Reta,Não,4,0,2,0,2,0,2,1,"-7,2026","-35,5573",SPRF-PB,DEL01-PB,UOP03-DEL01-PB
552247.0,2023-10-01,domingo,14:10:00,PB,104,96,ESPERANCA,Reação tardia ou ineficiente do condutor,Colisão lateral sentido oposto,Com Vítimas Feridas,Pleno dia,Crescente,Céu Claro,Simples,Reta,Sim,3,0,1,0,2,0,1,2,"-7,01186036","-35,85589407",SPRF-PB,DEL02-PB,UOP04-DEL02-PB
552366.0,2023-10-02,segunda-feira,09:10:00,PB,230,13,CABEDELO,Avarias e/ou desgaste excessivo no pneu,Tombamento,Com Vítimas Feridas,Pleno dia,Decrescente,Céu Claro,Simples,Reta,Sim,2,0,2,0,0,0,2,1,"-7,0772","-34,8494",SPRF-PB,DEL01-PB,UOP01-DEL01-PB
552391.0,2023-10-02,segunda-feira,10:17:00,PB,230,"23,8",JOAO PESSOA,Manobra de mudança de faixa,Colisão lateral mesmo sentido,Com Vítimas Feridas,Pleno dia,Decrescente,Sol,Dupla,Em Obras;Interseção de Vias;Curva;Desvio Temporário,Sim,4,0,2,0,2,0,2,2,"-7,16783355","-34,86403813",SPRF-PB,DEL01-PB,UOP01-DEL01-PB
552450.0,2023-10-02,segunda-feira,16:05:00,PB,101,"83,7",BAYEUX,Avarias e/ou desgaste excessivo no pneu,Tombamento,Sem Vítimas,Pleno dia,Crescente,Céu Claro,Dupla,Reta;Em Obras,Sim,1,0,0,0,1,0,0,1,"-7,1337703","-34,92963914",SPRF-PB,DEL01-PB,UOP01-DEL01-PB
552475.0,2023-10-02,segunda-feira,18:00:00,PB,230,154,CAMPINA GRANDE,Transitar na contramão,Colisão frontal,Com Vítimas Feridas,Anoitecer,Decrescente,Céu Claro,Simples,Reta,Sim,2,0,1,0,1,0,1,2,"-7,2777","-35,8985",SPRF-PB,DEL02-PB,UOP01-DEL02-PB
552535.0,2023-10-03,terça-feira,04:20:00,PB,230,311,SAO MAMEDE,Animais na Pista,Atropelamento de Animal,Sem Vítimas,Amanhecer,Decrescente,Céu Claro,Simples,Reta,Não,1,0,0,0,1,0,0,1,"-6,9286","-37,0745",SPRF-PB,DEL03-PB,UOP01-DEL03-PB
552740.0,2023-10-04,quarta-feira,07:45:00,PB,230,12,CABEDELO,Condutor deixou de manter distância do veículo da frente,Colisão traseira,Sem Vítimas,Pleno dia,Decrescente,Céu Claro,Dupla,Reta;Rotatória,Sim,3,0,0,0,3,0,0,2,"-7,07432042","-34,84956849",SPRF-PB,DEL01-PB,UOP01-DEL01-PB
552829.0,2023-09-12,terça-feira,09:00:00,PB,230,401,POMBAL,Reação tardia ou ineficiente do condutor,Colisão frontal,Com Vítimas Feridas,Pleno dia,Decrescente,Céu Claro,Simples,Reta,Não,2,0,0,1,1,0,1,2,"-6,8152","-37,7667",SPRF-PB,DEL03-PB,UOP02-DEL03-PB
552858.0,2023-10-04,quarta-feira,20:00:00,PB,230,"21,8",JOAO PESSOA,Condutor deixou de manter distância do veículo da frente,Engavetamento,Sem Vítimas,Plena Noite,Decrescente,Céu Claro,Dupla,Reta,Sim,3,0,0,0,3,0,0,3,"-7,1415","-34,8519",SPRF-PB,DEL01-PB,UOP01-DEL01-PB
552878.0,2023-10-04,quarta-feira,16:30:00,PB,361,69,OLHO DAGUA,Condutor Dormindo,Saída de leito carroçável,Com Vítimas Feridas,Pleno dia,Crescente,Céu Claro,Simples,Reta,Não,1,0,1,0,0,0,1,1,"-7,201715","-37,799699",SPRF-PB,DEL03-PB,UOP01-DEL03-PB
552908.0,2023-10-05,quinta-feira,07:15:00,PB,104,"117,9",CAMPINA GRANDE,Ausência de reação do condutor,Queda de ocupante de veículo,Com Vítimas Feridas,Pleno dia,Crescente,Céu Claro,Simples,Reta,Sim,1,0,1,0,0,0,1,1,"-7,19637839","-35,87571339",SPRF-PB,DEL02-PB,UOP04-DEL02-PB
553036.0,2023-10-05,quinta-feira,18:50:00,PB,230,"14,8",CABEDELO,Ausência de reação do condutor,Colisão traseira,Com Vítimas Feridas,Plena Noite,Decrescente,Céu Claro,Dupla,Aclive;Reta;Viaduto,Sim,3,0,1,1,0,1,2,2,"-7,09824544","-34,8477602",SPRF-PB,DEL01-PB,UOP01-DEL01-PB
553074.0,2023-10-06,sexta-feira,02:40:00,PB,230,"188,5",POCINHOS,Animais na Pista,Atropelamento de Animal,Com Vítimas Feridas,Plena Noite,Crescente,Céu Claro,Simples,Reta,Não,2,0,1,0,1,0,1,1,"-7,1435","-36,1364",SPRF-PB,DEL02-PB,UOP02-DEL02-PB
553111.0,2023-10-06,sexta-feira,08:40:00,PB,230,"23,2",JOAO PESSOA,Reação tardia ou ineficiente do condutor,Queda de ocupante de veículo,Com Vítimas Feridas,Pleno dia,Decrescente,Nublado,Dupla,Viaduto;Reta;Declive,Sim,1,0,0,1,0,0,1,1,"-7,16403753","-34,86181829",SPRF-PB,DEL01-PB,UOP01-DEL01-PB
553120.0,2023-10-06,sexta-feira,09:44:00,PB,101,86,JOAO PESSOA,Demais falhas na via,Tombamento,Com Vítimas Feridas,Pleno dia,Decrescente,Céu Claro,Simples,Em Obras;Declive,Não,1,0,1,0,0,0,1,1,"-7,15118983","-34,91012184",SPRF-PB,DEL01-PB,UOP01-DEL01-PB
553121.0,2023-10-06,sexta-feira,08:40:00,PB,101,85,BAYEUX,Demais falhas na via,Tombamento,Com Vítimas Feridas,Pleno dia,Decrescente,Céu Claro,Dupla,Reta;Em Obras;Retorno Regulamentado,Sim,1,0,1,0,0,0,1,1,"-7,15088613","-34,91003394",SPRF-PB,DEL01-PB,UOP01-DEL01-PB
553131.0,2023-10-06,sexta-feira,09:50:00,PB,101,86,JOAO PESSOA,Afundamento ou ondulação no pavimento,Tombamento,Sem Vítimas,Pleno dia,Decrescente,Céu Claro,Dupla,Reta;Em Obras,Sim,2,0,0,0,2,0,0,1,"-7,15089108","-34,90987008",SPRF-PB,DEL01-PB,UOP01-DEL01-PB
553176.0,2023-10-06,sexta-feira,13:57:00,PB,230,23,JOAO PESSOA,Reação tardia ou ineficiente do condutor,Tombamento,Com Vítimas Feridas,Pleno dia,Decrescente,Sol,Dupla,Reta,Sim,1,0,1,0,0,0,1,1,"-7,1562","-34,8574",SPRF-PB,DEL01-PB,UOP01-DEL01-PB
553213.0,2023-10-06,sexta-feira,17:55:00,PB,101,86,JOAO PESSOA,Acostamento em desnível,Tombamento,Com Vítimas Feridas,Plena Noite,Decrescente,Céu Claro,Dupla,Reta,Não,1,0,1,0,0,0,1,1,"-7,15118983","-34,91012184",SPRF-PB,DEL01-PB,UOP01-DEL01-PB
553366.0,2023-10-07,sábado,05:20:00,PB,361,"32,8",CATINGUEIRA,Condutor Dormindo,Colisão com objeto,Com Vítimas Fatais,Pleno dia,Crescente,Céu Claro,Simples,Reta,Não,2,1,1,0,0,0,1,1,"-7,0879361","-37,527634",SPRF-PB,DEL03-PB,UOP01-DEL03-PB
553450.0,2023-10-07,sábado,16:00:00,PB,230,"26,3",JOAO PESSOA,Ausência de reação do condutor,Tombamento,Com Vítimas Feridas,Pleno dia,Crescente,Céu Claro,Dupla,Reta,Sim,1,0,0,1,0,0,1,1,"-7,1693","-34,8782",SPRF-PB,DEL01-PB,UOP01-DEL01-PB
553453.0,2023-10-07,sábado,15:30:00,PB,230,134,MASSARANDUBA,Manobra de mudança de faixa,Saída de leito carroçável,Com Vítimas Feridas,Pleno dia,Crescente,Nublado,Simples,Reta,Não,1,0,1,0,0,0,1,1,"-7,278811","-35,758973",SPRF-PB,DEL02-PB,UOP01-DEL02-PB
553474.0,2023-10-07,sábado,15:30:00,PB,230,166,CAMPINA GRANDE,Ingestão de álcool pelo condutor,Colisão traseira,Com Vítimas Feridas,Pleno dia,Crescente,Céu Claro,Simples,Reta;Aclive,Sim,2,0,1,0,1,0,1,2,"-7,1976","-35,955",SPRF-PB,DEL02-PB,UOP02-DEL02-PB
553543.0,2023-10-08,domingo,02:40:00,PB,101,87,JOAO PESSOA,Acostamento em desnível,Tombamento,Com Vítimas Feridas,Plena Noite,Decrescente,Chuva,Dupla,Curva,Não,1,0,1,0,0,0,1,1,"-7,15886802","-34,90628504",SPRF-PB,DEL01-PB,UOP01-DEL01-PB
553556.0,2023-10-08,domingo,00:30:00,PB,230,7,CABEDELO,Ingestão de álcool pelo condutor,Colisão com objeto,Com Vítimas Feridas,Plena Noite,Crescente,Céu Claro,Dupla,Reta,Sim,2,0,2,0,0,0,2,1,"-7,026","-34,8385",SPRF-PB,DEL01-PB,UOP01-DEL01-PB
553674.0,2023-10-08,domingo,17:25:00,PB,230,153,CAMPINA GRANDE,Ingestão de álcool pelo condutor,Saída de leito carroçável,Com Vítimas Feridas,Anoitecer,Crescente,Nublado,Simples,Curva;Interseção de Vias;Declive,Sim,1,0,1,0,0,0,1,1,"-7,2763","-35,8887",SPRF-PB,DEL02-PB,UOP01-DEL02-PB
553825.0,2023-10-09,segunda-feira,08:30:00,PB,230,"28,2",JOAO PESSOA,Ausência de reação do condutor,Tombamento,Com Vítimas Feridas,Pleno dia,Decrescente,Céu Claro,Dupla,Reta;Aclive;Viaduto,Sim,1,0,1,0,0,0,1,1,"-7,1651","-34,8941",SPRF-PB,DEL01-PB,UOP01-DEL01-PB
553829.0,2023-10-09,segunda-feira,08:00:00,PB,101,82,BAYEUX,Ausência de reação do condutor,Colisão traseira,Com Vítimas Feridas,Pleno dia,Crescente,Sol,Dupla,Reta;Aclive;Viaduto,Sim,2,0,1,0,1,0,1,2,"-7,12911","-34,93714",SPRF-PB,DEL01-PB,UOP01-DEL01-PB
553833.0,2023-09-19,terça-feira,20:00:00,PB,230,26,JOAO PESSOA,Reação tardia ou ineficiente do condutor,Atropelamento de Pedestre,Com Vítimas Feridas,Plena Noite,Decrescente,Chuva,Dupla,Reta,Sim,2,0,0,1,1,0,1,2,"-7,1693","-34,8782",SPRF-PB,DEL01-PB,UOP01-DEL01-PB
553845.0,2023-10-09,segunda-feira,10:00:00,PB,230,"184,8",POCINHOS,Reação tardia ou ineficiente do condutor,Colisão frontal,Com Vítimas Fatais,Pleno dia,Crescente,Céu Claro,Simples,Reta;Em Obras,Não,6,3,0,2,0,1,2,3,"-7,153","-36,1016",SPRF-PB,DEL02-PB,UOP02-DEL02-PB
553891.0,2023-10-09,segunda-feira,14:15:00,PB,230,24,JOAO PESSOA,Ausência de reação do condutor,Colisão com objeto,Sem Vítimas,Pleno dia,Crescente,Céu Claro,Dupla,Declive;Viaduto,Sim,1,0,0,0,1,0,0,1,"-7,1637","-34,8618",SPRF-PB,DEL01-PB,UOP01-DEL01-PB
554043.0,2023-10-10,terça-feira,08:00:00,PB,230,"26,9",JOAO PESSOA,Entrada inopinada do pedestre,Atropelamento de Pedestre,Com Vítimas Feridas,Pleno dia,Crescente,Céu Claro,Dupla,Reta,Sim,3,0,0,1,0,2,1,3,"-7,16583394","-34,88912051",SPRF-PB,DEL01-PB,UOP01-DEL01-PB
554070.0,2023-10-10,terça-feira,09:20:00,PB,230,292,SANTA LUZIA,Acessar a via sem observar a presença dos outros veículos,Colisão transversal,Com Vítimas Feridas,Pleno dia,Decrescente,Céu Claro,Simples,Reta,Sim,2,0,2,0,0,0,2,2,"-6,8684","-36,9222",SPRF-PB,DEL03-PB,UOP01-DEL03-PB
554072.0,2023-10-10,terça-feira,11:10:00,PB,230,"16,8",JOAO PESSOA,Ausência de reação do condutor,Engavetamento,Com Vítimas Feridas,Pleno dia,Decrescente,Céu Claro,Dupla,Reta,Não,4,0,1,0,3,0,1,3,"-7,1039","-34,8458",SPRF-PB,DEL01-PB,UOP01-DEL01-PB
554280.0,2023-10-11,quarta-feira,11:15:00,PB,230,"18,4",JOAO PESSOA,Condutor deixou de manter distância do veículo da frente,Colisão traseira,Com Vítimas Feridas,Pleno dia,Decrescente,Sol,Dupla,Reta,Sim,2,0,1,0,1,0,1,2,"-7,12567585","-34,84513159",SPRF-PB,DEL01-PB,UOP01-DEL01-PB
554303.0,2023-10-11,quarta-feira,09:00:00,PB,230,"5,2",CABEDELO,Pista esburacada,Tombamento,Com Vítimas Feridas,Pleno dia,Crescente,Céu Claro,Dupla,Reta,Sim,1,0,1,0,0,0,1,1,"-7,01","-34,8312",SPRF-PB,DEL01-PB,UOP01-DEL01-PB
554441.0,2023-10-11,quarta-feira,23:30:00,PB,230,458,SOUSA,Ausência de reação do condutor,Saída de leito carroçável,Com Vítimas Feridas,Plena Noite,Decrescente,Céu Claro,Simples,Reta,Não,1,0,1,0,0,0,1,1,"-6,7774","-38,1808",SPRF-PB,DEL03-PB,UOP03-DEL03-PB
554479.0,2023-10-12,quinta-feira,05:00:00,PB,230,"78,3",RIACHAO DO POCO,Mal súbito do condutor,Saída de leito carroçável,Com Vítimas Fatais,Pleno dia,Crescente,Céu Claro,Dupla,Reta;Declive,Não,40,1,2,0,37,0,2,1,"-7,1849","-35,2955",SPRF-PB,DEL01-PB,UOP03-DEL01-PB
554519.0,2023-10-12,quinta-feira,10:00:00,PB,230,12,CABEDELO,Condutor deixou de manter distância do veículo da frente,Colisão traseira,Com Vítimas Feridas,Pleno dia,Decrescente,Céu Claro,Dupla,Reta,Sim,3,0,1,0,2,0,1,2,"-7,068","-34,85",SPRF-PB,DEL01-PB,UOP01-DEL01-PB
554526.0,2023-10-12,quinta-feira,11:00:00,PB,101,"85,8",BAYEUX,Manobra de mudança de faixa,Colisão traseira,Com Vítimas Feridas,Pleno dia,Decrescente,Céu Claro,Dupla,Reta;Declive;Em Obras,Sim,2,0,1,0,1,0,1,2,"-7,14538184","-34,91662887",SPRF-PB,DEL01-PB,UOP01-DEL01-PB
554556.0,2023-10-12,quinta-feira,13:00:00,PB,101,"1,9",MATARACA,Acessar a via sem observar a presença dos outros veículos,Colisão transversal,Com Vítimas Fatais,Pleno dia,Decrescente,Sol,Dupla,Reta;Retorno Regulamentado,Não,6,1,0,0,3,2,0,3,"-6,51423092","-35,11133633",SPRF-PB,DEL01-PB,UOP04-DEL01-PB
554563.0,2023-10-12,quinta-feira,14:15:00,PB,230,41,SANTA RITA,Acesso irregular,Colisão transversal,Com Vítimas Fatais,Pleno dia,Decrescente,Céu Claro,Dupla,Reta,Sim,2,1,0,0,1,0,0,2,"-7,1432","-34,9869",SPRF-PB,DEL01-PB,UOP03-DEL01-PB
554571.0,2023-10-12,quinta-feira,15:00:00,PB,230,"335,3",PATOS,Acessar a via sem observar a presença dos outros veículos,Colisão transversal,Com Vítimas Feridas,Pleno dia,Decrescente,Nublado,Simples,Reta,Sim,3,0,2,0,1,0,2,2,"-7,0128","-37,2644",SPRF-PB,DEL03-PB,UOP01-DEL03-PB
554626.0,2023-10-12,quinta-feira,18:35:00,PB,230,"159,1",CAMPINA GRANDE,Conversão proibida,Colisão transversal,Com Vítimas Feridas,Plena Noite,Decrescente,Céu Claro,Simples,Reta,Sim,2,0,0,1,0,1,1,2,"-7,252","-35,9334",SPRF-PB,DEL02-PB,UOP01-DEL02-PB
554641.0,2023-10-12,quinta-feira,18:50:00,PB,230,"165,6",CAMPINA GRANDE,Reação tardia ou ineficiente do condutor,Colisão com objeto,Com Vítimas Feridas,Plena Noite,Crescente,Céu Claro,Simples,Reta;Declive,Sim,2,0,1,0,1,0,1,1,"-7,2051","-35,951",SPRF-PB,DEL02-PB,UOP02-DEL02-PB
554649.0,2023-10-12,quinta-feira,22:40:00,PB,230,"151,2",CAMPINA GRANDE,Animais na Pista,Atropelamento de Animal,Com Vítimas Feridas,Plena Noite,Decrescente,Céu Claro,Simples,Reta;Declive,Sim,1,0,1,0,0,0,1,1,"-7,2587","-35,8778",SPRF-PB,DEL02-PB,UOP01-DEL02-PB