id,data_inversa,dia_semana,horario,uf,br,km,municipio,causa_acidente,tipo_acidente,classificacao_acidente,fase_dia,sentido_via,condicao_metereologica,tipo_pista,tracado_via,uso_solo,pessoas,mortos,feridos_leves,feridos_graves,ilesos,ignorados,feridos,veiculos,latitude,longitude,regional,delegacia,uop
554685.0,2023-10-13,sexta-feira,07:20:00,PB,230,"132,8",CAMPINA GRANDE,Condutor Dormindo,Saída de leito carroçável,Com Vítimas Feridas,Pleno dia,Decrescente,Céu Claro,Dupla,Curva,Não,1,0,1,0,0,0,1,1,"-7,272673","-35,752073",SPRF-PB,DEL02-PB,UOP01-DEL02-PB
554763.0,2023-10-13,sexta-feira,16:34:00,PB,101,121,CAAPORA,Reação tardia ou ineficiente do condutor,Saída de leito carroçável,Com Vítimas Feridas,Pleno dia,Decrescente,Céu Claro,Dupla,Reta,Não,2,0,2,0,0,0,2,1,"-7,44160988","-34,97799652",SPRF-PB,DEL01-PB,UOP02-DEL01-PB
554764.0,2023-10-13,sexta-feira,17:10:00,PB,230,14,JOAO PESSOA,Manobra de mudança de faixa,Colisão transversal,Com Vítimas Feridas,Pleno dia,Decrescente,Céu Claro,Dupla,Reta,Sim,2,0,1,0,1,0,1,2,"-7,0844","-34,8488",SPRF-PB,DEL01-PB,UOP01-DEL01-PB
554794.0,2023-10-13,sexta-feira,18:45:00,PB,104,"117,3",LAGOA SECA,Desrespeitar a preferência no cruzamento,Atropelamento de Pedestre,Com Vítimas Feridas,Plena Noite,Decrescente,Céu Claro,Simples,Reta,Sim,2,0,0,1,1,0,1,2,"-7,19030697","-35,86736609",SPRF-PB,DEL02-PB,UOP04-DEL02-PB
555059.0,2023-10-15,domingo,02:20:00,PB,230,"26,7",JOAO PESSOA,Ausência de reação do condutor,Colisão traseira,Com Vítimas Feridas,Plena Noite,Crescente,Céu Claro,Dupla,Declive,Não,2,0,0,1,1,0,1,2,"-7,1693","-34,8782",SPRF-PB,DEL01-PB,UOP01-DEL01-PB
555067.0,2023-10-15,domingo,04:05:00,PB,230,"16,9",JOAO PESSOA,Ausência de reação do condutor,Queda de ocupante de veículo,Com Vítimas Feridas,Plena Noite,Decrescente,Nublado,Dupla,Reta,Sim,2,0,2,0,0,0,2,1,"-7,11426885","-34,84197838",SPRF-PB,DEL01-PB,UOP01-DEL01-PB
555089.0,2023-10-15,domingo,04:30:00,PB,104,"44,8",BARRA DE SANTA ROSA,Reação tardia ou ineficiente do condutor,Colisão traseira,Com Vítimas Feridas,Amanhecer,Crescente,Céu Claro,Simples,Reta,Sim,3,0,0,2,0,1,2,2,"-6,72243136","-36,05878342",SPRF-PB,DEL02-PB,UOP04-DEL02-PB
555122.0,2023-10-15,domingo,10:50:00,PB,230,"290,5",SANTA LUZIA,Acessar a via sem observar a presença dos outros veículos,Colisão transversal,Com Vítimas Feridas,Pleno dia,Crescente,Céu Claro,Simples,Interseção de Vias,Sim,2,0,0,1,1,0,1,2,"-6,8742","-36,9085",SPRF-PB,DEL03-PB,UOP01-DEL03-PB
555272.0,2023-10-15,domingo,23:48:00,PB,230,"154,9",CAMPINA GRANDE,Animais na Pista,Atropelamento de Animal,Com Vítimas Fatais,Plena Noite,Crescente,Céu Claro,Dupla,Reta;Em Obras,Sim,1,1,0,0,0,0,0,1,"-7,2777","-35,8985",SPRF-PB,DEL02-PB,UOP01-DEL02-PB
555327.0,2023-10-16,segunda-feira,05:48:00,PB,230,147,CAMPINA GRANDE,Ausência de reação do condutor,Saída de leito carroçável,Com Vítimas Fatais,Pleno dia,Crescente,Céu Claro,Dupla,Reta,Sim,7,1,0,0,5,1,0,2,"-7,2425","-35,8567",SPRF-PB,DEL02-PB,UOP01-DEL02-PB
555360.0,2023-10-16,segunda-feira,13:20:00,PB,230,"7,6",CABEDELO,Pedestre cruzava a pista fora da faixa,Atropelamento de Pedestre,Com Vítimas Feridas,Pleno dia,Decrescente,Sol,Múltipla,Reta;Interseção de Vias,Sim,2,0,2,0,0,0,2,2,"-7,026","-34,8385",SPRF-PB,DEL01-PB,UOP01-DEL01-PB
555394.0,2023-10-16,segunda-feira,17:40:00,PB,101,95,SANTA RITA,Manobra de mudança de faixa,Colisão lateral mesmo sentido,Sem Vítimas,Anoitecer,Decrescente,Céu Claro,Dupla,Reta;Declive,Não,2,0,0,0,2,0,0,2,"-7,08347459","-34,97302294",SPRF-PB,DEL01-PB,UOP02-DEL01-PB
555409.0,2023-10-16,segunda-feira,17:45:00,PB,230,36,SANTA RITA,Manobra de mudança de faixa,Colisão lateral mesmo sentido,Com Vítimas Feridas,Plena Noite,Decrescente,Céu Claro,Simples,Curva,Sim,2,0,1,0,0,1,1,2,"-7,1246","-34,9473",SPRF-PB,DEL01-PB,UOP03-DEL01-PB
555589.0,2023-10-17,terça-feira,18:45:00,PB,101,87,JOAO PESSOA,Pedestre andava na pista,Atropelamento de Pedestre,Com Vítimas Feridas,Plena Noite,Decrescente,Céu Claro,Simples,Reta,Sim,2,0,0,1,1,0,1,2,"-7,1612763","-34,90443426",SPRF-PB,DEL01-PB,UOP01-DEL01-PB
555598.0,2023-10-17,terça-feira,16:40:00,PB,230,"414,2",POMBAL,Reação tardia ou ineficiente do condutor,Colisão traseira,Com Vítimas Feridas,Pleno dia,Crescente,Céu Claro,Simples,Reta,Não,2,0,1,0,1,0,1,2,"-6,716575","-37,815541",SPRF-PB,DEL03-PB,UOP02-DEL03-PB
555627.0,2023-10-17,terça-feira,22:10:00,PB,230,"155,2",CAMPINA GRANDE,Animais na Pista,Atropelamento de Animal,Com Vítimas Feridas,Plena Noite,Crescente,Céu Claro,Simples,Reta,Sim,1,0,0,1,0,0,1,1,"-7,27560097","-35,9038353",SPRF-PB,DEL02-PB,UOP01-DEL02-PB
555634.0,2023-10-17,terça-feira,23:22:00,PB,230,"158,7",CAMPINA GRANDE,Ingestão de álcool pelo condutor,Colisão traseira,Sem Vítimas,Plena Noite,Crescente,Céu Claro,Simples,Reta;Interseção de Vias,Sim,2,0,0,0,2,0,0,2,"-7,256955","-35,92803955",SPRF-PB,DEL02-PB,UOP01-DEL02-PB
555700.0,2023-10-18,quarta-feira,11:40:00,PB,230,"13,2",CABEDELO,Reação tardia ou ineficiente do condutor,Colisão traseira,Com Vítimas Feridas,Pleno dia,Crescente,Céu Claro,Dupla,Reta,Sim,3,0,2,0,1,0,2,2,"-7,0772","-34,8494",SPRF-PB,DEL01-PB,UOP01-DEL01-PB
555759.0,2023-10-18,quarta-feira,17:07:00,PB,101,"90,6",JOAO PESSOA,Condutor deixou de manter distância do veículo da frente,Colisão traseira,Com Vítimas Feridas,Anoitecer,Decrescente,Céu Claro,Dupla,Reta,Sim,3,0,2,0,1,0,2,2,"-7,179652","-34,900417",SPRF-PB,DEL01-PB,UOP02-DEL01-PB
555874.0,2023-10-19,quinta-feira,10:24:00,PB,101,75,SANTA RITA,Condutor Dormindo,Colisão com objeto,Sem Vítimas,Pleno dia,Crescente,Céu Claro,Dupla,Curva;Declive,Não,1,0,0,0,1,0,0,1,"-7,08342296","-34,97202399",SPRF-PB,DEL01-PB,UOP04-DEL01-PB
555924.0,2023-10-19,quinta-feira,14:00:00,PB,230,"125,3",RIACHAO DO BACAMARTE,Manobra de mudança de faixa,Colisão lateral mesmo sentido,Com Vítimas Feridas,Pleno dia,Crescente,Sol,Simples,Reta;Aclive,Não,5,0,2,0,3,0,2,2,"-7,255915","-35,690064",SPRF-PB,DEL02-PB,UOP01-DEL02-PB
555991.0,2023-10-19,quinta-feira,22:30:00,PB,230,23,JOAO PESSOA,Ingestão de álcool pelo condutor,Colisão com objeto,Sem Vítimas,Plena Noite,Crescente,Céu Claro,Dupla,Reta;Aclive;Desvio Temporário;Viaduto,Sim,1,0,0,0,1,0,0,1,"-7,16427095","-34,86213684",SPRF-PB,DEL01-PB,UOP01-DEL01-PB
555996.0,2023-10-19,quinta-feira,22:03:00,PB,230,"46,7",SANTA RITA,Ausência de reação do condutor,Saída de leito carroçável,Sem Vítimas,Plena Noite,Crescente,Céu Claro,Dupla,Reta,Não,1,0,0,0,1,0,0,1,"-7,1635","-35,025",SPRF-PB,DEL01-PB,UOP03-DEL01-PB
556114.0,2023-10-20,sexta-feira,13:50:00,PB,230,"136,2",MASSARANDUBA,Condutor Dormindo,Saída de leito carroçável,Com Vítimas Feridas,Pleno dia,Crescente,Céu Claro,Dupla,Reta,Não,1,0,1,0,0,0,1,1,"-7,2818","-35,7675",SPRF-PB,DEL02-PB,UOP01-DEL02-PB
556212.0,2023-10-20,sexta-feira,22:30:00,PB,230,112,INGA,Animais na Pista,Saída de leito carroçável,Com Vítimas Feridas,Plena Noite,Crescente,Céu Claro,Dupla,Reta,Não,1,0,1,0,0,0,1,1,"-7,2117","-35,5822",SPRF-PB,DEL01-PB,UOP03-DEL01-PB
556218.0,2023-10-21,sábado,00:10:00,PB,230,"9,4",CABEDELO,Condutor deixou de manter distância do veículo da frente,Colisão traseira,Com Vítimas Feridas,Plena Noite,Decrescente,Céu Claro,Múltipla,Viaduto;Aclive,Sim,2,0,1,0,0,1,1,2,"-7,0433","-34,8466",SPRF-PB,DEL01-PB,UOP01-DEL01-PB
556333.0,2023-10-21,sábado,15:37:00,PB,101,"97,7",CONDE,Ausência de reação do condutor,Colisão com objeto,Sem Vítimas,Pleno dia,Decrescente,Céu Claro,Dupla,Reta,Não,1,0,0,0,1,0,0,1,"-7,24438934","-34,92993236",SPRF-PB,DEL01-PB,UOP02-DEL01-PB
556401.0,2023-10-21,sábado,21:05:00,PB,230,"83,3",CALDAS BRANDAO,Ausência de reação do condutor,Colisão com objeto,Com Vítimas Fatais,Plena Noite,Decrescente,Céu Claro,Simples,Reta;Ponte,Sim,2,1,0,0,0,1,0,2,"-7,168698","-35,346985",SPRF-PB,DEL01-PB,UOP03-DEL01-PB
556499.0,2023-10-22,domingo,04:30:00,PB,230,"106,9",INGA,Condutor Dormindo,Saída de leito carroçável,Sem Vítimas,Amanhecer,Crescente,Céu Claro,Dupla,Reta,Não,1,0,0,0,0,1,0,1,"-7,20291779","-35,54858208",SPRF-PB,DEL01-PB,UOP03-DEL01-PB
556510.0,2023-10-22,domingo,10:30:00,PB,230,7,CABEDELO,Reação tardia ou ineficiente do condutor,Tombamento,Com Vítimas Feridas,Pleno dia,Crescente,Céu Claro,Múltipla,Reta,Sim,2,0,2,0,0,0,2,1,"-7,026","-34,8385",SPRF-PB,DEL01-PB,UOP01-DEL01-PB
556539.0,2023-10-22,domingo,13:30:00,PB,101,73,SANTA RITA,Acessar a via sem observar a presença dos outros veículos,Colisão lateral mesmo sentido,Com Vítimas Feridas,Pleno dia,Crescente,Céu Claro,Dupla,Reta,Não,3,0,2,1,0,0,3,2,"-7,07828212","-34,98823508",SPRF-PB,DEL01-PB,UOP04-DEL01-PB
556562.0,2023-10-22,domingo,16:10:00,PB,101,103,ALHANDRA,Demais falhas mecânicas ou elétricas,Incêndio,Sem Vítimas,Pleno dia,Decrescente,Céu Claro,Dupla,Reta,Não,1,0,0,0,1,0,0,1,"-7,29163604","-34,93807826",SPRF-PB,DEL01-PB,UOP02-DEL01-PB
556606.0,2023-10-22,domingo,19:40:00,PB,104,"115,7",LAGOA SECA,Conversão proibida,Colisão transversal,Com Vítimas Feridas,Plena Noite,Decrescente,Vento,Simples,Reta;Aclive,Não,2,0,0,1,1,0,1,2,"-7,172018","-35,85983397",SPRF-PB,DEL02-PB,UOP04-DEL02-PB
556620.0,2023-10-22,domingo,20:00:00,PB,104,115,LAGOA SECA,Manobra de mudança de faixa,Colisão lateral mesmo sentido,Com Vítimas Feridas,Plena Noite,Decrescente,Céu Claro,Simples,Reta,Sim,2,0,1,0,0,1,1,2,"-7,172018","-35,85983397",SPRF-PB,DEL02-PB,UOP04-DEL02-PB
556841.0,2023-10-23,segunda-feira,21:00:00,PB,101,"86,2",JOAO PESSOA,Acumulo de areia ou detritos sobre o pavimento,Tombamento,Com Vítimas Feridas,Plena Noite,Decrescente,Céu Claro,Dupla,Reta;Em Obras,Sim,1,0,0,1,0,0,1,1,"-7,15348359","-34,90811348",SPRF-PB,DEL01-PB,UOP01-DEL01-PB
556932.0,2023-09-17,domingo,21:20:00,PB,361,"7,4",PATOS,Velocidade Incompatível,Colisão traseira,Com Vítimas Fatais,Plena Noite,Crescente,Céu Claro,Simples,Reta,Sim,3,1,1,1,0,0,2,2,"-7,03750454","-37,3199449",SPRF-PB,DEL03-PB,UOP01-DEL03-PB
556980.0,2023-10-24,terça-feira,17:40:00,PB,104,"137,1",QUEIMADAS,Ausência de reação do condutor,Colisão traseira,Com Vítimas Feridas,Anoitecer,Decrescente,Céu Claro,Simples,Reta,Sim,2,0,0,1,1,0,1,2,"-7,352277","-35,90094",SPRF-PB,DEL02-PB,UOP03-DEL02-PB
557059.0,2023-10-25,quarta-feira,06:00:00,PB,230,88,JOAO PESSOA,Ausência de reação do condutor,Colisão traseira,Com Vítimas Feridas,Pleno dia,Crescente,Céu Claro,Dupla,Declive;Viaduto,Sim,3,0,2,0,0,1,2,2,"-7,16555523","-34,89768505",SPRF-PB,DEL01-PB,UOP03-DEL01-PB
557068.0,2023-10-25,quarta-feira,07:25:00,PB,104,113,LAGOA SECA,Manobra de mudança de faixa,Colisão lateral mesmo sentido,Com Vítimas Feridas,Pleno dia,Crescente,Sol,Simples,Reta;Declive,Sim,3,0,1,0,2,0,1,2,"-7,15342626","-35,85241772",SPRF-PB,DEL02-PB,UOP04-DEL02-PB
557245.0,2023-10-26,quinta-feira,07:40:00,PB,230,"516,9",BOM JESUS,Avarias e/ou desgaste excessivo no pneu,Saída de leito carroçável,Com Vítimas Feridas,Pleno dia,Crescente,Céu Claro,Simples,Curva,Não,1,0,1,0,0,0,1,1,"-6,859973","-38,662176",SPRF-PB,DEL03-PB,UOP03-DEL03-PB
557323.0,2023-10-26,quinta-feira,15:20:00,PB,230,"152,8",CAMPINA GRANDE,Manobra de mudança de faixa,Colisão lateral mesmo sentido,Com Vítimas Feridas,Pleno dia,Crescente,Sol,Dupla,Reta;Retorno Regulamentado;Em Obras,Sim,4,0,1,1,1,1,2,3,"-7,274873","-35,88824",SPRF-PB,DEL02-PB,UOP01-DEL02-PB
557335.0,2023-10-26,quinta-feira,17:00:00,PB,230,154,CAMPINA GRANDE,Condutor deixou de manter distância do veículo da frente,Colisão traseira,Sem Vítimas,Anoitecer,Crescente,Céu Claro,Simples,Reta,Não,2,0,0,0,2,0,0,2,"-7,2777","-35,8985",SPRF-PB,DEL02-PB,UOP01-DEL02-PB
557347.0,2023-10-26,quinta-feira,17:15:00,PB,101,"88,5",JOAO PESSOA,Reação tardia ou ineficiente do condutor,Tombamento,Com Vítimas Feridas,Anoitecer,Decrescente,Chuva,Dupla,Reta,Sim,1,0,1,0,0,0,1,1,"-7,16470016","-34,89993643",SPRF-PB,DEL01-PB,UOP02-DEL01-PB
557349.0,2023-10-26,quinta-feira,17:15:00,PB,101,"88,5",JOAO PESSOA,Reação tardia ou ineficiente do condutor,Tombamento,Com Vítimas Feridas,Plena Noite,Decrescente,Nublado,Dupla,Reta,Sim,1,0,1,0,0,0,1,1,"-7,16470016","-34,89993643",SPRF-PB,DEL01-PB,UOP02-DEL01-PB
557503.0,2023-10-27,sexta-feira,13:20:00,PB,230,"22,3",JOAO PESSOA,Avarias e/ou desgaste excessivo no pneu,Tombamento,Com Vítimas Feridas,Pleno dia,Decrescente,Céu Claro,Dupla,Curva,Sim,3,0,2,1,0,0,3,1,"-7,1415","-34,8519",SPRF-PB,DEL01-PB,UOP01-DEL01-PB
557506.0,2023-10-27,sexta-feira,14:10:00,PB,230,"20,7",JOAO PESSOA,Acostamento em desnível,Tombamento,Com Vítimas Feridas,Pleno dia,Crescente,Céu Claro,Dupla,Reta,Não,1,0,0,1,0,0,1,1,"-7,1337","-34,8544",SPRF-PB,DEL01-PB,UOP01-DEL01-PB
557620.0,2023-10-27,sexta-feira,20:30:00,PB,230,"105,2",MOGEIRO,Ausência de reação do condutor,Queda de ocupante de veículo,Com Vítimas Feridas,Plena Noite,Decrescente,Céu Claro,Dupla,Reta,Não,2,0,2,0,0,0,2,1,"-7,2075","-35,5248",SPRF-PB,DEL01-PB,UOP03-DEL01-PB
557769.0,2023-10-28,sábado,17:55:00,PB,104,"95,7",ESPERANCA,Reação tardia ou ineficiente do condutor,Colisão traseira,Com Vítimas Feridas,Plena Noite,Decrescente,Céu Claro,Simples,Reta;Declive,Sim,5,0,1,0,4,0,1,3,"-7,00474364","-35,85081722",SPRF-PB,DEL02-PB,UOP04-DEL02-PB
557799.0,2023-10-28,sábado,21:30:00,PB,230,9,CABEDELO,Ausência de reação do condutor,Tombamento,Com Vítimas Feridas,Plena Noite,Crescente,Céu Claro,Dupla,Reta;Em Obras,Sim,1,0,1,0,0,0,1,1,"-7,0433","-34,8466",SPRF-PB,DEL01-PB,UOP01-DEL01-PB
557883.0,2023-10-29,domingo,05:50:00,PB,230,"119,4",RIACHAO DO BACAMARTE,Avarias e/ou desgaste excessivo no pneu,Saída de leito carroçável,Com Vítimas Feridas,Pleno dia,Decrescente,Céu Claro,Dupla,Reta,Não,4,0,3,0,1,0,3,1,"-7,2423","-35,6312",SPRF-PB,DEL02-PB,UOP01-DEL02-PB
557979.0,2023-10-29,domingo,18:25:00,PB,101,"113,7",PEDRAS DE FOGO,Condutor Dormindo,Saída de leito carroçável,Sem Vítimas,Plena Noite,Decrescente,Céu Claro,Dupla,Reta;Declive,Não,3,0,0,0,3,0,0,1,"-7,37852293","-34,95673822",SPRF-PB,DEL01-PB,UOP02-DEL01-PB
558059.0,2023-10-30,segunda-feira,06:15:00,PB,230,152,CAMPINA GRANDE,Ultrapassagem Indevida,Colisão lateral mesmo sentido,Com Vítimas Feridas,Pleno dia,Crescente,Céu Claro,Dupla,Curva,Não,3,0,1,1,1,0,2,2,"-7,27416069","-35,88878632",SPRF-PB,DEL02-PB,UOP01-DEL02-PB
558110.0,2023-10-30,segunda-feira,09:20:00,PB,230,"505,7",CAJAZEIRAS,Acessar a via sem observar a presença dos outros veículos,Colisão transversal,Com Vítimas Feridas,Pleno dia,Crescente,Céu Claro,Simples,Interseção de Vias,Sim,2,0,1,0,1,0,1,2,"-6,901652","-38,568004",SPRF-PB,DEL03-PB,UOP03-DEL03-PB
558143.0,2023-10-30,segunda-feira,15:25:00,PB,230,309,SAO MAMEDE,Acessar a via sem observar a presença dos outros veículos,Colisão transversal,Sem Vítimas,Pleno dia,Crescente,Céu Claro,Simples,Reta,Não,2,0,0,0,1,1,0,2,"-6,9247","-37,061",SPRF-PB,DEL03-PB,UOP01-DEL03-PB
558193.0,2023-10-30,segunda-feira,19:25:00,PB,104,"130,8",QUEIMADAS,Animais na Pista,Atropelamento de Animal,Com Vítimas Feridas,Plena Noite,Decrescente,Céu Claro,Simples,Reta,Não,2,0,2,0,0,0,2,1,"-7,29013399","-35,89029705",SPRF-PB,DEL02-PB,UOP03-DEL02-PB
558246.0,2023-10-31,terça-feira,06:35:00,PB,101,"98,3",ALHANDRA,Demais falhas mecânicas ou elétricas,Tombamento,Com Vítimas Feridas,Pleno dia,Decrescente,Nublado,Dupla,Reta,Não,2,0,1,1,0,0,2,1,"-7,23846306","-34,9268519",SPRF-PB,DEL01-PB,UOP02-DEL01-PB
558346.0,2023-10-31,terça-feira,17:35:00,PB,101,99,CONDE,Ausência de reação do condutor,Atropelamento de Pedestre,Com Vítimas Feridas,Anoitecer,Decrescente,Céu Claro,Dupla,Reta,Não,2,0,0,1,1,0,1,2,"-7,2557332","-34,93469152",SPRF-PB,DEL01-PB,UOP02-DEL01-PB
558358.0,2023-10-31,terça-feira,18:10:00,PB,101,85,BAYEUX,Avarias e/ou desgaste excessivo no pneu,Colisão traseira,Com Vítimas Feridas,Plena Noite,Decrescente,Céu Claro,Dupla,Reta,Sim,2,0,1,0,1,0,1,2,"-7,14538184","-34,91662887",SPRF-PB,DEL01-PB,UOP01-DEL01-PB
558383.0,2023-10-31,terça-feira,18:25:00,PB,230,496,CAJAZEIRAS,Ingestão de álcool pelo condutor,Queda de ocupante de veículo,Com Vítimas Feridas,Plena Noite,Crescente,Céu Claro,Simples,Reta,Não,1,0,1,0,0,0,1,1,"-6,8886","-38,4755",SPRF-PB,DEL03-PB,UOP03-DEL03-PB
558506.0,2023-11-01,quarta-feira,15:40:00,PB,230,9,CABEDELO,Condutor deixou de manter distância do veículo da frente,Colisão traseira,Com Vítimas Feridas,Pleno dia,Crescente,Céu Claro,Dupla,Reta,Sim,3,0,2,0,1,0,2,2,"-7,0355","-34,8429",SPRF-PB,DEL01-PB,UOP01-DEL01-PB
558510.0,2023-11-01,quarta-feira,13:30:00,PB,230,370,MALTA,Reação tardia ou ineficiente do condutor,Saída de leito carroçável,Com Vítimas Fatais,Pleno dia,Crescente,Sol,Simples,Reta,Não,2,1,1,0,0,0,1,1,"-6,9079","-37,5497",SPRF-PB,DEL03-PB,UOP02-DEL03-PB
558519.0,2023-11-01,quarta-feira,16:29:00,PB,101,95,CONDE,Ausência de reação do condutor,Colisão traseira,Sem Vítimas,Pleno dia,Crescente,Céu Claro,Dupla,Reta,Não,4,0,0,0,4,0,0,2,"-7,22379403","-34,91488195",SPRF-PB,DEL01-PB,UOP02-DEL01-PB
558520.0,2023-11-01,quarta-feira,16:45:00,PB,101,85,BAYEUX,Condutor deixou de manter distância do veículo da frente,Colisão traseira,Com Vítimas Feridas,Pleno dia,Decrescente,Céu Claro,Dupla,Reta,Não,3,0,1,0,2,0,1,2,"-7,14538184","-34,91662887",SPRF-PB,DEL01-PB,UOP01-DEL01-PB
558530.0,2023-11-01,quarta-feira,17:20:00,PB,230,"25,1",JOAO PESSOA,Pedestre cruzava a pista fora da faixa,Atropelamento de Pedestre,Com Vítimas Feridas,Anoitecer,Decrescente,Céu Claro,Dupla,Reta,Sim,3,0,1,2,0,0,3,2,"-7,17065418","-34,87053037",SPRF-PB,DEL01-PB,UOP01-DEL01-PB
558740.0,2023-11-02,quinta-feira,16:20:00,PB,101,88,JOAO PESSOA,Reação tardia ou ineficiente do condutor,Queda de ocupante de veículo,Com Vítimas Feridas,Pleno dia,Crescente,Céu Claro,Dupla,Viaduto,Sim,2,0,0,2,0,0,2,1,"-7,16470016","-34,89993643",SPRF-PB,DEL01-PB,UOP01-DEL01-PB
558743.0,2023-11-02,quinta-feira,17:45:00,PB,230,"7,9",CABEDELO,Acessar a via sem observar a presença dos outros veículos,Colisão transversal,Com Vítimas Feridas,Anoitecer,Crescente,Céu Claro,Múltipla,Reta;Em Obras,Sim,3,0,2,0,0,1,2,2,"-7,036408","-34,843385",SPRF-PB,DEL01-PB,UOP01-DEL01-PB
558744.0,2023-11-02,quinta-feira,17:52:00,PB,101,"86,1",JOAO PESSOA,Condutor deixou de manter distância do veículo da frente,Colisão traseira,Com Vítimas Feridas,Plena Noite,Decrescente,Céu Claro,Dupla,Declive,Sim,2,0,0,1,1,0,1,2,"-7,16460782","-34,90017414",SPRF-PB,DEL01-PB,UOP01-DEL01-PB
558907.0,2023-11-03,sexta-feira,17:30:00,PB,230,36,SANTA RITA,Reação tardia ou ineficiente do condutor,Tombamento,Com Vítimas Feridas,Anoitecer,Crescente,Céu Claro,Dupla,Viaduto;Curva,Sim,1,0,1,0,0,0,1,1,"-7,1246","-34,9473",SPRF-PB,DEL01-PB,UOP03-DEL01-PB
559058.0,2023-11-04,sábado,11:35:00,PB,230,"166,2",CAMPINA GRANDE,Transitar no Acostamento,Colisão lateral mesmo sentido,Com Vítimas Feridas,Pleno dia,Crescente,Céu Claro,Simples,Reta,Sim,2,0,1,0,1,0,1,2,"-7,1976","-35,955",SPRF-PB,DEL02-PB,UOP02-DEL02-PB
559137.0,2023-11-04,sábado,18:00:00,PB,230,497,CAJAZEIRAS,Ausência de reação do condutor,Colisão traseira,Com Vítimas Feridas,Plena Noite,Decrescente,Céu Claro,Simples,Reta,Não,3,0,0,1,1,1,1,3,"-6,896468","-38,492417",SPRF-PB,DEL03-PB,UOP03-DEL03-PB
559313.0,2023-11-05,domingo,18:00:00,PB,230,"26,4",JOAO PESSOA,Ingestão de álcool ou de substâncias psicoativas pelo pedestre,Atropelamento de Pedestre,Com Vítimas Feridas,Plena Noite,Crescente,Céu Claro,Dupla,Reta,Sim,2,0,1,0,1,0,1,2,"-7,1693","-34,8782",SPRF-PB,DEL01-PB,UOP01-DEL01-PB
559341.0,2023-11-05,domingo,19:00:00,PB,101,66,SANTA RITA,Demais falhas na via,Saída de leito carroçável,Sem Vítimas,Plena Noite,Crescente,Céu Claro,Dupla,Reta,Não,1,0,0,0,0,1,0,1,"-7,04802898","-35,04348899",SPRF-PB,DEL01-PB,UOP04-DEL01-PB
559353.0,2023-11-05,domingo,17:30:00,PB,230,142,CAMPINA GRANDE,Avarias e/ou desgaste excessivo no pneu,Tombamento,Com Vítimas Feridas,Pleno dia,Crescente,Céu Claro,Dupla,Reta,Não,2,0,2,0,0,0,2,1,"-7,2573","-35,8131",SPRF-PB,DEL02-PB,UOP01-DEL02-PB
559400.0,2023-11-05,domingo,21:00:00,PB,230,"399,7",POMBAL,Transitar na contramão,Colisão frontal,Com Vítimas Feridas,Plena Noite,Decrescente,Chuva,Simples,Reta;Aclive,Não,4,0,3,1,0,0,4,2,"-6,8295","-37,7572",SPRF-PB,DEL03-PB,UOP02-DEL03-PB
559452.0,2023-11-06,segunda-feira,07:40:00,PB,230,23,JOAO PESSOA,Trafegar com motocicleta (ou similar) entre as faixas,Colisão traseira,Com Vítimas Feridas,Pleno dia,Decrescente,Céu Claro,Dupla,Reta,Sim,3,0,2,0,1,0,2,2,"-7,158565","-34,858651",SPRF-PB,DEL01-PB,UOP01-DEL01-PB
559480.0,2023-11-06,segunda-feira,09:27:00,PB,230,27,JOAO PESSOA,Animais na Pista,Atropelamento de Animal,Com Vítimas Feridas,Pleno dia,Decrescente,Céu Claro,Dupla,Reta,Sim,1,0,1,0,0,0,1,1,"-7,1677","-34,8855",SPRF-PB,DEL01-PB,UOP01-DEL01-PB
559510.0,2023-11-06,segunda-feira,13:55:00,PB,101,70,SANTA RITA,Condutor Dormindo,Colisão lateral mesmo sentido,Com Vítimas Feridas,Pleno dia,Crescente,Céu Claro,Dupla,Declive;Reta,Não,3,0,2,0,1,0,2,2,"-7,06454776","-35,01147489",SPRF-PB,DEL01-PB,UOP04-DEL01-PB
559551.0,2023-11-06,segunda-feira,17:33:00,PB,230,13,CABEDELO,Transitar no Acostamento,Colisão transversal,Com Vítimas Feridas,Anoitecer,Decrescente,Céu Claro,Múltipla,Reta;Interseção de Vias,Sim,3,0,2,0,1,0,2,2,"-7,0772","-34,8494",SPRF-PB,DEL01-PB,UOP01-DEL01-PB
559572.0,2023-11-06,segunda-feira,18:01:00,PB,230,19,JOAO PESSOA,Trafegar com motocicleta (ou similar) entre as faixas,Colisão traseira,Com Vítimas Feridas,Plena Noite,Crescente,Céu Claro,Dupla,Reta,Sim,2,0,1,0,1,0,1,2,"-7,1281","-34,8466",SPRF-PB,DEL01-PB,UOP01-DEL01-PB
559628.0,2023-11-06,segunda-feira,23:35:00,PB,230,"15,2",JOAO PESSOA,Ausência de reação do condutor,Colisão com objeto,Com Vítimas Feridas,Plena Noite,Decrescente,Garoa/Chuvisco,Dupla,Declive;Curva,Sim,1,0,1,0,0,0,1,1,"-7,093","-34,8482",SPRF-PB,DEL01-PB,UOP01-DEL01-PB
559662.0,2023-11-07,terça-feira,07:15:00,PB,230,"137,9",CAMPINA GRANDE,Ausência de reação do condutor,Saída de leito carroçável,Com Vítimas Feridas,Pleno dia,Decrescente,Chuva,Dupla,Curva;Declive,Não,3,0,1,0,2,0,1,1,"-7,2766","-35,7739",SPRF-PB,DEL02-PB,UOP01-DEL02-PB