id,data_inversa,dia_semana,horario,uf,br,km,municipio,causa_acidente,tipo_acidente,classificacao_acidente,fase_dia,sentido_via,condicao_metereologica,tipo_pista,tracado_via,uso_solo,pessoas,mortos,feridos_leves,feridos_graves,ilesos,ignorados,feridos,veiculos,latitude,longitude,regional,delegacia,uop
559692.0,2023-11-07,terça-feira,10:25:00,PB,230,"512,6",CAJAZEIRAS,Demais falhas mecânicas ou elétricas,Tombamento,Com Vítimas Feridas,Pleno dia,Decrescente,Céu Claro,Simples,Reta,Não,2,0,2,0,0,0,2,1,"-6,8878","-38,605",SPRF-PB,DEL03-PB,UOP03-DEL03-PB
559767.0,2023-11-07,terça-feira,18:20:00,PB,101,78,SANTA RITA,Demais falhas na via,Queda de ocupante de veículo,Com Vítimas Feridas,Plena Noite,Crescente,Céu Claro,Dupla,Reta,Não,2,0,2,0,0,0,2,1,"-7,10808295","-34,96293885",SPRF-PB,DEL01-PB,UOP04-DEL01-PB
559926.0,2023-11-08,quarta-feira,14:10:00,PB,230,510,CAJAZEIRAS,Ingestão de álcool pelo condutor,Saída de leito carroçável,Com Vítimas Feridas,Pleno dia,Crescente,Céu Claro,Simples,Reta,Não,1,0,1,0,0,0,1,1,"-6,8906","-38,5885",SPRF-PB,DEL03-PB,UOP03-DEL03-PB
559961.0,2023-11-08,quarta-feira,17:30:00,PB,230,"11,7",CABEDELO,Condutor deixou de manter distância do veículo da frente,Colisão traseira,Com Vítimas Feridas,Anoitecer,Crescente,Céu Claro,Dupla,Reta,Não,2,0,1,0,0,1,1,2,"-7,0596","-34,8506",SPRF-PB,DEL01-PB,UOP01-DEL01-PB
559972.0,2023-11-08,quarta-feira,18:02:00,PB,230,74,SOBRADO,Animais na Pista,Atropelamento de Animal,Com Vítimas Feridas,Plena Noite,Decrescente,Céu Claro,Dupla,Reta,Não,1,0,0,1,0,0,1,1,"-7,1894","-35,2596",SPRF-PB,DEL01-PB,UOP03-DEL01-PB
560061.0,2023-11-09,quinta-feira,08:40:00,PB,230,13,CABEDELO,Condutor deixou de manter distância do veículo da frente,Engavetamento,Sem Vítimas,Pleno dia,Crescente,Céu Claro,Dupla,Reta,Sim,3,0,0,0,3,0,0,3,"-7,0772","-34,8494",SPRF-PB,DEL01-PB,UOP01-DEL01-PB
560067.0,2023-11-09,quinta-feira,10:10:00,PB,230,"19,6",JOAO PESSOA,Demais falhas mecânicas ou elétricas,Queda de ocupante de veículo,Com Vítimas Feridas,Pleno dia,Crescente,Céu Claro,Dupla,Curva;Aclive,Sim,2,0,2,0,0,0,2,1,"-7,1281","-34,8466",SPRF-PB,DEL01-PB,UOP01-DEL01-PB
560179.0,2023-11-09,quinta-feira,21:05:00,PB,104,"97,7",ESPERANCA,Animais na Pista,Atropelamento de Animal,Com Vítimas Feridas,Plena Noite,Decrescente,Céu Claro,Simples,Declive,Sim,1,0,1,0,0,0,1,1,"-7,01994564","-35,85788662",SPRF-PB,DEL02-PB,UOP04-DEL02-PB
560193.0,2023-11-09,quinta-feira,23:50:00,PB,230,"150,8",CAMPINA GRANDE,Animais na Pista,Atropelamento de Animal,Com Vítimas Feridas,Plena Noite,Decrescente,Céu Claro,Simples,Reta,Sim,1,0,1,0,0,0,1,1,"-7,2688","-35,8837",SPRF-PB,DEL02-PB,UOP01-DEL02-PB
560194.0,2023-11-09,quinta-feira,21:30:00,PB,230,"161,9",CAMPINA GRANDE,Animais na Pista,Atropelamento de Animal,Com Vítimas Feridas,Plena Noite,Decrescente,Céu Claro,Simples,Reta;Declive,Não,1,0,0,1,0,0,1,1,"-7,2361","-35,941",SPRF-PB,DEL02-PB,UOP01-DEL02-PB
560234.0,2023-11-10,sexta-feira,06:00:00,PB,230,"128,2",CAMPINA GRANDE,Animais na Pista,Saída de leito carroçável,Sem Vítimas,Pleno dia,Decrescente,Céu Claro,Dupla,Reta;Declive,Não,1,0,0,0,1,0,0,1,"-7,2605","-35,7061",SPRF-PB,DEL02-PB,UOP01-DEL02-PB
560240.0,2023-11-10,sexta-feira,07:20:00,PB,230,23,JOAO PESSOA,Reação tardia ou ineficiente do condutor,Colisão traseira,Com Vítimas Feridas,Pleno dia,Decrescente,Céu Claro,Dupla,Viaduto,Sim,3,0,0,1,2,0,1,2,"-7,1562","-34,8574",SPRF-PB,DEL01-PB,UOP01-DEL01-PB
560293.0,2023-11-10,sexta-feira,12:10:00,PB,101,"87,8",JOAO PESSOA,Pedestre cruzava a pista fora da faixa,Atropelamento de Pedestre,Com Vítimas Fatais,Pleno dia,Crescente,Céu Claro,Dupla,Reta,Sim,2,1,0,0,1,0,0,2,"-7,15886802","-34,90628504",SPRF-PB,DEL01-PB,UOP01-DEL01-PB
560316.0,2023-11-10,sexta-feira,11:30:00,PB,230,"508,7",CAJAZEIRAS,Desrespeitar a preferência no cruzamento,Colisão transversal,Com Vítimas Feridas,Pleno dia,Crescente,Céu Claro,Simples,Reta,Não,3,0,1,2,0,0,3,2,"-6,8988","-38,5722",SPRF-PB,DEL03-PB,UOP03-DEL03-PB
560321.0,2023-11-10,sexta-feira,14:01:00,PB,230,10,CABEDELO,Reação tardia ou ineficiente do condutor,Colisão traseira,Com Vítimas Feridas,Pleno dia,Decrescente,Céu Claro,Dupla,Curva,Sim,2,0,0,1,1,0,1,2,"-7,0514","-34,8499",SPRF-PB,DEL01-PB,UOP01-DEL01-PB
560393.0,2023-11-10,sexta-feira,19:30:00,PB,230,21,JOAO PESSOA,Reação tardia ou ineficiente do condutor,Tombamento,Com Vítimas Feridas,Plena Noite,Crescente,Céu Claro,Dupla,Reta,Sim,2,0,1,0,1,0,1,1,"-7,1415","-34,8519",SPRF-PB,DEL01-PB,UOP01-DEL01-PB
560522.0,2023-11-11,sábado,08:40:00,PB,101,"87,3",JOAO PESSOA,Reação tardia ou ineficiente do condutor,Colisão traseira,Com Vítimas Feridas,Pleno dia,Decrescente,Sol,Dupla,Reta,Sim,2,0,1,0,1,0,1,2,"-7,15886802","-34,90628504",SPRF-PB,DEL01-PB,UOP01-DEL01-PB
560538.0,2023-11-11,sábado,09:05:00,PB,230,"164,2",CAMPINA GRANDE,Acessar a via sem observar a presença dos outros veículos,Colisão traseira,Com Vítimas Feridas,Pleno dia,Decrescente,Céu Claro,Simples,Reta;Retorno Regulamentado,Sim,3,0,3,0,0,0,3,2,"-7,21368979","-35,94889283",SPRF-PB,DEL02-PB,UOP01-DEL02-PB
560596.0,2023-11-11,sábado,15:25:00,PB,101,"93,2",JOAO PESSOA,Ingestão de álcool pelo condutor,Colisão traseira,Com Vítimas Feridas,Pleno dia,Crescente,Céu Claro,Dupla,Reta,Não,3,0,2,0,1,0,2,2,"-7,205825","-34,90879",SPRF-PB,DEL01-PB,UOP02-DEL01-PB
560673.0,2023-11-11,sábado,21:25:00,PB,230,18,JOAO PESSOA,Transitar na contramão,Queda de ocupante de veículo,Com Vítimas Feridas,Plena Noite,Decrescente,Céu Claro,Dupla,Reta,Sim,1,0,1,0,0,0,1,1,"-7,12168934","-34,84505653",SPRF-PB,DEL01-PB,UOP01-DEL01-PB
560674.0,2023-11-11,sábado,21:10:00,PB,101,"87,2",JOAO PESSOA,Acesso irregular,Colisão transversal,Com Vítimas Feridas,Plena Noite,Decrescente,Céu Claro,Dupla,Reta,Sim,2,0,1,1,0,0,2,2,"-7,15886802","-34,90628504",SPRF-PB,DEL01-PB,UOP01-DEL01-PB
560720.0,2023-11-12,domingo,02:45:00,PB,101,106,ALHANDRA,Ingestão de álcool pelo condutor,Colisão com objeto,Sem Vítimas,Plena Noite,Crescente,Céu Claro,Dupla,Reta,Não,2,0,0,0,2,0,0,1,"-7,29538485","-34,93737102",SPRF-PB,DEL01-PB,UOP02-DEL01-PB
560836.0,2023-11-12,domingo,15:55:00,PB,101,"79,2",SANTA RITA,Ultrapassagem Indevida,Colisão lateral mesmo sentido,Com Vítimas Feridas,Pleno dia,Crescente,Céu Claro,Dupla,Reta;Em Obras,Não,2,0,1,0,1,0,1,2,"-7,1147526","-34,95793891",SPRF-PB,DEL01-PB,UOP04-DEL01-PB
560846.0,2023-11-12,domingo,16:50:00,PB,230,105,MOGEIRO,Ausência de reação do condutor,Saída de leito carroçável,Sem Vítimas,Pleno dia,Crescente,Céu Claro,Dupla,Retorno Regulamentado;Curva;Aclive,Não,1,0,0,0,1,0,0,1,"-7,2075","-35,5248",SPRF-PB,DEL01-PB,UOP03-DEL01-PB
560873.0,2023-11-12,domingo,18:30:00,PB,230,163,CAMPINA GRANDE,Pedestre andava na pista,Atropelamento de Pedestre,Com Vítimas Feridas,Plena Noite,Decrescente,Céu Claro,Simples,Reta;Declive,Não,3,0,0,2,1,0,2,2,"-7,2198","-35,9443",SPRF-PB,DEL02-PB,UOP01-DEL02-PB
560986.0,2023-11-13,segunda-feira,06:00:00,PB,101,90,JOAO PESSOA,Acessar a via sem observar a presença dos outros veículos,Colisão lateral mesmo sentido,Com Vítimas Feridas,Pleno dia,Crescente,Céu Claro,Dupla,Reta;Interseção de Vias,Sim,2,0,1,0,1,0,1,2,"-7,179652","-34,900417",SPRF-PB,DEL01-PB,UOP02-DEL01-PB
561010.0,2023-11-13,segunda-feira,07:45:00,PB,230,"12,7",CABEDELO,Trafegar com motocicleta (ou similar) entre as faixas,Colisão lateral mesmo sentido,Com Vítimas Feridas,Pleno dia,Decrescente,Céu Claro,Dupla,Reta,Sim,3,0,2,0,1,0,2,2,"-7,068","-34,85",SPRF-PB,DEL01-PB,UOP01-DEL01-PB
561047.0,2023-11-12,domingo,18:00:00,PB,412,"46,6",SAO JOAO DO CARIRI,Ausência de reação do condutor,Saída de leito carroçável,Com Vítimas Feridas,Anoitecer,Crescente,Céu Claro,Simples,Reta,Não,1,0,1,0,0,0,1,1,"-7,342181","-36,454914",SPRF-PB,DEL02-PB,UOP02-DEL02-PB
561083.0,2023-11-13,segunda-feira,14:08:00,PB,230,"23,8",JOAO PESSOA,Reação tardia ou ineficiente do condutor,Colisão traseira,Com Vítimas Feridas,Pleno dia,Decrescente,Céu Claro,Dupla,Reta;Aclive;Viaduto,Sim,3,0,1,0,2,0,1,2,"-7,16504804","-34,86245871",SPRF-PB,DEL01-PB,UOP01-DEL01-PB
561165.0,2023-11-13,segunda-feira,23:00:00,PB,230,25,JOAO PESSOA,Acessar a via sem observar a presença dos outros veículos,Colisão lateral mesmo sentido,Com Vítimas Feridas,Plena Noite,Crescente,Céu Claro,Simples,Reta;Interseção de Vias;Viaduto,Sim,2,0,1,0,1,0,1,2,"-7,1707","-34,8684",SPRF-PB,DEL01-PB,UOP01-DEL01-PB
561178.0,2023-11-14,terça-feira,02:25:00,PB,101,110,ALHANDRA,Avarias e/ou desgaste excessivo no pneu,Saída de leito carroçável,Sem Vítimas,Plena Noite,Crescente,Céu Claro,Dupla,Reta;Interseção de Vias,Sim,1,0,0,0,0,1,0,1,"-7,35255626","-34,94940909",SPRF-PB,DEL01-PB,UOP02-DEL01-PB
561202.0,2023-10-24,terça-feira,13:45:00,PB,230,54,CRUZ DO ESPIRITO SANTO,Condutor Dormindo,Saída de leito carroçável,Com Vítimas Feridas,Pleno dia,Decrescente,Sol,Dupla,Reta,Não,2,0,2,0,0,0,2,1,"-7,2007","-35,0854",SPRF-PB,DEL01-PB,UOP03-DEL01-PB
561247.0,2023-11-14,terça-feira,11:29:00,PB,230,"510,9",CAJAZEIRAS,Pedestre andava na pista,Atropelamento de Pedestre,Com Vítimas Feridas,Pleno dia,Decrescente,Céu Claro,Simples,Reta;Declive,Não,3,0,0,1,1,1,1,2,"-6,8866","-38,6122",SPRF-PB,DEL03-PB,UOP03-DEL03-PB
561337.0,2023-11-14,terça-feira,14:10:00,PB,230,263,JUNCO DO SERIDO,Acessar a via sem observar a presença dos outros veículos,Colisão transversal,Com Vítimas Feridas,Pleno dia,Decrescente,Céu Claro,Simples,Reta;Declive,Não,2,0,0,1,1,0,1,2,"-6,984","-36,7279",SPRF-PB,DEL03-PB,UOP01-DEL03-PB
561361.0,2023-11-14,terça-feira,18:40:00,PB,230,507,CAJAZEIRAS,Desrespeitar a preferência no cruzamento,Colisão transversal,Com Vítimas Feridas,Plena Noite,Crescente,Céu Claro,Simples,Reta;Interseção de Vias,Sim,2,0,1,0,1,0,1,2,"-6,9024","-38,5643",SPRF-PB,DEL03-PB,UOP03-DEL03-PB
561425.0,2023-11-14,terça-feira,23:15:00,PB,361,111,ITAPORANGA,Animais na Pista,Atropelamento de Animal,Sem Vítimas,Plena Noite,Crescente,Céu Claro,Simples,Reta,Não,1,0,0,0,0,1,0,1,"-7,30040074","-38,12822707",SPRF-PB,DEL03-PB,UOP01-DEL03-PB
561429.0,2023-10-13,sexta-feira,01:10:00,PB,230,"160,2",CAMPINA GRANDE,Ingestão de álcool pelo condutor,Colisão traseira,Com Vítimas Feridas,Plena Noite,Crescente,Nublado,Simples,Reta;Declive,Sim,3,0,2,0,0,1,2,2,"-7,2436","-35,9375",SPRF-PB,DEL02-PB,UOP01-DEL02-PB
561451.0,2023-11-15,quarta-feira,10:00:00,PB,230,16,JOAO PESSOA,Condutor deixou de manter distância do veículo da frente,Engavetamento,Sem Vítimas,Pleno dia,Decrescente,Céu Claro,Dupla,Reta,Sim,3,0,0,0,3,0,0,3,"-7,1039","-34,8458",SPRF-PB,DEL01-PB,UOP01-DEL01-PB
561474.0,2023-11-15,quarta-feira,09:45:00,PB,230,"464,9",SOUSA,Acessar a via sem observar a presença dos outros veículos,Colisão transversal,Com Vítimas Feridas,Pleno dia,Crescente,Sol,Simples,Reta,Sim,3,0,2,0,1,0,2,2,"-6,7786","-38,2341",SPRF-PB,DEL03-PB,UOP03-DEL03-PB
561597.0,2023-11-16,quinta-feira,08:00:00,PB,230,22,JOAO PESSOA,Transitar no Acostamento,Colisão traseira,Com Vítimas Feridas,Pleno dia,Decrescente,Céu Claro,Dupla,Reta,Sim,2,0,2,0,0,0,2,1,"-7,1495","-34,8517",SPRF-PB,DEL01-PB,UOP01-DEL01-PB
561650.0,2023-11-16,quinta-feira,12:55:00,PB,101,"44,7",MAMANGUAPE,Avarias e/ou desgaste excessivo no pneu,Capotamento,Com Vítimas Feridas,Pleno dia,Decrescente,Céu Claro,Dupla,Reta,Não,2,0,2,0,0,0,2,1,"-6,88322894","-35,1303459",SPRF-PB,DEL01-PB,UOP04-DEL01-PB
561703.0,2023-11-16,quinta-feira,12:55:00,PB,101,"88,2",JOAO PESSOA,Acumulo de areia ou detritos sobre o pavimento,Saída de leito carroçável,Com Vítimas Feridas,Pleno dia,Decrescente,Chuva,Simples,Curva,Sim,2,0,0,1,1,0,1,2,"-7,16645769","-34,89502507",SPRF-PB,DEL01-PB,UOP01-DEL01-PB
561717.0,2023-11-16,quinta-feira,20:15:00,PB,101,"33,5",MAMANGUAPE,Acumulo de areia ou detritos sobre o pavimento,Tombamento,Com Vítimas Feridas,Plena Noite,Crescente,Céu Claro,Dupla,Reta,Não,1,0,0,1,0,0,1,1,"-6,77627801","-35,13350468",SPRF-PB,DEL01-PB,UOP04-DEL01-PB
561722.0,2023-11-16,quinta-feira,20:20:00,PB,230,"22,8",JOAO PESSOA,Ausência de reação do condutor,Colisão com objeto,Com Vítimas Feridas,Plena Noite,Crescente,Céu Claro,Dupla,Viaduto;Reta;Aclive,Sim,1,0,0,1,0,0,1,1,"-7,16607486","-34,86317116",SPRF-PB,DEL01-PB,UOP01-DEL01-PB
561790.0,2023-11-11,sábado,04:15:00,PB,230,"155,6",CAMPINA GRANDE,Manobra de mudança de faixa,Colisão frontal,Com Vítimas Feridas,Amanhecer,Crescente,Céu Claro,Simples,Reta,Sim,3,0,2,0,0,1,2,2,"-7,273509","-35,908444",SPRF-PB,DEL02-PB,UOP01-DEL02-PB
561817.0,2023-11-17,sexta-feira,11:00:00,PB,104,113,LAGOA SECA,Acessar a via sem observar a presença dos outros veículos,Colisão transversal,Com Vítimas Feridas,Pleno dia,Crescente,Céu Claro,Simples,Reta,Sim,2,0,1,0,1,0,1,2,"-7,15342626","-35,85241772",SPRF-PB,DEL02-PB,UOP04-DEL02-PB
561839.0,2023-11-17,sexta-feira,13:00:00,PB,101,28,JOAO PESSOA,Manobra de mudança de faixa,Colisão lateral mesmo sentido,Sem Vítimas,Pleno dia,Decrescente,Céu Claro,Dupla,Reta,Sim,2,0,0,0,2,0,0,2,"-7,16423546","-34,90069628",SPRF-PB,DEL01-PB,UOP04-DEL01-PB
561868.0,2023-11-17,sexta-feira,15:30:00,PB,230,23,JOAO PESSOA,Condutor deixou de manter distância do veículo da frente,Colisão lateral mesmo sentido,Com Vítimas Feridas,Pleno dia,Decrescente,Céu Claro,Dupla,Reta,Sim,3,0,1,1,1,0,2,2,"-7,15986622","-34,85937614",SPRF-PB,DEL01-PB,UOP01-DEL01-PB
561904.0,2023-11-17,sexta-feira,19:00:00,PB,101,109,ALHANDRA,Ingestão de álcool e/ou substâncias psicoativas pelo pedestre,Capotamento,Com Vítimas Feridas,Plena Noite,Decrescente,Céu Claro,Dupla,Reta,Sim,1,0,0,1,0,0,1,1,"-7,34361299","-34,94797909",SPRF-PB,DEL01-PB,UOP02-DEL01-PB
561942.0,2023-11-17,sexta-feira,20:55:00,PB,230,"464,4",SOUSA,Acessar a via sem observar a presença dos outros veículos,Colisão transversal,Com Vítimas Feridas,Plena Noite,Crescente,Céu Claro,Simples,Reta,Sim,2,0,1,0,0,1,1,2,"-6,780043","-38,248832",SPRF-PB,DEL03-PB,UOP03-DEL03-PB
562062.0,2023-11-18,sábado,15:00:00,PB,230,28,JOAO PESSOA,Acumulo de areia ou detritos sobre o pavimento,Tombamento,Com Vítimas Feridas,Pleno dia,Decrescente,Céu Claro,Simples,Curva,Sim,1,0,0,1,0,0,1,1,"-7,1651","-34,8941",SPRF-PB,DEL01-PB,UOP01-DEL01-PB
562102.0,2023-11-18,sábado,17:40:00,PB,230,24,JOAO PESSOA,Reação tardia ou ineficiente do condutor,Colisão lateral mesmo sentido,Com Vítimas Feridas,Anoitecer,Crescente,Céu Claro,Dupla,Reta,Sim,2,0,0,1,1,0,1,2,"-7,1637","-34,8618",SPRF-PB,DEL01-PB,UOP01-DEL01-PB
562104.0,2023-11-18,sábado,18:20:00,PB,230,23,JOAO PESSOA,Condutor deixou de manter distância do veículo da frente,Colisão traseira,Com Vítimas Feridas,Plena Noite,Crescente,Céu Claro,Dupla,Reta,Sim,2,0,1,0,1,0,1,2,"-7,1562","-34,8574",SPRF-PB,DEL01-PB,UOP01-DEL01-PB
562125.0,2023-11-18,sábado,19:01:00,PB,230,20,JOAO PESSOA,Ingestão de álcool pelo condutor,Engavetamento,Com Vítimas Feridas,Plena Noite,Crescente,Céu Claro,Dupla,Reta,Sim,4,0,2,0,1,1,2,3,"-7,1337","-34,8544",SPRF-PB,DEL01-PB,UOP01-DEL01-PB
562150.0,2023-11-18,sábado,20:20:00,PB,361,83,PIANCO,Transitar no Acostamento,Colisão lateral mesmo sentido,Com Vítimas Feridas,Plena Noite,Crescente,Céu Claro,Simples,Curva,Sim,4,0,0,1,3,0,1,2,"-7,1891707","-37,92068612",SPRF-PB,DEL03-PB,UOP01-DEL03-PB
562197.0,2023-11-19,domingo,04:30:00,PB,230,41,SANTA RITA,Ingestão de álcool pelo condutor,Colisão com objeto,Sem Vítimas,Amanhecer,Decrescente,Céu Claro,Dupla,Curva,Sim,1,0,0,0,0,1,0,1,"-7,1432","-34,9869",SPRF-PB,DEL01-PB,UOP03-DEL01-PB
562253.0,2023-11-19,domingo,11:25:00,PB,101,"85,5",BAYEUX,Avarias e/ou desgaste excessivo no pneu,Tombamento,Com Vítimas Feridas,Pleno dia,Crescente,Sol,Dupla,Reta,Não,2,0,2,0,0,0,2,1,"-7,14538184","-34,91662887",SPRF-PB,DEL01-PB,UOP01-DEL01-PB
562259.0,2023-11-19,domingo,12:30:00,PB,230,27,JOAO PESSOA,Pedestre cruzava a pista fora da faixa,Atropelamento de Pedestre,Com Vítimas Feridas,Pleno dia,Decrescente,Céu Claro,Dupla,Reta,Sim,2,0,0,1,1,0,1,2,"-7,16593059","-34,88921707",SPRF-PB,DEL01-PB,UOP01-DEL01-PB
562270.0,2023-11-19,domingo,13:29:00,PB,101,"123,9",CAAPORA,Manobra de mudança de faixa,Colisão lateral mesmo sentido,Com Vítimas Feridas,Pleno dia,Decrescente,Céu Claro,Dupla,Reta,Não,2,0,1,0,1,0,1,2,"-7,46746892","-34,9772648",SPRF-PB,DEL01-PB,UOP02-DEL01-PB
562286.0,2023-11-19,domingo,15:20:00,PB,101,73,SANTA RITA,Reação tardia ou ineficiente do condutor,Colisão com objeto,Com Vítimas Feridas,Pleno dia,Crescente,Céu Claro,Dupla,Reta,Não,5,0,1,3,1,0,4,1,"-7,07828212","-34,98823508",SPRF-PB,DEL01-PB,UOP04-DEL01-PB
562328.0,2023-11-19,domingo,16:50:00,PB,104,"136,2",QUEIMADAS,Transitar na contramão,Colisão frontal,Com Vítimas Feridas,Pleno dia,Decrescente,Céu Claro,Simples,Aclive,Sim,3,0,1,2,0,0,3,2,"-7,34336909","-35,89968752",SPRF-PB,DEL02-PB,UOP03-DEL02-PB
562349.0,2023-11-19,domingo,20:00:00,PB,230,"142,9",CAMPINA GRANDE,Animais na Pista,Atropelamento de Animal,Sem Vítimas,Plena Noite,Crescente,Céu Claro,Dupla,Reta;Aclive,Não,3,0,0,0,3,0,0,1,"-7,2573","-35,8131",SPRF-PB,DEL02-PB,UOP01-DEL02-PB
562382.0,2023-11-19,domingo,20:10:00,PB,104,"118,2",LAGOA SECA,Acessar a via sem observar a presença dos outros veículos,Tombamento,Com Vítimas Feridas,Plena Noite,Crescente,Céu Claro,Simples,Reta,Não,2,0,1,0,1,0,1,2,"-7,19637839","-35,87571339",SPRF-PB,DEL02-PB,UOP04-DEL02-PB
562561.0,2023-11-20,segunda-feira,18:00:00,PB,230,27,JOAO PESSOA,Entrada inopinada do pedestre,Atropelamento de Pedestre,Com Vítimas Feridas,Plena Noite,Decrescente,Nublado,Dupla,Reta,Sim,2,0,0,1,1,0,1,2,"-7,1677","-34,8855",SPRF-PB,DEL01-PB,UOP01-DEL01-PB
562635.0,2023-11-21,terça-feira,06:10:00,PB,230,"23,5",JOAO PESSOA,Ausência de reação do condutor,Colisão lateral mesmo sentido,Com Vítimas Feridas,Pleno dia,Decrescente,Céu Claro,Dupla,Reta,Sim,4,0,1,1,2,0,2,3,"-7,1562","-34,8574",SPRF-PB,DEL01-PB,UOP01-DEL01-PB
562652.0,2023-11-21,terça-feira,07:35:00,PB,101,61,SANTA RITA,Avarias e/ou desgaste excessivo no pneu,Colisão com objeto,Com Vítimas Feridas,Pleno dia,Decrescente,Chuva,Dupla,Aclive;Curva,Não,1,0,1,0,0,0,1,1,"-7,00949401","-35,06072329",SPRF-PB,DEL01-PB,UOP04-DEL01-PB
562735.0,2023-11-21,terça-feira,16:11:00,PB,230,26,JOAO PESSOA,Demais falhas mecânicas ou elétricas,Queda de ocupante de veículo,Com Vítimas Feridas,Pleno dia,Crescente,Céu Claro,Dupla,Reta;Viaduto,Sim,2,0,2,0,0,0,2,1,"-7,1693","-34,8782",SPRF-PB,DEL01-PB,UOP01-DEL01-PB
562941.0,2023-11-22,quarta-feira,18:00:00,PB,230,"81,5",CALDAS BRANDAO,Reação tardia ou ineficiente do condutor,Saída de leito carroçável,Com Vítimas Fatais,Anoitecer,Decrescente,Céu Claro,Dupla,Reta,Sim,2,1,0,0,0,1,0,2,"-7,1785","-35,3219",SPRF-PB,DEL01-PB,UOP03-DEL01-PB
562943.0,2023-11-22,quarta-feira,18:35:00,PB,230,"21,7",JOAO PESSOA,Condutor deixou de manter distância do veículo da frente,Colisão traseira,Com Vítimas Feridas,Plena Noite,Crescente,Céu Claro,Dupla,Reta,Sim,4,0,2,0,1,1,2,3,"-7,1415","-34,8519",SPRF-PB,DEL01-PB,UOP01-DEL01-PB
562950.0,2023-11-22,quarta-feira,18:40:00,PB,230,506,CAJAZEIRAS,Ausência de reação do condutor,Tombamento,Com Vítimas Feridas,Plena Noite,Decrescente,Céu Claro,Simples,Reta;Interseção de Vias,Sim,1,0,0,1,0,0,1,1,"-6,9008","-38,5559",SPRF-PB,DEL03-PB,UOP03-DEL03-PB
562990.0,2023-11-22,quarta-feira,22:45:00,PB,361,18,SANTA TERESINHA,Ingestão de álcool pelo condutor,Atropelamento de Pedestre,Com Vítimas Feridas,Plena Noite,Decrescente,Céu Claro,Simples,Curva,Não,3,0,1,1,0,1,2,2,"-7,06700484","-37,41014311",SPRF-PB,DEL03-PB,UOP01-DEL03-PB
562995.0,2023-11-16,quinta-feira,12:50:00,PB,101,"88,2",JOAO PESSOA,Acumulo de areia ou detritos sobre o pavimento,Tombamento,Com Vítimas Feridas,Pleno dia,Decrescente,Chuva,Dupla,Curva,Sim,1,0,0,1,0,0,1,1,"-7,16643566","-34,89510298",SPRF-PB,DEL01-PB,UOP01-DEL01-PB
563011.0,2023-11-23,quinta-feira,07:10:00,PB,230,22,JOAO PESSOA,Manobra de mudança de faixa,Colisão traseira,Com Vítimas Feridas,Pleno dia,Decrescente,Sol,Dupla,Reta,Sim,3,0,1,1,1,0,2,2,"-7,1495","-34,8517",SPRF-PB,DEL01-PB,UOP01-DEL01-PB
563028.0,2023-11-23,quinta-feira,08:30:00,PB,230,"13,8",CABEDELO,Condutor deixou de manter distância do veículo da frente,Colisão traseira,Com Vítimas Feridas,Pleno dia,Crescente,Céu Claro,Dupla,Reta,Não,2,0,1,0,1,0,1,2,"-7,0772","-34,8494",SPRF-PB,DEL01-PB,UOP01-DEL01-PB
563039.0,2023-11-23,quinta-feira,07:30:00,PB,230,"464,2",SOUSA,Transitar na contramão,Colisão frontal,Com Vítimas Feridas,Pleno dia,Decrescente,Céu Claro,Simples,Reta,Sim,3,0,1,1,1,0,2,2,"-6,78052","-38,250425",SPRF-PB,DEL03-PB,UOP03-DEL03-PB
563142.0,2023-11-23,quinta-feira,19:10:00,PB,230,16,JOAO PESSOA,Ausência de reação do condutor,Colisão traseira,Com Vítimas Feridas,Plena Noite,Decrescente,Céu Claro,Dupla,Reta,Sim,2,0,0,1,1,0,1,2,"-7,1039","-34,8458",SPRF-PB,DEL01-PB,UOP01-DEL01-PB
563152.0,2023-11-23,quinta-feira,19:30:00,PB,230,15,JOAO PESSOA,Trafegar com motocicleta (ou similar) entre as faixas,Colisão traseira,Com Vítimas Feridas,Plena Noite,Decrescente,Céu Claro,Dupla,Viaduto,Sim,3,0,1,0,2,0,1,3,"-7,093","-34,8482",SPRF-PB,DEL01-PB,UOP01-DEL01-PB
563181.0,2023-11-23,quinta-feira,18:00:00,PB,104,"143,6",QUEIMADAS,Transitar na contramão,Colisão frontal,Com Vítimas Feridas,Plena Noite,Crescente,Céu Claro,Simples,Reta;Aclive,Não,2,0,0,1,1,0,1,2,"-7,40477903","-35,89667929",SPRF-PB,DEL02-PB,UOP03-DEL02-PB
563213.0,2023-11-24,sexta-feira,06:49:00,PB,230,"22,7",JOAO PESSOA,Ausência de reação do condutor,Colisão traseira,Com Vítimas Feridas,Pleno dia,Decrescente,Sol,Dupla,Reta,Sim,3,0,0,1,1,1,1,2,"-7,15804354","-34,85823154",SPRF-PB,DEL01-PB,UOP01-DEL01-PB