id,data_inversa,dia_semana,horario,uf,br,km,municipio,causa_acidente,tipo_acidente,classificacao_acidente,fase_dia,sentido_via,condicao_metereologica,tipo_pista,tracado_via,uso_solo,pessoas,mortos,feridos_leves,feridos_graves,ilesos,ignorados,feridos,veiculos,latitude,longitude,regional,delegacia,uop
563287.0,2023-11-24,sexta-feira,14:40:00,PB,230,19,JOAO PESSOA,Condutor deixou de manter distância do veículo da frente,Engavetamento,Com Vítimas Feridas,Pleno dia,Decrescente,Céu Claro,Dupla,Reta,Sim,6,0,1,0,5,0,1,5,"-7,1281","-34,8466",SPRF-PB,DEL01-PB,UOP01-DEL01-PB
563537.0,2023-11-25,sábado,16:00:00,PB,104,"174,1",ALCANTIL,Condutor Dormindo,Colisão lateral sentido oposto,Com Vítimas Feridas,Pleno dia,Decrescente,Sol,Simples,Declive;Curva,Não,3,0,1,1,1,0,2,2,"-7,60890492","-36,05502003",SPRF-PB,DEL02-PB,UOP03-DEL02-PB
563548.0,2023-11-25,sábado,15:25:00,PB,230,42,SANTA RITA,Ausência de reação do condutor,Saída de leito carroçável,Com Vítimas Feridas,Pleno dia,Decrescente,Céu Claro,Dupla,Reta,Não,1,0,1,0,0,0,1,1,"-7,1426","-34,9956",SPRF-PB,DEL01-PB,UOP03-DEL01-PB
563642.0,2023-11-26,domingo,00:40:00,PB,230,"17,9",JOAO PESSOA,Ausência de reação do condutor,Engavetamento,Com Vítimas Feridas,Plena Noite,Crescente,Céu Claro,Dupla,Reta,Sim,4,0,1,0,3,0,1,3,"-7,1121","-34,8426",SPRF-PB,DEL01-PB,UOP01-DEL01-PB
563651.0,2023-11-26,domingo,02:45:00,PB,104,113,LAGOA SECA,Animais na Pista,Atropelamento de Animal,Com Vítimas Feridas,Plena Noite,Decrescente,Céu Claro,Simples,Declive;Reta,Não,2,0,2,0,0,0,2,1,"-7,15342626","-35,85241772",SPRF-PB,DEL02-PB,UOP04-DEL02-PB
563730.0,2023-11-26,domingo,14:05:00,PB,230,"138,7",CAMPINA GRANDE,Transitar na contramão,Colisão frontal,Com Vítimas Fatais,Pleno dia,Decrescente,Céu Claro,Dupla,Aclive,Não,5,1,3,0,0,1,3,3,"-7,2755","-35,7831",SPRF-PB,DEL02-PB,UOP01-DEL02-PB
563763.0,2023-11-26,domingo,17:45:00,PB,230,"9,9",CABEDELO,Demais falhas na via,Colisão com objeto,Com Vítimas Feridas,Anoitecer,Crescente,Céu Claro,Dupla,Interseção de Vias;Reta;Em Obras,Sim,2,0,1,0,1,0,1,1,"-7,05087248","-34,84989882",SPRF-PB,DEL01-PB,UOP01-DEL01-PB
563934.0,2023-11-27,segunda-feira,12:00:00,PB,230,"156,8",CAMPINA GRANDE,Condutor deixou de manter distância do veículo da frente,Colisão traseira,Com Vítimas Feridas,Pleno dia,Crescente,Céu Claro,Simples,Interseção de Vias,Sim,4,0,1,0,3,0,1,2,"-7,2693","-35,9138",SPRF-PB,DEL02-PB,UOP01-DEL02-PB
563953.0,2023-11-27,segunda-feira,07:00:00,PB,101,89,JOAO PESSOA,Condutor deixou de manter distância do veículo da frente,Engavetamento,Sem Vítimas,Pleno dia,Crescente,Nublado,Dupla,Reta,Não,3,0,0,0,2,1,0,3,"-7,1710694","-34,89765372",SPRF-PB,DEL01-PB,UOP02-DEL01-PB
564045.0,2023-11-27,segunda-feira,20:00:00,PB,230,"463,1",SOUSA,Conversão proibida,Colisão transversal,Com Vítimas Feridas,Plena Noite,Crescente,Garoa/Chuvisco,Simples,Reta;Interseção de Vias,Sim,2,0,1,0,1,0,1,2,"-6,778787","-38,240906",SPRF-PB,DEL03-PB,UOP03-DEL03-PB
564064.0,2023-11-28,terça-feira,04:50:00,PB,101,"74,9",SANTA RITA,Condutor Dormindo,Saída de leito carroçável,Com Vítimas Fatais,Amanhecer,Decrescente,Nublado,Dupla,Curva,Não,1,1,0,0,0,0,0,1,"-7,08339163","-34,98076176",SPRF-PB,DEL01-PB,UOP04-DEL01-PB
564082.0,2023-11-28,terça-feira,08:38:00,PB,230,18,JOAO PESSOA,Objeto estático sobre o leito carroçável,Queda de ocupante de veículo,Com Vítimas Feridas,Pleno dia,Decrescente,Garoa/Chuvisco,Dupla,Reta,Sim,2,0,2,0,0,0,2,1,"-7,1198","-34,8453",SPRF-PB,DEL01-PB,UOP01-DEL01-PB
564108.0,2023-11-28,terça-feira,11:25:00,PB,230,"27,9",JOAO PESSOA,Manobra de mudança de faixa,Colisão com objeto,Com Vítimas Feridas,Pleno dia,Crescente,Sol,Dupla,Curva;Viaduto,Sim,2,0,1,0,1,0,1,2,"-7,165559","-34,89755273",SPRF-PB,DEL01-PB,UOP01-DEL01-PB
564109.0,2023-11-28,terça-feira,10:10:00,PB,230,"105,5",MOGEIRO,Chuva,Saída de leito carroçável,Sem Vítimas,Pleno dia,Decrescente,Chuva,Dupla,Reta,Não,1,0,0,0,1,0,0,1,"-7,2075","-35,5248",SPRF-PB,DEL01-PB,UOP03-DEL01-PB
564263.0,2023-11-29,quarta-feira,07:57:00,PB,230,12,CABEDELO,Ausência de reação do condutor,Colisão traseira,Sem Vítimas,Pleno dia,Crescente,Céu Claro,Dupla,Reta,Sim,2,0,0,0,2,0,0,2,"-7,068","-34,85",SPRF-PB,DEL01-PB,UOP01-DEL01-PB
564282.0,2023-11-29,quarta-feira,09:55:00,PB,230,"19,8",JOAO PESSOA,Demais falhas mecânicas ou elétricas,Tombamento,Com Vítimas Feridas,Pleno dia,Decrescente,Céu Claro,Dupla,Curva,Sim,1,0,1,0,0,0,1,1,"-7,1281","-34,8466",SPRF-PB,DEL01-PB,UOP01-DEL01-PB
564324.0,2023-11-29,quarta-feira,14:00:00,PB,101,85,BAYEUX,Manobra de mudança de faixa,Colisão lateral mesmo sentido,Com Vítimas Feridas,Pleno dia,Decrescente,Céu Claro,Dupla,Reta,Sim,4,0,1,0,3,0,1,2,"-7,14538184","-34,91662887",SPRF-PB,DEL01-PB,UOP01-DEL01-PB
564334.0,2023-08-12,sábado,15:45:00,PB,101,85,JOAO PESSOA,Manobra de mudança de faixa,Colisão lateral mesmo sentido,Com Vítimas Feridas,Pleno dia,Decrescente,Céu Claro,Dupla,Interseção de Vias,Sim,3,0,1,0,0,2,1,2,"-7,14538184","-34,91662887",SPRF-PB,DEL01-PB,UOP01-DEL01-PB
564341.0,2023-11-29,quarta-feira,16:15:00,PB,230,28,JOAO PESSOA,Ausência de reação do condutor,Colisão traseira,Com Vítimas Feridas,Pleno dia,Crescente,Céu Claro,Dupla,Viaduto,Sim,2,0,1,0,1,0,1,2,"-7,1651","-34,8941",SPRF-PB,DEL01-PB,UOP01-DEL01-PB
564344.0,2023-11-29,quarta-feira,16:00:00,PB,230,13,CABEDELO,Ausência de reação do condutor,Colisão traseira,Com Vítimas Feridas,Pleno dia,Crescente,Céu Claro,Múltipla,Reta,Sim,2,0,1,0,1,0,1,2,"-7,0772","-34,8494",SPRF-PB,DEL01-PB,UOP01-DEL01-PB
564396.0,2023-11-29,quarta-feira,18:40:00,PB,412,"111,7",SUME,Ingestão de álcool pelo condutor,Colisão frontal,Com Vítimas Fatais,Plena Noite,Crescente,Céu Claro,Simples,Reta,Sim,2,1,1,0,0,0,1,2,"-7,690334","-36,903175",SPRF-PB,DEL02-PB,UOP02-DEL02-PB
564501.0,2023-11-30,quinta-feira,13:10:00,PB,230,"147,9",CAMPINA GRANDE,Reação tardia ou ineficiente do condutor,Colisão traseira,Com Vítimas Feridas,Pleno dia,Crescente,Céu Claro,Dupla,Rotatória,Sim,6,0,1,0,5,0,1,2,"-7,23655211","-35,86800098",SPRF-PB,DEL02-PB,UOP01-DEL02-PB
564525.0,2023-11-30,quinta-feira,16:20:00,PB,101,"7,7",MAMANGUAPE,Reação tardia ou ineficiente do condutor,Saída de leito carroçável,Com Vítimas Feridas,Pleno dia,Crescente,Céu Claro,Dupla,Reta,Não,3,0,3,0,0,0,3,1,"-6,55994553","-35,13580041",SPRF-PB,DEL01-PB,UOP04-DEL01-PB
564560.0,2023-11-30,quinta-feira,19:07:00,PB,101,"87,5",JOAO PESSOA,Reação tardia ou ineficiente do condutor,Tombamento,Com Vítimas Feridas,Plena Noite,Decrescente,Céu Claro,Dupla,Reta,Sim,2,0,2,0,0,0,2,1,"-7,15886802","-34,90628504",SPRF-PB,DEL01-PB,UOP01-DEL01-PB
564721.0,2023-12-01,sexta-feira,16:20:00,PB,230,"22,3",JOAO PESSOA,Ausência de reação do condutor,Colisão traseira,Com Vítimas Feridas,Pleno dia,Decrescente,Céu Claro,Dupla,Reta,Sim,3,0,1,1,0,1,2,2,"-7,1495","-34,8517",SPRF-PB,DEL01-PB,UOP01-DEL01-PB
564727.0,2023-12-01,sexta-feira,16:00:00,PB,230,6,CABEDELO,Ausência de reação do condutor,Tombamento,Com Vítimas Feridas,Pleno dia,Crescente,Céu Claro,Múltipla,Reta,Sim,2,0,1,1,0,0,2,1,"-7,02912937","-34,84012485",SPRF-PB,DEL01-PB,UOP01-DEL01-PB
564770.0,2023-12-01,sexta-feira,17:00:00,PB,230,"150,6",CAMPINA GRANDE,Conversão proibida,Colisão traseira,Com Vítimas Feridas,Anoitecer,Crescente,Céu Claro,Múltipla,Curva,Sim,3,0,2,0,1,0,2,2,"-7,25836363","-35,87784648",SPRF-PB,DEL02-PB,UOP01-DEL02-PB
564771.0,2023-12-01,sexta-feira,18:20:00,PB,230,"149,9",CAMPINA GRANDE,Ausência de reação do condutor,Colisão traseira,Com Vítimas Feridas,Plena Noite,Crescente,Céu Claro,Dupla,Reta,Não,2,0,1,0,1,0,1,2,"-7,243","-35,8709",SPRF-PB,DEL02-PB,UOP01-DEL02-PB
564781.0,2023-12-01,sexta-feira,19:50:00,PB,101,83,BAYEUX,Ausência de reação do condutor,Colisão traseira,Com Vítimas Feridas,Plena Noite,Crescente,Céu Claro,Dupla,Reta,Não,2,0,0,1,1,0,1,2,"-7,1337703","-34,92963914",SPRF-PB,DEL01-PB,UOP01-DEL01-PB
564799.0,2023-12-01,sexta-feira,18:30:00,PB,104,134,QUEIMADAS,Transitar no Acostamento,Colisão traseira,Com Vítimas Feridas,Plena Noite,Crescente,Céu Claro,Simples,Reta,Não,2,0,1,0,0,1,1,2,"-7,32562205","-35,89657067",SPRF-PB,DEL02-PB,UOP03-DEL02-PB
564916.0,2023-12-02,sábado,09:40:00,PB,230,"293,2",SANTA LUZIA,Ingestão de álcool pelo condutor,Tombamento,Com Vítimas Feridas,Pleno dia,Crescente,Céu Claro,Simples,Reta,Sim,1,0,1,0,0,0,1,1,"-6,872263","-36,926708",SPRF-PB,DEL03-PB,UOP01-DEL03-PB
564923.0,2023-12-02,sábado,10:52:00,PB,230,3,CABEDELO,Ingestão de álcool pelo condutor,Colisão com objeto,Com Vítimas Feridas,Pleno dia,Crescente,Céu Claro,Múltipla,Reta,Não,1,0,1,0,0,0,1,1,"-6,9915","-34,8287",SPRF-PB,DEL01-PB,UOP01-DEL01-PB
564953.0,2023-12-02,sábado,13:50:00,PB,101,"89,1",JOAO PESSOA,Acessar a via sem observar a presença dos outros veículos,Colisão traseira,Com Vítimas Feridas,Pleno dia,Crescente,Céu Claro,Dupla,Curva,Sim,6,0,4,0,2,0,4,3,"-7,16470016","-34,89993643",SPRF-PB,DEL01-PB,UOP02-DEL01-PB
564984.0,2023-12-02,sábado,16:45:00,PB,101,88,JOAO PESSOA,Condutor deixou de manter distância do veículo da frente,Colisão traseira,Com Vítimas Feridas,Pleno dia,Crescente,Céu Claro,Dupla,Reta,Não,4,0,1,0,3,0,1,2,"-7,16470016","-34,89993643",SPRF-PB,DEL01-PB,UOP01-DEL01-PB
564996.0,2023-12-02,sábado,17:00:00,PB,230,"166,5",CAMPINA GRANDE,Acessar a via sem observar a presença dos outros veículos,Colisão frontal,Com Vítimas Feridas,Pleno dia,Crescente,Céu Claro,Simples,Curva,Sim,4,0,0,1,2,1,1,3,"-7,1976","-35,955",SPRF-PB,DEL02-PB,UOP02-DEL02-PB
565105.0,2023-12-03,domingo,04:20:00,PB,101,106,ALHANDRA,Ingestão de álcool pelo condutor,Saída de leito carroçável,Com Vítimas Feridas,Amanhecer,Crescente,Céu Claro,Dupla,Reta,Não,1,0,1,0,0,0,1,1,"-7,31642501","-34,94666379",SPRF-PB,DEL01-PB,UOP02-DEL01-PB
565151.0,2023-12-03,domingo,04:00:00,PB,361,111,ITAPORANGA,Pedestre cruzava a pista fora da faixa,Atropelamento de Pedestre,Com Vítimas Fatais,Pleno dia,Crescente,Céu Claro,Simples,Reta,Sim,2,1,0,0,0,1,0,2,"-7,30036449","-38,13712122",SPRF-PB,DEL03-PB,UOP01-DEL03-PB
565260.0,2023-12-03,domingo,18:10:00,PB,230,43,SANTA RITA,Ausência de reação do condutor,Saída de leito carroçável,Com Vítimas Feridas,Plena Noite,Decrescente,Céu Claro,Dupla,Reta,Não,1,0,1,0,0,0,1,1,"-7,1479","-35,0029",SPRF-PB,DEL01-PB,UOP03-DEL01-PB
565335.0,2023-12-04,segunda-feira,05:30:00,PB,101,80,BAYEUX,Condutor deixou de manter distância do veículo da frente,Tombamento,Com Vítimas Feridas,Pleno dia,Crescente,Céu Claro,Dupla,Curva,Sim,1,0,0,1,0,0,1,1,"-7,11753704","-34,94951428",SPRF-PB,DEL01-PB,UOP04-DEL01-PB
565369.0,2023-12-04,segunda-feira,08:21:00,PB,230,"23,9",JOAO PESSOA,Condutor deixou de manter distância do veículo da frente,Colisão traseira,Com Vítimas Feridas,Pleno dia,Decrescente,Céu Claro,Dupla,Reta;Viaduto,Sim,3,0,1,1,1,0,2,2,"-7,1562","-34,8574",SPRF-PB,DEL01-PB,UOP01-DEL01-PB
565472.0,2023-12-04,segunda-feira,16:45:00,PB,101,"89,5",JOAO PESSOA,Manobra de mudança de faixa,Colisão lateral mesmo sentido,Com Vítimas Feridas,Pleno dia,Decrescente,Céu Claro,Simples,Reta;Retorno Regulamentado,Sim,2,0,1,0,0,1,1,2,"-7,1710694","-34,89765372",SPRF-PB,DEL01-PB,UOP02-DEL01-PB
565485.0,2023-12-04,segunda-feira,07:35:00,PB,230,"27,4",JOAO PESSOA,Ingestão de álcool e/ou substâncias psicoativas pelo pedestre,Atropelamento de Pedestre,Com Vítimas Feridas,Pleno dia,Crescente,Céu Claro,Dupla,Reta,Sim,2,0,1,0,1,0,1,2,"-7,1677","-34,8855",SPRF-PB,DEL01-PB,UOP01-DEL01-PB
565512.0,2023-12-04,segunda-feira,17:00:00,PB,104,"131,8",QUEIMADAS,Acessar a via sem observar a presença dos outros veículos,Colisão transversal,Com Vítimas Fatais,Anoitecer,Decrescente,Nublado,Simples,Reta,Não,3,1,1,0,0,1,1,2,"-7,29900408","-35,89187256",SPRF-PB,DEL02-PB,UOP03-DEL02-PB
565609.0,2023-12-05,terça-feira,09:40:00,PB,230,"136,7",CAMPINA GRANDE,Demais falhas mecânicas ou elétricas,Queda de ocupante de veículo,Com Vítimas Feridas,Pleno dia,Decrescente,Céu Claro,Dupla,Reta,Não,2,0,1,1,0,0,2,1,"-7,2818","-35,7675",SPRF-PB,DEL02-PB,UOP01-DEL02-PB
566126.0,2023-12-07,quinta-feira,17:10:00,PB,230,20,JOAO PESSOA,Ausência de reação do condutor,Tombamento,Com Vítimas Feridas,Pleno dia,Decrescente,Céu Claro,Dupla,Curva,Não,1,0,1,0,0,0,1,1,"-7,1337","-34,8544",SPRF-PB,DEL01-PB,UOP01-DEL01-PB
566164.0,2023-12-07,quinta-feira,18:20:00,PB,230,"466,2",SOUSA,Animais na Pista,Atropelamento de Animal,Com Vítimas Fatais,Plena Noite,Decrescente,Céu Claro,Simples,Reta,Sim,3,1,2,0,0,0,2,2,"-6,7809","-38,2521",SPRF-PB,DEL03-PB,UOP03-DEL03-PB
566246.0,2023-12-08,sexta-feira,07:00:00,PB,230,"15,5",JOAO PESSOA,Ausência de reação do condutor,Colisão lateral mesmo sentido,Com Vítimas Feridas,Pleno dia,Crescente,Céu Claro,Múltipla,Reta,Sim,2,0,1,0,1,0,1,2,"-7,093","-34,8482",SPRF-PB,DEL01-PB,UOP01-DEL01-PB
566313.0,2023-12-08,sexta-feira,11:25:00,PB,101,77,SANTA RITA,Reação tardia ou ineficiente do condutor,Colisão traseira,Com Vítimas Feridas,Pleno dia,Decrescente,Céu Claro,Dupla,Reta;Em Obras,Não,3,0,2,0,1,0,2,2,"-7,09947194","-34,96574283",SPRF-PB,DEL01-PB,UOP04-DEL01-PB
566441.0,2023-12-08,sexta-feira,21:20:00,PB,230,"21,5",JOAO PESSOA,Ausência de reação do condutor,Colisão lateral mesmo sentido,Com Vítimas Feridas,Plena Noite,Crescente,Céu Claro,Dupla,Curva,Sim,2,0,1,0,1,0,1,2,"-7,148781","-34,851042",SPRF-PB,DEL01-PB,UOP01-DEL01-PB
566472.0,2023-12-08,sexta-feira,20:30:00,PB,110,69,SAO JOSE DE ESPINHARAS,Reação tardia ou ineficiente do condutor,Colisão com objeto,Com Vítimas Feridas,Plena Noite,Crescente,Céu Claro,Simples,Curva,Não,1,0,0,1,0,0,1,1,"-6,917194","-37,40767004",SPRF-PB,DEL03-PB,UOP01-DEL03-PB
566691.0,2023-12-09,sábado,20:40:00,PB,230,215,SOLEDADE,Reação tardia ou ineficiente do condutor,Atropelamento de Pedestre,Com Vítimas Feridas,Plena Noite,Decrescente,Céu Claro,Simples,Reta,Sim,2,0,0,1,1,0,1,2,"-7,0577","-36,3629",SPRF-PB,DEL02-PB,UOP02-DEL02-PB
566739.0,2023-12-10,domingo,04:20:00,PB,230,18,JOAO PESSOA,Ingestão de álcool pelo condutor,Colisão traseira,Sem Vítimas,Plena Noite,Decrescente,Céu Claro,Dupla,Reta,Sim,2,0,0,0,1,1,0,2,"-7,12366507","-34,84513521",SPRF-PB,DEL01-PB,UOP01-DEL01-PB
566774.0,2023-12-10,domingo,08:13:00,PB,230,16,CABEDELO,Condutor deixou de manter distância do veículo da frente,Colisão traseira,Com Vítimas Feridas,Pleno dia,Decrescente,Céu Claro,Dupla,Curva;Declive,Sim,2,0,1,0,1,0,1,2,"-7,1039","-34,8458",SPRF-PB,DEL01-PB,UOP01-DEL01-PB
566825.0,2023-12-10,domingo,15:15:00,PB,230,"26,5",JOAO PESSOA,Demais falhas mecânicas ou elétricas,Queda de ocupante de veículo,Com Vítimas Feridas,Pleno dia,Crescente,Sol,Dupla,Curva;Declive,Sim,2,0,1,1,0,0,2,1,"-7,1693","-34,8782",SPRF-PB,DEL01-PB,UOP01-DEL01-PB
566839.0,2023-12-10,domingo,16:04:00,PB,101,88,JOAO PESSOA,Manobra de mudança de faixa,Colisão lateral mesmo sentido,Sem Vítimas,Pleno dia,Crescente,Céu Claro,Múltipla,Viaduto;Reta,Sim,2,0,0,0,1,1,0,2,"-7,16470016","-34,89993643",SPRF-PB,DEL01-PB,UOP01-DEL01-PB
566892.0,2023-12-10,domingo,18:00:00,PB,101,"85,9",BAYEUX,Condutor deixou de manter distância do veículo da frente,Colisão traseira,Sem Vítimas,Plena Noite,Crescente,Céu Claro,Dupla,Retorno Regulamentado,Sim,2,0,0,0,2,0,0,2,"-7,14538184","-34,91662887",SPRF-PB,DEL01-PB,UOP01-DEL01-PB
566923.0,2023-12-10,domingo,20:00:00,PB,101,123,CAAPORA,Falta de elemento de contenção que evite a saída do leito carroçável,Colisão com objeto,Com Vítimas Feridas,Plena Noite,Decrescente,Céu Claro,Dupla,Curva;Declive,Não,7,0,6,0,1,0,6,2,"-7,45909075","-34,98049935",SPRF-PB,DEL01-PB,UOP02-DEL01-PB
566945.0,2023-12-10,domingo,21:35:00,PB,230,14,CABEDELO,Ausência de reação do condutor,Tombamento,Com Vítimas Feridas,Plena Noite,Crescente,Céu Claro,Dupla,Retorno Regulamentado;Reta,Sim,1,0,1,0,0,0,1,1,"-7,09404001","-34,84817863",SPRF-PB,DEL01-PB,UOP01-DEL01-PB
567047.0,2023-12-11,segunda-feira,09:25:00,PB,230,38,SANTA RITA,Ausência de reação do condutor,Saída de leito carroçável,Com Vítimas Feridas,Pleno dia,Decrescente,Nublado,Dupla,Aclive,Não,1,0,1,0,0,0,1,1,"-7,138204","-34,9705",SPRF-PB,DEL01-PB,UOP03-DEL01-PB
567068.0,2023-12-11,segunda-feira,10:59:00,PB,101,"99,3",CONDE,Pista Escorregadia,Tombamento,Com Vítimas Feridas,Pleno dia,Decrescente,Sol,Dupla,Interseção de Vias,Não,2,0,1,0,1,0,1,1,"-7,2557332","-34,93469152",SPRF-PB,DEL01-PB,UOP02-DEL01-PB
567082.0,2023-12-11,segunda-feira,12:56:00,PB,230,"21,1",JOAO PESSOA,Manobra de mudança de faixa,Colisão lateral mesmo sentido,Sem Vítimas,Pleno dia,Decrescente,Céu Claro,Dupla,Reta,Não,3,0,0,0,3,0,0,2,"-7,14220318","-34,85161185",SPRF-PB,DEL01-PB,UOP01-DEL01-PB
567083.0,2023-12-11,segunda-feira,12:35:00,PB,230,18,JOAO PESSOA,Manobra de mudança de faixa,Colisão lateral mesmo sentido,Com Vítimas Feridas,Pleno dia,Decrescente,Céu Claro,Dupla,Aclive;Viaduto,Sim,2,0,0,1,1,0,1,2,"-7,1198","-34,8453",SPRF-PB,DEL01-PB,UOP01-DEL01-PB
567296.0,2023-08-10,quinta-feira,13:30:00,PB,230,70,SOBRADO,Manobra de mudança de faixa,Colisão lateral mesmo sentido,Com Vítimas Feridas,Pleno dia,Crescente,Céu Claro,Dupla,Reta,Sim,3,0,0,3,0,0,3,2,"-7,19008873","-35,25048718",SPRF-PB,DEL01-PB,UOP03-DEL01-PB
567297.0,2023-12-12,terça-feira,12:20:00,PB,230,"158,9",CAMPINA GRANDE,Desrespeitar a preferência no cruzamento,Colisão transversal,Com Vítimas Feridas,Pleno dia,Decrescente,Céu Claro,Simples,Retorno Regulamentado,Sim,6,0,1,0,5,0,1,2,"-7,2582","-35,9267",SPRF-PB,DEL02-PB,UOP01-DEL02-PB
567313.0,2023-12-12,terça-feira,14:50:00,PB,101,87,JOAO PESSOA,Pedestre cruzava a pista fora da faixa,Atropelamento de Pedestre,Com Vítimas Fatais,Pleno dia,Decrescente,Céu Claro,Dupla,Curva,Sim,3,1,0,0,1,1,0,2,"-7,15886802","-34,90628504",SPRF-PB,DEL01-PB,UOP01-DEL01-PB
567340.0,2023-12-12,terça-feira,17:00:00,PB,230,18,JOAO PESSOA,Manobra de mudança de faixa,Colisão traseira,Com Vítimas Feridas,Anoitecer,Decrescente,Céu Claro,Dupla,Aclive;Reta,Sim,2,0,1,0,1,0,1,2,"-7,1198","-34,8453",SPRF-PB,DEL01-PB,UOP01-DEL01-PB
567363.0,2023-12-12,terça-feira,19:00:00,PB,230,508,CAJAZEIRAS,Pedestre andava na pista,Atropelamento de Pedestre,Com Vítimas Fatais,Plena Noite,Decrescente,Céu Claro,Simples,Reta;Aclive,Não,3,1,0,0,0,2,0,3,"-6,8988","-38,5722",SPRF-PB,DEL03-PB,UOP03-DEL03-PB
567368.0,2023-12-12,terça-feira,20:00:00,PB,101,"93,7",JOAO PESSOA,Ausência de reação do condutor,Queda de ocupante de veículo,Com Vítimas Feridas,Plena Noite,Decrescente,Céu Claro,Dupla,Reta,Sim,1,0,0,1,0,0,1,1,"-7,205825","-34,90879",SPRF-PB,DEL01-PB,UOP02-DEL01-PB
567395.0,2023-12-12,terça-feira,22:30:00,PB,230,478,MARIZOPOLIS,Acessar a via sem observar a presença dos outros veículos,Colisão transversal,Com Vítimas Feridas,Plena Noite,Crescente,Céu Claro,Simples,Reta,Sim,2,0,1,1,0,0,2,2,"-6,843866","-38,346454",SPRF-PB,DEL03-PB,UOP03-DEL03-PB
567409.0,2023-12-13,quarta-feira,04:20:00,PB,230,298,SANTA LUZIA,Animais na Pista,Atropelamento de Animal,Com Vítimas Feridas,Amanhecer,Crescente,Céu Claro,Simples,Reta,Não,2,0,1,0,1,0,1,1,"-6,8972","-36,9647",SPRF-PB,DEL03-PB,UOP01-DEL03-PB
567570.0,2023-12-13,quarta-feira,19:20:00,PB,230,"163,6",CAMPINA GRANDE,Acessar a via sem observar a presença dos outros veículos,Colisão transversal,Com Vítimas Feridas,Plena Noite,Decrescente,Céu Claro,Simples,Declive;Reta,Sim,2,0,0,1,1,0,1,2,"-7,2198","-35,9443",SPRF-PB,DEL02-PB,UOP01-DEL02-PB
567599.0,2023-12-14,quinta-feira,01:00:00,PB,230,"19,6",JOAO PESSOA,Transitar no Acostamento,Atropelamento de Pedestre,Com Vítimas Fatais,Plena Noite,Decrescente,Céu Claro,Dupla,Curva,Sim,4,1,0,0,0,3,0,3,"-7,13233211","-34,85331763",SPRF-PB,DEL01-PB,UOP01-DEL01-PB
567685.0,2023-11-12,domingo,01:10:00,PB,230,"36,8",SANTA RITA,Reação tardia ou ineficiente do condutor,Saída de leito carroçável,Com Vítimas Fatais,Plena Noite,Decrescente,Céu Claro,Dupla,Reta,Sim,4,1,0,2,0,1,2,3,"-7,13087613","-34,95546699",SPRF-PB,DEL01-PB,UOP03-DEL01-PB
567744.0,2023-12-14,quinta-feira,15:00:00,PB,101,"88,7",JOAO PESSOA,Condutor Dormindo,Saída de leito carroçável,Com Vítimas Feridas,Pleno dia,Decrescente,Sol,Dupla,Reta,Sim,4,0,2,0,2,0,2,1,"-7,17189276","-34,89774585",SPRF-PB,DEL01-PB,UOP02-DEL01-PB
567757.0,2023-12-14,quinta-feira,17:15:00,PB,230,297,SANTA LUZIA,Acesso irregular,Saída de leito carroçável,Com Vítimas Feridas,Anoitecer,Crescente,Céu Claro,Simples,Reta,Não,4,0,1,0,3,0,1,3,"-6,8947","-36,9559",SPRF-PB,DEL03-PB,UOP01-DEL03-PB
567823.0,2023-12-15,sexta-feira,03:00:00,PB,230,153,CAMPINA GRANDE,Ausência de reação do condutor,Saída de leito carroçável,Sem Vítimas,Plena Noite,Decrescente,Céu Claro,Simples,Interseção de Vias;Em Obras,Sim,1,0,0,0,0,1,0,1,"-7,2763","-35,8887",SPRF-PB,DEL02-PB,UOP01-DEL02-PB
567849.0,2023-12-15,sexta-feira,06:40:00,PB,230,19,JOAO PESSOA,Transitar no Acostamento,Colisão traseira,Com Vítimas Feridas,Pleno dia,Decrescente,Garoa/Chuvisco,Múltipla,Curva;Declive,Sim,2,0,1,0,1,0,1,2,"-7,1281","-34,8466",SPRF-PB,DEL01-PB,UOP01-DEL01-PB
567991.0,2023-12-15,sexta-feira,17:15:00,PB,230,"137,3",MASSARANDUBA,Chuva,Saída de leito carroçável,Com Vítimas Feridas,Anoitecer,Crescente,Chuva,Dupla,Curva,Não,2,0,1,0,1,0,1,1,"-7,2766","-35,7739",SPRF-PB,DEL02-PB,UOP01-DEL02-PB
568048.0,2023-12-15,sexta-feira,18:10:00,PB,230,16,CABEDELO,Ausência de reação do condutor,Colisão traseira,Sem Vítimas,Plena Noite,Crescente,Céu Claro,Múltipla,Reta,Sim,2,0,0,0,2,0,0,2,"-7,10005536","-34,84778166",SPRF-PB,DEL01-PB,UOP01-DEL01-PB
568054.0,2023-12-15,sexta-feira,01:30:00,PB,104,"70,7",ALGODAO DE JANDAIRA,Ingestão de álcool pelo condutor,Queda de ocupante de veículo,Com Vítimas Feridas,Plena Noite,Crescente,Céu Claro,Simples,Reta,Não,1,0,1,0,0,0,1,1,"-6,8869272","-35,92016512",SPRF-PB,DEL02-PB,UOP04-DEL02-PB
568062.0,2023-12-15,sexta-feira,21:45:00,PB,101,105,ALHANDRA,Ausência de reação do condutor,Saída de leito carroçável,Com Vítimas Feridas,Plena Noite,Decrescente,Céu Claro,Dupla,Aclive;Retorno Regulamentado;Curva,Não,1,0,1,0,0,0,1,1,"-7,30814609","-34,94344185",SPRF-PB,DEL01-PB,UOP02-DEL01-PB