id,data_inversa,dia_semana,horario,uf,br,km,municipio,causa_acidente,tipo_acidente,classificacao_acidente,fase_dia,sentido_via,condicao_metereologica,tipo_pista,tracado_via,uso_solo,pessoas,mortos,feridos_leves,feridos_graves,ilesos,ignorados,feridos,veiculos,latitude,longitude,regional,delegacia,uop
568103.0,2023-12-15,sexta-feira,23:15:00,PB,230,160,CAMPINA GRANDE,Reação tardia ou ineficiente do condutor,Saída de leito carroçável,Com Vítimas Feridas,Plena Noite,Decrescente,Garoa/Chuvisco,Simples,Reta;Aclive,Não,2,0,1,0,0,1,1,2,"-7,2436","-35,9375",SPRF-PB,DEL02-PB,UOP01-DEL02-PB
568264.0,2023-12-16,sábado,16:10:00,PB,230,"406,4",POMBAL,Ultrapassagem Indevida,Colisão lateral sentido oposto,Com Vítimas Feridas,Pleno dia,Decrescente,Céu Claro,Simples,Reta,Sim,2,0,0,1,1,0,1,2,"-6,779668","-37,798733",SPRF-PB,DEL03-PB,UOP02-DEL03-PB
568500.0,2023-12-17,domingo,14:10:00,PB,101,28,RIO TINTO,Velocidade Incompatível,Tombamento,Com Vítimas Feridas,Pleno dia,Decrescente,Sol,Dupla,Reta;Retorno Regulamentado,Não,1,0,0,1,0,0,1,1,"-6,73315199","-35,12593202",SPRF-PB,DEL01-PB,UOP04-DEL01-PB
568654.0,2023-12-18,segunda-feira,06:10:00,PB,101,30,RIO TINTO,Condutor Dormindo,Saída de leito carroçável,Sem Vítimas,Amanhecer,Crescente,Garoa/Chuvisco,Dupla,Reta,Não,4,0,0,0,4,0,0,1,"-6,748999","-35,133778",SPRF-PB,DEL01-PB,UOP04-DEL01-PB
568698.0,2023-12-09,sábado,21:52:00,PB,230,"14,9",JOAO PESSOA,Ausência de reação do condutor,Colisão lateral mesmo sentido,Com Vítimas Feridas,Plena Noite,Decrescente,Céu Claro,Dupla,Viaduto,Sim,3,0,1,0,2,0,1,2,"-7,0844","-34,8488",SPRF-PB,DEL01-PB,UOP01-DEL01-PB
568723.0,2023-12-18,segunda-feira,11:30:00,PB,412,"87,1",SERRA BRANCA,Manobra de mudança de faixa,Colisão frontal,Com Vítimas Feridas,Pleno dia,Crescente,Céu Claro,Simples,Reta,Não,5,0,4,1,0,0,5,2,"-7,509246","-36,695545",SPRF-PB,DEL02-PB,UOP02-DEL02-PB
568745.0,2023-12-18,segunda-feira,14:00:00,PB,104,116,LAGOA SECA,Conversão proibida,Colisão transversal,Com Vítimas Feridas,Pleno dia,Crescente,Céu Claro,Simples,Declive,Não,2,0,1,1,0,0,2,2,"-7,18022102","-35,86480593",SPRF-PB,DEL02-PB,UOP04-DEL02-PB
568814.0,2023-12-18,segunda-feira,13:45:00,PB,230,19,JOAO PESSOA,Acumulo de areia ou detritos sobre o pavimento,Tombamento,Com Vítimas Feridas,Pleno dia,Crescente,Céu Claro,Dupla,Curva,Sim,1,0,1,0,0,0,1,1,"-7,1281","-34,8466",SPRF-PB,DEL01-PB,UOP01-DEL01-PB
568893.0,2023-12-19,terça-feira,07:20:00,PB,230,151,CAMPINA GRANDE,Condutor deixou de manter distância do veículo da frente,Colisão traseira,Com Vítimas Feridas,Pleno dia,Decrescente,Céu Claro,Simples,Reta,Sim,2,0,1,0,1,0,1,2,"-7,25888136","-35,87794662",SPRF-PB,DEL02-PB,UOP01-DEL02-PB
568932.0,2023-12-19,terça-feira,09:40:00,PB,230,189,POCINHOS,Condutor Dormindo,Colisão lateral sentido oposto,Com Vítimas Feridas,Pleno dia,Crescente,Céu Claro,Simples,Reta,Não,5,0,1,0,4,0,1,2,"-7,14","-36,1449",SPRF-PB,DEL02-PB,UOP02-DEL02-PB
568942.0,2023-12-19,terça-feira,12:12:00,PB,230,"17,8",JOAO PESSOA,Condutor deixou de manter distância do veículo da frente,Colisão traseira,Sem Vítimas,Pleno dia,Decrescente,Céu Claro,Dupla,Reta,Sim,2,0,0,0,2,0,0,2,"-7,12173126","-34,84511018",SPRF-PB,DEL01-PB,UOP01-DEL01-PB
568954.0,2023-12-19,terça-feira,13:25:00,PB,230,"17,8",JOAO PESSOA,Trafegar com motocicleta (ou similar) entre as faixas,Colisão traseira,Com Vítimas Feridas,Pleno dia,Decrescente,Céu Claro,Dupla,Aclive;Reta,Não,3,0,1,0,2,0,1,3,"-7,1121","-34,8426",SPRF-PB,DEL01-PB,UOP01-DEL01-PB
568997.0,2023-12-19,terça-feira,14:30:00,PB,230,"433,8",POMBAL,Ausência de reação do condutor,Saída de leito carroçável,Sem Vítimas,Pleno dia,Crescente,Céu Claro,Simples,Curva,Não,1,0,0,0,0,1,0,1,"-6,749136","-37,985186",SPRF-PB,DEL03-PB,UOP02-DEL03-PB
569050.0,2023-12-19,terça-feira,18:30:00,PB,361,"4,5",PATOS,Ingestão de álcool e/ou substâncias psicoativas pelo pedestre,Atropelamento de Pedestre,Com Vítimas Feridas,Plena Noite,Crescente,Céu Claro,Simples,Reta,Sim,2,0,0,1,1,0,1,2,"-7,03208047","-37,29365088",SPRF-PB,DEL03-PB,UOP01-DEL03-PB
569073.0,2023-12-19,terça-feira,23:00:00,PB,116,"9,2",CACHOEIRA DOS INDIOS,Reação tardia ou ineficiente do condutor,Saída de leito carroçável,Com Vítimas Feridas,Plena Noite,Decrescente,Garoa/Chuvisco,Simples,Curva,Não,13,0,11,1,1,0,12,1,"-6,970903","-38,734009",SPRF-CE,DEL05-CE,UOP03-DEL05-CE
569131.0,2023-12-20,quarta-feira,05:30:00,PB,230,"428,1",POMBAL,Reação tardia ou ineficiente do condutor,Tombamento,Com Vítimas Feridas,Amanhecer,Crescente,Chuva,Simples,Reta,Não,1,0,1,0,0,0,1,1,"-6,7359","-37,9238",SPRF-PB,DEL03-PB,UOP02-DEL03-PB
569154.0,2023-12-20,quarta-feira,12:00:00,PB,230,9,CABEDELO,Reação tardia ou ineficiente do condutor,Colisão traseira,Sem Vítimas,Pleno dia,Crescente,Céu Claro,Dupla,Reta,Sim,2,0,0,0,2,0,0,2,"-7,0433","-34,8466",SPRF-PB,DEL01-PB,UOP01-DEL01-PB
569216.0,2023-12-20,quarta-feira,15:30:00,PB,230,19,JOAO PESSOA,Demais falhas mecânicas ou elétricas,Tombamento,Com Vítimas Feridas,Pleno dia,Decrescente,Céu Claro,Dupla,Reta,Sim,2,0,1,0,1,0,1,1,"-7,1281","-34,8466",SPRF-PB,DEL01-PB,UOP01-DEL01-PB
569287.0,2023-12-20,quarta-feira,20:15:00,PB,230,"18,8",JOAO PESSOA,Manobra de mudança de faixa,Queda de ocupante de veículo,Com Vítimas Feridas,Plena Noite,Crescente,Nublado,Dupla,Curva,Sim,1,0,0,1,0,0,1,1,"-7,1198","-34,8453",SPRF-PB,DEL01-PB,UOP01-DEL01-PB
569330.0,2023-12-21,quinta-feira,00:00:00,PB,230,"180,7",POCINHOS,Ingestão de álcool pelo condutor,Saída de leito carroçável,Com Vítimas Feridas,Plena Noite,Decrescente,Nublado,Simples,Declive;Em Obras,Não,1,0,1,0,0,0,1,1,"-7,165","-36,067",SPRF-PB,DEL02-PB,UOP02-DEL02-PB
569406.0,2023-12-21,quinta-feira,10:20:00,PB,230,16,JOAO PESSOA,Condutor deixou de manter distância do veículo da frente,Colisão traseira,Sem Vítimas,Pleno dia,Decrescente,Nublado,Dupla,Reta,Sim,3,0,0,0,3,0,0,3,"-7,1039","-34,8458",SPRF-PB,DEL01-PB,UOP01-DEL01-PB
569423.0,2023-12-21,quinta-feira,12:10:00,PB,230,13,CABEDELO,Pista Escorregadia,Tombamento,Com Vítimas Feridas,Pleno dia,Crescente,Céu Claro,Dupla,Reta,Sim,2,0,2,0,0,0,2,1,"-7,0772","-34,8494",SPRF-PB,DEL01-PB,UOP01-DEL01-PB
569485.0,2023-12-21,quinta-feira,15:41:00,PB,230,"18,7",JOAO PESSOA,Ausência de reação do condutor,Colisão traseira,Com Vítimas Feridas,Pleno dia,Decrescente,Sol,Dupla,Reta,Sim,2,0,1,0,1,0,1,2,"-7,1198","-34,8453",SPRF-PB,DEL01-PB,UOP01-DEL01-PB
569513.0,2023-12-21,quinta-feira,16:10:00,PB,101,85,BAYEUX,Velocidade Incompatível,Saída de leito carroçável,Sem Vítimas,Pleno dia,Decrescente,Céu Claro,Dupla,Retorno Regulamentado,Sim,1,0,0,0,0,1,0,1,"-7,15032192","-34,91079569",SPRF-PB,DEL01-PB,UOP01-DEL01-PB
569617.0,2023-12-22,sexta-feira,06:35:00,PB,101,44,MAMANGUAPE,Ausência de reação do condutor,Saída de leito carroçável,Com Vítimas Feridas,Pleno dia,Decrescente,Céu Claro,Dupla,Retorno Regulamentado,Não,3,0,0,1,2,0,1,1,"-6,87451305","-35,13232736",SPRF-PB,DEL01-PB,UOP04-DEL01-PB
569650.0,2023-12-13,quarta-feira,21:00:00,PB,104,2,NOVA FLORESTA,Entrada inopinada do pedestre,Atropelamento de Pedestre,Com Vítimas Feridas,Plena Noite,Decrescente,Céu Claro,Simples,Reta,Não,2,0,2,0,0,0,2,2,"-6,447322","-36,202499",SPRF-PB,DEL02-PB,UOP04-DEL02-PB
569669.0,2023-12-22,sexta-feira,08:50:00,PB,230,292,SANTA LUZIA,Acessar a via sem observar a presença dos outros veículos,Colisão transversal,Com Vítimas Feridas,Pleno dia,Decrescente,Céu Claro,Simples,Reta,Não,2,0,0,1,0,1,1,2,"-6,8684","-36,9222",SPRF-PB,DEL03-PB,UOP01-DEL03-PB
569673.0,2023-12-22,sexta-feira,11:00:00,PB,230,8,CABEDELO,Condutor deixou de manter distância do veículo da frente,Colisão traseira,Sem Vítimas,Pleno dia,Decrescente,Sol,Simples,Reta,Sim,2,0,0,0,2,0,0,2,"-7,0355","-34,8429",SPRF-PB,DEL01-PB,UOP01-DEL01-PB
569732.0,2023-12-22,sexta-feira,15:20:00,PB,230,24,JOAO PESSOA,Ausência de reação do condutor,Tombamento,Com Vítimas Feridas,Pleno dia,Decrescente,Céu Claro,Dupla,Reta,Sim,1,0,1,0,0,0,1,1,"-7,1637","-34,8618",SPRF-PB,DEL01-PB,UOP01-DEL01-PB
569816.0,2023-12-22,sexta-feira,20:17:00,PB,101,"97,1",CONDE,Ausência de reação do condutor,Tombamento,Com Vítimas Feridas,Plena Noite,Crescente,Céu Claro,Dupla,Reta,Não,2,0,2,0,0,0,2,1,"-7,23846306","-34,9268519",SPRF-PB,DEL01-PB,UOP02-DEL01-PB
569877.0,2023-12-23,sábado,00:15:00,PB,230,18,JOAO PESSOA,Ausência de reação do condutor,Tombamento,Com Vítimas Feridas,Plena Noite,Crescente,Céu Claro,Dupla,Reta,Sim,5,0,5,0,0,0,5,3,"-7,12905636","-34,84930515",SPRF-PB,DEL01-PB,UOP01-DEL01-PB
570054.0,2023-12-23,sábado,14:30:00,PB,230,"112,5",INGA,Acessar a via sem observar a presença dos outros veículos,Colisão traseira,Com Vítimas Feridas,Pleno dia,Crescente,Sol,Dupla,Reta,Não,2,0,1,0,1,0,1,2,"-7,2117","-35,5822",SPRF-PB,DEL01-PB,UOP03-DEL01-PB
570056.0,2023-12-23,sábado,15:36:00,PB,101,"88,5",JOAO PESSOA,Velocidade Incompatível,Tombamento,Com Vítimas Feridas,Pleno dia,Decrescente,Céu Claro,Simples,Curva,Não,1,0,1,0,0,0,1,1,"-7,16470016","-34,89993643",SPRF-PB,DEL01-PB,UOP02-DEL01-PB
570075.0,2023-12-23,sábado,15:20:00,PB,230,468,SOUSA,Velocidade Incompatível,Saída de leito carroçável,Com Vítimas Feridas,Pleno dia,Crescente,Céu Claro,Simples,Curva,Não,1,0,1,0,0,0,1,1,"-6,7817","-38,2695",SPRF-PB,DEL03-PB,UOP03-DEL03-PB
570140.0,2023-12-23,sábado,18:30:00,PB,405,"8,8",UIRAUNA,Ausência de reação do condutor,Colisão traseira,Sem Vítimas,Plena Noite,Crescente,Céu Claro,Simples,Reta,Sim,2,0,0,0,2,0,0,2,"-6,514012","-38,414757",SPRF-PB,DEL03-PB,UOP03-DEL03-PB
570299.0,2023-12-24,domingo,11:25:00,PB,230,28,JOAO PESSOA,Reação tardia ou ineficiente do condutor,Colisão lateral mesmo sentido,Com Vítimas Feridas,Pleno dia,Crescente,Céu Claro,Dupla,Declive,Sim,3,0,2,0,0,1,2,2,"-7,1651","-34,8941",SPRF-PB,DEL01-PB,UOP01-DEL01-PB
570323.0,2023-12-24,domingo,12:35:00,PB,230,"133,9",CAMPINA GRANDE,Ausência de reação do condutor,Saída de leito carroçável,Com Vítimas Feridas,Pleno dia,Crescente,Céu Claro,Dupla,Reta,Não,2,0,2,0,0,0,2,1,"-7,27779153","-35,73271751",SPRF-PB,DEL02-PB,UOP01-DEL02-PB
570450.0,2023-12-25,segunda-feira,07:47:00,PB,230,"43,4",SANTA RITA,Reação tardia ou ineficiente do condutor,Saída de leito carroçável,Com Vítimas Feridas,Pleno dia,Decrescente,Céu Claro,Dupla,Reta,Não,1,0,1,0,0,0,1,1,"-7,1479","-35,0029",SPRF-PB,DEL01-PB,UOP03-DEL01-PB
570470.0,2023-12-24,domingo,08:00:00,PB,405,"19,7",SAO JOAO DO RIO DO PEIXE,Ausência de reação do condutor,Saída de leito carroçável,Sem Vítimas,Pleno dia,Crescente,Sol,Simples,Reta,Não,1,0,0,0,0,1,0,1,"-6,610891","-38,412205",SPRF-PB,DEL03-PB,UOP03-DEL03-PB
570496.0,2023-12-25,segunda-feira,14:15:00,PB,101,"37,2",MAMANGUAPE,Ingestão de álcool pelo condutor,Colisão transversal,Com Vítimas Feridas,Pleno dia,Crescente,Céu Claro,Dupla,Reta;Declive;Retorno Regulamentado,Não,7,0,2,3,2,0,5,2,"-6,81409322","-35,13941288",SPRF-PB,DEL01-PB,UOP04-DEL01-PB
570518.0,2023-12-25,segunda-feira,16:30:00,PB,230,"41,3",SANTA RITA,Avarias e/ou desgaste excessivo no pneu,Saída de leito carroçável,Com Vítimas Feridas,Pleno dia,Decrescente,Céu Claro,Dupla,Curva,Sim,5,0,1,0,4,0,1,1,"-7,1426","-34,9956",SPRF-PB,DEL01-PB,UOP03-DEL01-PB
570544.0,2023-12-25,segunda-feira,18:10:00,PB,101,"89,5",JOAO PESSOA,Acessar a via sem observar a presença dos outros veículos,Colisão transversal,Com Vítimas Feridas,Plena Noite,Decrescente,Nublado,Dupla,Reta,Sim,3,0,1,0,2,0,1,2,"-7,1710694","-34,89765372",SPRF-PB,DEL01-PB,UOP02-DEL01-PB
570561.0,2023-12-25,segunda-feira,19:18:00,PB,230,25,JOAO PESSOA,Trafegar com motocicleta (ou similar) entre as faixas,Tombamento,Com Vítimas Feridas,Plena Noite,Decrescente,Céu Claro,Dupla,Aclive;Reta,Sim,2,0,0,2,0,0,2,1,"-7,1707","-34,8684",SPRF-PB,DEL01-PB,UOP01-DEL01-PB
570595.0,2023-12-25,segunda-feira,22:25:00,PB,230,"118,6",RIACHAO DO BACAMARTE,Ausência de reação do condutor,Saída de leito carroçável,Com Vítimas Feridas,Plena Noite,Crescente,Céu Claro,Dupla,Reta,Não,2,0,2,0,0,0,2,1,"-7,2409","-35,6225",SPRF-PB,DEL02-PB,UOP01-DEL02-PB
570622.0,2023-12-26,terça-feira,02:40:00,PB,230,"176,6",POCINHOS,Ausência de reação do condutor,Colisão traseira,Com Vítimas Fatais,Plena Noite,Decrescente,Chuva,Simples,Reta,Não,4,1,1,0,2,0,1,2,"-7,1733","-36,0333",SPRF-PB,DEL02-PB,UOP02-DEL02-PB
570628.0,2023-12-25,segunda-feira,21:30:00,PB,361,7,PATOS,Demais falhas mecânicas ou elétricas,Saída de leito carroçável,Com Vítimas Feridas,Plena Noite,Decrescente,Céu Claro,Simples,Reta,Sim,1,0,1,0,0,0,1,1,"-7,03750454","-37,3199449",SPRF-PB,DEL03-PB,UOP01-DEL03-PB
570639.0,2023-12-26,terça-feira,06:20:00,PB,230,133,MASSARANDUBA,Chuva,Saída de leito carroçável,Com Vítimas Feridas,Amanhecer,Crescente,Céu Claro,Dupla,Curva,Não,1,0,1,0,0,0,1,1,"-7,2767","-35,7464",SPRF-PB,DEL02-PB,UOP01-DEL02-PB
570642.0,2023-12-26,terça-feira,06:00:00,PB,230,136,MASSARANDUBA,Ausência de reação do condutor,Capotamento,Com Vítimas Feridas,Amanhecer,Decrescente,Chuva,Dupla,Reta,Não,1,0,1,0,0,0,1,1,"-7,2818","-35,7675",SPRF-PB,DEL02-PB,UOP01-DEL02-PB
570705.0,2023-12-26,terça-feira,13:20:00,PB,230,"52,9",CRUZ DO ESPIRITO SANTO,Manobra de mudança de faixa,Colisão lateral mesmo sentido,Com Vítimas Feridas,Pleno dia,Decrescente,Sol,Dupla,Retorno Regulamentado,Não,2,0,1,0,1,0,1,2,"-7,20081401","-35,0813055",SPRF-PB,DEL01-PB,UOP03-DEL01-PB
570724.0,2023-12-26,terça-feira,15:35:00,PB,230,"158,7",CAMPINA GRANDE,Desrespeitar a preferência no cruzamento,Colisão transversal,Com Vítimas Feridas,Pleno dia,Crescente,Céu Claro,Simples,Retorno Regulamentado;Interseção de Vias,Sim,3,0,1,0,1,1,1,3,"-7,2582","-35,9267",SPRF-PB,DEL02-PB,UOP01-DEL02-PB
570738.0,2023-12-26,terça-feira,15:45:00,PB,230,"170,9",CAMPINA GRANDE,Ingestão de álcool pelo condutor,Colisão traseira,Com Vítimas Feridas,Pleno dia,Crescente,Céu Claro,Simples,Reta,Sim,2,0,1,0,1,0,1,2,"-7,1806","-35,9873",SPRF-PB,DEL02-PB,UOP02-DEL02-PB
570884.0,2023-12-27,quarta-feira,11:20:00,PB,230,"35,9",SANTA RITA,Ausência de reação do condutor,Queda de ocupante de veículo,Com Vítimas Feridas,Pleno dia,Crescente,Céu Claro,Dupla,Reta;Ponte,Não,2,0,1,0,1,0,1,1,"-7,1268","-34,9412",SPRF-PB,DEL01-PB,UOP03-DEL01-PB
570888.0,2023-12-27,quarta-feira,11:35:00,PB,412,"7,9",BOA VISTA,Reação tardia ou ineficiente do condutor,Saída de leito carroçável,Com Vítimas Feridas,Pleno dia,Crescente,Céu Claro,Simples,Reta,Não,2,0,2,0,0,0,2,1,"-7,187379","-36,157795",SPRF-PB,DEL02-PB,UOP02-DEL02-PB
570910.0,2023-12-27,quarta-feira,09:00:00,PB,230,"185,9",POCINHOS,Demais falhas mecânicas ou elétricas,Saída de leito carroçável,Com Vítimas Feridas,Pleno dia,Decrescente,Céu Claro,Simples,Reta,Não,3,0,1,1,1,0,2,1,"-7,151","-36,1114",SPRF-PB,DEL02-PB,UOP02-DEL02-PB
571089.0,2023-12-28,quinta-feira,12:20:00,PB,230,"369,7",MALTA,Transitar na contramão,Saída de leito carroçável,Com Vítimas Feridas,Pleno dia,Crescente,Céu Claro,Simples,Reta;Declive,Não,2,0,0,2,0,0,2,1,"-6,9068","-37,5407",SPRF-PB,DEL03-PB,UOP02-DEL03-PB
571105.0,2023-12-28,quinta-feira,14:25:00,PB,230,22,JOAO PESSOA,Condutor deixou de manter distância do veículo da frente,Colisão traseira,Sem Vítimas,Pleno dia,Crescente,Céu Claro,Dupla,Reta,Sim,2,0,0,0,2,0,0,1,"-7,1495","-34,8517",SPRF-PB,DEL01-PB,UOP01-DEL01-PB
571109.0,2023-12-28,quinta-feira,14:30:00,PB,230,"2,3",CAMPINA GRANDE,Conversão proibida,Colisão transversal,Com Vítimas Feridas,Pleno dia,Decrescente,Céu Claro,Simples,Curva,Sim,2,0,0,1,1,0,1,2,"-7,230975","-35,881405",SPRF-PB,DEL02-PB,UOP01-DEL02-PB
571137.0,2023-12-28,quinta-feira,16:30:00,PB,230,19,JOAO PESSOA,Condutor deixou de manter distância do veículo da frente,Engavetamento,Com Vítimas Feridas,Pleno dia,Decrescente,Céu Claro,Dupla,Reta,Não,5,0,1,1,3,0,2,4,"-7,1281","-34,8466",SPRF-PB,DEL01-PB,UOP01-DEL01-PB
571152.0,2023-12-28,quinta-feira,18:40:00,PB,230,22,JOAO PESSOA,Condutor deixou de manter distância do veículo da frente,Colisão traseira,Com Vítimas Feridas,Plena Noite,Crescente,Céu Claro,Dupla,Reta,Não,2,0,1,0,1,0,1,2,"-7,1495","-34,8517",SPRF-PB,DEL01-PB,UOP01-DEL01-PB
571158.0,2023-12-28,quinta-feira,16:50:00,PB,230,"1,9",CABEDELO,Conversão proibida,Atropelamento de Pedestre,Com Vítimas Feridas,Anoitecer,Crescente,Céu Claro,Dupla,Interseção de Vias,Sim,2,0,0,1,0,1,1,2,"-6,98323714","-34,82955337",SPRF-PB,DEL01-PB,UOP01-DEL01-PB
571254.0,2023-12-29,sexta-feira,06:20:00,PB,230,"422,3",POMBAL,Ausência de reação do condutor,Colisão com objeto,Com Vítimas Feridas,Pleno dia,Crescente,Céu Claro,Simples,Declive;Reta,Não,1,0,1,0,0,0,1,1,"-6,731354","-37,887101",SPRF-PB,DEL03-PB,UOP02-DEL03-PB
571283.0,2023-12-29,sexta-feira,13:30:00,PB,230,"22,5",JOAO PESSOA,Condutor deixou de manter distância do veículo da frente,Colisão traseira,Com Vítimas Feridas,Pleno dia,Decrescente,Céu Claro,Dupla,Reta,Sim,3,0,0,2,1,0,2,2,"-7,1495","-34,8517",SPRF-PB,DEL01-PB,UOP01-DEL01-PB
571329.0,2023-12-29,sexta-feira,17:20:00,PB,101,24,RIO TINTO,Condutor deixou de manter distância do veículo da frente,Colisão traseira,Com Vítimas Feridas,Pleno dia,Decrescente,Sol,Dupla,Reta,Não,2,0,1,0,1,0,1,2,"-6,69904299","-35,11650009",SPRF-PB,DEL01-PB,UOP04-DEL01-PB
571419.0,2023-12-30,sábado,03:07:00,PB,101,"33,9",MAMANGUAPE,Animais na Pista,Atropelamento de Animal,Com Vítimas Feridas,Plena Noite,Crescente,Céu Claro,Dupla,Reta,Não,2,0,1,0,1,0,1,1,"-6,77627801","-35,13350468",SPRF-PB,DEL01-PB,UOP04-DEL01-PB
571439.0,2023-12-30,sábado,03:40:00,PB,230,163,CAMPINA GRANDE,Animais na Pista,Tombamento,Com Vítimas Feridas,Amanhecer,Crescente,Céu Claro,Simples,Reta,Sim,1,0,0,1,0,0,1,1,"-7,2198","-35,9443",SPRF-PB,DEL02-PB,UOP01-DEL02-PB
571489.0,2023-12-30,sábado,11:20:00,PB,230,15,CABEDELO,Condutor deixou de manter distância do veículo da frente,Colisão traseira,Com Vítimas Feridas,Pleno dia,Decrescente,Céu Claro,Dupla,Declive,Sim,4,0,2,0,2,0,2,3,"-7,09820973","-34,84777451",SPRF-PB,DEL01-PB,UOP01-DEL01-PB
571490.0,2023-02-17,sexta-feira,10:51:00,PB,230,17,JOAO PESSOA,Ausência de reação do condutor,Colisão traseira,Com Vítimas Feridas,Pleno dia,Decrescente,Céu Claro,Dupla,Reta,Sim,5,0,1,0,4,0,1,4,"-7,1121","-34,8426",SPRF-PB,DEL01-PB,UOP01-DEL01-PB
571497.0,2023-12-30,sábado,12:00:00,PB,230,"22,1",JOAO PESSOA,Avarias e/ou desgaste excessivo no pneu,Tombamento,Com Vítimas Feridas,Pleno dia,Crescente,Céu Claro,Dupla,Reta,Sim,2,0,2,0,0,0,2,1,"-7,1495","-34,8517",SPRF-PB,DEL01-PB,UOP01-DEL01-PB
571499.0,2023-12-30,sábado,12:30:00,PB,230,"500,6",CAJAZEIRAS,Acessar a via sem observar a presença dos outros veículos,Colisão transversal,Com Vítimas Feridas,Pleno dia,Decrescente,Céu Claro,Simples,Reta,Sim,3,0,2,0,1,0,2,2,"-6,89761627","-38,52498651",SPRF-PB,DEL03-PB,UOP03-DEL03-PB
571618.0,2023-12-30,sábado,22:00:00,PB,230,"465,7",SOUSA,Animais na Pista,Atropelamento de Animal,Com Vítimas Feridas,Plena Noite,Decrescente,Céu Claro,Simples,Reta,Sim,2,0,1,1,0,0,2,1,"-6,781471","-38,263464",SPRF-PB,DEL03-PB,UOP03-DEL03-PB
571623.0,2023-12-30,sábado,21:15:00,PB,230,373,CONDADO,Animais na Pista,Atropelamento de Animal,Com Vítimas Feridas,Plena Noite,Crescente,Céu Claro,Simples,Reta,Não,2,0,1,1,0,0,2,1,"-6,9067","-37,5768",SPRF-PB,DEL03-PB,UOP02-DEL03-PB
571631.0,2023-12-31,domingo,02:22:00,PB,230,"27,7",JOAO PESSOA,Ausência de reação do condutor,Colisão com objeto,Sem Vítimas,Plena Noite,Decrescente,Céu Claro,Dupla,Reta,Sim,1,0,0,0,1,0,0,1,"-7,1677","-34,8855",SPRF-PB,DEL01-PB,UOP01-DEL01-PB
571745.0,2023-12-31,domingo,20:55:00,PB,230,"23,7",JOAO PESSOA,Reação tardia ou ineficiente do condutor,Colisão lateral mesmo sentido,Com Vítimas Feridas,Plena Noite,Decrescente,Céu Claro,Dupla,Viaduto,Sim,4,0,2,0,2,0,2,3,"-7,1562","-34,8574",SPRF-PB,DEL01-PB,UOP01-DEL01-PB
571746.0,2023-12-31,domingo,18:45:00,PB,230,"2,7",CAMPINA GRANDE,Ausência de reação do condutor,Saída de leito carroçável,Com Vítimas Feridas,Plena Noite,Crescente,Céu Claro,Simples,Declive,Sim,1,0,0,1,0,0,1,1,"-7,212474","-35,929079",SPRF-PB,DEL02-PB,UOP01-DEL02-PB
571771.0,2023-12-31,domingo,23:15:00,PB,361,7,PATOS,Reação tardia ou ineficiente do condutor,Colisão frontal,Com Vítimas Feridas,Plena Noite,Crescente,Chuva,Simples,Reta,Sim,2,0,0,2,0,0,2,2,"-7,03750454","-37,3199449",SPRF-PB,DEL03-PB,UOP01-DEL03-PB
573898.0,2023-05-13,sábado,19:00:00,PB,434,"7,7",UIRAUNA,Reação tardia ou ineficiente do condutor,Colisão traseira,Com Vítimas Fatais,Plena Noite,Decrescente,Céu Claro,Simples,Reta,Não,2,1,0,0,0,1,0,2,"-6,457627","-38,443624",SPRF-PB,DEL03-PB,UOP03-DEL03-PB
575013.0,2023-12-29,sexta-feira,00:00:00,PB,230,"25,8",JOAO PESSOA,Ausência de reação do condutor,Tombamento,Com Vítimas Feridas,Plena Noite,Crescente,Céu Claro,Simples,Reta,Sim,1,0,1,0,0,0,1,1,"-7,1707","-34,8684",SPRF-PB,DEL01-PB,UOP01-DEL01-PB
575714.0,2023-12-03,domingo,06:40:00,PB,104,"107,1",SAO SEBASTIAO DE LAGOA DE  ROCA,Condutor deixou de manter distância do veículo da frente,Colisão traseira,Com Vítimas Feridas,Amanhecer,Crescente,Céu Claro,Simples,Reta,Sim,2,0,1,0,1,0,1,2,"-7,10299395","-35,8661241",SPRF-PB,DEL02-PB,UOP04-DEL02-PB
576965.0,2023-03-20,segunda-feira,19:40:00,PB,412,"119,4",SUME,Ingestão de álcool pelo condutor,Saída de leito carroçável,Com Vítimas Feridas,Plena Noite,Crescente,Céu Claro,Simples,Declive,Não,1,0,1,0,0,0,1,1,"-7,73349","-36,958391",SPRF-PB,DEL02-PB,UOP02-DEL02-PB
576968.0,2023-11-13,segunda-feira,07:50:00,PB,230,"12,7",CABEDELO,Ingestão de álcool pelo condutor,Colisão com objeto,Sem Vítimas,Pleno dia,Decrescente,Céu Claro,Dupla,Reta,Sim,3,0,0,0,1,2,0,2,"-7,068","-34,85",SPRF-PB,DEL01-PB,UOP01-DEL01-PB