id,data_inversa,dia_semana,horario,uf,br,km,municipio,causa_acidente,tipo_acidente,classificacao_acidente,fase_dia,sentido_via,condicao_metereologica,tipo_pista,tracado_via,uso_solo,pessoas,mortos,feridos_leves,feridos_graves,ilesos,ignorados,feridos,veiculos,latitude,longitude,regional,delegacia,uop
581502.0,2023-04-18,terça-feira,18:00:00,PB,412,46,SAO JOAO DO CARIRI,Pista esburacada,Tombamento,Com Vítimas Feridas,Anoitecer,Decrescente,Céu Claro,Simples,Reta,Não,1,0,0,1,0,0,1,1,"-7,342181","-36,454914",SPRF-PB,DEL02-PB,UOP02-DEL02-PB
586985.0,2023-04-29,sábado,18:25:00,PB,230,"17,8",JOAO PESSOA,Ingestão de álcool pelo condutor,Colisão lateral mesmo sentido,Com Vítimas Feridas,Plena Noite,Crescente,Céu Claro,Dupla,Curva,Sim,4,0,3,0,1,0,3,2,"-7,1121","-34,8426",SPRF-PB,DEL01-PB,UOP01-DEL01-PB
590266.0,2023-11-07,terça-feira,17:05:00,PB,230,340,PATOS,Reação tardia ou ineficiente do condutor,Colisão traseira,Com Vítimas Feridas,Anoitecer,Crescente,Céu Claro,Simples,Reta,Não,2,0,1,1,0,0,2,2,"-7,0003","-37,3076",SPRF-PB,DEL03-PB,UOP01-DEL03-PB
600937.0,2023-10-22,domingo,17:35:00,PB,101,"40,9",MAMANGUAPE,Pedestre cruzava a pista fora da faixa,Atropelamento de Pedestre,Com Vítimas Fatais,Plena Noite,Crescente,Céu Claro,Dupla,Reta,Sim,2,1,0,0,1,0,0,2,"-6,84527","-35,135805",SPRF-PB,DEL01-PB,UOP04-DEL01-PB
332604.0,2021-01-05,terça-feira,14:35:00,PB,101,29,RIO TINTO,Condutor Dormindo,Colisão traseira,Com Vítimas Feridas,Pleno dia,Decrescente,Sol,Dupla,Retorno Regulamentado,Não,3,0,1,0,1,2,1,4,"-6,74032319","-35,13146581",SPRF-PB,DEL01-PB,UOP04-DEL01-PB
333732.0,2021-01-11,segunda-feira,06:00:00,PB,101,"94,7",CONDE,Velocidade Incompatível,Colisão com objeto,Com Vítimas Feridas,Pleno dia,Decrescente,Chuva,Dupla,Curva,Não,2,0,1,0,0,1,1,2,"-7,21483297","-34,9117521",SPRF-PB,DEL01-PB,UOP02-DEL01-PB
334493.0,2021-01-15,sexta-feira,07:30:00,PB,230,43,SANTA RITA,Velocidade Incompatível,Colisão transversal,Com Vítimas Feridas,Pleno dia,Decrescente,Garoa/Chuvisco,Dupla,Reta,Não,3,0,1,0,1,1,1,3,"-7,1479","-35,0029",SPRF-PB,DEL01-PB,UOP03-DEL01-PB
335071.0,2021-01-17,domingo,20:00:00,PB,361,"108,8",ITAPORANGA,Manobra de mudança de faixa,Colisão lateral sentido oposto,Com Vítimas Feridas,Plena Noite,Decrescente,Céu Claro,Simples,Declive,Não,5,0,1,1,2,1,2,4,"-7,29217614","-38,10235698",SPRF-PB,DEL03-PB,UOP01-DEL03-PB
335545.0,2021-01-20,quarta-feira,11:20:00,PB,104,143,QUEIMADAS,Frear bruscamente,Saída de leito carroçável,Com Vítimas Feridas,Pleno dia,Crescente,Céu Claro,Simples,Reta,Não,3,0,1,0,1,1,1,2,"-7,40477903","-35,89667929",SPRF-PB,DEL02-PB,UOP03-DEL02-PB
335607.0,2021-01-20,quarta-feira,13:00:00,PB,101,"16,9",MAMANGUAPE,Velocidade Incompatível,Colisão com objeto,Sem Vítimas,Pleno dia,Decrescente,Sol,Dupla,Aclive,Não,1,0,0,0,1,0,0,1,"-6,62978985","-35,1259796",SPRF-PB,DEL01-PB,UOP04-DEL01-PB
335779.0,2021-01-21,quinta-feira,02:00:00,PB,116,9,CACHOEIRA DOS INDIOS,Chuva,Saída de leito carroçável,Sem Vítimas,Plena Noite,Decrescente,Chuva,Simples,Curva,Não,2,0,0,0,1,1,0,2,"-6,970903","-38,734009",SPRF-CE,DEL05-CE,UOP03-DEL05-CE
336702.0,2021-01-26,terça-feira,07:30:00,PB,230,26,JOAO PESSOA,Reação tardia ou ineficiente do condutor,Tombamento,Sem Vítimas,Pleno dia,Crescente,Céu Claro,Múltipla,Reta,Sim,2,0,0,0,2,0,0,2,"-7,1693","-34,8782",SPRF-PB,DEL01-PB,UOP01-DEL01-PB
336886.0,2021-01-27,quarta-feira,11:20:00,PB,101,"63,2",SANTA RITA,Manobra de mudança de faixa,Colisão lateral mesmo sentido,Com Vítimas Feridas,Pleno dia,Decrescente,Céu Claro,Dupla,Curva,Não,4,0,1,0,3,0,1,2,"-7,02710902","-35,05990203",SPRF-PB,DEL01-PB,UOP04-DEL01-PB
337088.0,2021-01-28,quinta-feira,16:20:00,PB,101,89,JOAO PESSOA,Condutor deixou de manter distância do veículo da frente,Colisão lateral mesmo sentido,Sem Vítimas,Pleno dia,Crescente,Céu Claro,Dupla,Retorno Regulamentado,Sim,3,0,0,0,1,2,0,3,"-7,1710694","-34,89765372",SPRF-PB,DEL01-PB,UOP02-DEL01-PB
337516.0,2021-01-30,sábado,15:30:00,PB,230,"124,7",RIACHAO DO BACAMARTE,Manobra de mudança de faixa,Colisão traseira,Com Vítimas Feridas,Pleno dia,Crescente,Céu Claro,Dupla,Aclive,Não,4,0,1,0,3,0,1,3,"-7,2465","-35,6751",SPRF-PB,DEL02-PB,UOP01-DEL02-PB
337636.0,2021-01-31,domingo,03:00:00,PB,230,"67,8",SAO MIGUEL DE TAIPU,Demais falhas mecânicas ou elétricas,Saída de leito carroçável,Com Vítimas Feridas,Plena Noite,Decrescente,Céu Claro,Dupla,Reta;Aclive,Não,3,0,1,0,2,0,1,1,"-7,18805347","-35,21214187",SPRF-PB,DEL01-PB,UOP03-DEL01-PB
338165.0,2021-02-02,terça-feira,15:00:00,PB,230,"204,4",SOLEDADE,Reação tardia ou ineficiente do condutor,Colisão transversal,Com Vítimas Feridas,Pleno dia,Crescente,Céu Claro,Simples,Declive,Não,2,0,1,0,1,0,1,2,"-7,09405","-36,270814",SPRF-PB,DEL02-PB,UOP02-DEL02-PB
338475.0,2021-02-04,quinta-feira,09:50:00,PB,230,"23,8",JOAO PESSOA,Ausência de reação do condutor,Colisão traseira,Com Vítimas Feridas,Pleno dia,Decrescente,Céu Claro,Dupla,Aclive,Sim,2,0,1,0,1,0,1,2,"-7,1562","-34,8574",SPRF-PB,DEL01-PB,UOP01-DEL01-PB
338479.0,2021-02-04,quinta-feira,09:57:00,PB,230,"23,8",JOAO PESSOA,Trafegar com motocicleta (ou similar) entre as faixas,Colisão traseira,Com Vítimas Feridas,Pleno dia,Decrescente,Garoa/Chuvisco,Dupla,Reta;Viaduto,Sim,3,0,0,2,1,0,2,2,"-7,16649","-34,86328",SPRF-PB,DEL01-PB,UOP01-DEL01-PB
338520.0,2021-02-04,quinta-feira,15:00:00,PB,230,22,JOAO PESSOA,Condutor deixou de manter distância do veículo da frente,Engavetamento,Com Vítimas Feridas,Pleno dia,Decrescente,Sol,Dupla,Reta,Sim,6,0,1,0,5,0,1,3,"-7,1495","-34,8517",SPRF-PB,DEL01-PB,UOP01-DEL01-PB
338672.0,2021-02-05,sexta-feira,10:00:00,PB,230,27,JOAO PESSOA,Velocidade Incompatível,Engavetamento,Com Vítimas Feridas,Pleno dia,Crescente,Céu Claro,Dupla,Reta,Sim,4,0,2,0,2,0,2,4,"-7,1677","-34,8855",SPRF-PB,DEL01-PB,UOP01-DEL01-PB
339425.0,2021-02-08,segunda-feira,13:00:00,PB,101,99,CONDE,Condutor Dormindo,Colisão traseira,Com Vítimas Feridas,Pleno dia,Decrescente,Céu Claro,Dupla,Reta,Não,2,0,1,0,1,0,1,2,"-7,25996693","-34,93570805",SPRF-PB,DEL01-PB,UOP02-DEL01-PB
339877.0,2021-02-10,quarta-feira,18:30:00,PB,405,"37,1",SAO JOAO DO RIO DO PEIXE,Ausência de reação do condutor,Colisão traseira,Com Vítimas Fatais,Plena Noite,Decrescente,Nublado,Simples,Reta,Não,2,1,0,0,0,1,0,2,"-6,760087","-38,434673",SPRF-PB,DEL03-PB,UOP03-DEL03-PB
340217.0,2021-02-12,sexta-feira,14:35:00,PB,230,70,SOBRADO,Condutor deixou de manter distância do veículo da frente,Engavetamento,Sem Vítimas,Pleno dia,Decrescente,Céu Claro,Dupla,Reta,Não,3,0,0,0,3,0,0,3,"-7,1919","-35,2261",SPRF-PB,DEL01-PB,UOP03-DEL01-PB
340854.0,2021-02-15,segunda-feira,07:35:00,PB,230,"160,4",CAMPINA GRANDE,Desrespeitar a preferência no cruzamento,Colisão transversal,Com Vítimas Feridas,Pleno dia,Crescente,Céu Claro,Simples,Retorno Regulamentado,Sim,2,0,1,0,1,0,1,2,"-7,2436","-35,9375",SPRF-PB,DEL02-PB,UOP01-DEL02-PB
341345.0,2021-02-18,quinta-feira,03:50:00,PB,230,51,CRUZ DO ESPIRITO SANTO,Condutor Dormindo,Capotamento,Com Vítimas Feridas,Amanhecer,Decrescente,Céu Claro,Dupla,Reta,Não,1,0,1,0,0,0,1,1,"-7,1897","-35,0615",SPRF-PB,DEL01-PB,UOP03-DEL01-PB
341483.0,2021-02-18,quinta-feira,18:00:00,PB,101,"122,7",CAAPORA,Velocidade Incompatível,Saída de leito carroçável,Com Vítimas Feridas,Plena Noite,Crescente,Céu Claro,Dupla,Reta;Declive,Não,5,0,4,0,0,1,4,2,"-7,45038197","-34,97994215",SPRF-PB,DEL01-PB,UOP02-DEL01-PB
341572.0,2021-02-19,sexta-feira,07:15:00,PB,230,35,SANTA RITA,Condutor deixou de manter distância do veículo da frente,Colisão traseira,Sem Vítimas,Pleno dia,Decrescente,Céu Claro,Simples,Curva,Sim,4,0,0,0,3,1,0,4,"-7,1268","-34,9412",SPRF-PB,DEL01-PB,UOP01-DEL01-PB
341749.0,2021-01-06,quarta-feira,20:00:00,PB,101,"122,2",CAAPORA,Reação tardia ou ineficiente do condutor,Colisão traseira,Com Vítimas Feridas,Plena Noite,Decrescente,Céu Claro,Dupla,Reta;Aclive,Não,4,0,1,0,1,2,1,4,"-7,45399757","-34,98038661",SPRF-PB,DEL01-PB,UOP02-DEL01-PB
343770.0,2021-03-02,terça-feira,04:40:00,PB,230,"310,3",SAO MAMEDE,Condutor deixou de manter distância do veículo da frente,Colisão com objeto,Sem Vítimas,Plena Noite,Crescente,Nublado,Simples,Reta,Não,1,0,0,0,1,0,0,1,"-6,927079","-37,069428",SPRF-PB,DEL03-PB,UOP01-DEL03-PB
343771.0,2021-03-02,terça-feira,04:20:00,PB,101,116,CAAPORA,Demais falhas mecânicas ou elétricas,Colisão com objeto,Sem Vítimas,Amanhecer,Crescente,Nevoeiro/Neblina,Dupla,Curva;Aclive,Não,3,0,0,0,2,3,0,5,"-7,405261","-34,95492",SPRF-PB,DEL01-PB,UOP02-DEL01-PB
343793.0,2021-03-02,terça-feira,07:35:00,PB,230,"35,8",BAYEUX,Reação tardia ou ineficiente do condutor,Engavetamento,Com Vítimas Feridas,Pleno dia,Decrescente,Nublado,Simples,Curva,Não,8,0,1,0,6,1,1,6,"-7,1268","-34,9412",SPRF-PB,DEL01-PB,UOP03-DEL01-PB
343991.0,2021-03-03,quarta-feira,10:35:00,PB,101,121,CAAPORA,Velocidade Incompatível,Colisão com objeto,Com Vítimas Feridas,Pleno dia,Crescente,Sol,Dupla,Curva,Não,2,0,0,1,0,1,1,2,"-7,44160988","-34,97799652",SPRF-PB,DEL01-PB,UOP02-DEL01-PB
344129.0,2021-03-04,quinta-feira,08:15:00,PB,101,84,BAYEUX,Condutor deixou de manter distância do veículo da frente,Engavetamento,Sem Vítimas,Pleno dia,Crescente,Céu Claro,Simples,Reta,Não,3,0,0,0,3,0,0,3,"-7,13957906","-34,92312806",SPRF-PB,DEL01-PB,UOP01-DEL01-PB
345070.0,2021-03-08,segunda-feira,15:00:00,PB,230,8,CABEDELO,Desvio temporário,Colisão lateral mesmo sentido,Sem Vítimas,Pleno dia,Crescente,Nublado,Dupla,Em Obras,Sim,2,0,0,0,2,0,0,2,"-7,0355","-34,8429",SPRF-PB,DEL01-PB,UOP01-DEL01-PB
345101.0,2021-03-08,segunda-feira,19:10:00,PB,230,287,SANTA LUZIA,Acessar a via sem observar a presença dos outros veículos,Colisão transversal,Com Vítimas Feridas,Plena Noite,Decrescente,Céu Claro,Simples,Reta,Não,5,0,1,1,3,0,2,2,"-6,8929","-36,8861",SPRF-PB,DEL03-PB,UOP01-DEL03-PB
345161.0,2021-03-09,terça-feira,05:00:00,PB,230,"113,1",INGA,Demais falhas mecânicas ou elétricas,Incêndio,Sem Vítimas,Amanhecer,Crescente,Céu Claro,Dupla,Reta,Não,1,0,0,0,1,0,0,1,"-7,2147","-35,5909",SPRF-PB,DEL01-PB,UOP03-DEL01-PB
345214.0,2021-03-01,segunda-feira,13:20:00,PB,101,107,ALHANDRA,Reação tardia ou ineficiente do condutor,Colisão com objeto,Sem Vítimas,Pleno dia,Crescente,Nublado,Dupla,Reta,Não,1,0,0,0,1,0,0,1,"-7,32549201","-34,94709877",SPRF-PB,DEL01-PB,UOP02-DEL01-PB
345380.0,2021-03-10,quarta-feira,07:10:00,PB,230,"23,8",JOAO PESSOA,Trafegar com motocicleta (ou similar) entre as faixas,Colisão lateral mesmo sentido,Com Vítimas Feridas,Pleno dia,Decrescente,Sol,Dupla,Reta,Sim,4,0,2,0,1,1,2,3,"-7,1562","-34,8574",SPRF-PB,DEL01-PB,UOP01-DEL01-PB
346445.0,2021-03-15,segunda-feira,18:25:00,PB,101,"120,9",CAAPORA,Ausência de sinalização,Colisão traseira,Com Vítimas Feridas,Plena Noite,Crescente,Céu Claro,Dupla,Aclive,Não,2,0,0,1,1,0,1,2,"-7,43522578","-34,9727831",SPRF-PB,DEL01-PB,UOP02-DEL01-PB
346848.0,2021-03-18,quinta-feira,09:10:00,PB,101,82,BAYEUX,Condutor deixou de manter distância do veículo da frente,Colisão traseira,Com Vítimas Feridas,Pleno dia,Decrescente,Chuva,Dupla,Reta,Não,2,0,1,0,1,0,1,2,"-7,12911","-34,93714",SPRF-PB,DEL01-PB,UOP01-DEL01-PB
346905.0,2021-03-18,quinta-feira,16:40:00,PB,230,"98,1",GURINHEM,Demais falhas mecânicas ou elétricas,Tombamento,Com Vítimas Feridas,Pleno dia,Crescente,Céu Claro,Dupla,Declive,Não,2,0,1,1,0,0,2,1,"-7,1889","-35,4624",SPRF-PB,DEL01-PB,UOP03-DEL01-PB
346969.0,2021-03-19,sexta-feira,05:10:00,PB,230,"58,9",CRUZ DO ESPIRITO SANTO,Condutor Dormindo,Colisão traseira,Com Vítimas Feridas,Amanhecer,Decrescente,Nublado,Dupla,Reta,Não,4,0,2,0,2,0,2,2,"-7,2035","-35,1214",SPRF-PB,DEL01-PB,UOP03-DEL01-PB
347389.0,2021-03-21,domingo,11:27:00,PB,230,310,SAO MAMEDE,Ausência de reação do condutor,Colisão com objeto,Sem Vítimas,Pleno dia,Decrescente,Céu Claro,Simples,Reta,Não,2,0,0,0,1,2,0,3,"-6,9265","-37,0669",SPRF-PB,DEL03-PB,UOP01-DEL03-PB
348144.0,2021-03-25,quinta-feira,18:25:00,PB,101,115,CAAPORA,Pedestre andava na pista,Atropelamento de Pedestre,Com Vítimas Fatais,Plena Noite,Crescente,Céu Claro,Dupla,Reta,Não,3,1,0,0,0,2,0,2,"-7,40042529","-34,95530074",SPRF-PB,DEL01-PB,UOP02-DEL01-PB
348762.0,2021-01-11,segunda-feira,11:00:00,PB,101,"104,9",ALHANDRA,Manobra de mudança de faixa,Colisão traseira,Com Vítimas Feridas,Pleno dia,Crescente,Céu Claro,Dupla,Declive,Não,4,0,0,1,1,2,1,4,"-7,30029088","-34,93888622",SPRF-PB,DEL01-PB,UOP02-DEL01-PB
348877.0,2021-03-29,segunda-feira,19:35:00,PB,230,"9,7",CABEDELO,Velocidade Incompatível,Colisão com objeto,Sem Vítimas,Plena Noite,Decrescente,Céu Claro,Dupla,Curva;Em Obras;Desvio Temporário,Sim,1,0,0,0,0,1,0,1,"-7,0433","-34,8466",SPRF-PB,DEL01-PB,UOP01-DEL01-PB
348919.0,2021-03-30,terça-feira,03:00:00,PB,230,96,GURINHEM,Ausência de reação do condutor,Colisão traseira,Com Vítimas Feridas,Plena Noite,Decrescente,Céu Claro,Dupla,Reta,Não,2,0,1,0,1,0,1,2,"-7,1842","-35,4447",SPRF-PB,DEL01-PB,UOP03-DEL01-PB
349374.0,2021-04-01,quinta-feira,14:55:00,PB,101,112,ALHANDRA,Problema com o freio,Colisão traseira,Com Vítimas Feridas,Pleno dia,Decrescente,Céu Claro,Dupla,Reta;Aclive,Não,6,0,3,2,1,0,5,2,"-7,3752019","-34,95594732",SPRF-PB,DEL01-PB,UOP02-DEL01-PB
349825.0,2021-04-04,domingo,04:50:00,PB,230,42,SANTA RITA,Demais falhas mecânicas ou elétricas,Saída de leito carroçável,Sem Vítimas,Amanhecer,Decrescente,Céu Claro,Dupla,Reta,Não,2,0,0,0,1,1,0,2,"-7,1426","-34,9956",SPRF-PB,DEL01-PB,UOP03-DEL01-PB
349830.0,2021-04-04,domingo,07:30:00,PB,101,"18,7",RIO TINTO,Velocidade Incompatível,Colisão traseira,Com Vítimas Feridas,Pleno dia,Crescente,Nublado,Dupla,Curva,Não,3,0,1,0,1,1,1,3,"-6,64727686","-35,1213365",SPRF-PB,DEL01-PB,UOP04-DEL01-PB
350274.0,2021-04-06,terça-feira,16:10:00,PB,101,"96,3",CONDE,Condutor deixou de manter distância do veículo da frente,Colisão traseira,Com Vítimas Feridas,Pleno dia,Decrescente,Céu Claro,Dupla,Curva,Não,2,0,1,0,1,0,1,2,"-7,2309210043","-34,9211489953",SPRF-PB,DEL01-PB,UOP02-DEL01-PB
350535.0,2021-04-08,quinta-feira,05:00:00,PB,101,"3,7",MATARACA,Condutor Dormindo,Colisão traseira,Sem Vítimas,Amanhecer,Crescente,Céu Claro,Dupla,Reta,Não,3,0,0,0,2,1,0,3,"-6,53182311","-35,11546245",SPRF-PB,DEL01-PB,UOP04-DEL01-PB
350740.0,2021-04-09,sexta-feira,09:58:00,PB,230,"68,4",SAO MIGUEL DE TAIPU,Manobra de mudança de faixa,Colisão lateral mesmo sentido,Com Vítimas Feridas,Pleno dia,Crescente,Céu Claro,Dupla,Reta,Não,4,0,1,0,2,1,1,3,"-7,1873","-35,2065",SPRF-PB,DEL01-PB,UOP03-DEL01-PB
350772.0,2021-04-09,sexta-feira,14:30:00,PB,101,88,JOAO PESSOA,Condutor deixou de manter distância do veículo da frente,Colisão traseira,Com Vítimas Feridas,Pleno dia,Crescente,Céu Claro,Dupla,Reta,Sim,3,0,1,1,0,1,2,2,"-7,16470016","-34,89993643",SPRF-PB,DEL01-PB,UOP01-DEL01-PB
350805.0,2021-04-09,sexta-feira,16:30:00,PB,101,85,BAYEUX,Carga excessiva e/ou mal acondicionada,Saída de leito carroçável,Sem Vítimas,Pleno dia,Decrescente,Céu Claro,Dupla,Reta,Sim,2,0,0,0,1,1,0,2,"-7,14538184","-34,91662887",SPRF-PB,DEL01-PB,UOP01-DEL01-PB
350930.0,2021-03-01,segunda-feira,17:20:00,PB,101,"88,4",JOAO PESSOA,Ausência de reação do condutor,Colisão traseira,Com Vítimas Feridas,Anoitecer,Crescente,Nublado,Dupla,Reta,Sim,3,0,0,1,1,1,1,3,"-7,16470016","-34,89993643",SPRF-PB,DEL01-PB,UOP02-DEL01-PB
351615.0,2021-04-01,quinta-feira,03:15:00,PB,405,"24,7",SAO JOAO DO RIO DO PEIXE,Condutor Dormindo,Saída de leito carroçável,Com Vítimas Feridas,Plena Noite,Decrescente,Céu Claro,Simples,Reta;Declive,Não,1,0,0,1,0,0,1,1,"-6,651107","-38,431026",SPRF-PB,DEL03-PB,UOP03-DEL03-PB
351751.0,2021-04-14,quarta-feira,13:30:00,PB,230,250,JUAZEIRINHO,Acessar a via sem observar a presença dos outros veículos,Colisão transversal,Com Vítimas Feridas,Pleno dia,Crescente,Nublado,Simples,Reta,Sim,5,0,0,1,1,3,1,2,"-7,04024596","-36,60163879",SPRF-PB,DEL03-PB,UOP01-DEL03-PB
351847.0,2021-04-15,quinta-feira,04:30:00,PB,230,"124,8",RIACHAO DO BACAMARTE,Velocidade Incompatível,Colisão traseira,Com Vítimas Feridas,Amanhecer,Decrescente,Chuva,Dupla,Curva,Não,2,0,1,0,1,0,1,2,"-7,2465","-35,6751",SPRF-PB,DEL02-PB,UOP01-DEL02-PB
352428.0,2021-04-17,sábado,18:20:00,PB,104,"162,1",BARRA DE SANTANA,Ingestão de álcool pelo condutor,Colisão lateral sentido oposto,Sem Vítimas,Anoitecer,Decrescente,Céu Claro,Simples,Reta,Não,3,0,0,0,1,3,0,4,"-7,52593","-35,994796",SPRF-PB,DEL02-PB,UOP03-DEL02-PB
353063.0,2021-04-21,quarta-feira,04:00:00,PB,101,"76,4",SANTA RITA,Avarias e/ou desgaste excessivo no pneu,Tombamento,Com Vítimas Feridas,Plena Noite,Crescente,Céu Claro,Dupla,Ponte,Não,3,0,0,2,0,1,2,2,"-7,09474475","-34,96746724",SPRF-PB,DEL01-PB,UOP04-DEL01-PB
353617.0,2021-04-24,sábado,09:35:00,PB,230,27,JOAO PESSOA,Reação tardia ou ineficiente do condutor,Colisão traseira,Sem Vítimas,Pleno dia,Crescente,Nublado,Dupla,Reta,Sim,3,0,0,0,3,0,0,3,"-7,16575266","-34,88930767",SPRF-PB,DEL01-PB,UOP01-DEL01-PB
353970.0,2021-04-26,segunda-feira,07:40:00,PB,101,"14,5",MAMANGUAPE,Reação tardia ou ineficiente do condutor,Saída de leito carroçável,Com Vítimas Feridas,Pleno dia,Crescente,Céu Claro,Dupla,Reta,Não,2,0,1,0,0,2,1,3,"-6,61713815","-35,13803934",SPRF-PB,DEL01-PB,UOP04-DEL01-PB
354446.0,2021-04-13,terça-feira,04:10:00,PB,230,155,CAMPINA GRANDE,Condutor deixou de manter distância do veículo da frente,Colisão traseira,Com Vítimas Feridas,Plena Noite,Decrescente,Nublado,Simples,Reta,Sim,3,0,1,1,1,0,2,2,"-7,2748","-35,9058",SPRF-PB,DEL02-PB,UOP01-DEL02-PB
354500.0,2021-04-29,quinta-feira,11:15:00,PB,230,28,JOAO PESSOA,Mal súbito do condutor,Colisão lateral mesmo sentido,Com Vítimas Feridas,Pleno dia,Decrescente,Nublado,Dupla,Viaduto;Aclive,Sim,2,0,1,0,0,1,1,2,"-7,1651","-34,8941",SPRF-PB,DEL01-PB,UOP01-DEL01-PB
354666.0,2021-04-30,sexta-feira,09:10:00,PB,101,"82,5",BAYEUX,Condutor deixou de manter distância do veículo da frente,Colisão lateral mesmo sentido,Com Vítimas Feridas,Pleno dia,Crescente,Chuva,Dupla,Viaduto,Sim,4,0,1,0,3,0,1,3,"-7,12911","-34,93714",SPRF-PB,DEL01-PB,UOP01-DEL01-PB
355788.0,2021-05-05,quarta-feira,18:35:00,PB,101,"84,1",BAYEUX,Transitar no acostamento,Colisão lateral mesmo sentido,Sem Vítimas,Plena Noite,Decrescente,Nublado,Dupla,Reta,Sim,3,0,0,0,2,1,0,3,"-7,13957906","-34,92312806",SPRF-PB,DEL01-PB,UOP01-DEL01-PB
355810.0,2021-05-05,quarta-feira,19:55:00,PB,101,"113,9",CAAPORA,Demais falhas mecânicas ou elétricas,Colisão frontal,Com Vítimas Feridas,Plena Noite,Crescente,Céu Claro,Dupla,Reta;Aclive,Não,4,0,1,1,1,1,2,3,"-7,37852293","-34,95673822",SPRF-PB,DEL01-PB,UOP02-DEL01-PB
356876.0,2021-04-22,quinta-feira,20:57:00,PB,101,"122,7",CAAPORA,Carga excessiva e/ou mal acondicionada,Colisão lateral mesmo sentido,Sem Vítimas,Plena Noite,Crescente,Céu Claro,Dupla,Declive,Não,3,0,0,0,2,2,0,4,"-7,45038197","-34,97994215",SPRF-PB,DEL01-PB,UOP02-DEL01-PB
356921.0,2021-05-10,segunda-feira,18:00:00,PB,230,24,JOAO PESSOA,Manobra de mudança de faixa,Colisão lateral mesmo sentido,Com Vítimas Feridas,Plena Noite,Decrescente,Nublado,Dupla,Curva,Sim,2,0,1,0,0,1,1,2,"-7,1637","-34,8618",SPRF-PB,DEL01-PB,UOP01-DEL01-PB
357315.0,2021-05-12,quarta-feira,17:15:00,PB,230,"35,5",SANTA RITA,Demais falhas mecânicas ou elétricas,Saída de leito carroçável,Com Vítimas Feridas,Anoitecer,Decrescente,Chuva,Dupla,Curva,Sim,2,0,1,0,0,1,1,2,"-7,1251951","-34,9454188",SPRF-PB,DEL01-PB,UOP01-DEL01-PB
357514.0,2021-05-13,quinta-feira,18:50:00,PB,101,"104,8",ALHANDRA,Ausência de reação do condutor,Atropelamento de Pedestre,Com Vítimas Fatais,Anoitecer,Crescente,Chuva,Dupla,Retorno Regulamentado,Não,2,1,0,0,0,1,0,2,"-7,30029088","-34,93888622",SPRF-PB,DEL01-PB,UOP02-DEL01-PB
358569.0,2021-05-18,terça-feira,20:00:00,PB,230,"278,8",SANTA LUZIA,Velocidade Incompatível,Tombamento,Com Vítimas Fatais,Plena Noite,Crescente,Céu Claro,Simples,Curva,Não,1,1,0,0,0,0,0,1,"-6,9513","-36,8451",SPRF-PB,DEL03-PB,UOP01-DEL03-PB
358844.0,2021-05-20,quinta-feira,07:40:00,PB,405,"15,7",UIRAUNA,Ausência de reação do condutor,Saída de leito carroçável,Com Vítimas Feridas,Pleno dia,Crescente,Nublado,Simples,Reta,Não,2,0,1,0,0,3,1,4,"-6,5758","-38,41251",SPRF-PB,DEL03-PB,UOP03-DEL03-PB
359054.0,2021-05-21,sexta-feira,12:15:00,PB,230,"116,9",INGA,Acessar a via sem observar a presença dos outros veículos,Colisão transversal,Com Vítimas Feridas,Pleno dia,Crescente,Nublado,Dupla,Aclive,Não,4,0,2,0,2,0,2,3,"-7,2372","-35,6043",SPRF-PB,DEL01-PB,UOP03-DEL01-PB
359193.0,2021-05-22,sábado,02:50:00,PB,101,"31,5",RIO TINTO,Problema com o freio,Colisão com objeto,Sem Vítimas,Plena Noite,Crescente,Céu Claro,Dupla,Reta,Não,2,0,0,0,1,1,0,2,"-6,758091","-35,13408691",SPRF-PB,DEL01-PB,UOP04-DEL01-PB
359794.0,2021-05-24,segunda-feira,15:00:00,PB,230,"425,2",SAO DOMINGOS,Transitar na contramão,Colisão frontal,Com Vítimas Feridas,Pleno dia,Crescente,Sol,Simples,Declive,Não,3,0,2,0,1,0,2,3,"-6,7341","-37,8973",SPRF-PB,DEL03-PB,UOP02-DEL03-PB
360297.0,2021-05-27,quinta-feira,16:20:00,PB,104,"145,1",QUEIMADAS,Condutor deixou de manter distância do veículo da frente,Colisão traseira,Com Vítimas Feridas,Pleno dia,Decrescente,Nublado,Simples,Reta,Não,3,0,1,0,2,0,1,2,"-7,42278697","-35,89513073",SPRF-PB,DEL02-PB,UOP03-DEL02-PB
360380.0,2021-05-28,sexta-feira,02:50:00,PB,101,104,ALHANDRA,Condutor Dormindo,Colisão com objeto,Sem Vítimas,Amanhecer,Decrescente,Ignorado,Dupla,Curva,Não,2,0,0,0,2,0,0,1,"-7,30029088","-34,93888622",SPRF-PB,DEL01-PB,UOP02-DEL01-PB
360442.0,2021-05-28,sexta-feira,11:45:00,PB,101,86,BAYEUX,Conversão proibida,Colisão traseira,Com Vítimas Feridas,Pleno dia,Crescente,Céu Claro,Dupla,Reta;Interseção de Vias,Sim,3,0,1,0,1,2,1,4,"-7,146885","-34,9150778",SPRF-PB,DEL01-PB,UOP01-DEL01-PB