id,data_inversa,dia_semana,horario,uf,br,km,municipio,causa_acidente,tipo_acidente,classificacao_acidente,fase_dia,sentido_via,condicao_metereologica,tipo_pista,tracado_via,uso_solo,pessoas,mortos,feridos_leves,feridos_graves,ilesos,ignorados,feridos,veiculos,latitude,longitude,regional,delegacia,uop
360532.0,2021-05-28,sexta-feira,18:15:00,PB,230,172,CAMPINA GRANDE,Acessar a via sem observar a presença dos outros veículos,Colisão transversal,Sem Vítimas,Plena Noite,Crescente,Chuva,Simples,Reta,Sim,3,0,0,0,2,1,0,3,"-7,1798","-36,0027",SPRF-PB,DEL02-PB,UOP02-DEL02-PB
360572.0,2021-05-28,sexta-feira,18:00:00,PB,230,277,SANTA LUZIA,Carga excessiva e/ou mal acondicionada,Derramamento de carga,Sem Vítimas,Plena Noite,Crescente,Céu Claro,Simples,Curva,Não,1,0,0,0,1,0,0,1,"-6,9579","-36,8398",SPRF-PB,DEL03-PB,UOP01-DEL03-PB
360595.0,2021-05-28,sexta-feira,18:40:00,PB,104,"182,2",ALCANTIL,Ausência de reação do condutor,Colisão traseira,Com Vítimas Fatais,Plena Noite,Decrescente,Nublado,Simples,Reta,Não,2,1,0,0,1,0,0,2,"-7,66622354","-36,0805831",SPRF-PB,DEL02-PB,UOP03-DEL02-PB
361739.0,2021-06-01,terça-feira,10:50:00,PB,104,92,ESPERANCA,Entrada inopinada do pedestre,Atropelamento de Pedestre,Com Vítimas Feridas,Pleno dia,Crescente,Céu Claro,Simples,Reta,Sim,2,0,0,1,1,0,1,2,"-6,98809582","-35,8299852",SPRF-PB,DEL02-PB,UOP04-DEL02-PB
362427.0,2021-06-06,domingo,14:30:00,PB,405,"22,9",SAO JOAO DO RIO DO PEIXE,Demais falhas mecânicas ou elétricas,Saída de leito carroçável,Sem Vítimas,Pleno dia,Crescente,Céu Claro,Simples,Reta,Não,2,0,0,0,1,1,0,2,"-6,63435","-38,424446",SPRF-PB,DEL03-PB,UOP03-DEL03-PB
364370.0,2021-06-15,terça-feira,14:40:00,PB,230,18,JOAO PESSOA,Entrada inopinada do pedestre,Atropelamento de Pedestre,Com Vítimas Fatais,Pleno dia,Crescente,Sol,Dupla,Reta,Sim,4,1,0,0,1,2,0,3,"-7,12090242","-34,84526932",SPRF-PB,DEL01-PB,UOP01-DEL01-PB
364899.0,2021-06-18,sexta-feira,15:28:00,PB,230,39,SANTA RITA,Entrada inopinada do pedestre,Atropelamento de Pedestre,Com Vítimas Feridas,Pleno dia,Decrescente,Chuva,Dupla,Declive,Sim,2,0,0,1,1,0,1,2,"-7,1381","-34,9707",SPRF-PB,DEL01-PB,UOP03-DEL01-PB
367160.0,2021-06-29,terça-feira,08:35:00,PB,101,"81,5",BAYEUX,Transitar no acostamento,Colisão lateral mesmo sentido,Sem Vítimas,Pleno dia,Crescente,Céu Claro,Dupla,Declive;Reta,Sim,2,0,0,0,1,1,0,2,"-7,12864313","-34,93837123",SPRF-PB,DEL01-PB,UOP01-DEL01-PB
368183.0,2021-07-03,sábado,17:00:00,PB,230,"127,6",CAMPINA GRANDE,Reação tardia ou ineficiente do condutor,Tombamento,Sem Vítimas,Anoitecer,Decrescente,Chuva,Dupla,Reta,Não,2,0,0,0,1,1,0,2,"-7,2602","-35,6965",SPRF-PB,DEL02-PB,UOP01-DEL02-PB
368187.0,2021-07-03,sábado,21:30:00,PB,230,"246,7",JUAZEIRINHO,Transitar no acostamento,Colisão lateral mesmo sentido,Com Vítimas Feridas,Plena Noite,Decrescente,Chuva,Simples,Aclive,Não,3,0,1,0,1,1,1,2,"-7,0726","-36,6178",SPRF-PB,DEL02-PB,UOP02-DEL02-PB
368301.0,2021-07-04,domingo,17:20:00,PB,230,"42,5",SANTA RITA,Animais na Pista,Atropelamento de Animal,Sem Vítimas,Anoitecer,Decrescente,Nublado,Dupla,Reta,Não,3,0,0,0,3,0,0,3,"-7,14830993","-35,00317097",SPRF-PB,DEL01-PB,UOP03-DEL01-PB
368736.0,2021-07-06,terça-feira,14:30:00,PB,230,"5,2",CABEDELO,Reação tardia ou ineficiente do condutor,Colisão lateral mesmo sentido,Sem Vítimas,Pleno dia,Decrescente,Céu Claro,Dupla,Reta,Sim,2,0,0,0,2,0,0,2,"-7,01","-34,8312",SPRF-PB,DEL01-PB,UOP01-DEL01-PB
368776.0,2021-07-06,terça-feira,17:00:00,PB,230,"127,9",MASSARANDUBA,Ausência de reação do condutor,Saída de leito carroçável,Com Vítimas Feridas,Pleno dia,Decrescente,Céu Claro,Dupla,Curva,Não,1,0,1,0,0,0,1,1,"-7,262228","-35,713415",SPRF-PB,DEL02-PB,UOP01-DEL02-PB
368823.0,2021-07-06,terça-feira,21:10:00,PB,101,"111,5",ALHANDRA,Condutor Dormindo,Colisão traseira,Com Vítimas Feridas,Plena Noite,Decrescente,Céu Claro,Dupla,Reta,Não,4,0,0,1,2,1,1,3,"-7,36122197","-34,95184711",SPRF-PB,DEL01-PB,UOP02-DEL01-PB
368891.0,2021-07-07,quarta-feira,06:00:00,PB,101,"53,8",SANTA RITA,Condutor Dormindo,Saída de leito carroçável,Com Vítimas Feridas,Amanhecer,Crescente,Céu Claro,Dupla,Aclive,Não,2,0,1,0,0,1,1,2,"-6,94606786","-35,09493776",SPRF-PB,DEL01-PB,UOP04-DEL01-PB
368969.0,2021-07-07,quarta-feira,12:20:00,PB,230,509,CAJAZEIRAS,Reação tardia ou ineficiente do condutor,Saída de leito carroçável,Com Vítimas Feridas,Pleno dia,Crescente,Céu Claro,Simples,Reta,Não,6,0,4,0,0,2,4,3,"-6,8931","-38,5804",SPRF-PB,DEL03-PB,UOP03-DEL03-PB
368993.0,2021-07-07,quarta-feira,16:00:00,PB,230,17,JOAO PESSOA,Acessar a via sem observar a presença dos outros veículos,Colisão lateral mesmo sentido,Com Vítimas Feridas,Pleno dia,Crescente,Céu Claro,Dupla,Retorno Regulamentado,Sim,2,0,0,1,1,0,1,2,"-7,1121","-34,8426",SPRF-PB,DEL01-PB,UOP01-DEL01-PB
369281.0,2021-07-09,sexta-feira,02:10:00,PB,101,"31,5",MAMANGUAPE,Ingestão de álcool pelo condutor,Colisão lateral mesmo sentido,Sem Vítimas,Plena Noite,Decrescente,Céu Claro,Dupla,Reta,Não,3,0,0,0,2,1,0,3,"-6,758091","-35,13408691",SPRF-PB,DEL01-PB,UOP04-DEL01-PB
369306.0,2021-07-09,sexta-feira,08:00:00,PB,230,"20,1",JOAO PESSOA,Trafegar com motocicleta (ou similar) entre as faixas,Colisão traseira,Com Vítimas Feridas,Pleno dia,Decrescente,Sol,Dupla,Reta;Declive;Viaduto,Sim,2,0,0,1,0,1,1,2,"-7,13722678","-34,85371018",SPRF-PB,DEL01-PB,UOP01-DEL01-PB
369755.0,2021-07-10,sábado,20:20:00,PB,101,"42,3",MAMANGUAPE,Pedestre andava na pista,Atropelamento de Pedestre,Com Vítimas Fatais,Plena Noite,Decrescente,Chuva,Dupla,Reta,Sim,2,1,0,0,1,0,0,2,"-6,856615","-35,13444297",SPRF-PB,DEL01-PB,UOP04-DEL01-PB
369789.0,2021-07-11,domingo,01:30:00,PB,101,3,MATARACA,Condutor Dormindo,Colisão com objeto,Com Vítimas Feridas,Plena Noite,Crescente,Céu Claro,Dupla,Aclive,Não,1,0,1,0,0,0,1,1,"-6,532513","-35,11559",SPRF-PB,DEL01-PB,UOP04-DEL01-PB
369791.0,2021-07-11,domingo,01:10:00,PB,104,"186,4",ALCANTIL,Velocidade Incompatível,Tombamento,Com Vítimas Feridas,Plena Noite,Crescente,Céu Claro,Simples,Curva;Declive,Não,2,0,1,0,0,1,1,2,"-7,68137967","-36,0598528",SPRF-PB,DEL02-PB,UOP03-DEL02-PB
370368.0,2021-07-13,terça-feira,14:00:00,PB,101,"95,2",ALHANDRA,Ausência de reação do condutor,Colisão traseira,Com Vítimas Fatais,Pleno dia,Crescente,Céu Claro,Dupla,Reta;Aclive,Não,3,1,0,0,1,1,0,3,"-7,22379403","-34,91488195",SPRF-PB,DEL01-PB,UOP02-DEL01-PB
370870.0,2021-07-16,sexta-feira,06:05:00,PB,101,43,MAMANGUAPE,Condutor Dormindo,Colisão traseira,Com Vítimas Feridas,Pleno dia,Crescente,Garoa/Chuvisco,Dupla,Aclive,Não,3,0,0,1,1,1,1,3,"-6,865561","-35,133374",SPRF-PB,DEL01-PB,UOP04-DEL01-PB
370874.0,2021-07-16,sexta-feira,07:35:00,PB,101,89,JOAO PESSOA,Ausência de reação do condutor,Colisão transversal,Com Vítimas Feridas,Pleno dia,Crescente,Céu Claro,Dupla,Retorno Regulamentado,Sim,4,0,2,0,1,1,2,3,"-7,1710694","-34,89765372",SPRF-PB,DEL01-PB,UOP02-DEL01-PB
371015.0,2021-07-16,sexta-feira,18:05:00,PB,101,81,SANTA RITA,Reação tardia ou ineficiente do condutor,Colisão traseira,Com Vítimas Feridas,Plena Noite,Decrescente,Céu Claro,Dupla,Declive;Interseção de Vias,Sim,5,0,1,1,2,1,2,4,"-7,12648362","-34,94197268",SPRF-PB,DEL01-PB,UOP01-DEL01-PB
371036.0,2021-07-16,sexta-feira,19:00:00,PB,230,333,PATOS,Transitar na contramão,Colisão frontal,Com Vítimas Feridas,Plena Noite,Decrescente,Céu Claro,Simples,Reta,Não,4,0,1,0,3,0,1,2,"-7,0193","-37,2493",SPRF-PB,DEL03-PB,UOP01-DEL03-PB
371791.0,2021-07-09,sexta-feira,16:20:00,PB,426,"76,9",PIANCO,Conversão proibida,Colisão traseira,Com Vítimas Feridas,Pleno dia,Crescente,Céu Claro,Simples,Reta,Não,5,0,0,1,4,0,1,2,"-7,27541468","-37,9544653",SPRF-PB,DEL03-PB,UOP01-DEL03-PB
371888.0,2021-07-20,terça-feira,19:50:00,PB,101,124,PEDRAS DE FOGO,Velocidade Incompatível,Tombamento,Com Vítimas Feridas,Plena Noite,Decrescente,Céu Claro,Dupla,Declive;Curva,Não,2,0,1,0,0,2,1,3,"-7,46842036","-34,97832891",SPRF-PB,DEL01-PB,UOP02-DEL01-PB
372098.0,2021-07-21,quarta-feira,23:40:00,PB,101,"112,6",ALHANDRA,Reação tardia ou ineficiente do condutor,Colisão traseira,Com Vítimas Feridas,Plena Noite,Decrescente,Chuva,Dupla,Reta,Não,2,0,0,1,1,0,1,2,"-7,37442516","-34,95536204",SPRF-PB,DEL01-PB,UOP02-DEL01-PB
372432.0,2021-07-23,sexta-feira,17:00:00,PB,230,441,APARECIDA,Reação tardia ou ineficiente do condutor,Colisão frontal,Sem Vítimas,Anoitecer,Decrescente,Céu Claro,Simples,Reta,Não,3,0,0,0,3,0,0,2,"-6,7712","-38,0327",SPRF-PB,DEL03-PB,UOP02-DEL03-PB
372523.0,2021-07-24,sábado,08:00:00,PB,101,91,JOAO PESSOA,Manobra de mudança de faixa,Colisão lateral mesmo sentido,Sem Vítimas,Pleno dia,Crescente,Céu Claro,Dupla,Reta,Não,2,0,0,0,1,1,0,2,"-7,18826412","-34,90308264",SPRF-PB,DEL01-PB,UOP02-DEL01-PB
373075.0,2021-07-26,segunda-feira,15:55:00,PB,101,92,JOAO PESSOA,Ingestão de álcool pelo condutor,Colisão lateral mesmo sentido,Com Vítimas Feridas,Pleno dia,Decrescente,Céu Claro,Dupla,Reta,Sim,3,0,0,1,1,1,1,3,"-7,19807334","-34,90602616",SPRF-PB,DEL01-PB,UOP02-DEL01-PB
373260.0,2021-07-27,terça-feira,17:00:00,PB,230,"146,3",CAMPINA GRANDE,Reação tardia ou ineficiente do condutor,Colisão lateral mesmo sentido,Com Vítimas Feridas,Anoitecer,Decrescente,Céu Claro,Dupla,Reta;Declive,Não,2,0,1,0,0,1,1,2,"-7,243766","-35,854587",SPRF-PB,DEL02-PB,UOP01-DEL02-PB
373348.0,2021-06-23,quarta-feira,18:05:00,PB,405,"18,3",SAO JOAO DO RIO DO PEIXE,Transitar na contramão,Colisão frontal,Com Vítimas Fatais,Plena Noite,Crescente,Céu Claro,Simples,Curva,Não,3,1,0,0,1,1,0,3,"-6,601764","-38,410744",SPRF-PB,DEL03-PB,UOP03-DEL03-PB
374837.0,2021-08-04,quarta-feira,14:00:00,PB,230,28,JOAO PESSOA,Reação tardia ou ineficiente do condutor,Saída de leito carroçável,Sem Vítimas,Pleno dia,Decrescente,Garoa/Chuvisco,Dupla,Viaduto,Sim,1,0,0,0,1,0,0,1,"-7,16536362","-34,89526033",SPRF-PB,DEL01-PB,UOP01-DEL01-PB
374966.0,2021-08-05,quinta-feira,07:20:00,PB,101,"95,2",CONDE,Demais falhas mecânicas ou elétricas,Saída de leito carroçável,Sem Vítimas,Pleno dia,Decrescente,Chuva,Dupla,Declive;Curva,Sim,1,0,0,0,1,0,0,1,"-7,21483297","-34,9117521",SPRF-PB,DEL01-PB,UOP02-DEL01-PB
375612.0,2021-08-07,sábado,19:00:00,PB,230,"464,7",SOUSA,Manobra de mudança de faixa,Colisão frontal,Com Vítimas Fatais,Plena Noite,Decrescente,Céu Claro,Simples,Reta;Declive,Sim,2,1,0,0,0,1,0,2,"-6,780926","-38,252356",SPRF-PB,DEL03-PB,UOP03-DEL03-PB
375932.0,2021-08-09,segunda-feira,01:00:00,PB,101,"121,3",CAAPORA,Condutor Dormindo,Saída de leito carroçável,Com Vítimas Feridas,Plena Noite,Crescente,Nublado,Dupla,Reta,Não,2,0,1,0,0,1,1,2,"-7,44160988","-34,97799652",SPRF-PB,DEL01-PB,UOP02-DEL01-PB
376050.0,2021-08-09,segunda-feira,14:30:00,PB,230,"501,5",CAJAZEIRAS,Ausência de reação do condutor,Colisão traseira,Com Vítimas Feridas,Pleno dia,Decrescente,Sol,Simples,Curva,Não,4,0,0,1,1,2,1,4,"-6,8994212","-38,540344",SPRF-PB,DEL03-PB,UOP03-DEL03-PB
376051.0,2021-08-09,segunda-feira,14:25:00,PB,230,"158,5",CAMPINA GRANDE,Desrespeitar a preferência no cruzamento,Colisão transversal,Com Vítimas Feridas,Pleno dia,Crescente,Céu Claro,Simples,Reta,Sim,2,0,1,0,1,0,1,2,"-7,25693372","-35,92811465",SPRF-PB,DEL02-PB,UOP01-DEL02-PB
376236.0,2021-08-10,terça-feira,12:00:00,PB,101,"83,1",BAYEUX,Condutor deixou de manter distância do veículo da frente,Colisão traseira,Sem Vítimas,Pleno dia,Decrescente,Chuva,Dupla,Reta;Interseção de Vias,Sim,3,0,0,0,3,0,0,3,"-7,13535291","-34,92766019",SPRF-PB,DEL01-PB,UOP01-DEL01-PB
376362.0,2021-08-10,terça-feira,23:25:00,PB,104,"134,2",QUEIMADAS,Ausência de reação do condutor,Colisão traseira,Com Vítimas Feridas,Plena Noite,Crescente,Nublado,Simples,Reta,Não,2,0,0,1,1,0,1,2,"-7,32562205","-35,89657067",SPRF-PB,DEL02-PB,UOP03-DEL02-PB
376673.0,2021-08-12,quinta-feira,17:10:00,PB,412,24,BOA VISTA,Reação tardia ou ineficiente do condutor,Saída de leito carroçável,Com Vítimas Fatais,Pleno dia,Decrescente,Céu Claro,Simples,Reta,Não,1,1,0,0,0,0,0,1,"-7,282129","-36,269535",SPRF-PB,DEL02-PB,UOP02-DEL02-PB
377307.0,2021-08-15,domingo,17:20:00,PB,230,"1,4",CABEDELO,Pedestre cruzava a pista fora da faixa,Atropelamento de Pedestre,Com Vítimas Feridas,Anoitecer,Decrescente,Céu Claro,Simples,Reta,Sim,4,0,0,1,1,2,1,3,"-6,9753","-34,8318",SPRF-PB,DEL01-PB,UOP01-DEL01-PB
377396.0,2021-08-16,segunda-feira,01:50:00,PB,230,"132,8",MASSARANDUBA,Ausência de reação do condutor,Saída de leito carroçável,Com Vítimas Feridas,Plena Noite,Decrescente,Céu Claro,Dupla,Curva,Não,2,0,2,0,0,0,2,1,"-7,2725","-35,751258",SPRF-PB,DEL02-PB,UOP01-DEL02-PB
377465.0,2021-08-16,segunda-feira,10:40:00,PB,230,"14,3",CABEDELO,Velocidade Incompatível,Colisão com objeto,Sem Vítimas,Pleno dia,Crescente,Céu Claro,Dupla,Interseção de Vias,Sim,3,0,0,0,2,1,0,3,"-7,0844","-34,8488",SPRF-PB,DEL01-PB,UOP01-DEL01-PB
377509.0,2021-08-16,segunda-feira,15:50:00,PB,104,"152,2",QUEIMADAS,Ultrapassagem Indevida,Colisão traseira,Com Vítimas Feridas,Pleno dia,Decrescente,Céu Claro,Simples,Ponte,Não,4,0,1,0,3,0,1,3,"-7,47287281","-35,93140315",SPRF-PB,DEL02-PB,UOP03-DEL02-PB
377619.0,2021-08-17,terça-feira,06:30:00,PB,230,410,POMBAL,Velocidade Incompatível,Tombamento,Com Vítimas Feridas,Pleno dia,Crescente,Céu Claro,Simples,Reta,Não,3,0,1,1,1,0,2,1,"-6,7494","-37,7884",SPRF-PB,DEL03-PB,UOP02-DEL03-PB
377620.0,2021-08-17,terça-feira,06:00:00,PB,230,290,SANTA LUZIA,Ausência de reação do condutor,Colisão transversal,Com Vítimas Feridas,Pleno dia,Crescente,Céu Claro,Simples,Reta,Sim,2,0,1,0,1,0,1,2,"-6,8742","-36,9085",SPRF-PB,DEL03-PB,UOP01-DEL03-PB
377800.0,2021-08-18,quarta-feira,10:30:00,PB,230,"84,2",BAYEUX,Condutor deixou de manter distância do veículo da frente,Engavetamento,Com Vítimas Feridas,Pleno dia,Decrescente,Sol,Dupla,Reta,Sim,5,0,3,0,2,0,3,4,"-7,1413092","-34,9210229",SPRF-PB,DEL01-PB,UOP03-DEL01-PB
378074.0,2021-08-19,quinta-feira,19:45:00,PB,230,339,PATOS,Acessar a via sem observar a presença dos outros veículos,Colisão transversal,Com Vítimas Feridas,Pleno dia,Crescente,Céu Claro,Dupla,Reta;Retorno Regulamentado,Sim,2,0,0,1,1,0,1,2,"-7,0057","-37,2998",SPRF-PB,DEL03-PB,UOP01-DEL03-PB
378590.0,2021-08-22,domingo,02:35:00,PB,101,102,ALHANDRA,Condutor Dormindo,Saída de leito carroçável,Com Vítimas Feridas,Plena Noite,Crescente,Garoa/Chuvisco,Dupla,Curva,Não,2,0,1,0,0,1,1,2,"-7,28265304","-34,9393864",SPRF-PB,DEL01-PB,UOP02-DEL01-PB
379215.0,2021-08-14,sábado,14:50:00,PB,361,0,PATOS,Conversão proibida,Colisão lateral sentido oposto,Com Vítimas Feridas,Pleno dia,Crescente,Céu Claro,Simples,Reta,Sim,2,0,0,1,1,0,1,2,"-7,0185995","-37,26078",SPRF-PB,DEL03-PB,UOP01-DEL03-PB
379504.0,2021-08-26,quinta-feira,18:45:00,PB,101,"106,9",ALHANDRA,Avarias e/ou desgaste excessivo no pneu,Colisão lateral mesmo sentido,Sem Vítimas,Plena Noite,Decrescente,Céu Claro,Dupla,Reta,Não,2,0,0,0,1,1,0,2,"-7,32528649","-34,94695779",SPRF-PB,DEL01-PB,UOP02-DEL01-PB
379605.0,2021-08-27,sexta-feira,12:40:00,PB,230,"150,6",CAMPINA GRANDE,Condutor deixou de manter distância do veículo da frente,Colisão lateral mesmo sentido,Com Vítimas Feridas,Pleno dia,Crescente,Nublado,Dupla,Reta,Não,3,0,1,0,2,0,1,2,"-7,2587","-35,8778",SPRF-PB,DEL02-PB,UOP01-DEL02-PB
380799.0,2021-09-02,quinta-feira,07:00:00,PB,230,"229,8",SOLEDADE,Manobra de mudança de faixa,Colisão lateral sentido oposto,Com Vítimas Feridas,Pleno dia,Decrescente,Céu Claro,Simples,Reta,Não,8,0,6,1,1,0,7,3,"-7,035032","-36,48139",SPRF-PB,DEL02-PB,UOP02-DEL02-PB
381333.0,2021-09-04,sábado,10:20:00,PB,230,"124,8",RIACHAO DO BACAMARTE,Velocidade Incompatível,Saída de leito carroçável,Com Vítimas Feridas,Pleno dia,Decrescente,Céu Claro,Simples,Curva,Não,6,0,4,0,2,0,4,2,"-7,2465","-35,6751",SPRF-PB,DEL02-PB,UOP01-DEL02-PB
382122.0,2021-09-07,terça-feira,17:30:00,PB,230,"481,6",SAO JOAO DO RIO DO PEIXE,Condutor Dormindo,Saída de leito carroçável,Com Vítimas Feridas,Anoitecer,Decrescente,Céu Claro,Simples,Reta,Não,3,0,0,1,0,2,1,1,"-6,8451","-38,354",SPRF-PB,DEL03-PB,UOP03-DEL03-PB
382181.0,2021-09-08,quarta-feira,02:20:00,PB,101,"103,1",ALHANDRA,Ausência de reação do condutor,Colisão traseira,Com Vítimas Feridas,Plena Noite,Crescente,Nublado,Dupla,Reta,Não,3,0,0,1,1,2,1,4,"-7,29163604","-34,93807826",SPRF-PB,DEL01-PB,UOP02-DEL01-PB
382243.0,2021-09-08,quarta-feira,10:30:00,PB,101,84,BAYEUX,Manobra de mudança de faixa,Colisão lateral mesmo sentido,Com Vítimas Feridas,Pleno dia,Decrescente,Céu Claro,Dupla,Reta,Não,2,0,1,0,0,1,1,2,"-7,139579064","-34,9231280561",SPRF-PB,DEL01-PB,UOP01-DEL01-PB
383182.0,2021-09-12,domingo,20:55:00,PB,230,329,QUIXABA,Acessar a via sem observar a presença dos outros veículos,Colisão transversal,Com Vítimas Feridas,Plena Noite,Decrescente,Céu Claro,Simples,Declive;Interseção de Vias;Reta,Não,3,0,0,1,2,0,1,2,"-7,01531845","-37,22171187",SPRF-PB,DEL03-PB,UOP01-DEL03-PB
383507.0,2021-08-31,terça-feira,18:10:00,PB,230,"63,3",SAO MIGUEL DE TAIPU,Reação tardia ou ineficiente do condutor,Colisão frontal,Com Vítimas Feridas,Plena Noite,Crescente,Céu Claro,Simples,Reta,Não,3,0,1,0,2,0,1,2,"-7,1989","-35,1649",SPRF-PB,DEL01-PB,UOP03-DEL01-PB
383583.0,2021-09-15,quarta-feira,04:40:00,PB,101,"50,9",CAPIM,Velocidade Incompatível,Colisão traseira,Com Vítimas Feridas,Amanhecer,Decrescente,Céu Claro,Dupla,Aclive,Não,4,0,1,0,2,2,1,4,"-6,92250294","-35,1082039",SPRF-PB,DEL01-PB,UOP04-DEL01-PB
383720.0,2021-09-15,quarta-feira,19:40:00,PB,101,"61,7",SANTA RITA,Demais falhas mecânicas ou elétricas,Incêndio,Sem Vítimas,Plena Noite,Crescente,Nublado,Dupla,Aclive,Não,1,0,0,0,1,0,0,1,"-7,00949401","-35,06072329",SPRF-PB,DEL01-PB,UOP04-DEL01-PB
384172.0,2021-09-17,sexta-feira,14:11:00,PB,230,"280,4",SANTA LUZIA,Frear bruscamente,Tombamento,Com Vítimas Feridas,Pleno dia,Crescente,Céu Claro,Simples,Curva;Declive,Não,2,0,1,0,0,1,1,2,"-6,9359","-36,8505",SPRF-PB,DEL03-PB,UOP01-DEL03-PB
384903.0,2021-09-21,terça-feira,13:00:00,PB,230,132,MASSARANDUBA,Ausência de reação do condutor,Tombamento,Com Vítimas Feridas,Pleno dia,Decrescente,Céu Claro,Dupla,Curva,Não,4,0,3,0,0,1,3,2,"-7,2774","-35,7367",SPRF-PB,DEL02-PB,UOP01-DEL02-PB
384912.0,2021-09-21,terça-feira,11:55:00,PB,101,"34,9",MAMANGUAPE,Reação tardia ou ineficiente do condutor,Saída de leito carroçável,Sem Vítimas,Pleno dia,Crescente,Céu Claro,Dupla,Reta,Não,1,0,0,0,1,0,0,1,"-6,78533891","-35,13428131",SPRF-PB,DEL01-PB,UOP04-DEL01-PB
385175.0,2021-09-23,quinta-feira,05:40:00,PB,101,"73,4",SANTA RITA,Condutor Dormindo,Saída de leito carroçável,Com Vítimas Feridas,Amanhecer,Crescente,Céu Claro,Dupla,Reta,Não,2,0,1,0,1,0,1,1,"-7,07828212","-34,98823508",SPRF-PB,DEL01-PB,UOP04-DEL01-PB
385603.0,2021-09-25,sábado,07:30:00,PB,101,"86,3",JOAO PESSOA,Pista Escorregadia,Tombamento,Com Vítimas Feridas,Pleno dia,Decrescente,Garoa/Chuvisco,Dupla,Reta,Sim,3,0,0,1,1,2,1,4,"-7,154784","-34,907652",SPRF-PB,DEL01-PB,UOP01-DEL01-PB
385738.0,2021-09-25,sábado,20:30:00,PB,230,45,SANTA RITA,Demais falhas mecânicas ou elétricas,Tombamento,Sem Vítimas,Plena Noite,Crescente,Garoa/Chuvisco,Dupla,Retorno Regulamentado,Não,2,0,0,0,0,2,0,2,"-7,1583","-35,0176",SPRF-PB,DEL01-PB,UOP03-DEL01-PB
386120.0,2021-09-27,segunda-feira,12:55:00,PB,101,42,MAMANGUAPE,Transitar na contramão,Colisão lateral sentido oposto,Com Vítimas Feridas,Pleno dia,Decrescente,Céu Claro,Dupla,Declive,Sim,3,0,1,1,1,0,2,2,"-6,856615","-35,13444297",SPRF-PB,DEL01-PB,UOP04-DEL01-PB
386555.0,2021-09-30,quinta-feira,02:20:00,PB,230,110,INGA,Manobra de mudança de faixa,Saída de leito carroçável,Sem Vítimas,Plena Noite,Decrescente,Nublado,Dupla,Reta,Não,2,0,0,0,1,1,0,2,"-7,2056","-35,5653",SPRF-PB,DEL01-PB,UOP03-DEL01-PB
386777.0,2021-10-01,sexta-feira,04:30:00,PB,230,"56,1",CRUZ DO ESPIRITO SANTO,Ausência de reação do condutor,Atropelamento de Pedestre,Com Vítimas Fatais,Amanhecer,Crescente,Céu Claro,Dupla,Reta,Não,2,1,0,0,0,1,0,2,"-7,2021","-35,1038",SPRF-PB,DEL01-PB,UOP03-DEL01-PB
386918.0,2021-10-01,sexta-feira,18:05:00,PB,230,25,JOAO PESSOA,Ausência de reação do condutor,Colisão traseira,Com Vítimas Feridas,Plena Noite,Crescente,Céu Claro,Dupla,Reta,Sim,2,0,0,1,1,0,1,2,"-7,16924904","-34,87732172",SPRF-PB,DEL01-PB,UOP01-DEL01-PB
387021.0,2021-10-02,sábado,04:30:00,PB,230,425,POMBAL,Reação tardia ou ineficiente do condutor,Colisão traseira,Com Vítimas Fatais,Amanhecer,Decrescente,Céu Claro,Simples,Aclive,Não,2,1,0,0,1,0,0,2,"-6,734346","-37,911532",SPRF-PB,DEL03-PB,UOP02-DEL03-PB
387497.0,2021-10-04,segunda-feira,08:00:00,PB,230,"15,3",JOAO PESSOA,Avarias e/ou desgaste excessivo no pneu,Tombamento,Com Vítimas Feridas,Pleno dia,Decrescente,Céu Claro,Dupla,Reta,Sim,3,0,2,0,1,0,2,2,"-7,093","-34,8482",SPRF-PB,DEL01-PB,UOP01-DEL01-PB
387514.0,2021-10-04,segunda-feira,08:15:00,PB,230,"163,2",CAMPINA GRANDE,Ultrapassagem Indevida,Colisão lateral mesmo sentido,Com Vítimas Feridas,Pleno dia,Decrescente,Sol,Simples,Reta,Não,3,0,2,0,0,1,2,2,"-7,2198","-35,9443",SPRF-PB,DEL02-PB,UOP01-DEL02-PB
387518.0,2021-10-04,segunda-feira,09:00:00,PB,101,87,JOAO PESSOA,Condutor deixou de manter distância do veículo da frente,Tombamento,Com Vítimas Feridas,Pleno dia,Crescente,Sol,Dupla,Reta,Sim,3,0,1,1,1,0,2,3,"-7,1622","-34,9031",SPRF-PB,DEL01-PB,UOP01-DEL01-PB
387823.0,2021-10-05,terça-feira,21:00:00,PB,230,"259,8",JUNCO DO SERIDO,Velocidade Incompatível,Tombamento,Com Vítimas Feridas,Plena Noite,Decrescente,Céu Claro,Simples,Curva;Declive,Não,2,0,1,0,0,1,1,2,"-7,0085","-36,697",SPRF-PB,DEL03-PB,UOP01-DEL03-PB
388726.0,2021-10-09,sábado,21:00:00,PB,412,"34,8",SAO JOAO DO CARIRI,Ausência de reação do condutor,Colisão traseira,Com Vítimas Feridas,Plena Noite,Crescente,Céu Claro,Simples,Reta,Não,3,0,1,0,1,3,1,5,"-7,314062","-36,352207",SPRF-PB,DEL02-PB,UOP02-DEL02-PB
389230.0,2021-10-12,terça-feira,05:30:00,PB,230,"41,8",SANTA RITA,Ausência de reação do condutor,Colisão traseira,Com Vítimas Feridas,Amanhecer,Decrescente,Céu Claro,Dupla,Reta,Não,4,0,2,0,2,0,2,2,"-7,1432","-34,9869",SPRF-PB,DEL01-PB,UOP03-DEL01-PB