id,data_inversa,dia_semana,horario,uf,br,km,municipio,causa_acidente,tipo_acidente,classificacao_acidente,fase_dia,sentido_via,condicao_metereologica,tipo_pista,tracado_via,uso_solo,pessoas,mortos,feridos_leves,feridos_graves,ilesos,ignorados,feridos,veiculos,latitude,longitude,regional,delegacia,uop
389708.0,2021-10-14,quinta-feira,22:30:00,PB,230,122,RIACHAO DO BACAMARTE,Reação tardia ou ineficiente do condutor,Saída de leito carroçável,Com Vítimas Feridas,Plena Noite,Decrescente,Nublado,Simples,Reta,Não,2,0,0,1,1,0,1,1,"-7,2466","-35,6577",SPRF-PB,DEL02-PB,UOP01-DEL02-PB
389720.0,2021-10-15,sexta-feira,01:15:00,PB,101,52,SANTA RITA,Reação tardia ou ineficiente do condutor,Colisão traseira,Com Vítimas Feridas,Plena Noite,Crescente,Céu Claro,Simples,Aclive,Não,4,0,2,0,1,1,2,3,"-6,93821564","-35,09935736",SPRF-PB,DEL01-PB,UOP04-DEL01-PB
390103.0,2021-10-16,sábado,19:00:00,PB,101,99,CONDE,Manobra de mudança de faixa,Colisão lateral mesmo sentido,Com Vítimas Feridas,Plena Noite,Crescente,Chuva,Dupla,Reta,Não,2,0,0,1,0,1,1,2,"-7,26019828","-34,93619661",SPRF-PB,DEL01-PB,UOP02-DEL01-PB
390282.0,2021-10-17,domingo,11:15:00,PB,230,"152,9",CAMPINA GRANDE,Problema com o freio,Tombamento,Sem Vítimas,Pleno dia,Crescente,Céu Claro,Simples,Retorno Regulamentado,Sim,2,0,0,0,1,1,0,2,"-7,2688","-35,8837",SPRF-PB,DEL02-PB,UOP01-DEL02-PB
390449.0,2021-10-18,segunda-feira,10:50:00,PB,230,18,JOAO PESSOA,Carga excessiva e/ou mal acondicionada,Queda de ocupante de veículo,Com Vítimas Feridas,Pleno dia,Decrescente,Céu Claro,Dupla,Reta,Sim,2,0,1,0,1,0,1,2,"-7,1198","-34,8453",SPRF-PB,DEL01-PB,UOP01-DEL01-PB
391707.0,2021-10-24,domingo,17:45:00,PB,101,"96,2",JOAO PESSOA,Conversão proibida,Colisão transversal,Com Vítimas Feridas,Plena Noite,Crescente,Céu Claro,Dupla,Reta,Não,2,0,0,1,1,0,1,2,"-7,23846306","-34,9268519",SPRF-PB,DEL01-PB,UOP02-DEL01-PB
391902.0,2021-10-25,segunda-feira,13:10:00,PB,230,"479,4",MARIZOPOLIS,Acessar a via sem observar a presença dos outros veículos,Colisão transversal,Com Vítimas Feridas,Pleno dia,Crescente,Céu Claro,Simples,Reta,Sim,3,0,0,1,1,1,1,3,"-6,8431","-38,3315",SPRF-PB,DEL03-PB,UOP03-DEL03-PB
392141.0,2021-10-27,quarta-feira,04:20:00,PB,101,94,CONDE,Ausência de reação do condutor,Saída de leito carroçável,Com Vítimas Feridas,Amanhecer,Decrescente,Garoa/Chuvisco,Dupla,Declive,Não,2,0,2,0,0,0,2,1,"-7,21888376","-34,91300583",SPRF-PB,DEL01-PB,UOP02-DEL01-PB
392662.0,2021-10-29,sexta-feira,17:30:00,PB,101,"108,9",ALHANDRA,Ingestão de álcool e/ou substâncias psicoativas pelo pedestre,Atropelamento de Pedestre,Com Vítimas Fatais,Anoitecer,Crescente,Nublado,Múltipla,Reta,Sim,3,1,0,0,0,2,0,2,"-7,342004","-34,947875",SPRF-PB,DEL01-PB,UOP02-DEL01-PB
393447.0,2021-11-02,terça-feira,10:00:00,PB,101,"46,5",RIO TINTO,Manobra de mudança de faixa,Colisão traseira,Com Vítimas Feridas,Pleno dia,Crescente,Céu Claro,Dupla,Reta,Não,2,0,1,0,1,0,1,2,"-6,89108414","-35,12591625",SPRF-PB,DEL01-PB,UOP04-DEL01-PB
393599.0,2021-11-03,quarta-feira,07:00:00,PB,101,82,BAYEUX,Reação tardia ou ineficiente do condutor,Engavetamento,Sem Vítimas,Pleno dia,Crescente,Céu Claro,Dupla,Viaduto;Reta,Sim,4,0,0,0,4,0,0,4,"-7,12911","-34,93714",SPRF-PB,DEL01-PB,UOP01-DEL01-PB
394391.0,2021-11-07,domingo,15:00:00,PB,101,100,ALHANDRA,Ingestão de álcool pelo condutor,Colisão lateral mesmo sentido,Com Vítimas Feridas,Pleno dia,Crescente,Céu Claro,Dupla,Reta,Não,3,0,1,0,1,2,1,4,"-7,26469806","-34,93677965",SPRF-PB,DEL01-PB,UOP02-DEL01-PB
395606.0,2021-11-13,sábado,16:00:00,PB,101,"43,7",MAMANGUAPE,Reação tardia ou ineficiente do condutor,Colisão traseira,Com Vítimas Feridas,Pleno dia,Crescente,Céu Claro,Dupla,Aclive,Não,3,0,0,1,1,2,1,4,"-6,865561","-35,133374",SPRF-PB,DEL01-PB,UOP04-DEL01-PB
395959.0,2021-11-15,segunda-feira,08:20:00,PB,230,25,JOAO PESSOA,Trafegar com motocicleta (ou similar) entre as faixas,Colisão lateral mesmo sentido,Com Vítimas Feridas,Pleno dia,Decrescente,Céu Claro,Dupla,Viaduto;Declive,Sim,3,0,1,1,0,1,2,2,"-7,1707","-34,8684",SPRF-PB,DEL01-PB,UOP01-DEL01-PB
396188.0,2021-11-16,terça-feira,10:50:00,PB,110,182,MONTEIRO,Demais falhas mecânicas ou elétricas,Incêndio,Sem Vítimas,Pleno dia,Decrescente,Céu Claro,Simples,Reta,Não,2,0,0,0,2,0,0,2,"-7,90061043","-37,13102784",SPRF-PB,DEL02-PB,UOP02-DEL02-PB
396353.0,2021-11-17,quarta-feira,10:05:00,PB,230,79,RIACHAO DO POCO,Demais falhas mecânicas ou elétricas,Saída de leito carroçável,Sem Vítimas,Pleno dia,Crescente,Céu Claro,Dupla,Reta,Não,4,0,0,0,3,1,0,4,"-7,1828","-35,3041",SPRF-PB,DEL01-PB,UOP03-DEL01-PB
396521.0,2021-11-18,quinta-feira,09:50:00,PB,230,"318,7",SAO MAMEDE,Condutor deixou de manter distância do veículo da frente,Colisão traseira,Com Vítimas Feridas,Pleno dia,Decrescente,Céu Claro,Simples,Reta,Não,5,0,2,0,3,0,2,3,"-6,9585","-37,1324",SPRF-PB,DEL03-PB,UOP01-DEL03-PB
397128.0,2021-11-21,domingo,13:00:00,PB,101,122,CAAPORA,Condutor Dormindo,Colisão traseira,Com Vítimas Feridas,Pleno dia,Decrescente,Céu Claro,Dupla,Aclive,Não,2,0,1,0,1,0,1,2,"-7,45038197","-34,97994215",SPRF-PB,DEL01-PB,UOP02-DEL01-PB
397147.0,2021-11-21,domingo,15:10:00,PB,101,"16,5",MAMANGUAPE,Reação tardia ou ineficiente do condutor,Colisão lateral mesmo sentido,Com Vítimas Feridas,Pleno dia,Decrescente,Sol,Dupla,Reta;Aclive,Sim,3,0,1,0,1,1,1,3,"-6,637903","-35,123504",SPRF-PB,DEL01-PB,UOP04-DEL01-PB
397689.0,2021-11-24,quarta-feira,15:10:00,PB,230,68,SOBRADO,Demais falhas mecânicas ou elétricas,Tombamento,Sem Vítimas,Pleno dia,Decrescente,Céu Claro,Dupla,Curva;Aclive;Retorno Regulamentado,Não,2,0,0,0,1,2,0,3,"-7,18880553","-35,21441071",SPRF-PB,DEL01-PB,UOP03-DEL01-PB
397840.0,2021-11-25,quinta-feira,10:20:00,PB,230,81,BAYEUX,Condutor deixou de manter distância do veículo da frente,Colisão frontal,Com Vítimas Feridas,Pleno dia,Crescente,Céu Claro,Dupla,Reta,Não,3,0,1,0,2,0,1,2,"-7,14096341","-34,92177006",SPRF-PB,DEL01-PB,UOP03-DEL01-PB
397967.0,2021-11-26,sexta-feira,07:50:00,PB,230,"24,6",JOAO PESSOA,Ingestão de álcool pelo condutor,Engavetamento,Sem Vítimas,Pleno dia,Decrescente,Sol,Múltipla,Reta,Sim,5,0,0,0,3,3,0,6,"-7,17039537","-34,87164494",SPRF-PB,DEL01-PB,UOP01-DEL01-PB
398129.0,2021-11-27,sábado,00:05:00,PB,405,"31,4",SAO JOAO DO RIO DO PEIXE,Ausência de reação do condutor,Colisão traseira,Com Vítimas Fatais,Plena Noite,Decrescente,Nublado,Simples,Reta,Sim,2,1,0,0,1,0,0,2,"-6,710421","-38,448498",SPRF-PB,DEL03-PB,UOP03-DEL03-PB
398145.0,2021-11-27,sábado,03:40:00,PB,230,211,SOLEDADE,Ingestão de álcool pelo condutor,Colisão frontal,Com Vítimas Fatais,Plena Noite,Crescente,Céu Claro,Simples,Reta,Não,2,1,0,0,1,0,0,2,"-7,0781","-36,332",SPRF-PB,DEL02-PB,UOP02-DEL02-PB
398214.0,2021-11-27,sábado,11:35:00,PB,101,"92,2",JOAO PESSOA,Transitar no acostamento,Colisão traseira,Com Vítimas Feridas,Pleno dia,Decrescente,Céu Claro,Múltipla,Reta;Aclive;Retorno Regulamentado,Sim,4,0,2,0,2,0,2,2,"-7,19683829","-34,90588313",SPRF-PB,DEL01-PB,UOP02-DEL01-PB
399286.0,2021-12-02,quinta-feira,23:00:00,PB,101,"55,8",SANTA RITA,Reação tardia ou ineficiente do condutor,Colisão traseira,Com Vítimas Feridas,Plena Noite,Crescente,Céu Claro,Dupla,Aclive,Não,2,0,1,0,0,1,1,2,"-6,96193314","-35,08636026",SPRF-PB,DEL01-PB,UOP04-DEL01-PB
399360.0,2021-12-03,sexta-feira,09:00:00,PB,230,157,CAMPINA GRANDE,Ingestão de álcool e/ou substâncias psicoativas pelo pedestre,Colisão lateral mesmo sentido,Com Vítimas Feridas,Pleno dia,Crescente,Céu Claro,Simples,Aclive;Reta,Sim,4,0,1,0,1,2,1,4,"-7,264","-35,9199",SPRF-PB,DEL02-PB,UOP01-DEL02-PB
400141.0,2021-12-06,segunda-feira,13:25:00,PB,230,"153,4",CAMPINA GRANDE,Condutor deixou de manter distância do veículo da frente,Colisão traseira,Sem Vítimas,Pleno dia,Decrescente,Céu Claro,Simples,Interseção de Vias,Sim,3,0,0,0,2,1,0,3,"-7,2763","-35,8887",SPRF-PB,DEL02-PB,UOP01-DEL02-PB
400179.0,2021-12-06,segunda-feira,16:10:00,PB,230,"1,4",CABEDELO,Ausência de reação do condutor,Colisão traseira,Sem Vítimas,Pleno dia,Crescente,Sol,Simples,Reta,Sim,2,0,0,0,2,0,0,2,"-6,9753","-34,8318",SPRF-PB,DEL01-PB,UOP01-DEL01-PB
400244.0,2021-12-07,terça-feira,03:30:00,PB,104,"146,7",QUEIMADAS,Demais falhas mecânicas ou elétricas,Incêndio,Sem Vítimas,Plena Noite,Decrescente,Céu Claro,Simples,Reta,Não,1,0,0,0,1,0,0,1,"-7,43125373","-35,89767245",SPRF-PB,DEL02-PB,UOP03-DEL02-PB
400696.0,2021-12-09,quinta-feira,16:50:00,PB,101,33,RIO TINTO,Condutor Dormindo,Colisão com objeto,Com Vítimas Feridas,Pleno dia,Decrescente,Céu Claro,Dupla,Reta,Não,2,0,1,0,0,1,1,2,"-6,77627801","-35,13350468",SPRF-PB,DEL01-PB,UOP04-DEL01-PB
400908.0,2021-12-10,sexta-feira,18:30:00,PB,101,85,BAYEUX,Trafegar com motocicleta (ou similar) entre as faixas,Colisão lateral mesmo sentido,Com Vítimas Feridas,Plena Noite,Decrescente,Céu Claro,Dupla,Reta,Sim,4,0,0,2,1,2,2,4,"-7,14538184","-34,91662887",SPRF-PB,DEL01-PB,UOP01-DEL01-PB
401756.0,2021-12-14,terça-feira,18:20:00,PB,230,"153,6",CAMPINA GRANDE,Ausência de reação do condutor,Colisão traseira,Com Vítimas Feridas,Plena Noite,Decrescente,Chuva,Simples,Reta,Não,2,0,0,1,0,1,1,2,"-7,2763","-35,8887",SPRF-PB,DEL02-PB,UOP01-DEL02-PB
401777.0,2021-12-14,terça-feira,18:00:00,PB,230,270,SANTA LUZIA,Manobra de mudança de faixa,Colisão frontal,Com Vítimas Feridas,Plena Noite,Decrescente,Céu Claro,Simples,Reta,Não,4,0,2,0,2,0,2,2,"-6,9668","-36,785",SPRF-PB,DEL03-PB,UOP01-DEL03-PB
401833.0,2021-12-15,quarta-feira,06:15:00,PB,230,276,SANTA LUZIA,Velocidade Incompatível,Tombamento,Com Vítimas Feridas,Amanhecer,Crescente,Sol,Simples,Curva;Declive,Não,1,0,0,1,0,0,1,1,"-6,9575","-36,8317",SPRF-PB,DEL03-PB,UOP01-DEL03-PB
401911.0,2021-12-15,quarta-feira,16:50:00,PB,101,"43,5",MAMANGUAPE,Ausência de reação do condutor,Colisão traseira,Com Vítimas Feridas,Pleno dia,Crescente,Céu Claro,Dupla,Aclive;Reta,Não,3,0,0,1,1,3,1,5,"-6,865561","-35,133374",SPRF-PB,DEL01-PB,UOP04-DEL01-PB
402215.0,2021-12-17,sexta-feira,07:00:00,PB,230,"26,5",JOAO PESSOA,Reação tardia ou ineficiente do condutor,Colisão traseira,Com Vítimas Feridas,Pleno dia,Decrescente,Céu Claro,Dupla,Reta,Sim,3,0,2,0,1,0,2,2,"-7,1693","-34,8782",SPRF-PB,DEL01-PB,UOP01-DEL01-PB
402243.0,2021-12-17,sexta-feira,09:20:00,PB,230,281,SANTA LUZIA,Velocidade Incompatível,Colisão com objeto,Sem Vítimas,Pleno dia,Crescente,Céu Claro,Simples,Curva;Declive,Não,2,0,0,0,1,2,0,3,"-6,9305","-36,8516",SPRF-PB,DEL03-PB,UOP01-DEL03-PB
402424.0,2021-12-17,sexta-feira,23:10:00,PB,230,"372,7",CONDADO,Transitar na contramão,Colisão frontal,Com Vítimas Fatais,Plena Noite,Crescente,Céu Claro,Simples,Reta,Não,3,1,0,0,1,1,0,3,"-6,9082","-37,5675",SPRF-PB,DEL03-PB,UOP02-DEL03-PB
402507.0,2021-12-18,sábado,08:45:00,PB,101,"119,2",PEDRAS DE FOGO,Velocidade Incompatível,Derramamento de carga,Sem Vítimas,Pleno dia,Decrescente,Sol,Dupla,Curva,Não,1,0,0,0,1,0,0,1,"-7,42897814","-34,96672977",SPRF-PB,DEL01-PB,UOP02-DEL01-PB
402714.0,2021-12-19,domingo,04:10:00,PB,230,471,SOUSA,Transitar na contramão,Colisão frontal,Com Vítimas Feridas,Plena Noite,Decrescente,Céu Claro,Simples,Reta,Não,3,0,1,1,0,1,2,2,"-6,7943","-38,2918",SPRF-PB,DEL03-PB,UOP03-DEL03-PB
402806.0,2021-12-19,domingo,14:55:00,PB,230,86,CALDAS BRANDAO,Condutor Dormindo,Colisão lateral mesmo sentido,Com Vítimas Feridas,Pleno dia,Decrescente,Céu Claro,Dupla,Reta,Não,2,0,1,0,0,1,1,2,"-7,1663","-35,36",SPRF-PB,DEL01-PB,UOP03-DEL01-PB
402811.0,2021-12-19,domingo,15:25:00,PB,101,83,BAYEUX,Ausência de reação do condutor,Colisão traseira,Sem Vítimas,Pleno dia,Decrescente,Sol,Dupla,Reta,Sim,2,0,0,0,2,0,0,2,"-7,13603932","-34,92695234",SPRF-PB,DEL01-PB,UOP01-DEL01-PB
403029.0,2021-12-20,segunda-feira,12:15:00,PB,101,"18,8",MAMANGUAPE,Entrada inopinada do pedestre,Atropelamento de Pedestre,Com Vítimas Feridas,Pleno dia,Decrescente,Céu Claro,Dupla,Reta;Declive,Não,3,0,0,1,2,0,1,2,"-6,64727686","-35,1213365",SPRF-PB,DEL01-PB,UOP04-DEL01-PB
403290.0,2021-12-22,quarta-feira,06:15:00,PB,101,"51,8",RIO TINTO,Ausência de reação do condutor,Colisão traseira,Com Vítimas Feridas,Pleno dia,Crescente,Céu Claro,Dupla,Declive,Não,4,0,3,0,0,1,3,2,"-6,9371943","-35,1001591",SPRF-PB,DEL01-PB,UOP04-DEL01-PB
403325.0,2021-12-22,quarta-feira,10:10:00,PB,101,"14,8",MAMANGUAPE,Ausência de reação do condutor,Colisão traseira,Com Vítimas Feridas,Pleno dia,Decrescente,Céu Claro,Dupla,Reta,Não,3,0,0,2,0,1,2,3,"-6,61713815","-35,13803934",SPRF-PB,DEL01-PB,UOP04-DEL01-PB
403413.0,2021-12-22,quarta-feira,12:30:00,PB,110,"190,6",MONTEIRO,Ingestão de álcool pelo condutor,Tombamento,Com Vítimas Feridas,Pleno dia,Decrescente,Céu Claro,Simples,Curva,Não,1,0,1,0,0,0,1,1,"-7,93812711","-37,19152984",SPRF-PB,DEL02-PB,UOP02-DEL02-PB
404269.0,2021-12-27,segunda-feira,02:00:00,PB,101,100,ALHANDRA,Condutor Dormindo,Colisão com objeto,Sem Vítimas,Plena Noite,Crescente,Céu Claro,Dupla,Reta,Não,1,0,0,0,1,0,0,1,"-7,270621","-34,9376724",SPRF-PB,DEL01-PB,UOP02-DEL01-PB
405136.0,2021-12-31,sexta-feira,21:40:00,PB,230,29,JOAO PESSOA,Manobra de mudança de faixa,Colisão lateral mesmo sentido,Sem Vítimas,Plena Noite,Crescente,Céu Claro,Dupla,Reta,Sim,4,0,0,0,3,1,0,4,"-7,15819612","-34,90642782",SPRF-PB,DEL01-PB,UOP01-DEL01-PB
407249.0,2021-12-09,quinta-feira,14:30:00,PB,230,"18,8",JOAO PESSOA,Demais falhas mecânicas ou elétricas,Saída de leito carroçável,Sem Vítimas,Pleno dia,Crescente,Céu Claro,Dupla,Reta,Sim,2,0,0,0,2,0,0,1,"-7,1285835","-34,84831095",SPRF-PB,DEL01-PB,UOP01-DEL01-PB
407707.0,2021-08-09,segunda-feira,19:25:00,PB,230,"54,9",CRUZ DO ESPIRITO SANTO,Ausência de reação do condutor,Colisão traseira,Com Vítimas Feridas,Plena Noite,Decrescente,Chuva,Dupla,Reta,Não,3,0,2,0,0,1,2,2,"-7,2007","-35,0854",SPRF-PB,DEL01-PB,UOP03-DEL01-PB
410163.0,2021-12-20,segunda-feira,08:10:00,PB,101,83,BAYEUX,Condutor deixou de manter distância do veículo da frente,Colisão traseira,Com Vítimas Feridas,Pleno dia,Crescente,Sol,Dupla,Viaduto;Reta,Sim,2,0,0,1,1,0,1,2,"-7,1317207","-34,93214484",SPRF-PB,DEL01-PB,UOP01-DEL01-PB
410416.0,2021-12-01,quarta-feira,19:00:00,PB,101,"122,8",CAAPORA,Velocidade Incompatível,Tombamento,Com Vítimas Feridas,Plena Noite,Crescente,Céu Claro,Dupla,Reta,Não,3,0,0,1,1,1,1,2,"-7,45038197","-34,97994215",SPRF-PB,DEL01-PB,UOP02-DEL01-PB
449434.0,2021-09-30,quinta-feira,16:50:00,PB,104,"118,9",CAMPINA GRANDE,Condutor deixou de manter distância do veículo da frente,Colisão traseira,Com Vítimas Feridas,Plena Noite,Decrescente,Céu Claro,Simples,Reta,Não,2,0,0,1,1,0,1,2,"-7,19637839","-35,87571339",SPRF-PB,DEL02-PB,UOP04-DEL02-PB
460430.0,2021-11-01,segunda-feira,16:40:00,PB,230,1,CABEDELO,Acessar a via sem observar a presença dos outros veículos,Colisão transversal,Com Vítimas Feridas,Pleno dia,Decrescente,Céu Claro,Simples,Interseção de Vias,Sim,3,0,2,0,1,0,2,2,"-6,9753","-34,8318",SPRF-PB,DEL01-PB,UOP01-DEL01-PB
465667.0,2021-12-02,quinta-feira,14:50:00,PB,101,"88,4",JOAO PESSOA,Obstrução na via,Colisão traseira,Com Vítimas Feridas,Pleno dia,Decrescente,Céu Claro,Dupla,Declive,Sim,5,0,0,2,1,2,2,4,"-7,16887314","-34,89686843",SPRF-PB,DEL01-PB,UOP02-DEL01-PB
542847.0,2021-11-18,quinta-feira,13:30:00,PB,101,"5,4",MATARACA,Ausência de reação do condutor,Colisão traseira,Com Vítimas Feridas,Pleno dia,Crescente,Sol,Dupla,Reta,Não,4,0,0,1,1,2,1,2,"-6,54791705","-35,12227696",SPRF-PB,DEL01-PB,UOP04-DEL01-PB
337714.0,2021-01-31,domingo,09:50:00,PB,412,"143,3",MONTEIRO,Condutor deixou de manter distância do veículo da frente,Colisão traseira,Com Vítimas Feridas,Pleno dia,Decrescente,Sol,Simples,Reta,Não,3,0,2,0,0,1,2,3,"-7,885085","-37,105377",SPRF-PB,DEL02-PB,UOP02-DEL02-PB
364056.0,2021-06-14,segunda-feira,00:30:00,PB,230,"65,9",SAO MIGUEL DE TAIPU,Demais falhas mecânicas ou elétricas,Saída de leito carroçável,Sem Vítimas,Plena Noite,Decrescente,Céu Claro,Dupla,Declive,Não,2,0,0,0,0,2,0,2,"-7,1911","-35,1832",SPRF-PB,DEL01-PB,UOP03-DEL01-PB
339274.0,2021-02-07,domingo,18:45:00,PB,230,"211,1",SOLEDADE,Ingestão de álcool pelo condutor,Colisão lateral sentido oposto,Sem Vítimas,Plena Noite,Decrescente,Céu Claro,Simples,Reta,Não,3,0,0,0,2,1,0,3,"-7,0781","-36,332",SPRF-PB,DEL02-PB,UOP02-DEL02-PB
353577.0,2021-04-23,sexta-feira,23:30:00,PB,230,444,APARECIDA,Ingestão de álcool pelo condutor,Colisão frontal,Sem Vítimas,Plena Noite,Crescente,Céu Claro,Simples,Reta,Não,3,0,0,0,1,2,0,3,"-6,7818","-38,057",SPRF-PB,DEL03-PB,UOP02-DEL03-PB
355888.0,2021-04-19,segunda-feira,16:45:00,PB,361,"7,5",PATOS,Frear bruscamente,Colisão com objeto,Sem Vítimas,Anoitecer,Crescente,Céu Claro,Simples,Reta,Não,2,0,0,0,1,1,0,2,"-7,03750454","-37,3199449",SPRF-PB,DEL03-PB,UOP01-DEL03-PB
363728.0,2021-06-12,sábado,16:08:00,PB,0,0,CAMPINA GRANDE,Frear bruscamente,Colisão traseira,Sem Vítimas,Pleno dia,Não Informado,Céu Claro,Simples,Em Obras,Sim,5,0,0,0,2,3,0,3,"-7,29298","-35,887876",SPRF-PB,DEL02-PB,UOP03-DEL02-PB
366659.0,2021-06-26,sábado,19:50:00,PB,405,"11,6",UIRAUNA,Transitar na contramão,Colisão frontal,Com Vítimas Fatais,Plena Noite,Decrescente,Nublado,Simples,Reta,Não,4,2,0,0,0,2,0,3,"-6,545448","-38,413371",SPRF-PB,DEL03-PB,UOP03-DEL03-PB
370927.0,2021-07-16,sexta-feira,11:30:00,PB,361,6,PATOS,Acesso irregular,Colisão frontal,Com Vítimas Feridas,Pleno dia,Crescente,Céu Claro,Simples,Reta,Sim,4,0,1,0,2,1,1,4,"-7,03594312","-37,31112598",SPRF-PB,DEL03-PB,UOP01-DEL03-PB
376443.0,2021-08-11,quarta-feira,11:05:00,PB,101,"108,7",ALHANDRA,Acumulo de água sobre o pavimento,Capotamento,Com Vítimas Feridas,Pleno dia,Crescente,Chuva,Dupla,Reta,Sim,2,0,1,0,0,1,1,2,"-7,33454898","-34,94758056",SPRF-PB,DEL01-PB,UOP02-DEL01-PB
381101.0,2021-09-03,sexta-feira,17:00:00,PB,230,"499,3",CAJAZEIRAS,Transitar na contramão,Colisão transversal,Sem Vítimas,Pleno dia,Crescente,Céu Claro,Simples,Curva,Não,4,0,0,0,3,1,0,3,"-6,8995","-38,499",SPRF-PB,DEL03-PB,UOP03-DEL03-PB
331982.0,2021-01-02,sábado,09:45:00,PB,230,"85,7",CALDAS BRANDAO,Condutor Dormindo,Colisão traseira,Com Vítimas Fatais,Pleno dia,Decrescente,Céu Claro,Dupla,Reta,Não,4,1,1,1,0,1,2,3,"-7,16849907","-35,37027419",SPRF-PB,DEL01-PB,UOP03-DEL01-PB
332092.0,2021-01-02,sábado,19:10:00,PB,101,53,SANTA RITA,Ausência de reação do condutor,Queda de ocupante de veículo,Com Vítimas Feridas,Plena Noite,Decrescente,Céu Claro,Dupla,Declive,Não,1,0,1,0,0,0,1,1,"-6,94606786","-35,09493776",SPRF-PB,DEL01-PB,UOP04-DEL01-PB
332097.0,2021-01-02,sábado,19:00:00,PB,104,93,ESPERANCA,Ingestão de álcool pelo condutor,Saída de leito carroçável,Sem Vítimas,Plena Noite,Crescente,Céu Claro,Simples,Curva;Aclive,Não,1,0,0,0,1,0,0,1,"-6,99505412","-35,83569282",SPRF-PB,DEL02-PB,UOP04-DEL02-PB
332124.0,2021-01-02,sábado,22:30:00,PB,101,88,JOAO PESSOA,Velocidade Incompatível,Tombamento,Com Vítimas Feridas,Plena Noite,Crescente,Céu Claro,Dupla,Retorno Regulamentado,Sim,2,0,2,0,0,0,2,1,"-7,16470016","-34,89993643",SPRF-PB,DEL01-PB,UOP01-DEL01-PB
332243.0,2021-01-03,domingo,15:05:00,PB,230,86,GURINHEM,Demais falhas na via,Capotamento,Com Vítimas Feridas,Pleno dia,Decrescente,Céu Claro,Dupla,Reta,Não,1,0,1,0,0,0,1,1,"-7,1663","-35,36",SPRF-PB,DEL01-PB,UOP03-DEL01-PB
332303.0,2021-01-03,domingo,13:30:00,PB,104,"58,3",BARRA DE SANTA ROSA,Velocidade Incompatível,Saída de leito carroçável,Com Vítimas Feridas,Pleno dia,Decrescente,Céu Claro,Simples,Curva,Não,1,0,1,0,0,0,1,1,"-6,796458","-35,958821",SPRF-PB,DEL02-PB,UOP04-DEL02-PB
332474.0,2021-01-04,segunda-feira,16:45:00,PB,101,"73,3",SANTA RITA,Manobra de mudança de faixa,Colisão com objeto,Com Vítimas Feridas,Pleno dia,Crescente,Céu Claro,Dupla,Reta,Não,4,0,3,1,0,0,4,1,"-7,07828212","-34,98823508",SPRF-PB,DEL01-PB,UOP04-DEL01-PB
332535.0,2021-01-05,terça-feira,06:45:00,PB,230,28,JOAO PESSOA,Mal súbito do condutor,Tombamento,Com Vítimas Feridas,Pleno dia,Decrescente,Sol,Dupla,Viaduto,Não,1,0,1,0,0,0,1,1,"-7,1651","-34,8941",SPRF-PB,DEL01-PB,UOP01-DEL01-PB
332569.0,2021-01-05,terça-feira,10:30:00,PB,101,89,JOAO PESSOA,Manobra de mudança de faixa,Colisão traseira,Com Vítimas Feridas,Pleno dia,Decrescente,Céu Claro,Dupla,Rotatória,Sim,2,0,0,1,1,0,1,2,"-7,1710694","-34,89765372",SPRF-PB,DEL01-PB,UOP02-DEL01-PB
332652.0,2021-01-05,terça-feira,16:15:00,PB,104,152,QUEIMADAS,Transitar no acostamento,Colisão com objeto,Com Vítimas Feridas,Pleno dia,Crescente,Céu Claro,Simples,Declive,Não,2,0,2,0,0,0,2,1,"-7,47287281","-35,93140315",SPRF-PB,DEL02-PB,UOP03-DEL02-PB
332755.0,2021-01-06,quarta-feira,12:15:00,PB,230,1,CABEDELO,Transitar no acostamento,Colisão transversal,Sem Vítimas,Pleno dia,Decrescente,Céu Claro,Simples,Reta,Sim,2,0,0,0,1,1,0,2,"-6,9753","-34,8318",SPRF-PB,DEL01-PB,UOP01-DEL01-PB
332798.0,2021-01-06,quarta-feira,17:00:00,PB,230,"175,9",CAMPINA GRANDE,Reação tardia ou ineficiente do condutor,Saída de leito carroçável,Com Vítimas Feridas,Pleno dia,Crescente,Céu Claro,Simples,Declive,Não,1,0,0,1,0,0,1,1,"-7,1775","-36,0247",SPRF-PB,DEL02-PB,UOP02-DEL02-PB
332840.0,2021-01-06,quarta-feira,19:10:00,PB,104,"137,8",QUEIMADAS,Transitar na contramão,Colisão frontal,Com Vítimas Feridas,Plena Noite,Crescente,Céu Claro,Simples,Reta,Não,2,0,0,1,1,0,1,2,"-7,352277","-35,90094",SPRF-PB,DEL02-PB,UOP03-DEL02-PB
332848.0,2021-01-06,quarta-feira,19:30:00,PB,230,357,PATOS,Animais na Pista,Atropelamento de Animal,Com Vítimas Feridas,Plena Noite,Decrescente,Céu Claro,Simples,Reta,Não,2,0,2,0,0,0,2,1,"-6,9216","-37,4362",SPRF-PB,DEL03-PB,UOP02-DEL03-PB
332900.0,2021-01-07,quinta-feira,11:00:00,PB,101,"48,3",RIO TINTO,Demais falhas mecânicas ou elétricas,Saída de leito carroçável,Com Vítimas Fatais,Pleno dia,Decrescente,Céu Claro,Dupla,Reta,Não,1,1,0,0,0,0,0,1,"-6,90679485","-35,11705672",SPRF-PB,DEL01-PB,UOP04-DEL01-PB