id,data_inversa,dia_semana,horario,uf,br,km,municipio,causa_acidente,tipo_acidente,classificacao_acidente,fase_dia,sentido_via,condicao_metereologica,tipo_pista,tracado_via,uso_solo,pessoas,mortos,feridos_leves,feridos_graves,ilesos,ignorados,feridos,veiculos,latitude,longitude,regional,delegacia,uop
333008.0,2021-01-07,quinta-feira,21:10:00,PB,230,"335,3",PATOS,Área urbana sem a presença de local apropriado para a travessia de pedestres,Atropelamento de Pedestre,Com Vítimas Fatais,Plena Noite,Crescente,Céu Claro,Simples,Reta,Não,3,1,0,0,0,2,0,2,"-7,0128","-37,2644",SPRF-PB,DEL03-PB,UOP01-DEL03-PB
333012.0,2021-01-07,quinta-feira,19:20:00,PB,230,"163,2",CAMPINA GRANDE,Acessar a via sem observar a presença dos outros veículos,Colisão transversal,Com Vítimas Feridas,Plena Noite,Decrescente,Céu Claro,Simples,Reta,Sim,2,0,1,0,1,0,1,2,"-7,2198","-35,9443",SPRF-PB,DEL02-PB,UOP01-DEL02-PB
333017.0,2021-01-07,quinta-feira,21:38:00,PB,230,"24,2",JOAO PESSOA,Entrada inopinada do pedestre,Atropelamento de Pedestre,Com Vítimas Fatais,Plena Noite,Crescente,Céu Claro,Dupla,Curva,Sim,3,1,0,0,1,1,0,3,"-7,1637","-34,8618",SPRF-PB,DEL01-PB,UOP01-DEL01-PB
333031.0,2021-01-07,quinta-feira,19:30:00,PB,104,86,REMIGIO,Ingestão de álcool pelo condutor,Colisão frontal,Com Vítimas Feridas,Plena Noite,Decrescente,Céu Claro,Simples,Reta;Aclive,Não,3,0,1,0,1,1,1,3,"-6,95944503","-35,80474009",SPRF-PB,DEL02-PB,UOP04-DEL02-PB
333110.0,2021-01-08,sexta-feira,12:00:00,PB,104,"179,1",ALCANTIL,Condutor Dormindo,Capotamento,Com Vítimas Feridas,Pleno dia,Crescente,Céu Claro,Simples,Curva,Não,1,0,1,0,0,0,1,1,"-7,631788","-36,079616",SPRF-PB,DEL02-PB,UOP03-DEL02-PB
333288.0,2021-01-09,sábado,10:00:00,PB,101,"19,9",MAMANGUAPE,Manobra de mudança de faixa,Colisão lateral mesmo sentido,Com Vítimas Feridas,Pleno dia,Decrescente,Céu Claro,Dupla,Curva;Declive,Não,4,0,1,1,1,1,2,3,"-6,65604609","-35,11912427",SPRF-PB,DEL01-PB,UOP04-DEL01-PB
333310.0,2021-01-09,sábado,12:30:00,PB,230,"13,6",CABEDELO,Reação tardia ou ineficiente do condutor,Colisão traseira,Com Vítimas Feridas,Pleno dia,Decrescente,Céu Claro,Dupla,Reta,Sim,4,0,2,0,2,0,2,3,"-7,0772","-34,8494",SPRF-PB,DEL01-PB,UOP01-DEL01-PB
333321.0,2021-01-09,sábado,13:00:00,PB,230,4,CABEDELO,Acessar a via sem observar a presença dos outros veículos,Colisão transversal,Com Vítimas Feridas,Pleno dia,Crescente,Céu Claro,Simples,Interseção de Vias,Sim,2,0,1,0,1,0,1,2,"-7,0004","-34,8284",SPRF-PB,DEL01-PB,UOP01-DEL01-PB
333363.0,2021-01-09,sábado,17:30:00,PB,230,8,CABEDELO,Reação tardia ou ineficiente do condutor,Atropelamento de Pedestre,Com Vítimas Feridas,Anoitecer,Decrescente,Céu Claro,Dupla,Reta,Não,3,0,0,1,0,2,1,3,"-7,0355","-34,8429",SPRF-PB,DEL01-PB,UOP01-DEL01-PB
333438.0,2021-01-09,sábado,21:40:00,PB,104,130,CAMPINA GRANDE,Ingestão de álcool pelo condutor,Saída de leito carroçável,Com Vítimas Feridas,Plena Noite,Crescente,Nublado,Simples,Curva,Sim,1,0,1,0,0,0,1,1,"-7,29013399","-35,89029705",SPRF-PB,DEL02-PB,UOP03-DEL02-PB
333453.0,2021-01-09,sábado,23:30:00,PB,230,505,CAJAZEIRAS,Animais na Pista,Atropelamento de Animal,Com Vítimas Fatais,Plena Noite,Crescente,Céu Claro,Simples,Reta,Sim,2,1,1,0,0,0,1,1,"-6,8995","-38,5494",SPRF-PB,DEL03-PB,UOP03-DEL03-PB
333497.0,2021-01-10,domingo,05:30:00,PB,230,8,CABEDELO,Velocidade Incompatível,Saída de leito carroçável,Sem Vítimas,Amanhecer,Crescente,Nublado,Dupla,Em Obras,Não,1,0,0,0,0,1,0,1,"-7,0339588","-34,84219735",SPRF-PB,DEL01-PB,UOP01-DEL01-PB
333590.0,2021-01-10,domingo,17:35:00,PB,230,"7,6",CABEDELO,Acesso irregular,Colisão transversal,Com Vítimas Feridas,Anoitecer,Crescente,Céu Claro,Dupla,Reta,Não,3,0,0,1,2,0,1,2,"-7,026","-34,8385",SPRF-PB,DEL01-PB,UOP01-DEL01-PB
333662.0,2021-01-10,domingo,21:00:00,PB,230,"5,6",CABEDELO,Condutor deixou de manter distância do veículo da frente,Colisão traseira,Com Vítimas Feridas,Plena Noite,Decrescente,Céu Claro,Dupla,Reta,Sim,2,0,1,0,1,0,1,2,"-7,00946755","-34,83088916",SPRF-PB,DEL01-PB,UOP01-DEL01-PB
333670.0,2021-01-10,domingo,21:30:00,PB,230,"70,7",SOBRADO,Obras na pista,Colisão com objeto,Com Vítimas Feridas,Plena Noite,Decrescente,Céu Claro,Dupla,Reta;Desvio Temporário;Em Obras,Não,1,0,0,1,0,0,1,1,"-7,191063","-35,239214",SPRF-PB,DEL01-PB,UOP03-DEL01-PB
333686.0,2021-01-10,domingo,23:00:00,PB,230,6,CABEDELO,Animais na Pista,Atropelamento de Animal,Sem Vítimas,Plena Noite,Crescente,Céu Claro,Dupla,Reta,Sim,1,0,0,0,1,0,0,1,"-7,02","-34,8359",SPRF-PB,DEL01-PB,UOP01-DEL01-PB
333721.0,2021-01-11,segunda-feira,04:00:00,PB,230,"215,8",SOLEDADE,Ingestão de álcool pelo condutor,Colisão com objeto,Com Vítimas Feridas,Amanhecer,Decrescente,Céu Claro,Dupla,Reta;Declive,Não,1,0,1,0,0,0,1,1,"-7,0577","-36,3629",SPRF-PB,DEL02-PB,UOP02-DEL02-PB
333814.0,2021-01-11,segunda-feira,08:00:00,PB,230,"14,5",CABEDELO,Entrada inopinada do pedestre,Colisão transversal,Com Vítimas Feridas,Pleno dia,Decrescente,Chuva,Dupla,Reta,Sim,1,0,0,1,0,0,1,1,"-7,0844","-34,8488",SPRF-PB,DEL01-PB,UOP01-DEL01-PB
333829.0,2021-01-11,segunda-feira,13:40:00,PB,230,"234,8",JUAZEIRINHO,Acessar a via sem observar a presença dos outros veículos,Colisão transversal,Com Vítimas Feridas,Pleno dia,Crescente,Céu Claro,Simples,Reta,Não,2,0,1,0,1,0,1,2,"-7,0416","-36,5166",SPRF-PB,DEL02-PB,UOP02-DEL02-PB
333836.0,2021-01-11,segunda-feira,13:40:00,PB,230,1,CABEDELO,Ultrapassagem Indevida,Colisão transversal,Sem Vítimas,Pleno dia,Decrescente,Nublado,Simples,Reta,Sim,2,0,0,0,1,1,0,2,"-6,9753","-34,8318",SPRF-PB,DEL01-PB,UOP01-DEL01-PB
334073.0,2021-01-12,terça-feira,19:00:00,PB,101,"98,5",ALHANDRA,Velocidade Incompatível,Tombamento,Com Vítimas Feridas,Plena Noite,Decrescente,Céu Claro,Dupla,Declive;Reta,Não,1,0,1,0,0,0,1,1,"-7,24692282","-34,93113937",SPRF-PB,DEL01-PB,UOP02-DEL01-PB
334090.0,2021-01-12,terça-feira,20:00:00,PB,230,25,JOAO PESSOA,Manobra de mudança de faixa,Colisão traseira,Com Vítimas Feridas,Plena Noite,Crescente,Céu Claro,Dupla,Curva,Sim,4,0,2,0,1,1,2,3,"-7,17048386","-34,86955404",SPRF-PB,DEL01-PB,UOP01-DEL01-PB
334460.0,2021-01-15,sexta-feira,02:50:00,PB,110,91,PATOS,Ingestão de álcool e/ou substâncias psicoativas pelo pedestre,Saída de leito carroçável,Sem Vítimas,Plena Noite,Crescente,Céu Claro,Simples,Reta,Sim,2,0,0,0,2,0,0,1,"-7,00675087","-37,29710298",SPRF-PB,DEL03-PB,UOP01-DEL03-PB
334598.0,2021-01-15,sexta-feira,15:30:00,PB,230,201,SOLEDADE,Condutor deixou de manter distância do veículo da frente,Colisão traseira,Sem Vítimas,Pleno dia,Decrescente,Sol,Simples,Reta,Não,3,0,0,0,3,0,0,3,"-7,1005","-36,2443",SPRF-PB,DEL02-PB,UOP02-DEL02-PB
334646.0,2021-01-15,sexta-feira,19:15:00,PB,101,52,SANTA RITA,Estacionar ou parar em local proibido,Colisão traseira,Sem Vítimas,Plena Noite,Crescente,Céu Claro,Dupla,Declive,Não,3,0,0,0,2,1,0,2,"-6,93821564","-35,09935736",SPRF-PB,DEL01-PB,UOP04-DEL01-PB
334657.0,2021-01-15,sexta-feira,19:50:00,PB,101,"115,8",CAAPORA,Velocidade Incompatível,Colisão com objeto,Sem Vítimas,Plena Noite,Crescente,Céu Claro,Dupla,Reta,Não,1,0,0,0,0,1,0,1,"-7,405261","-34,95492",SPRF-PB,DEL01-PB,UOP02-DEL01-PB
334661.0,2021-01-15,sexta-feira,20:10:00,PB,230,"159,9",CAMPINA GRANDE,Ingestão de álcool pelo condutor,Colisão traseira,Sem Vítimas,Plena Noite,Decrescente,Céu Claro,Simples,Reta,Sim,2,0,0,0,2,0,0,2,"-7,247481","-35,935733",SPRF-PB,DEL02-PB,UOP01-DEL02-PB
334903.0,2021-01-16,sábado,21:35:00,PB,230,8,CABEDELO,Ingestão de álcool pelo condutor,Colisão com objeto,Com Vítimas Feridas,Plena Noite,Crescente,Céu Claro,Dupla,Em Obras;Curva,Sim,2,0,2,0,0,0,2,1,"-7,04070382","-34,84538198",SPRF-PB,DEL01-PB,UOP01-DEL01-PB
335057.0,2021-01-17,domingo,19:15:00,PB,230,463,SOUSA,Acesso irregular,Queda de ocupante de veículo,Com Vítimas Feridas,Plena Noite,Decrescente,Céu Claro,Simples,Reta,Sim,1,0,1,0,0,0,1,1,"-6,7783","-38,2256",SPRF-PB,DEL03-PB,UOP03-DEL03-PB
335079.0,2021-01-17,domingo,20:20:00,PB,101,82,BAYEUX,Ingestão de álcool pelo condutor,Colisão lateral mesmo sentido,Sem Vítimas,Plena Noite,Crescente,Céu Claro,Dupla,Reta,Sim,3,0,0,0,2,1,0,2,"-7,12911","-34,93714",SPRF-PB,DEL01-PB,UOP01-DEL01-PB
335102.0,2021-01-17,domingo,23:45:00,PB,101,"61,2",SANTA RITA,Ingestão de álcool pelo condutor,Colisão traseira,Com Vítimas Feridas,Plena Noite,Decrescente,Nublado,Dupla,Reta,Não,3,0,0,1,2,0,1,2,"-7,00949401","-35,06072329",SPRF-PB,DEL01-PB,UOP04-DEL01-PB
335108.0,2021-01-18,segunda-feira,00:20:00,PB,230,"8,4",CABEDELO,Ausência de reação do condutor,Colisão com objeto,Com Vítimas Feridas,Plena Noite,Crescente,Céu Claro,Dupla,Desvio Temporário,Não,2,0,0,1,0,1,1,1,"-7,0355","-34,8429",SPRF-PB,DEL01-PB,UOP01-DEL01-PB
335245.0,2021-01-18,segunda-feira,15:20:00,PB,230,"15,1",JOAO PESSOA,Reação tardia ou ineficiente do condutor,Colisão traseira,Com Vítimas Feridas,Pleno dia,Crescente,Céu Claro,Dupla,Aclive;Reta,Sim,2,0,1,0,1,0,1,2,"-7,093","-34,8482",SPRF-PB,DEL01-PB,UOP01-DEL01-PB
335275.0,2021-01-17,domingo,08:00:00,PB,230,"239,2",JUAZEIRINHO,Manobra de mudança de faixa,Colisão frontal,Com Vítimas Fatais,Pleno dia,Crescente,Sol,Simples,Reta,Não,3,1,0,1,0,1,1,3,"-7,0595","-36,555",SPRF-PB,DEL02-PB,UOP02-DEL02-PB
335343.0,2021-01-19,terça-feira,05:00:00,PB,230,"419,2",POMBAL,Ultrapassagem Indevida,Colisão frontal,Com Vítimas Feridas,Pleno dia,Crescente,Céu Claro,Simples,Reta,Não,2,0,1,0,1,0,1,2,"-6,7179","-37,8467",SPRF-PB,DEL03-PB,UOP02-DEL03-PB
335406.0,2021-01-11,segunda-feira,10:42:00,PB,101,"66,3",SANTA RITA,Acumulo de água sobre o pavimento,Saída de leito carroçável,Com Vítimas Fatais,Pleno dia,Crescente,Chuva,Dupla,Reta,Não,2,1,1,0,0,0,1,1,"-7,04802898","-35,04348899",SPRF-PB,DEL01-PB,UOP04-DEL01-PB
335414.0,2021-01-19,terça-feira,16:30:00,PB,230,23,JOAO PESSOA,Condutor deixou de manter distância do veículo da frente,Colisão traseira,Com Vítimas Feridas,Pleno dia,Decrescente,Céu Claro,Dupla,Viaduto,Sim,3,0,2,0,1,0,2,2,"-7,1562","-34,8574",SPRF-PB,DEL01-PB,UOP01-DEL01-PB
335451.0,2021-01-19,terça-feira,18:30:00,PB,405,"29,9",SAO JOAO DO RIO DO PEIXE,Condutor Dormindo,Colisão com objeto,Com Vítimas Feridas,Plena Noite,Decrescente,Nublado,Simples,Declive,Não,1,0,1,0,0,0,1,1,"-6,692524","-38,447159",SPRF-PB,DEL03-PB,UOP03-DEL03-PB
335459.0,2021-01-19,terça-feira,21:45:00,PB,230,"35,8",SANTA RITA,Pista Escorregadia,Tombamento,Com Vítimas Feridas,Plena Noite,Crescente,Céu Claro,Dupla,Curva,Não,1,0,1,0,0,0,1,1,"-7,12362781","-34,94566441",SPRF-PB,DEL01-PB,UOP03-DEL01-PB
335508.0,2021-01-20,quarta-feira,08:30:00,PB,230,49,CRUZ DO ESPIRITO SANTO,Condutor Dormindo,Capotamento,Com Vítimas Feridas,Pleno dia,Decrescente,Céu Claro,Dupla,Reta,Não,1,0,1,0,0,0,1,1,"-7,188173","-35,059487",SPRF-PB,DEL01-PB,UOP03-DEL01-PB
335682.0,2021-01-21,quinta-feira,05:20:00,PB,101,"105,9",ALHANDRA,Avarias e/ou desgaste excessivo no pneu,Capotamento,Com Vítimas Feridas,Pleno dia,Crescente,Nublado,Dupla,Curva,Não,1,0,1,0,0,0,1,1,"-7,31642501","-34,94666379",SPRF-PB,DEL01-PB,UOP02-DEL01-PB
335687.0,2021-01-21,quinta-feira,05:40:00,PB,230,"21,8",JOAO PESSOA,Condutor Dormindo,Colisão com objeto,Com Vítimas Feridas,Pleno dia,Decrescente,Céu Claro,Dupla,Reta,Não,1,0,0,1,0,0,1,1,"-7,1415","-34,8519",SPRF-PB,DEL01-PB,UOP01-DEL01-PB
335721.0,2021-01-10,domingo,19:30:00,PB,230,22,JOAO PESSOA,Reação tardia ou ineficiente do condutor,Eventos atípicos,Com Vítimas Feridas,Plena Noite,Crescente,Céu Claro,Dupla,Reta,Sim,2,0,1,0,0,1,1,1,"-7,1495","-34,8517",SPRF-PB,DEL01-PB,UOP01-DEL01-PB
335752.0,2021-01-21,quinta-feira,13:30:00,PB,230,"158,7",CAMPINA GRANDE,Acessar a via sem observar a presença dos outros veículos,Colisão transversal,Com Vítimas Feridas,Pleno dia,Crescente,Céu Claro,Simples,Reta,Sim,2,0,1,1,0,0,2,2,"-7,2582","-35,9267",SPRF-PB,DEL02-PB,UOP01-DEL02-PB
335789.0,2021-01-21,quinta-feira,18:20:00,PB,104,130,CAMPINA GRANDE,Acessar a via sem observar a presença dos outros veículos,Colisão lateral,Com Vítimas Feridas,Plena Noite,Decrescente,Céu Claro,Simples,Retorno Regulamentado;Reta,Não,2,0,1,0,1,0,1,2,"-7,29013399","-35,89029705",SPRF-PB,DEL02-PB,UOP03-DEL02-PB
335944.0,2021-01-22,sexta-feira,13:35:00,PB,230,480,MARIZOPOLIS,Acessar a via sem observar a presença dos outros veículos,Colisão transversal,Com Vítimas Feridas,Pleno dia,Decrescente,Nublado,Simples,Reta,Não,5,0,1,3,0,1,4,2,"-6,8436","-38,3416",SPRF-PB,DEL03-PB,UOP03-DEL03-PB
336012.0,2021-01-22,sexta-feira,22:00:00,PB,361,"36,8",CATINGUEIRA,Ingestão de álcool pelo condutor,Saída de leito carroçável,Com Vítimas Feridas,Plena Noite,Crescente,Céu Claro,Simples,Reta,Não,1,0,1,0,0,0,1,1,"-7,09077111","-37,56284298",SPRF-PB,DEL03-PB,UOP01-DEL03-PB
336031.0,2021-01-23,sábado,03:20:00,PB,230,"14,9",CABEDELO,Transitar na contramão,Colisão frontal,Com Vítimas Feridas,Plena Noite,Crescente,Céu Claro,Dupla,Reta;Viaduto,Sim,4,0,0,4,0,0,4,2,"-7,0844","-34,8488",SPRF-PB,DEL01-PB,UOP01-DEL01-PB
336055.0,2021-01-23,sábado,08:10:00,PB,230,"23,4",JOAO PESSOA,Ausência de reação do condutor,Colisão traseira,Com Vítimas Feridas,Pleno dia,Decrescente,Céu Claro,Dupla,Aclive,Não,2,0,0,1,1,0,1,2,"-7,1637","-34,8618",SPRF-PB,DEL01-PB,UOP01-DEL01-PB
336086.0,2021-01-23,sábado,09:00:00,PB,101,59,SANTA RITA,Velocidade Incompatível,Saída de leito carroçável,Com Vítimas Feridas,Pleno dia,Crescente,Chuva,Simples,Declive,Não,1,0,1,0,0,0,1,1,"-6,99738892","-35,06706747",SPRF-PB,DEL01-PB,UOP04-DEL01-PB
336139.0,2021-01-23,sábado,15:55:00,PB,230,85,GURINHEM,Afundamento ou ondulação no pavimento,Saída de leito carroçável,Com Vítimas Feridas,Pleno dia,Decrescente,Céu Claro,Dupla,Reta,Sim,2,0,2,0,0,0,2,1,"-7,1652","-35,3534",SPRF-PB,DEL01-PB,UOP03-DEL01-PB
336172.0,2021-01-23,sábado,18:50:00,PB,230,"8,7",CABEDELO,Desrespeitar a preferência no cruzamento,Colisão traseira,Com Vítimas Feridas,Plena Noite,Crescente,Céu Claro,Simples,Interseção de Vias,Sim,3,0,1,0,2,0,1,2,"-7,0355","-34,8429",SPRF-PB,DEL01-PB,UOP01-DEL01-PB
336181.0,2021-01-23,sábado,20:00:00,PB,230,"77,8",RIACHAO DO POCO,Velocidade Incompatível,Saída de leito carroçável,Sem Vítimas,Plena Noite,Decrescente,Céu Claro,Dupla,Curva,Não,1,0,0,0,0,1,0,1,"-7,1849","-35,2955",SPRF-PB,DEL01-PB,UOP03-DEL01-PB
336231.0,2021-01-24,domingo,01:20:00,PB,230,"18,3",JOAO PESSOA,Velocidade Incompatível,Saída de leito carroçável,Com Vítimas Feridas,Plena Noite,Crescente,Nublado,Dupla,Curva,Sim,1,0,1,0,0,0,1,1,"-7,1198","-34,8453",SPRF-PB,DEL01-PB,UOP01-DEL01-PB
336342.0,2021-01-24,domingo,16:45:00,PB,101,"3,5",MATARACA,Manobra de mudança de faixa,Colisão lateral,Sem Vítimas,Pleno dia,Crescente,Céu Claro,Dupla,Reta,Sim,2,0,0,0,2,0,0,2,"-6,53182311","-35,11546245",SPRF-PB,DEL01-PB,UOP04-DEL01-PB
336391.0,2021-01-24,domingo,18:30:00,PB,230,"504,7",CAJAZEIRAS,Transitar na contramão,Colisão frontal,Com Vítimas Feridas,Pleno dia,Decrescente,Céu Claro,Simples,Reta,Não,2,0,1,0,1,0,1,2,"-6,902","-38,56",SPRF-PB,DEL03-PB,UOP03-DEL03-PB
336397.0,2021-01-24,domingo,20:50:00,PB,230,69,SOBRADO,Ingestão de álcool pelo condutor,Colisão traseira,Sem Vítimas,Plena Noite,Crescente,Céu Claro,Dupla,Reta,Não,4,0,0,0,4,0,0,2,"-7,1887","-35,2151",SPRF-PB,DEL01-PB,UOP03-DEL01-PB
336413.0,2021-01-05,terça-feira,01:00:00,PB,116,"3,6",CACHOEIRA DOS INDIOS,Pista Escorregadia,Capotamento,Com Vítimas Feridas,Plena Noite,Crescente,Nublado,Simples,Curva,Não,3,0,2,0,1,0,2,1,"-6,923013","-38,728088",SPRF-CE,DEL05-CE,UOP03-DEL05-CE
336433.0,2021-01-24,domingo,23:00:00,PB,361,5,PATOS,Acessar a via sem observar a presença dos outros veículos,Colisão transversal,Com Vítimas Feridas,Plena Noite,Crescente,Céu Claro,Simples,Reta,Sim,3,0,2,0,1,0,2,2,"-7,0342983","-37,30232718",SPRF-PB,DEL03-PB,UOP01-DEL03-PB
336510.0,2021-01-25,segunda-feira,10:45:00,PB,101,94,CONDE,Velocidade Incompatível,Colisão com objeto,Com Vítimas Feridas,Pleno dia,Decrescente,Céu Claro,Dupla,Curva,Não,5,0,3,0,2,0,3,2,"-7,21483297","-34,9117521",SPRF-PB,DEL01-PB,UOP02-DEL01-PB
336562.0,2021-01-25,segunda-feira,15:50:00,PB,101,88,JOAO PESSOA,Reação tardia ou ineficiente do condutor,Colisão traseira,Com Vítimas Feridas,Pleno dia,Decrescente,Céu Claro,Dupla,Reta,Sim,3,0,1,1,0,1,2,2,"-7,16470016","-34,89993643",SPRF-PB,DEL01-PB,UOP01-DEL01-PB
336593.0,2021-01-25,segunda-feira,15:00:00,PB,230,"154,2",CAMPINA GRANDE,Velocidade Incompatível,Colisão traseira,Sem Vítimas,Pleno dia,Decrescente,Nublado,Simples,Reta,Sim,2,0,0,0,1,1,0,2,"-7,278623","-35,895469",SPRF-PB,DEL02-PB,UOP01-DEL02-PB
336622.0,2021-01-25,segunda-feira,17:50:00,PB,230,"165,1",CAMPINA GRANDE,Acessar a via sem observar a presença dos outros veículos,Colisão transversal,Com Vítimas Feridas,Anoitecer,Crescente,Céu Claro,Simples,Curva,Não,3,0,0,2,1,0,2,2,"-7,2051","-35,951",SPRF-PB,DEL02-PB,UOP01-DEL02-PB
336754.0,2021-01-26,terça-feira,16:15:00,PB,230,"23,5",JOAO PESSOA,Manobra de mudança de faixa,Colisão traseira,Com Vítimas Feridas,Pleno dia,Decrescente,Sol,Dupla,Viaduto;Reta;Declive,Sim,2,0,1,0,0,1,1,2,"-7,1637","-34,8618",SPRF-PB,DEL01-PB,UOP01-DEL01-PB
336849.0,2021-01-27,quarta-feira,07:30:00,PB,101,"95,9",CONDE,Avarias e/ou desgaste excessivo no pneu,Tombamento,Com Vítimas Feridas,Pleno dia,Crescente,Sol,Dupla,Aclive,Não,2,0,1,1,0,0,2,1,"-7,22379403","-34,91488195",SPRF-PB,DEL01-PB,UOP02-DEL01-PB
336903.0,2021-01-27,quarta-feira,14:00:00,PB,230,"156,2",CAMPINA GRANDE,Acessar a via sem observar a presença dos outros veículos,Colisão transversal,Com Vítimas Feridas,Pleno dia,Decrescente,Chuva,Simples,Reta,Sim,3,0,1,1,1,0,2,2,"-7,2693","-35,9138",SPRF-PB,DEL02-PB,UOP01-DEL02-PB
336946.0,2021-01-15,sexta-feira,16:40:00,PB,230,"156,8",CAMPINA GRANDE,Desrespeitar a preferência no cruzamento,Colisão transversal,Com Vítimas Feridas,Pleno dia,Decrescente,Sol,Simples,Interseção de Vias;Reta,Sim,2,0,1,0,1,0,1,2,"-7,2693","-35,9138",SPRF-PB,DEL02-PB,UOP01-DEL02-PB
336972.0,2021-01-27,quarta-feira,22:15:00,PB,230,"191,3",POCINHOS,Animais na Pista,Atropelamento de Animal,Sem Vítimas,Plena Noite,Crescente,Céu Claro,Simples,Reta,Não,2,0,0,0,2,0,0,1,"-7,1331","-36,1616",SPRF-PB,DEL02-PB,UOP02-DEL02-PB
337002.0,2021-01-28,quinta-feira,07:00:00,PB,230,28,JOAO PESSOA,Mal súbito do condutor,Tombamento,Com Vítimas Feridas,Pleno dia,Crescente,Céu Claro,Dupla,Reta,Sim,2,0,1,0,1,0,1,2,"-7,1651","-34,8941",SPRF-PB,DEL01-PB,UOP01-DEL01-PB
337098.0,2021-01-28,quinta-feira,17:00:00,PB,230,10,CABEDELO,Condutor deixou de manter distância do veículo da frente,Colisão traseira,Com Vítimas Feridas,Anoitecer,Decrescente,Céu Claro,Dupla,Reta,Sim,3,0,1,0,2,0,1,2,"-7,0514","-34,8499",SPRF-PB,DEL01-PB,UOP01-DEL01-PB
337118.0,2021-01-28,quinta-feira,19:30:00,PB,361,"8,9",PATOS,Velocidade Incompatível,Saída de leito carroçável,Com Vítimas Feridas,Plena Noite,Decrescente,Nublado,Simples,Curva,Não,1,0,0,1,0,0,1,1,"-7,04130903","-37,32798299",SPRF-PB,DEL03-PB,UOP01-DEL03-PB
337160.0,2021-01-28,quinta-feira,23:50:00,PB,101,91,JOAO PESSOA,Animais na Pista,Atropelamento de Animal,Com Vítimas Feridas,Plena Noite,Decrescente,Céu Claro,Dupla,Reta,Sim,2,0,1,1,0,0,2,1,"-7,19375126","-34,90469723",SPRF-PB,DEL01-PB,UOP02-DEL01-PB
337167.0,2021-01-29,sexta-feira,01:20:00,PB,230,17,JOAO PESSOA,Ingestão de álcool pelo condutor,Saída de leito carroçável,Sem Vítimas,Plena Noite,Decrescente,Céu Claro,Dupla,Reta,Sim,1,0,0,0,0,1,0,1,"-7,1121","-34,8426",SPRF-PB,DEL01-PB,UOP01-DEL01-PB
337198.0,2021-01-29,sexta-feira,07:35:00,PB,101,"89,8",JOAO PESSOA,Manobra de mudança de faixa,Colisão lateral,Com Vítimas Feridas,Pleno dia,Decrescente,Sol,Dupla,Reta,Sim,3,0,1,0,1,1,1,2,"-7,1710694","-34,89765372",SPRF-PB,DEL01-PB,UOP02-DEL01-PB
337237.0,2021-01-29,sexta-feira,09:45:00,PB,412,107,SUME,Mal súbito do condutor,Colisão transversal,Com Vítimas Feridas,Pleno dia,Crescente,Céu Claro,Simples,Interseção de Vias,Sim,2,0,2,0,0,0,2,2,"-7,663134","-36,873344",SPRF-PB,DEL02-PB,UOP02-DEL02-PB
337444.0,2021-01-30,sábado,10:20:00,PB,230,"17,3",JOAO PESSOA,Reação tardia ou ineficiente do condutor,Colisão traseira,Com Vítimas Feridas,Pleno dia,Decrescente,Céu Claro,Dupla,Reta,Sim,3,0,2,0,1,0,2,2,"-7,1121","-34,8426",SPRF-PB,DEL01-PB,UOP01-DEL01-PB
337454.0,2021-01-30,sábado,11:25:00,PB,230,"17,7",JOAO PESSOA,Reação tardia ou ineficiente do condutor,Colisão traseira,Com Vítimas Feridas,Pleno dia,Decrescente,Céu Claro,Dupla,Reta,Sim,3,0,0,2,1,0,2,2,"-7,1281","-34,8466",SPRF-PB,DEL01-PB,UOP01-DEL01-PB
337480.0,2021-01-30,sábado,10:28:00,PB,230,"17,3",JOAO PESSOA,Condutor deixou de manter distância do veículo da frente,Colisão traseira,Sem Vítimas,Pleno dia,Decrescente,Céu Claro,Dupla,Interseção de Vias,Sim,3,0,0,0,3,0,0,3,"-7,1121","-34,8426",SPRF-PB,DEL01-PB,UOP01-DEL01-PB
337622.0,2021-01-31,domingo,01:15:00,PB,230,"176,5",POCINHOS,Transitar na contramão,Colisão frontal,Com Vítimas Fatais,Plena Noite,Crescente,Céu Claro,Simples,Reta,Não,3,1,0,0,2,0,0,2,"-7,1733","-36,0333",SPRF-PB,DEL02-PB,UOP02-DEL02-PB
337639.0,2021-01-31,domingo,02:30:00,PB,230,"22,1",JOAO PESSOA,Velocidade Incompatível,Colisão com objeto,Com Vítimas Fatais,Plena Noite,Decrescente,Céu Claro,Dupla,Reta,Sim,4,1,3,0,0,0,3,1,"-7,15306842","-34,85463023",SPRF-PB,DEL01-PB,UOP01-DEL01-PB
337682.0,2021-01-31,domingo,09:30:00,PB,230,"70,2",SOBRADO,Demais falhas na via,Capotamento,Com Vítimas Feridas,Pleno dia,Decrescente,Céu Claro,Simples,Reta,Sim,1,0,1,0,0,0,1,1,"-7,1919","-35,2261",SPRF-PB,DEL01-PB,UOP03-DEL01-PB
337811.0,2021-01-31,domingo,20:20:00,PB,104,"108,5",SAO SEBASTIAO DE LAGOA DE  ROCA,Transitar na contramão,Colisão lateral,Sem Vítimas,Plena Noite,Decrescente,Céu Claro,Simples,Reta,Não,2,0,0,0,1,1,0,2,"-7,111897","-35,867443",SPRF-PB,DEL02-PB,UOP04-DEL02-PB