id,data_inversa,dia_semana,horario,uf,br,km,municipio,causa_acidente,tipo_acidente,classificacao_acidente,fase_dia,sentido_via,condicao_metereologica,tipo_pista,tracado_via,uso_solo,pessoas,mortos,feridos_leves,feridos_graves,ilesos,ignorados,feridos,veiculos,latitude,longitude,regional,delegacia,uop
337857.0,2021-02-01,segunda-feira,01:30:00,PB,104,"118,2",LAGOA SECA,Ingestão de álcool pelo condutor,Capotamento,Com Vítimas Feridas,Plena Noite,Decrescente,Céu Claro,Simples,Aclive,Não,4,0,3,0,1,0,3,1,"-7,19637839","-35,87571339",SPRF-PB,DEL02-PB,UOP04-DEL02-PB
337870.0,2021-02-01,segunda-feira,05:50:00,PB,230,"35,1",SANTA RITA,Ausência de reação do condutor,Colisão traseira,Com Vítimas Feridas,Pleno dia,Decrescente,Sol,Dupla,Declive;Curva,Sim,3,0,1,0,1,1,1,2,"-7,1268","-34,9412",SPRF-PB,DEL01-PB,UOP01-DEL01-PB
337892.0,2021-02-01,segunda-feira,06:40:00,PB,230,289,SANTA LUZIA,Transitar na contramão,Colisão frontal,Com Vítimas Feridas,Pleno dia,Crescente,Céu Claro,Simples,Declive,Não,3,0,3,0,0,0,3,2,"-6,8816","-36,9002",SPRF-PB,DEL03-PB,UOP01-DEL03-PB
337956.0,2021-02-01,segunda-feira,14:30:00,PB,230,"36,8",JOAO PESSOA,Reação tardia ou ineficiente do condutor,Colisão com objeto,Com Vítimas Feridas,Pleno dia,Crescente,Céu Claro,Dupla,Reta,Sim,1,0,1,0,0,0,1,1,"-7,1246","-34,9473",SPRF-PB,DEL01-PB,UOP03-DEL01-PB
338004.0,2021-02-01,segunda-feira,20:15:00,PB,101,88,JOAO PESSOA,Pista esburacada,Tombamento,Com Vítimas Feridas,Plena Noite,Decrescente,Céu Claro,Simples,Interseção de Vias,Não,1,0,0,1,0,0,1,1,"-7,16470016","-34,89993643",SPRF-PB,DEL01-PB,UOP01-DEL01-PB
338081.0,2021-02-02,terça-feira,05:20:00,PB,230,28,JOAO PESSOA,Acumulo de óleo sobre o pavimento,Tombamento,Com Vítimas Feridas,Pleno dia,Crescente,Céu Claro,Dupla,Curva,Sim,2,0,2,0,0,0,2,1,"-7,1651","-34,8941",SPRF-PB,DEL01-PB,UOP01-DEL01-PB
338085.0,2021-02-02,terça-feira,05:00:00,PB,101,"60,8",SANTA RITA,Ausência de reação do condutor,Saída de leito carroçável,Com Vítimas Feridas,Amanhecer,Decrescente,Nublado,Dupla,Aclive,Não,1,0,0,1,0,0,1,1,"-7,00141407","-35,06459811",SPRF-PB,DEL01-PB,UOP04-DEL01-PB
338136.0,2021-02-02,terça-feira,12:35:00,PB,230,"157,2",CAMPINA GRANDE,Acessar a via sem observar a presença dos outros veículos,Colisão transversal,Com Vítimas Feridas,Pleno dia,Decrescente,Céu Claro,Simples,Reta,Sim,2,0,1,0,1,0,1,2,"-7,264","-35,9199",SPRF-PB,DEL02-PB,UOP01-DEL02-PB
338138.0,2021-02-02,terça-feira,13:00:00,PB,230,42,SANTA RITA,Problema na suspensão,Capotamento,Com Vítimas Feridas,Pleno dia,Decrescente,Céu Claro,Dupla,Reta,Não,4,0,4,0,0,0,4,1,"-7,1426","-34,9956",SPRF-PB,DEL01-PB,UOP03-DEL01-PB
338279.0,2021-02-03,quarta-feira,08:55:00,PB,230,"17,8",JOAO PESSOA,Acessar a via sem observar a presença dos outros veículos,Colisão transversal,Com Vítimas Feridas,Pleno dia,Crescente,Céu Claro,Dupla,Reta,Sim,2,0,0,1,1,0,1,2,"-7,1121","-34,8426",SPRF-PB,DEL01-PB,UOP01-DEL01-PB
338309.0,2021-02-03,quarta-feira,12:10:00,PB,230,8,CABEDELO,Acessar a via sem observar a presença dos outros veículos,Colisão transversal,Com Vítimas Feridas,Pleno dia,Decrescente,Céu Claro,Dupla,Em Obras,Sim,2,0,1,0,1,0,1,2,"-7,0355","-34,8429",SPRF-PB,DEL01-PB,UOP01-DEL01-PB
338355.0,2021-02-03,quarta-feira,12:40:00,PB,230,"236,1",JUAZEIRINHO,Reação tardia ou ineficiente do condutor,Saída de leito carroçável,Com Vítimas Feridas,Pleno dia,Decrescente,Céu Claro,Simples,Reta,Não,2,0,1,0,1,0,1,1,"-7,0495","-36,5348",SPRF-PB,DEL02-PB,UOP02-DEL02-PB
338446.0,2021-01-31,domingo,18:45:00,PB,230,"467,2",SOUSA,Acessar a via sem observar a presença dos outros veículos,Colisão transversal,Com Vítimas Feridas,Plena Noite,Decrescente,Nublado,Simples,Reta,Não,3,0,3,0,0,0,3,2,"-6,783728","-38,277157",SPRF-PB,DEL03-PB,UOP03-DEL03-PB
338471.0,2021-02-04,quinta-feira,09:15:00,PB,230,24,JOAO PESSOA,Manobra de mudança de faixa,Colisão transversal,Com Vítimas Feridas,Pleno dia,Decrescente,Nublado,Dupla,Reta,Sim,4,0,0,1,2,1,1,4,"-7,1637","-34,8618",SPRF-PB,DEL01-PB,UOP01-DEL01-PB
338533.0,2021-02-04,quinta-feira,15:55:00,PB,101,89,JOAO PESSOA,Acessar a via sem observar a presença dos outros veículos,Colisão transversal,Com Vítimas Feridas,Pleno dia,Decrescente,Céu Claro,Dupla,Reta,Sim,2,0,1,0,1,0,1,2,"-7,1710694","-34,89765372",SPRF-PB,DEL01-PB,UOP02-DEL01-PB
338541.0,2021-02-04,quinta-feira,15:00:00,PB,230,"22,6",JOAO PESSOA,Condutor deixou de manter distância do veículo da frente,Colisão traseira,Com Vítimas Feridas,Pleno dia,Crescente,Sol,Dupla,Reta,Sim,2,0,0,1,1,0,1,2,"-7,1495","-34,8517",SPRF-PB,DEL01-PB,UOP01-DEL01-PB
338562.0,2021-02-04,quinta-feira,17:05:00,PB,230,"36,2",SANTA RITA,Demais falhas na via,Tombamento,Com Vítimas Feridas,Pleno dia,Crescente,Céu Claro,Dupla,Curva,Sim,1,0,1,0,0,0,1,1,"-7,1246","-34,9473",SPRF-PB,DEL01-PB,UOP03-DEL01-PB
338586.0,2021-02-04,quinta-feira,18:10:00,PB,104,"115,8",LAGOA SECA,Reação tardia ou ineficiente do condutor,Queda de ocupante de veículo,Com Vítimas Feridas,Plena Noite,Decrescente,Céu Claro,Simples,Reta,Não,1,0,1,0,0,0,1,1,"-7,172018","-35,85983397",SPRF-PB,DEL02-PB,UOP04-DEL02-PB
338660.0,2021-02-05,sexta-feira,09:00:00,PB,101,"58,2",SANTA RITA,Manobra de mudança de faixa,Colisão lateral,Com Vítimas Feridas,Pleno dia,Decrescente,Céu Claro,Múltipla,Reta,Não,3,0,2,0,1,0,2,2,"-6,98564991","-35,07334684",SPRF-PB,DEL01-PB,UOP04-DEL01-PB
338747.0,2021-02-05,sexta-feira,17:10:00,PB,101,"102,9",ALHANDRA,Manobra de mudança de faixa,Colisão lateral,Com Vítimas Feridas,Pleno dia,Crescente,Céu Claro,Dupla,Reta,Não,5,0,1,0,4,0,1,2,"-7,28265304","-34,9393864",SPRF-PB,DEL01-PB,UOP02-DEL01-PB
338752.0,2021-02-05,sexta-feira,16:45:00,PB,230,13,CABEDELO,Reação tardia ou ineficiente do condutor,Colisão lateral,Com Vítimas Feridas,Pleno dia,Decrescente,Céu Claro,Dupla,Reta,Sim,2,0,1,0,1,0,1,2,"-7,0772","-34,8494",SPRF-PB,DEL01-PB,UOP01-DEL01-PB
338771.0,2021-02-05,sexta-feira,18:28:00,PB,101,92,JOAO PESSOA,Animais na Pista,Atropelamento de Animal,Com Vítimas Feridas,Plena Noite,Decrescente,Céu Claro,Dupla,Reta,Sim,2,0,1,1,0,0,2,1,"-7,19683829","-34,90588313",SPRF-PB,DEL01-PB,UOP02-DEL01-PB
338793.0,2021-02-05,sexta-feira,21:10:00,PB,104,116,LAGOA SECA,Transitar na contramão,Colisão frontal,Com Vítimas Feridas,Plena Noite,Decrescente,Céu Claro,Simples,Curva,Não,2,0,0,2,0,0,2,2,"-7,18022102","-35,86480593",SPRF-PB,DEL02-PB,UOP04-DEL02-PB
338826.0,2021-02-05,sexta-feira,20:20:00,PB,101,"99,5",CONDE,Ausência de reação do condutor,Saída de leito carroçável,Sem Vítimas,Plena Noite,Crescente,Céu Claro,Dupla,Retorno Regulamentado,Não,1,0,0,0,0,1,0,1,"-7,26129728","-34,93611574",SPRF-PB,DEL01-PB,UOP02-DEL01-PB
338864.0,2021-02-06,sábado,07:00:00,PB,230,22,JOAO PESSOA,Trafegar com motocicleta (ou similar) entre as faixas,Queda de ocupante de veículo,Com Vítimas Feridas,Pleno dia,Decrescente,Céu Claro,Dupla,Reta,Sim,1,0,1,0,0,0,1,1,"-7,1495","-34,8517",SPRF-PB,DEL01-PB,UOP01-DEL01-PB
338915.0,2021-02-06,sábado,11:30:00,PB,101,"71,7",SANTA RITA,Ultrapassagem Indevida,Saída de leito carroçável,Com Vítimas Feridas,Pleno dia,Crescente,Sol,Dupla,Reta;Aclive,Não,4,0,1,0,3,0,1,2,"-7,06838278","-35,0033079",SPRF-PB,DEL01-PB,UOP04-DEL01-PB
338986.0,2021-02-06,sábado,15:45:00,PB,361,12,SANTA TERESINHA,Ingestão de álcool pelo condutor,Colisão frontal,Sem Vítimas,Pleno dia,Decrescente,Sol,Simples,Reta,Não,2,0,0,0,2,0,0,2,"-7,04324794","-37,36327601",SPRF-PB,DEL03-PB,UOP01-DEL03-PB
339039.0,2021-02-06,sábado,20:45:00,PB,230,"49,6",CRUZ DO ESPIRITO SANTO,Ingestão de álcool pelo condutor,Saída de leito carroçável,Com Vítimas Feridas,Plena Noite,Decrescente,Céu Claro,Dupla,Reta,Não,1,0,1,0,0,0,1,1,"-7,1803","-35,0485",SPRF-PB,DEL01-PB,UOP03-DEL01-PB
339079.0,2021-02-06,sábado,22:50:00,PB,230,"157,2",CAMPINA GRANDE,Entrada inopinada do pedestre,Atropelamento de Pedestre,Com Vítimas Feridas,Pleno dia,Crescente,Céu Claro,Simples,Reta,Não,3,0,1,2,0,0,3,2,"-7,2648","-35,9189",SPRF-PB,DEL02-PB,UOP01-DEL02-PB
339209.0,2021-02-07,domingo,13:00:00,PB,230,9,CABEDELO,Ausência de reação do condutor,Colisão com objeto,Sem Vítimas,Pleno dia,Crescente,Céu Claro,Dupla,Reta,Sim,1,0,0,0,1,0,0,1,"-7,0433","-34,8466",SPRF-PB,DEL01-PB,UOP01-DEL01-PB
339346.0,2021-02-08,segunda-feira,02:00:00,PB,230,"61,7",CRUZ DO ESPIRITO SANTO,Condutor Dormindo,Saída de leito carroçável,Com Vítimas Feridas,Plena Noite,Decrescente,Céu Claro,Dupla,Reta;Aclive,Não,1,0,0,1,0,0,1,1,"-7,20056543","-35,16122818",SPRF-PB,DEL01-PB,UOP03-DEL01-PB
339379.0,2021-02-07,domingo,20:00:00,PB,405,6,UIRAUNA,Ausência de reação do condutor,Saída de leito carroçável,Sem Vítimas,Plena Noite,Crescente,Céu Claro,Simples,Reta,Não,1,0,0,0,0,1,0,1,"-6,502092","-38,401814",SPRF-PB,DEL03-PB,UOP03-DEL03-PB
339550.0,2021-02-09,terça-feira,06:10:00,PB,230,"41,3",SANTA RITA,Ingestão de álcool ou de substâncias psicoativas pelo pedestre,Atropelamento de Pedestre,Com Vítimas Fatais,Pleno dia,Crescente,Céu Claro,Dupla,Curva,Sim,3,1,0,0,0,2,0,2,"-7,14190715","-34,99408901",SPRF-PB,DEL01-PB,UOP03-DEL01-PB
339576.0,2021-02-09,terça-feira,10:25:00,PB,230,12,CABEDELO,Acumulo de óleo sobre o pavimento,Tombamento,Com Vítimas Feridas,Pleno dia,Crescente,Sol,Dupla,Curva,Sim,2,0,0,1,1,0,1,1,"-7,07302449","-34,84974861",SPRF-PB,DEL01-PB,UOP01-DEL01-PB
339810.0,2021-02-10,quarta-feira,07:30:00,PB,412,40,SAO JOAO DO CARIRI,Demais falhas mecânicas ou elétricas,Colisão frontal,Com Vítimas Feridas,Pleno dia,Crescente,Céu Claro,Simples,Reta,Não,4,0,1,3,0,0,4,2,"-7,32829","-36,403881",SPRF-PB,DEL02-PB,UOP02-DEL02-PB
339918.0,2021-02-10,quarta-feira,23:50:00,PB,230,"32,3",BAYEUX,Condutor Dormindo,Colisão com objeto,Sem Vítimas,Plena Noite,Crescente,Céu Claro,Dupla,Reta,Sim,1,0,0,0,1,0,0,1,"-7,143","-34,9192",SPRF-PB,DEL01-PB,UOP01-DEL01-PB
339937.0,2021-02-11,quinta-feira,07:20:00,PB,230,23,JOAO PESSOA,Condutor deixou de manter distância do veículo da frente,Colisão traseira,Sem Vítimas,Pleno dia,Decrescente,Sol,Dupla,Reta,Sim,3,0,0,0,3,0,0,3,"-7,1562","-34,8574",SPRF-PB,DEL01-PB,UOP01-DEL01-PB
340058.0,2021-02-11,quinta-feira,18:00:00,PB,230,8,CABEDELO,Animais na Pista,Atropelamento de Animal,Com Vítimas Feridas,Anoitecer,Crescente,Céu Claro,Dupla,Reta,Sim,1,0,1,0,0,0,1,1,"-7,0355","-34,8429",SPRF-PB,DEL01-PB,UOP01-DEL01-PB
340145.0,2021-02-12,sexta-feira,08:05:00,PB,101,85,BAYEUX,Trafegar com motocicleta (ou similar) entre as faixas,Colisão traseira,Com Vítimas Feridas,Pleno dia,Crescente,Nublado,Dupla,Reta,Sim,2,0,0,1,0,1,1,2,"-7,14122584","-34,92135471",SPRF-PB,DEL01-PB,UOP01-DEL01-PB
340156.0,2021-01-28,quinta-feira,17:00:00,PB,101,"53,5",SANTA RITA,Velocidade Incompatível,Colisão lateral mesmo sentido,Sem Vítimas,Pleno dia,Crescente,Céu Claro,Dupla,Aclive,Não,2,0,0,0,1,1,0,2,"-6,94606786","-35,09493776",SPRF-PB,DEL01-PB,UOP04-DEL01-PB
340228.0,2021-02-12,sexta-feira,16:00:00,PB,230,22,JOAO PESSOA,Ausência de reação do condutor,Colisão traseira,Sem Vítimas,Pleno dia,Crescente,Sol,Dupla,Reta,Sim,2,0,0,0,2,0,0,2,"-7,1495","-34,8517",SPRF-PB,DEL01-PB,UOP01-DEL01-PB
340231.0,2021-02-12,sexta-feira,15:50:00,PB,230,22,JOAO PESSOA,Manobra de mudança de faixa,Queda de ocupante de veículo,Com Vítimas Feridas,Pleno dia,Decrescente,Céu Claro,Dupla,Reta,Sim,2,0,2,0,0,0,2,1,"-7,1495","-34,8517",SPRF-PB,DEL01-PB,UOP01-DEL01-PB
340296.0,2021-02-12,sexta-feira,20:08:00,PB,230,10,CABEDELO,Condutor deixou de manter distância do veículo da frente,Colisão traseira,Com Vítimas Feridas,Plena Noite,Decrescente,Chuva,Dupla,Reta,Sim,2,0,1,0,1,0,1,2,"-7,0514","-34,8499",SPRF-PB,DEL01-PB,UOP01-DEL01-PB
340474.0,2021-02-13,sábado,14:15:00,PB,230,"124,9",RIACHAO DO BACAMARTE,Chuva,Colisão com objeto,Com Vítimas Feridas,Pleno dia,Decrescente,Chuva,Simples,Reta,Não,6,0,2,1,3,0,3,1,"-7,2465","-35,6751",SPRF-PB,DEL02-PB,UOP01-DEL02-PB
340513.0,2021-02-13,sábado,17:15:00,PB,101,"87,1",JOAO PESSOA,Entrada inopinada do pedestre,Atropelamento de Pedestre,Com Vítimas Fatais,Anoitecer,Crescente,Céu Claro,Dupla,Reta,Sim,2,1,0,0,1,0,0,2,"-7,15886802","-34,90628504",SPRF-PB,DEL01-PB,UOP01-DEL01-PB
340568.0,2021-02-13,sábado,19:45:00,PB,104,"130,8",CAMPINA GRANDE,Conversão proibida,Colisão frontal,Com Vítimas Feridas,Plena Noite,Decrescente,Céu Claro,Simples,Reta,Sim,1,0,0,1,0,0,1,1,"-7,30787596","-35,89344027",SPRF-PB,DEL02-PB,UOP03-DEL02-PB
340624.0,2021-02-13,sábado,15:50:00,PB,230,105,INGA,Chuva,Saída de leito carroçável,Com Vítimas Feridas,Pleno dia,Crescente,Garoa/Chuvisco,Dupla,Curva,Não,3,0,1,0,2,0,1,1,"-7,2075","-35,5248",SPRF-PB,DEL01-PB,UOP03-DEL01-PB
340664.0,2021-02-14,domingo,12:15:00,PB,101,"87,3",JOAO PESSOA,Reação tardia ou ineficiente do condutor,Colisão com objeto,Sem Vítimas,Pleno dia,Decrescente,Sol,Dupla,Aclive;Reta,Sim,1,0,0,0,0,1,0,1,"-7,15886802","-34,90628504",SPRF-PB,DEL01-PB,UOP01-DEL01-PB
340706.0,2021-02-14,domingo,16:40:00,PB,101,"91,5",JOAO PESSOA,Manobra de mudança de faixa,Colisão lateral,Com Vítimas Feridas,Pleno dia,Decrescente,Céu Claro,Dupla,Reta,Não,3,0,2,0,1,0,2,2,"-7,18826412","-34,90308264",SPRF-PB,DEL01-PB,UOP02-DEL01-PB
340736.0,2021-02-14,domingo,17:36:00,PB,101,85,BAYEUX,Velocidade Incompatível,Colisão com objeto,Sem Vítimas,Anoitecer,Decrescente,Céu Claro,Dupla,Retorno Regulamentado,Não,2,0,0,0,2,0,0,1,"-7,14538184","-34,91662887",SPRF-PB,DEL01-PB,UOP01-DEL01-PB
340757.0,2021-02-14,domingo,17:00:00,PB,230,"395,8",POMBAL,Frear bruscamente,Colisão traseira,Com Vítimas Feridas,Pleno dia,Crescente,Garoa/Chuvisco,Simples,Reta,Não,6,0,1,0,5,0,1,2,"-6,8608","-37,7386",SPRF-PB,DEL03-PB,UOP02-DEL03-PB
340767.0,2021-02-14,domingo,18:40:00,PB,230,206,SOLEDADE,Ingestão de álcool pelo condutor,Colisão traseira,Sem Vítimas,Plena Noite,Decrescente,Céu Claro,Simples,Reta,Não,4,0,0,0,1,3,0,2,"-7,09","-36,2887",SPRF-PB,DEL02-PB,UOP02-DEL02-PB
340774.0,2021-02-14,domingo,18:30:00,PB,104,132,QUEIMADAS,Reação tardia ou ineficiente do condutor,Queda de ocupante de veículo,Com Vítimas Feridas,Plena Noite,Decrescente,Céu Claro,Simples,Reta,Sim,1,0,0,1,0,0,1,1,"-7,30787596","-35,89344027",SPRF-PB,DEL02-PB,UOP03-DEL02-PB
340783.0,2021-02-14,domingo,21:30:00,PB,230,1,CABEDELO,Ingestão de álcool pelo condutor,Saída de leito carroçável,Com Vítimas Feridas,Plena Noite,Decrescente,Céu Claro,Simples,Reta,Sim,2,0,2,0,0,0,2,1,"-6,9753","-34,8318",SPRF-PB,DEL01-PB,UOP01-DEL01-PB
340818.0,2021-02-15,segunda-feira,00:30:00,PB,230,8,CABEDELO,Ingestão de álcool pelo condutor,Colisão com objeto,Com Vítimas Feridas,Plena Noite,Crescente,Céu Claro,Dupla,Desvio Temporário;Em Obras,Sim,1,0,1,0,0,0,1,1,"-7,03870733","-34,84462023",SPRF-PB,DEL01-PB,UOP01-DEL01-PB
340846.0,2021-02-15,segunda-feira,06:00:00,PB,230,"36,4",SANTA RITA,Ingestão de álcool pelo condutor,Atropelamento de Pedestre,Com Vítimas Feridas,Pleno dia,Decrescente,Céu Claro,Dupla,Reta,Sim,4,0,1,0,2,1,1,2,"-7,1246","-34,9473",SPRF-PB,DEL01-PB,UOP03-DEL01-PB
340860.0,2021-02-15,segunda-feira,07:45:00,PB,101,82,BAYEUX,Condutor deixou de manter distância do veículo da frente,Colisão traseira,Com Vítimas Feridas,Pleno dia,Crescente,Chuva,Dupla,Viaduto;Aclive;Reta,Sim,6,0,1,0,5,0,1,2,"-7,12911","-34,93714",SPRF-PB,DEL01-PB,UOP01-DEL01-PB
340976.0,2021-02-15,segunda-feira,21:20:00,PB,230,462,SOUSA,Ausência de reação do condutor,Colisão com objeto,Com Vítimas Fatais,Plena Noite,Decrescente,Céu Claro,Simples,Rotatória,Sim,1,1,0,0,0,0,0,1,"-6,7768","-38,215",SPRF-PB,DEL03-PB,UOP03-DEL03-PB
341023.0,2021-02-15,segunda-feira,21:45:00,PB,230,"236,8",JUAZEIRINHO,Pedestre andava na pista,Atropelamento de Pedestre,Com Vítimas Fatais,Plena Noite,Decrescente,Céu Claro,Simples,Reta,Não,2,1,0,0,0,1,0,2,"-7,0495","-36,5348",SPRF-PB,DEL02-PB,UOP02-DEL02-PB
341047.0,2021-02-16,terça-feira,08:50:00,PB,104,"115,8",LAGOA SECA,Ausência de reação do condutor,Saída de leito carroçável,Com Vítimas Feridas,Pleno dia,Decrescente,Céu Claro,Simples,Curva,Sim,1,0,1,0,0,0,1,1,"-7,172018","-35,85983397",SPRF-PB,DEL02-PB,UOP04-DEL02-PB
341071.0,2021-02-16,terça-feira,09:00:00,PB,104,"130,8",CAMPINA GRANDE,Ausência de reação do condutor,Colisão traseira,Com Vítimas Feridas,Pleno dia,Decrescente,Céu Claro,Simples,Reta,Sim,2,0,0,1,0,1,1,2,"-7,29900408","-35,89187256",SPRF-PB,DEL02-PB,UOP03-DEL02-PB
341094.0,2021-02-16,terça-feira,16:30:00,PB,101,86,BAYEUX,Reação tardia ou ineficiente do condutor,Colisão com objeto,Sem Vítimas,Pleno dia,Decrescente,Nublado,Dupla,Viaduto,Sim,1,0,0,0,0,1,0,1,"-7,14994451","-34,91172021",SPRF-PB,DEL01-PB,UOP01-DEL01-PB
341154.0,2021-02-16,terça-feira,21:30:00,PB,101,29,MAMANGUAPE,Ingestão de álcool pelo condutor,Colisão com objeto,Com Vítimas Feridas,Plena Noite,Crescente,Nublado,Dupla,Interseção de Vias,Não,2,0,1,0,1,0,1,1,"-6,74032319","-35,13146581",SPRF-PB,DEL01-PB,UOP04-DEL01-PB
341366.0,2021-02-18,quinta-feira,08:30:00,PB,230,"21,8",JOAO PESSOA,Manobra de mudança de faixa,Colisão lateral mesmo sentido,Com Vítimas Feridas,Pleno dia,Decrescente,Céu Claro,Dupla,Reta,Sim,3,0,2,0,0,1,2,2,"-7,1415","-34,8519",SPRF-PB,DEL01-PB,UOP01-DEL01-PB
341424.0,2021-02-18,quinta-feira,14:30:00,PB,101,82,BAYEUX,Ausência de reação do condutor,Colisão traseira,Com Vítimas Feridas,Pleno dia,Crescente,Céu Claro,Dupla,Reta,Sim,2,0,1,0,1,0,1,2,"-7,12911","-34,93714",SPRF-PB,DEL01-PB,UOP01-DEL01-PB
341544.0,2021-02-19,sexta-feira,04:35:00,PB,230,"16,7",JOAO PESSOA,Transitar na contramão,Colisão frontal,Com Vítimas Fatais,Amanhecer,Decrescente,Céu Claro,Dupla,Reta,Sim,3,1,0,0,1,1,0,3,"-7,1039","-34,8458",SPRF-PB,DEL01-PB,UOP01-DEL01-PB
341603.0,2021-02-19,sexta-feira,09:45:00,PB,230,"132,9",MASSARANDUBA,Avarias e/ou desgaste excessivo no pneu,Saída de leito carroçável,Com Vítimas Feridas,Pleno dia,Crescente,Céu Claro,Dupla,Curva,Não,2,0,1,0,1,0,1,1,"-7,2774","-35,7367",SPRF-PB,DEL02-PB,UOP01-DEL02-PB
341680.0,2021-02-19,sexta-feira,16:15:00,PB,101,86,BAYEUX,Avarias e/ou desgaste excessivo no pneu,Queda de ocupante de veículo,Com Vítimas Feridas,Pleno dia,Decrescente,Céu Claro,Dupla,Declive,Sim,1,0,1,0,0,0,1,1,"-7,15118983","-34,91012184",SPRF-PB,DEL01-PB,UOP01-DEL01-PB
341715.0,2021-02-19,sexta-feira,19:15:00,PB,101,83,BAYEUX,Velocidade Incompatível,Saída de leito carroçável,Sem Vítimas,Plena Noite,Decrescente,Céu Claro,Dupla,Reta,Sim,2,0,0,0,1,1,0,1,"-7,1337703","-34,92963914",SPRF-PB,DEL01-PB,UOP01-DEL01-PB
341759.0,2021-02-19,sexta-feira,22:00:00,PB,230,8,CABEDELO,Ausência de reação do condutor,Colisão traseira,Sem Vítimas,Plena Noite,Decrescente,Céu Claro,Dupla,Reta,Sim,2,0,0,0,1,1,0,2,"-7,0355","-34,8429",SPRF-PB,DEL01-PB,UOP01-DEL01-PB
341795.0,2021-02-20,sábado,06:30:00,PB,104,"78,1",REMIGIO,Velocidade Incompatível,Saída de leito carroçável,Com Vítimas Feridas,Pleno dia,Decrescente,Céu Claro,Simples,Curva,Não,1,0,0,1,0,0,1,1,"-6,91407298","-35,85669499",SPRF-PB,DEL02-PB,UOP04-DEL02-PB
341797.0,2021-02-20,sábado,07:10:00,PB,230,"79,6",RIACHAO DO POCO,Conversão proibida,Colisão transversal,Com Vítimas Feridas,Pleno dia,Crescente,Céu Claro,Dupla,Desvio Temporário,Não,2,0,0,1,1,0,1,2,"-7,1828","-35,3041",SPRF-PB,DEL01-PB,UOP03-DEL01-PB
341894.0,2021-02-20,sábado,17:25:00,PB,101,86,JOAO PESSOA,Manobra de mudança de faixa,Queda de ocupante de veículo,Com Vítimas Feridas,Pleno dia,Crescente,Céu Claro,Dupla,Reta,Sim,2,0,1,0,1,0,1,2,"-7,157","-34,906",SPRF-PB,DEL01-PB,UOP01-DEL01-PB
341918.0,2021-02-20,sábado,19:40:00,PB,230,"26,7",JOAO PESSOA,Ingestão de álcool pelo condutor,Colisão com objeto,Com Vítimas Feridas,Plena Noite,Crescente,Céu Claro,Dupla,Reta,Sim,2,0,0,2,0,0,2,1,"-7,1677","-34,8855",SPRF-PB,DEL01-PB,UOP01-DEL01-PB
341934.0,2021-02-20,sábado,20:45:00,PB,230,12,CABEDELO,Ausência de reação do condutor,Tombamento,Com Vítimas Feridas,Plena Noite,Decrescente,Céu Claro,Simples,Reta,Sim,1,0,0,1,0,0,1,1,"-7,068","-34,85",SPRF-PB,DEL01-PB,UOP01-DEL01-PB
342021.0,2021-02-21,domingo,05:30:00,PB,101,"83,8",BAYEUX,Reação tardia ou ineficiente do condutor,Colisão com objeto,Com Vítimas Fatais,Pleno dia,Decrescente,Céu Claro,Dupla,Reta,Não,1,1,0,0,0,0,0,1,"-7,1337703","-34,92963914",SPRF-PB,DEL01-PB,UOP01-DEL01-PB
342073.0,2021-02-21,domingo,15:00:00,PB,361,77,PIANCO,Ingestão de álcool pelo condutor,Colisão com objeto,Com Vítimas Fatais,Pleno dia,Crescente,Sol,Simples,Reta,Não,1,1,0,0,0,0,0,1,"-7,18720074","-37,86857887",SPRF-PB,DEL03-PB,UOP01-DEL03-PB
342158.0,2021-02-21,domingo,21:35:00,PB,230,"215,6",SOLEDADE,Pedestre cruzava a pista fora da faixa,Queda de ocupante de veículo,Com Vítimas Feridas,Plena Noite,Crescente,Céu Claro,Simples,Reta,Sim,2,0,1,1,0,0,2,2,"-7,0577","-36,3629",SPRF-PB,DEL02-PB,UOP02-DEL02-PB
342177.0,2021-02-21,domingo,20:55:00,PB,104,129,CAMPINA GRANDE,Estacionar ou parar em local proibido,Colisão traseira,Sem Vítimas,Plena Noite,Crescente,Céu Claro,Dupla,Reta,Não,3,0,0,0,3,0,0,3,"-7,28120589","-35,88915693",SPRF-PB,DEL02-PB,UOP01-DEL02-PB
342246.0,2021-02-22,segunda-feira,09:50:00,PB,101,85,BAYEUX,Velocidade Incompatível,Saída de leito carroçável,Sem Vítimas,Pleno dia,Crescente,Céu Claro,Dupla,Retorno Regulamentado,Sim,1,0,0,0,1,0,0,1,"-7,14948093","-34,91197586",SPRF-PB,DEL01-PB,UOP01-DEL01-PB
342269.0,2021-02-22,segunda-feira,12:00:00,PB,101,97,CONDE,Condutor deixou de manter distância do veículo da frente,Colisão traseira,Com Vítimas Feridas,Pleno dia,Crescente,Céu Claro,Dupla,Reta,Não,3,0,1,1,0,1,2,2,"-7,23846306","-34,9268519",SPRF-PB,DEL01-PB,UOP02-DEL01-PB
342392.0,2021-02-23,terça-feira,05:30:00,PB,230,1,CABEDELO,Falta de elemento de contenção que evite a saída do leito carroçável,Saída de leito carroçável,Sem Vítimas,Amanhecer,Decrescente,Céu Claro,Simples,Reta,Sim,1,0,0,0,0,1,0,1,"-6,98129038","-34,83011669",SPRF-PB,DEL01-PB,UOP01-DEL01-PB