id,data_inversa,dia_semana,horario,uf,br,km,municipio,causa_acidente,tipo_acidente,classificacao_acidente,fase_dia,sentido_via,condicao_metereologica,tipo_pista,tracado_via,uso_solo,pessoas,mortos,feridos_leves,feridos_graves,ilesos,ignorados,feridos,veiculos,latitude,longitude,regional,delegacia,uop
342710.0,2021-02-24,quarta-feira,20:00:00,PB,101,"84,1",BAYEUX,Retorno proibido,Colisão traseira,Com Vítimas Feridas,Plena Noite,Decrescente,Céu Claro,Dupla,Reta,Sim,3,0,2,0,0,1,2,2,"-7,16143658","-34,91474759",SPRF-PB,DEL01-PB,UOP01-DEL01-PB
342736.0,2021-02-25,quinta-feira,03:00:00,PB,230,107,ALHANDRA,Reação tardia ou ineficiente do condutor,Colisão com objeto,Sem Vítimas,Amanhecer,Crescente,Céu Claro,Simples,Reta,Sim,1,0,0,0,1,0,0,1,"-7,3337928","-34,9476678",SPRF-PB,DEL01-PB,UOP03-DEL01-PB
342822.0,2021-02-25,quinta-feira,14:00:00,PB,101,71,SANTA RITA,Avarias e/ou desgaste excessivo no pneu,Colisão com objeto,Com Vítimas Feridas,Pleno dia,Decrescente,Chuva,Dupla,Reta,Não,2,0,2,0,0,0,2,1,"-7,06838278","-35,0033079",SPRF-PB,DEL01-PB,UOP04-DEL01-PB
342852.0,2021-02-25,quinta-feira,15:45:00,PB,230,8,CABEDELO,Pedestre andava na pista,Atropelamento de Pedestre,Com Vítimas Feridas,Pleno dia,Decrescente,Céu Claro,Dupla,Reta,Sim,3,0,0,1,1,1,1,2,"-7,0355","-34,8429",SPRF-PB,DEL01-PB,UOP01-DEL01-PB
342866.0,2021-02-25,quinta-feira,16:50:00,PB,104,"129,5",CAMPINA GRANDE,Manobra de mudança de faixa,Colisão lateral mesmo sentido,Com Vítimas Feridas,Pleno dia,Crescente,Céu Claro,Dupla,Rotatória,Sim,2,0,1,0,1,0,1,2,"-7,28120589","-35,88915693",SPRF-PB,DEL02-PB,UOP01-DEL02-PB
343007.0,2021-02-26,sexta-feira,11:10:00,PB,361,1,PATOS,Ingestão de álcool pelo condutor,Colisão traseira,Com Vítimas Feridas,Pleno dia,Decrescente,Céu Claro,Simples,Reta,Sim,2,0,1,0,1,0,1,2,"-7,02239904","-37,26888498",SPRF-PB,DEL03-PB,UOP01-DEL03-PB
343036.0,2021-02-26,sexta-feira,14:10:00,PB,101,105,ALHANDRA,Velocidade Incompatível,Colisão com objeto,Com Vítimas Feridas,Pleno dia,Crescente,Chuva,Dupla,Curva,Não,1,0,1,0,0,0,1,1,"-7,30814609","-34,94344185",SPRF-PB,DEL01-PB,UOP02-DEL01-PB
343060.0,2021-02-26,sexta-feira,14:30:00,PB,230,"447,1",APARECIDA,Chuva,Saída de leito carroçável,Com Vítimas Feridas,Pleno dia,Crescente,Chuva,Simples,Reta,Não,1,0,1,0,0,0,1,1,"-6,783883","-38,096152",SPRF-PB,DEL03-PB,UOP03-DEL03-PB
343068.0,2021-02-26,sexta-feira,16:30:00,PB,230,16,JOAO PESSOA,Ausência de reação do condutor,Colisão traseira,Sem Vítimas,Anoitecer,Decrescente,Nublado,Dupla,Reta,Sim,2,0,0,0,2,0,0,2,"-7,1039","-34,8458",SPRF-PB,DEL01-PB,UOP01-DEL01-PB
343154.0,2021-02-26,sexta-feira,19:40:00,PB,230,"471,4",SOUSA,Acumulo de água sobre o pavimento,Saída de leito carroçável,Com Vítimas Feridas,Plena Noite,Crescente,Chuva,Simples,Reta,Não,2,0,1,0,1,0,1,1,"-6,7943","-38,2918",SPRF-PB,DEL03-PB,UOP03-DEL03-PB
343186.0,2021-01-31,domingo,04:30:00,PB,101,86,JOAO PESSOA,Ausência de reação do condutor,Colisão traseira,Com Vítimas Feridas,Amanhecer,Crescente,Céu Claro,Dupla,Aclive,Sim,2,0,0,1,0,1,1,2,"-7,15386682","-34,90809923",SPRF-PB,DEL01-PB,UOP01-DEL01-PB
343214.0,2021-02-27,sábado,08:30:00,PB,101,"93,8",CONDE,Manobra de mudança de faixa,Colisão lateral mesmo sentido,Com Vítimas Feridas,Pleno dia,Crescente,Chuva,Dupla,Reta,Não,2,0,1,0,0,1,1,2,"-7,205825","-34,90879",SPRF-PB,DEL01-PB,UOP02-DEL01-PB
343382.0,2021-02-27,sábado,23:50:00,PB,230,"131,8",MASSARANDUBA,Ingestão de substâncias psicoativas pelo condutor,Saída de leito carroçável,Sem Vítimas,Plena Noite,Decrescente,Céu Claro,Dupla,Reta,Não,1,0,0,0,0,1,0,1,"-7,2746","-35,7269",SPRF-PB,DEL02-PB,UOP01-DEL02-PB
343387.0,2021-02-28,domingo,01:50:00,PB,101,"88,6",JOAO PESSOA,Avarias e/ou desgaste excessivo no pneu,Colisão com objeto,Sem Vítimas,Plena Noite,Crescente,Chuva,Dupla,Reta,Sim,1,0,0,0,0,1,0,1,"-7,17010064","-34,89745975",SPRF-PB,DEL01-PB,UOP02-DEL01-PB
343538.0,2021-02-28,domingo,20:30:00,PB,101,79,SANTA RITA,Reação tardia ou ineficiente do condutor,Colisão traseira,Com Vítimas Feridas,Plena Noite,Decrescente,Chuva,Simples,Aclive,Não,2,0,0,1,0,1,1,2,"-7,1147526","-34,95793891",SPRF-PB,DEL01-PB,UOP04-DEL01-PB
343603.0,2021-03-01,segunda-feira,06:28:00,PB,101,"105,7",ALHANDRA,Velocidade Incompatível,Colisão com objeto,Com Vítimas Feridas,Pleno dia,Crescente,Nublado,Dupla,Reta,Não,1,0,1,0,0,0,1,1,"-7,30814609","-34,94344185",SPRF-PB,DEL01-PB,UOP02-DEL01-PB
343660.0,2021-03-01,segunda-feira,13:00:00,PB,230,70,SOBRADO,Condutor deixou de manter distância do veículo da frente,Colisão traseira,Sem Vítimas,Pleno dia,Crescente,Chuva,Dupla,Reta,Não,2,0,0,0,2,0,0,2,"-7,19142017","-35,23254812",SPRF-PB,DEL01-PB,UOP03-DEL01-PB
343682.0,2021-03-01,segunda-feira,15:00:00,PB,230,23,JOAO PESSOA,Ausência de reação do condutor,Colisão traseira,Com Vítimas Feridas,Pleno dia,Crescente,Nublado,Dupla,Reta,Sim,2,0,1,0,1,0,1,2,"-7,1562","-34,8574",SPRF-PB,DEL01-PB,UOP01-DEL01-PB
343775.0,2021-02-10,quarta-feira,01:40:00,PB,101,"117,9",CAAPORA,Transitar na contramão,Colisão frontal,Com Vítimas Fatais,Plena Noite,Decrescente,Céu Claro,Dupla,Reta;Aclive,Não,3,1,0,0,2,0,0,2,"-7,41357983","-34,95743528",SPRF-PB,DEL01-PB,UOP02-DEL01-PB
343796.0,2021-03-02,terça-feira,08:00:00,PB,230,"17,2",JOAO PESSOA,Área urbana sem a presença de local apropriado para a travessia de pedestres,Atropelamento de Pedestre,Com Vítimas Fatais,Pleno dia,Decrescente,Céu Claro,Dupla,Curva,Sim,2,1,0,0,1,0,0,2,"-7,1121","-34,8426",SPRF-PB,DEL01-PB,UOP01-DEL01-PB
343886.0,2021-03-02,terça-feira,12:00:00,PB,230,"464,4",SOUSA,Ausência de reação do condutor,Colisão traseira,Com Vítimas Feridas,Pleno dia,Crescente,Céu Claro,Simples,Reta,Sim,3,0,1,1,0,1,2,2,"-6,78053472","-38,2506609",SPRF-PB,DEL03-PB,UOP03-DEL03-PB
344088.0,2021-03-03,quarta-feira,20:45:00,PB,427,37,POMBAL,Acessar a via sem observar a presença dos outros veículos,Colisão transversal,Com Vítimas Feridas,Plena Noite,Crescente,Nublado,Simples,Curva,Sim,3,0,2,0,1,0,2,2,"-6,76405124","-37,78910384",SPRF-PB,DEL03-PB,UOP02-DEL03-PB
344150.0,2021-03-04,quinta-feira,09:00:00,PB,230,"331,8",PATOS,Acessar a via sem observar a presença dos outros veículos,Colisão transversal,Sem Vítimas,Pleno dia,Decrescente,Céu Claro,Simples,Reta,Não,3,0,0,0,2,1,0,3,"-7,01925838","-37,22811699",SPRF-PB,DEL03-PB,UOP01-DEL03-PB
344213.0,2021-03-04,quinta-feira,14:15:00,PB,412,"33,3",BOA VISTA,Reação tardia ou ineficiente do condutor,Colisão com objeto,Com Vítimas Feridas,Pleno dia,Crescente,Garoa/Chuvisco,Simples,Aclive,Não,4,0,4,0,0,0,4,1,"-7,313395","-36,343227",SPRF-PB,DEL02-PB,UOP02-DEL02-PB
344235.0,2021-03-04,quinta-feira,17:45:00,PB,101,88,JOAO PESSOA,Reação tardia ou ineficiente do condutor,Colisão traseira,Com Vítimas Feridas,Anoitecer,Decrescente,Garoa/Chuvisco,Dupla,Reta,Sim,2,0,1,0,1,0,1,2,"-7,16470016","-34,89993643",SPRF-PB,DEL01-PB,UOP01-DEL01-PB
344281.0,2021-03-04,quinta-feira,20:00:00,PB,230,"88,2",GURINHEM,Ingestão de álcool pelo condutor,Saída de leito carroçável,Sem Vítimas,Plena Noite,Decrescente,Céu Claro,Dupla,Reta,Não,1,0,0,0,1,0,0,1,"-7,16944647","-35,37643254",SPRF-PB,DEL01-PB,UOP03-DEL01-PB
344287.0,2021-03-04,quinta-feira,21:30:00,PB,101,89,JOAO PESSOA,Desrespeitar a preferência no cruzamento,Colisão traseira,Sem Vítimas,Plena Noite,Crescente,Nublado,Dupla,Reta,Sim,2,0,0,0,2,0,0,2,"-7,1710694","-34,89765372",SPRF-PB,DEL01-PB,UOP02-DEL01-PB
344527.0,2021-03-05,sexta-feira,12:00:00,PB,230,39,SANTA RITA,Acesso irregular,Atropelamento de Pedestre,Com Vítimas Feridas,Pleno dia,Crescente,Céu Claro,Dupla,Reta,Sim,2,0,0,1,0,1,1,2,"-7,1381","-34,9707",SPRF-PB,DEL01-PB,UOP03-DEL01-PB
344535.0,2021-03-06,sábado,03:10:00,PB,101,88,JOAO PESSOA,Pedestre cruzava a pista fora da faixa,Atropelamento de Pedestre,Com Vítimas Feridas,Plena Noite,Decrescente,Céu Claro,Dupla,Interseção de Vias,Sim,2,0,0,1,1,0,1,2,"-7,16470016","-34,89993643",SPRF-PB,DEL01-PB,UOP01-DEL01-PB
344581.0,2021-03-06,sábado,09:50:00,PB,104,"97,8",ESPERANCA,Acessar a via sem observar a presença dos outros veículos,Colisão transversal,Com Vítimas Feridas,Pleno dia,Crescente,Céu Claro,Simples,Aclive,Sim,2,0,1,0,1,0,1,2,"-7,01994564","-35,85788662",SPRF-PB,DEL02-PB,UOP04-DEL02-PB
344632.0,2021-03-06,sábado,15:25:00,PB,230,92,GURINHEM,Condutor Dormindo,Saída de leito carroçável,Com Vítimas Feridas,Pleno dia,Decrescente,Céu Claro,Dupla,Reta;Declive,Não,2,0,1,0,1,0,1,1,"-7,176","-35,4098",SPRF-PB,DEL01-PB,UOP03-DEL01-PB
344695.0,2021-03-06,sábado,18:26:00,PB,104,"165,3",BARRA DE SANTANA,Deficiência do Sistema de Iluminação/Sinalização,Colisão traseira,Com Vítimas Fatais,Plena Noite,Crescente,Céu Claro,Simples,Reta,Não,2,1,0,0,1,0,0,2,"-7,55360703","-36,0089637",SPRF-PB,DEL02-PB,UOP03-DEL02-PB
344770.0,2021-03-07,domingo,02:00:00,PB,104,"102,5",SAO SEBASTIAO DE LAGOA DE  ROCA,Manobra de mudança de faixa,Colisão frontal,Com Vítimas Feridas,Pleno dia,Decrescente,Céu Claro,Simples,Reta,Não,2,0,2,0,0,0,2,2,"-7,06249","-35,85547",SPRF-PB,DEL02-PB,UOP04-DEL02-PB
344774.0,2021-03-07,domingo,02:30:00,PB,230,15,JOAO PESSOA,Velocidade Incompatível,Colisão com objeto,Com Vítimas Feridas,Plena Noite,Decrescente,Céu Claro,Dupla,Curva;Declive,Sim,1,0,1,0,0,0,1,1,"-7,093","-34,8482",SPRF-PB,DEL01-PB,UOP01-DEL01-PB
344790.0,2021-03-07,domingo,06:35:00,PB,230,54,CRUZ DO ESPIRITO SANTO,Condutor Dormindo,Saída de leito carroçável,Com Vítimas Feridas,Pleno dia,Decrescente,Céu Claro,Dupla,Reta,Não,2,0,2,0,0,0,2,1,"-7,2007","-35,0854",SPRF-PB,DEL01-PB,UOP03-DEL01-PB
344856.0,2021-03-07,domingo,14:35:00,PB,101,"104,5",ALHANDRA,Demais falhas mecânicas ou elétricas,Colisão com objeto,Com Vítimas Feridas,Pleno dia,Crescente,Céu Claro,Dupla,Reta;Aclive,Não,1,0,1,0,0,0,1,1,"-7,30029088","-34,93888622",SPRF-PB,DEL01-PB,UOP02-DEL01-PB
344860.0,2021-03-07,domingo,15:40:00,PB,230,23,JOAO PESSOA,Avarias e/ou desgaste excessivo no pneu,Tombamento,Com Vítimas Feridas,Pleno dia,Crescente,Céu Claro,Dupla,Reta,Sim,2,0,2,0,0,0,2,1,"-7,1562","-34,8574",SPRF-PB,DEL01-PB,UOP01-DEL01-PB
344963.0,2021-03-07,domingo,22:40:00,PB,104,"161,2",BARRA DE SANTANA,Animais na Pista,Atropelamento de Animal,Com Vítimas Feridas,Plena Noite,Crescente,Céu Claro,Simples,Reta,Não,1,0,1,0,0,0,1,1,"-7,52427984","-35,99274013",SPRF-PB,DEL02-PB,UOP03-DEL02-PB
344974.0,2021-03-08,segunda-feira,03:40:00,PB,230,6,CABEDELO,Ausência de sinalização,Atropelamento de Animal,Sem Vítimas,Amanhecer,Crescente,Céu Claro,Dupla,Viaduto;Reta,Não,1,0,0,0,0,1,0,1,"-7,02211315","-34,83683478",SPRF-PB,DEL01-PB,UOP01-DEL01-PB
345189.0,2021-03-09,terça-feira,08:00:00,PB,230,18,JOAO PESSOA,Ausência de reação do condutor,Engavetamento,Com Vítimas Feridas,Pleno dia,Decrescente,Céu Claro,Dupla,Reta,Não,5,0,1,0,4,0,1,5,"-7,1198","-34,8453",SPRF-PB,DEL01-PB,UOP01-DEL01-PB
345216.0,2021-03-09,terça-feira,10:00:00,PB,230,54,CRUZ DO ESPIRITO SANTO,Avarias e/ou desgaste excessivo no pneu,Saída de leito carroçável,Com Vítimas Feridas,Pleno dia,Crescente,Céu Claro,Dupla,Reta,Não,2,0,1,0,1,0,1,1,"-7,2007","-35,0854",SPRF-PB,DEL01-PB,UOP03-DEL01-PB
345352.0,2021-03-10,quarta-feira,00:10:00,PB,104,"132,4",QUEIMADAS,Animais na Pista,Colisão com objeto,Com Vítimas Feridas,Plena Noite,Crescente,Céu Claro,Simples,Reta,Sim,1,0,1,0,0,0,1,1,"-7,30787596","-35,89344027",SPRF-PB,DEL02-PB,UOP03-DEL02-PB
345354.0,2021-03-10,quarta-feira,01:30:00,PB,230,"162,2",CAMPINA GRANDE,Ausência de reação do condutor,Saída de leito carroçável,Com Vítimas Feridas,Plena Noite,Decrescente,Céu Claro,Simples,Curva,Não,1,0,0,1,0,0,1,1,"-7,229947","-35,943813",SPRF-PB,DEL02-PB,UOP01-DEL02-PB
345479.0,2021-02-25,quinta-feira,21:00:00,PB,101,89,JOAO PESSOA,Entrada inopinada do pedestre,Atropelamento de Pedestre,Com Vítimas Fatais,Plena Noite,Crescente,Céu Claro,Dupla,Reta,Sim,2,1,0,0,0,1,0,2,"-7,17441764","-34,89871686",SPRF-PB,DEL01-PB,UOP02-DEL01-PB
345501.0,2021-03-10,quarta-feira,18:15:00,PB,230,"158,7",CAMPINA GRANDE,Acessar a via sem observar a presença dos outros veículos,Colisão transversal,Com Vítimas Feridas,Plena Noite,Decrescente,Céu Claro,Simples,Reta,Sim,5,0,1,0,4,0,1,2,"-7,2582","-35,9267",SPRF-PB,DEL02-PB,UOP01-DEL02-PB
345514.0,2021-03-10,quarta-feira,18:50:00,PB,104,96,ESPERANCA,Animais na Pista,Atropelamento de Animal,Com Vítimas Feridas,Plena Noite,Decrescente,Vento,Simples,Declive,Sim,1,0,0,1,0,0,1,1,"-7,01186036","-35,85589407",SPRF-PB,DEL02-PB,UOP04-DEL02-PB
345649.0,2021-02-18,quinta-feira,08:50:00,PB,230,"438,7",APARECIDA,Transitar na contramão,Colisão frontal,Com Vítimas Feridas,Pleno dia,Decrescente,Nublado,Simples,Reta,Não,2,0,0,1,1,0,1,2,"-6,7612","-38,0094",SPRF-PB,DEL03-PB,UOP02-DEL03-PB
345711.0,2021-03-11,quinta-feira,22:00:00,PB,230,158,CAMPINA GRANDE,Conversão proibida,Colisão transversal,Com Vítimas Feridas,Plena Noite,Crescente,Céu Claro,Simples,Reta,Sim,2,0,1,0,1,0,1,2,"-7,2582","-35,9267",SPRF-PB,DEL02-PB,UOP01-DEL02-PB
345778.0,2021-03-12,sexta-feira,10:20:00,PB,230,28,JOAO PESSOA,Pista Escorregadia,Tombamento,Com Vítimas Feridas,Pleno dia,Crescente,Céu Claro,Simples,Curva,Sim,1,0,0,1,0,0,1,1,"-7,1651","-34,8941",SPRF-PB,DEL01-PB,UOP01-DEL01-PB
345813.0,2021-02-20,sábado,23:30:00,PB,101,86,JOAO PESSOA,Manobra de mudança de faixa,Colisão traseira,Com Vítimas Feridas,Plena Noite,Decrescente,Céu Claro,Dupla,Reta;Retorno Regulamentado,Sim,3,0,1,1,0,1,2,2,"-7,15118983","-34,91012184",SPRF-PB,DEL01-PB,UOP01-DEL01-PB
345817.0,2021-02-04,quinta-feira,20:00:00,PB,230,23,JOAO PESSOA,Condutor deixou de manter distância do veículo da frente,Colisão traseira,Com Vítimas Feridas,Plena Noite,Crescente,Nublado,Dupla,Reta,Sim,2,0,0,1,0,1,1,2,"-7,1562","-34,8574",SPRF-PB,DEL01-PB,UOP01-DEL01-PB
345885.0,2021-03-12,sexta-feira,17:40:00,PB,230,12,CABEDELO,Ausência de reação do condutor,Engavetamento,Com Vítimas Feridas,Plena Noite,Decrescente,Céu Claro,Dupla,Reta,Sim,5,0,0,2,2,1,2,4,"-7,078341","-34,849115",SPRF-PB,DEL01-PB,UOP01-DEL01-PB
346007.0,2021-03-13,sábado,09:30:00,PB,230,82,CALDAS BRANDAO,Acessar a via sem observar a presença dos outros veículos,Colisão transversal,Com Vítimas Feridas,Pleno dia,Decrescente,Céu Claro,Dupla,Reta,Sim,3,0,0,1,1,1,1,2,"-7,1727","-35,3284",SPRF-PB,DEL01-PB,UOP03-DEL01-PB
346178.0,2021-03-14,domingo,11:30:00,PB,230,42,SANTA RITA,Manobra de mudança de faixa,Colisão transversal,Com Vítimas Feridas,Pleno dia,Decrescente,Céu Claro,Dupla,Reta,Não,6,0,0,3,3,0,3,2,"-7,1426","-34,9956",SPRF-PB,DEL01-PB,UOP03-DEL01-PB
346249.0,2021-03-14,domingo,18:30:00,PB,104,"144,1",QUEIMADAS,Transitar na contramão,Colisão lateral sentido oposto,Com Vítimas Feridas,Plena Noite,Crescente,Céu Claro,Simples,Aclive;Reta,Não,4,0,0,2,1,1,2,3,"-7,41378301","-35,89590012",SPRF-PB,DEL02-PB,UOP03-DEL02-PB
346259.0,2021-03-14,domingo,19:10:00,PB,427,"37,8",POMBAL,Reação tardia ou ineficiente do condutor,Colisão traseira,Com Vítimas Feridas,Plena Noite,Decrescente,Céu Claro,Simples,Reta,Sim,2,0,1,0,1,0,1,2,"-6,76900717","-37,79462099",SPRF-PB,DEL03-PB,UOP02-DEL03-PB
346265.0,2021-03-14,domingo,20:30:00,PB,230,"23,5",JOAO PESSOA,Acessar a via sem observar a presença dos outros veículos,Colisão transversal,Com Vítimas Fatais,Plena Noite,Crescente,Céu Claro,Dupla,Interseção de Vias,Sim,2,1,0,0,1,0,0,2,"-7,1562","-34,8574",SPRF-PB,DEL01-PB,UOP01-DEL01-PB
346282.0,2021-03-14,domingo,20:13:00,PB,230,"224,7",SOLEDADE,Reação tardia ou ineficiente do condutor,Atropelamento de Animal,Com Vítimas Feridas,Plena Noite,Crescente,Céu Claro,Simples,Reta,Não,4,0,1,0,3,0,1,1,"-7,0379","-36,4329",SPRF-PB,DEL02-PB,UOP02-DEL02-PB
346441.0,2021-02-06,sábado,19:20:00,PB,361,"91,8",PIANCO,Ingestão de álcool pelo condutor,Colisão traseira,Com Vítimas Feridas,Plena Noite,Crescente,Céu Claro,Simples,Reta,Sim,3,0,0,1,0,2,1,3,"-7,22001249","-37,97606723",SPRF-PB,DEL03-PB,UOP01-DEL03-PB
346442.0,2021-03-15,segunda-feira,17:30:00,PB,230,"464,8",SOUSA,Conversão proibida,Colisão frontal,Com Vítimas Feridas,Pleno dia,Decrescente,Sol,Simples,Reta,Sim,2,0,1,1,0,0,2,2,"-6,7786","-38,2341",SPRF-PB,DEL03-PB,UOP03-DEL03-PB
346443.0,2021-03-15,segunda-feira,18:35:00,PB,101,"87,6",JOAO PESSOA,Ausência de reação do condutor,Colisão traseira,Com Vítimas Feridas,Plena Noite,Crescente,Céu Claro,Dupla,Reta,Sim,3,0,1,0,1,1,1,2,"-7,15886802","-34,90628504",SPRF-PB,DEL01-PB,UOP01-DEL01-PB
346547.0,2021-02-28,domingo,18:40:00,PB,101,"108,5",ALHANDRA,Ingestão de álcool pelo condutor,Colisão traseira,Sem Vítimas,Plena Noite,Crescente,Céu Claro,Dupla,Reta,Não,2,0,0,0,2,0,0,2,"-7,33454898","-34,94758056",SPRF-PB,DEL01-PB,UOP02-DEL01-PB
346572.0,2021-03-16,terça-feira,16:10:00,PB,230,"68,1",SAO MIGUEL DE TAIPU,Demais falhas mecânicas ou elétricas,Queda de ocupante de veículo,Com Vítimas Feridas,Pleno dia,Crescente,Céu Claro,Dupla,Aclive,Não,1,0,1,0,0,0,1,1,"-7,1873","-35,2065",SPRF-PB,DEL01-PB,UOP03-DEL01-PB
346678.0,2021-03-10,quarta-feira,18:30:00,PB,230,"156,5",CAMPINA GRANDE,Condutor deixou de manter distância do veículo da frente,Colisão traseira,Sem Vítimas,Plena Noite,Crescente,Céu Claro,Simples,Aclive;Reta,Sim,3,0,0,0,1,2,0,3,"-7,2693","-35,9138",SPRF-PB,DEL02-PB,UOP01-DEL02-PB
346679.0,2021-03-17,quarta-feira,10:15:00,PB,230,16,JOAO PESSOA,Condutor deixou de manter distância do veículo da frente,Queda de ocupante de veículo,Com Vítimas Feridas,Pleno dia,Decrescente,Céu Claro,Dupla,Curva;Declive,Sim,2,0,2,0,0,0,2,1,"-7,1039","-34,8458",SPRF-PB,DEL01-PB,UOP01-DEL01-PB
346801.0,2021-02-07,domingo,12:05:00,PB,230,292,SANTA LUZIA,Acessar a via sem observar a presença dos outros veículos,Colisão frontal,Com Vítimas Feridas,Pleno dia,Crescente,Céu Claro,Simples,Reta,Não,2,0,1,0,1,0,1,2,"-6,8684","-36,9222",SPRF-PB,DEL03-PB,UOP01-DEL03-PB
346803.0,2021-03-17,quarta-feira,20:50:00,PB,230,"241,2",JUAZEIRINHO,Deficiência do Sistema de Iluminação/Sinalização,Colisão transversal,Com Vítimas Feridas,Plena Noite,Crescente,Céu Claro,Simples,Reta,Não,2,0,1,0,1,0,1,2,"-7,0688","-36,5739",SPRF-PB,DEL02-PB,UOP02-DEL02-PB
346806.0,2021-03-17,quarta-feira,19:50:00,PB,405,"29,7",SAO JOAO DO RIO DO PEIXE,Transitar na contramão,Colisão frontal,Com Vítimas Feridas,Plena Noite,Crescente,Céu Claro,Simples,Reta;Declive,Não,3,0,1,0,1,1,1,2,"-6,692524","-38,447159",SPRF-PB,DEL03-PB,UOP03-DEL03-PB
346844.0,2021-03-18,quinta-feira,08:30:00,PB,230,"35,8",SANTA RITA,Avarias e/ou desgaste excessivo no pneu,Colisão com objeto,Com Vítimas Feridas,Pleno dia,Crescente,Chuva,Dupla,Curva,Sim,2,0,1,1,0,0,2,1,"-7,1268","-34,9412",SPRF-PB,DEL01-PB,UOP03-DEL01-PB
346890.0,2021-01-18,segunda-feira,16:20:00,PB,101,36,MAMANGUAPE,Acessar a via sem observar a presença dos outros veículos,Colisão lateral,Com Vítimas Feridas,Anoitecer,Crescente,Céu Claro,Dupla,Reta,Não,2,0,0,1,1,0,1,2,"-6,80268217","-35,13987546",SPRF-PB,DEL01-PB,UOP04-DEL01-PB
346896.0,2021-01-17,domingo,21:40:00,PB,361,4,PATOS,Reação tardia ou ineficiente do condutor,Tombamento,Com Vítimas Feridas,Plena Noite,Crescente,Céu Claro,Simples,Reta,Sim,1,0,0,1,0,0,1,1,"-7,03208047","-37,29365088",SPRF-PB,DEL03-PB,UOP01-DEL03-PB
346934.0,2021-03-18,quinta-feira,20:20:00,PB,230,"26,8",JOAO PESSOA,Acessar a via sem observar a presença dos outros veículos,Colisão transversal,Sem Vítimas,Plena Noite,Crescente,Céu Claro,Dupla,Reta,Não,2,0,0,0,1,1,0,2,"-7,1693","-34,8782",SPRF-PB,DEL01-PB,UOP01-DEL01-PB
346975.0,2021-03-19,sexta-feira,06:50:00,PB,101,"81,3",SANTA RITA,Chuva,Queda de ocupante de veículo,Com Vítimas Feridas,Pleno dia,Decrescente,Chuva,Dupla,Reta,Sim,1,0,1,0,0,0,1,1,"-7,12508575","-34,94513217",SPRF-PB,DEL01-PB,UOP01-DEL01-PB
346993.0,2021-03-19,sexta-feira,07:10:00,PB,104,"140,5",QUEIMADAS,Acessar a via sem observar a presença dos outros veículos,Colisão traseira,Com Vítimas Feridas,Pleno dia,Decrescente,Céu Claro,Simples,Reta;Declive,Não,2,0,0,1,1,0,1,2,"-7,37817097","-35,89737088",SPRF-PB,DEL02-PB,UOP03-DEL02-PB
347042.0,2021-01-22,sexta-feira,19:00:00,PB,361,"4,6",PATOS,Ingestão de álcool e/ou substâncias psicoativas pelo pedestre,Atropelamento de Pedestre,Com Vítimas Feridas,Plena Noite,Crescente,Ignorado,Simples,Reta,Sim,2,0,1,0,0,1,1,2,"-7,03341","-37,298742",SPRF-PB,DEL03-PB,UOP01-DEL03-PB
347049.0,2021-01-15,sexta-feira,21:40:00,PB,101,"93,8",CONDE,Pedestre andava na pista,Atropelamento de Pedestre,Com Vítimas Feridas,Plena Noite,Crescente,Céu Claro,Dupla,Reta,Não,2,0,1,1,0,0,2,2,"-7,21710142","-34,91269654",SPRF-PB,DEL01-PB,UOP02-DEL01-PB
347219.0,2021-03-20,sábado,12:15:00,PB,230,"98,9",GURINHEM,Velocidade Incompatível,Saída de leito carroçável,Com Vítimas Feridas,Pleno dia,Decrescente,Nublado,Dupla,Curva,Não,1,0,1,0,0,0,1,1,"-7,1889","-35,4624",SPRF-PB,DEL01-PB,UOP03-DEL01-PB
347304.0,2021-03-20,sábado,17:50:00,PB,104,"112,6",LAGOA SECA,Ultrapassagem Indevida,Colisão lateral sentido oposto,Com Vítimas Feridas,Anoitecer,Crescente,Nublado,Simples,Reta,Não,2,0,1,0,1,0,1,2,"-7,1450288","-35,85692679",SPRF-PB,DEL02-PB,UOP04-DEL02-PB
347343.0,2021-03-21,domingo,00:10:00,PB,230,22,JOAO PESSOA,Ausência de reação do condutor,Colisão traseira,Com Vítimas Feridas,Plena Noite,Crescente,Nublado,Dupla,Reta,Sim,2,0,1,0,1,0,1,2,"-7,1495","-34,8517",SPRF-PB,DEL01-PB,UOP01-DEL01-PB
347357.0,2021-03-21,domingo,01:10:00,PB,101,45,MAMANGUAPE,Velocidade Incompatível,Saída de leito carroçável,Com Vítimas Feridas,Plena Noite,Crescente,Céu Claro,Dupla,Retorno Regulamentado,Não,1,0,1,0,0,0,1,1,"-6,88322894","-35,1303459",SPRF-PB,DEL01-PB,UOP04-DEL01-PB
347361.0,2021-01-17,domingo,05:00:00,PB,230,374,CONDADO,Ingestão de álcool pelo condutor,Tombamento,Com Vítimas Feridas,Amanhecer,Decrescente,Céu Claro,Simples,Reta,Não,1,0,0,1,0,0,1,1,"-6,9068","-37,5834",SPRF-PB,DEL03-PB,UOP02-DEL03-PB