id,data_inversa,dia_semana,horario,uf,br,km,municipio,causa_acidente,tipo_acidente,classificacao_acidente,fase_dia,sentido_via,condicao_metereologica,tipo_pista,tracado_via,uso_solo,pessoas,mortos,feridos_leves,feridos_graves,ilesos,ignorados,feridos,veiculos,latitude,longitude,regional,delegacia,uop
347429.0,2021-03-21,domingo,17:10:00,PB,101,79,SANTA RITA,Ingestão de álcool pelo condutor,Colisão com objeto,Com Vítimas Feridas,Anoitecer,Crescente,Céu Claro,Dupla,Curva,Sim,1,0,0,1,0,0,1,1,"-7,1147526","-34,95793891",SPRF-PB,DEL01-PB,UOP04-DEL01-PB
347439.0,2021-03-21,domingo,17:35:00,PB,230,"11,8",CABEDELO,Acessar a via sem observar a presença dos outros veículos,Colisão transversal,Com Vítimas Fatais,Anoitecer,Crescente,Nublado,Dupla,Reta,Sim,2,1,1,0,0,0,1,2,"-7,0689","-34,8499",SPRF-PB,DEL01-PB,UOP01-DEL01-PB
347544.0,2021-01-17,domingo,03:10:00,PB,101,81,SANTA RITA,Condutor Dormindo,Colisão com objeto,Com Vítimas Feridas,Pleno dia,Crescente,Céu Claro,Simples,Curva,Sim,1,0,0,1,0,0,1,1,"-7,12508575","-34,94513217",SPRF-PB,DEL01-PB,UOP01-DEL01-PB
347546.0,2021-01-18,segunda-feira,17:35:00,PB,230,"292,3",SANTA LUZIA,Ausência de reação do condutor,Colisão lateral,Com Vítimas Feridas,Anoitecer,Crescente,Sol,Simples,Reta,Sim,2,0,0,1,1,0,1,2,"-6,8684","-36,9222",SPRF-PB,DEL03-PB,UOP01-DEL03-PB
347619.0,2021-03-22,segunda-feira,15:00:00,PB,230,36,SANTA RITA,Entrada inopinada do pedestre,Atropelamento de Pedestre,Com Vítimas Feridas,Pleno dia,Decrescente,Céu Claro,Dupla,Reta,Sim,2,0,1,0,1,0,1,2,"-7,1246","-34,9473",SPRF-PB,DEL01-PB,UOP03-DEL01-PB
347620.0,2021-03-22,segunda-feira,15:00:00,PB,230,36,SANTA RITA,Reação tardia ou ineficiente do condutor,Colisão traseira,Sem Vítimas,Pleno dia,Decrescente,Céu Claro,Dupla,Reta,Sim,2,0,0,0,2,0,0,2,"-7,12587766","-34,94865239",SPRF-PB,DEL01-PB,UOP03-DEL01-PB
347625.0,2021-03-22,segunda-feira,15:30:00,PB,101,81,BAYEUX,Problema com o freio,Saída de leito carroçável,Com Vítimas Feridas,Pleno dia,Decrescente,Sol,Dupla,Reta;Retorno Regulamentado;Declive,Sim,2,0,1,0,1,0,1,1,"-7,12508575","-34,94513217",SPRF-PB,DEL01-PB,UOP01-DEL01-PB
347628.0,2021-03-22,segunda-feira,16:30:00,PB,230,"84,5",BAYEUX,Ausência de reação do condutor,Engavetamento,Com Vítimas Feridas,Anoitecer,Decrescente,Céu Claro,Dupla,Reta,Sim,4,0,2,0,2,0,2,4,"-7,141887","-34,92048",SPRF-PB,DEL01-PB,UOP03-DEL01-PB
348270.0,2021-03-26,sexta-feira,13:40:00,PB,101,"66,3",SANTA RITA,Reação tardia ou ineficiente do condutor,Saída de leito carroçável,Com Vítimas Feridas,Pleno dia,Crescente,Chuva,Dupla,Reta,Não,1,0,1,0,0,0,1,1,"-7,04802898","-35,04348899",SPRF-PB,DEL01-PB,UOP04-DEL01-PB
348316.0,2021-03-26,sexta-feira,14:00:00,PB,230,1,PATOS,Acessar a via sem observar a presença dos outros veículos,Queda de ocupante de veículo,Com Vítimas Feridas,Pleno dia,Crescente,Céu Claro,Simples,Interseção de Vias,Sim,1,0,1,0,0,0,1,1,"-7,024862","-37,280304",SPRF-PB,DEL03-PB,UOP01-DEL03-PB
348349.0,2021-03-26,sexta-feira,20:35:00,PB,101,87,JOAO PESSOA,Avarias e/ou desgaste excessivo no pneu,Queda de ocupante de veículo,Com Vítimas Feridas,Plena Noite,Decrescente,Nublado,Dupla,Reta,Sim,2,0,2,0,0,0,2,1,"-7,15886802","-34,90628504",SPRF-PB,DEL01-PB,UOP01-DEL01-PB
348425.0,2021-03-27,sábado,11:00:00,PB,405,32,SAO JOAO DO RIO DO PEIXE,Condutor deixou de manter distância do veículo da frente,Colisão traseira,Com Vítimas Feridas,Pleno dia,Decrescente,Céu Claro,Simples,Reta,Sim,2,0,1,0,1,0,1,2,"-6,719008","-38,449127",SPRF-PB,DEL03-PB,UOP03-DEL03-PB
348481.0,2021-03-27,sábado,17:50:00,PB,101,87,JOAO PESSOA,Pedestre cruzava a pista fora da faixa,Atropelamento de Pedestre,Com Vítimas Feridas,Anoitecer,Crescente,Céu Claro,Dupla,Curva,Sim,2,0,0,1,0,1,1,2,"-7,15886802","-34,90628504",SPRF-PB,DEL01-PB,UOP01-DEL01-PB
348620.0,2021-03-28,domingo,09:05:00,PB,361,110,ITAPORANGA,Transitar na contramão,Colisão frontal,Com Vítimas Fatais,Pleno dia,Decrescente,Nublado,Simples,Reta,Não,4,3,0,0,1,0,0,2,"-7,29695102","-38,11983399",SPRF-PB,DEL03-PB,UOP01-DEL03-PB
348639.0,2021-03-28,domingo,11:45:00,PB,104,"109,8",LAGOA SECA,Ingestão de álcool e/ou substâncias psicoativas pelo pedestre,Saída de leito carroçável,Com Vítimas Feridas,Pleno dia,Decrescente,Nublado,Simples,Reta,Não,1,0,1,0,0,0,1,1,"-7,11997886","-35,86414665",SPRF-PB,DEL02-PB,UOP04-DEL02-PB
348661.0,2021-03-28,domingo,19:00:00,PB,230,"26,7",JOAO PESSOA,Pedestre andava na pista,Atropelamento de Pedestre,Com Vítimas Feridas,Plena Noite,Crescente,Céu Claro,Dupla,Declive,Sim,2,0,1,0,1,0,1,2,"-7,1693","-34,8782",SPRF-PB,DEL01-PB,UOP01-DEL01-PB
348664.0,2021-03-28,domingo,17:30:00,PB,104,"146,5",QUEIMADAS,Condutor deixou de manter distância do veículo da frente,Colisão lateral mesmo sentido,Sem Vítimas,Anoitecer,Decrescente,Garoa/Chuvisco,Simples,Reta,Não,3,0,0,0,2,1,0,2,"-7,428815","-35,896326",SPRF-PB,DEL02-PB,UOP03-DEL02-PB
348666.0,2021-03-28,domingo,18:50:00,PB,230,158,CAMPINA GRANDE,Acessar a via sem observar a presença dos outros veículos,Colisão transversal,Com Vítimas Feridas,Plena Noite,Decrescente,Chuva,Simples,Reta,Sim,2,0,0,1,1,0,1,2,"-7,2582","-35,9267",SPRF-PB,DEL02-PB,UOP01-DEL02-PB
348686.0,2021-03-28,domingo,18:00:00,PB,104,"133,6",QUEIMADAS,Transitar no acostamento,Atropelamento de Pedestre,Com Vítimas Feridas,Plena Noite,Decrescente,Nublado,Simples,Reta,Não,2,0,1,1,0,0,2,2,"-7,31674795","-35,89500926",SPRF-PB,DEL02-PB,UOP03-DEL02-PB
348708.0,2021-03-28,domingo,20:45:00,PB,230,"160,2",CAMPINA GRANDE,Deficiência do Sistema de Iluminação/Sinalização,Colisão traseira,Com Vítimas Feridas,Plena Noite,Crescente,Nublado,Simples,Reta,Sim,2,0,0,1,0,1,1,2,"-7,2436","-35,9375",SPRF-PB,DEL02-PB,UOP01-DEL02-PB
348710.0,2021-03-28,domingo,21:20:00,PB,230,24,JOAO PESSOA,Ausência de reação do condutor,Colisão traseira,Com Vítimas Feridas,Plena Noite,Decrescente,Nublado,Dupla,Reta,Sim,2,0,2,0,0,0,2,1,"-7,1637","-34,8618",SPRF-PB,DEL01-PB,UOP01-DEL01-PB
348765.0,2021-03-29,segunda-feira,07:00:00,PB,104,"91,5",REMIGIO,Ingestão de álcool pelo condutor,Colisão frontal,Sem Vítimas,Pleno dia,Crescente,Nublado,Simples,Reta,Não,2,0,0,0,2,0,0,2,"-6,98119588","-35,82415915",SPRF-PB,DEL02-PB,UOP04-DEL02-PB
348850.0,2021-03-29,segunda-feira,17:30:00,PB,230,16,JOAO PESSOA,Animais na Pista,Atropelamento de Animal,Com Vítimas Feridas,Plena Noite,Decrescente,Céu Claro,Dupla,Reta,Sim,1,0,1,0,0,0,1,1,"-7,1039","-34,8458",SPRF-PB,DEL01-PB,UOP01-DEL01-PB
348920.0,2021-03-30,terça-feira,03:10:00,PB,101,"76,8",SANTA RITA,Animais na Pista,Atropelamento de Animal,Com Vítimas Feridas,Plena Noite,Decrescente,Garoa/Chuvisco,Dupla,Reta,Não,1,0,1,0,0,0,1,1,"-7,09947194","-34,96574283",SPRF-PB,DEL01-PB,UOP04-DEL01-PB
348921.0,2021-03-30,terça-feira,04:00:00,PB,101,77,SANTA RITA,Animais na Pista,Atropelamento de Animal,Com Vítimas Feridas,Amanhecer,Decrescente,Chuva,Dupla,Reta,Não,1,0,1,0,0,0,1,1,"-7,09947194","-34,96574283",SPRF-PB,DEL01-PB,UOP04-DEL01-PB
349082.0,2021-03-30,terça-feira,18:00:00,PB,230,"500,7",CAJAZEIRAS,Acessar a via sem observar a presença dos outros veículos,Colisão transversal,Com Vítimas Feridas,Plena Noite,Crescente,Nublado,Simples,Reta,Não,2,0,2,0,0,0,2,2,"-6,9002","-38,508",SPRF-PB,DEL03-PB,UOP03-DEL03-PB
349156.0,2021-03-19,sexta-feira,17:20:00,PB,230,"156,8",CAMPINA GRANDE,Acessar a via sem observar a presença dos outros veículos,Colisão transversal,Com Vítimas Feridas,Anoitecer,Crescente,Céu Claro,Simples,Reta,Não,3,0,2,0,1,0,2,2,"-7,2693","-35,9138",SPRF-PB,DEL02-PB,UOP01-DEL02-PB
349200.0,2021-03-31,quarta-feira,16:35:00,PB,101,110,ALHANDRA,Reação tardia ou ineficiente do condutor,Saída de leito carroçável,Sem Vítimas,Pleno dia,Crescente,Sol,Dupla,Curva,Sim,1,0,0,0,1,0,0,1,"-7,35167257","-34,94913166",SPRF-PB,DEL01-PB,UOP02-DEL01-PB
349209.0,2021-03-31,quarta-feira,17:40:00,PB,230,"4,7",CABEDELO,Área urbana sem a presença de local apropriado para a travessia de pedestres,Atropelamento de Pedestre,Com Vítimas Feridas,Plena Noite,Crescente,Céu Claro,Dupla,Reta,Sim,3,0,0,1,0,2,1,2,"-7,009957","-34,831221",SPRF-PB,DEL01-PB,UOP01-DEL01-PB
349224.0,2021-03-31,quarta-feira,17:20:00,PB,104,103,SAO SEBASTIAO DE LAGOA DE  ROCA,Conversão proibida,Colisão transversal,Com Vítimas Feridas,Anoitecer,Crescente,Vento,Simples,Reta,Não,3,0,0,2,1,0,2,2,"-7,07155197","-35,85479762",SPRF-PB,DEL02-PB,UOP04-DEL02-PB
349251.0,2021-03-31,quarta-feira,20:40:00,PB,230,"288,4",SANTA LUZIA,Demais falhas mecânicas ou elétricas,Tombamento,Com Vítimas Fatais,Plena Noite,Crescente,Nublado,Simples,Reta,Não,1,1,0,0,0,0,0,1,"-6,8871","-36,894",SPRF-PB,DEL03-PB,UOP01-DEL03-PB
349260.0,2021-02-07,domingo,20:45:00,PB,230,1,CABEDELO,Acessar a via sem observar a presença dos outros veículos,Colisão transversal,Com Vítimas Feridas,Plena Noite,Crescente,Céu Claro,Simples,Reta,Sim,2,0,0,1,0,1,1,2,"-6,98157785","-34,83004332",SPRF-PB,DEL01-PB,UOP01-DEL01-PB
349301.0,2021-04-01,quinta-feira,07:20:00,PB,230,165,CAMPINA GRANDE,Acessar a via sem observar a presença dos outros veículos,Colisão transversal,Com Vítimas Feridas,Pleno dia,Decrescente,Céu Claro,Simples,Reta,Sim,2,0,1,0,0,1,1,2,"-7,2051","-35,951",SPRF-PB,DEL02-PB,UOP01-DEL02-PB
349400.0,2021-04-01,quinta-feira,15:50:00,PB,230,244,JUAZEIRINHO,Reação tardia ou ineficiente do condutor,Colisão traseira,Sem Vítimas,Pleno dia,Crescente,Nublado,Simples,Reta,Não,5,0,0,0,4,1,0,3,"-7,0692","-36,6002",SPRF-PB,DEL02-PB,UOP02-DEL02-PB
349423.0,2021-04-01,quinta-feira,18:20:00,PB,230,"26,9",JOAO PESSOA,Acessar a via sem observar a presença dos outros veículos,Atropelamento de Pedestre,Com Vítimas Feridas,Plena Noite,Decrescente,Nublado,Dupla,Reta,Sim,2,0,0,1,1,0,1,2,"-7,165946","-34,889103",SPRF-PB,DEL01-PB,UOP01-DEL01-PB
349441.0,2021-04-01,quinta-feira,18:50:00,PB,101,48,MAMANGUAPE,Demais falhas mecânicas ou elétricas,Tombamento,Com Vítimas Feridas,Plena Noite,Decrescente,Céu Claro,Simples,Reta,Não,2,0,1,0,1,0,1,1,"-6,90679485","-35,11705672",SPRF-PB,DEL01-PB,UOP04-DEL01-PB
349602.0,2021-04-02,sexta-feira,15:55:00,PB,230,14,CABEDELO,Ingestão de álcool pelo condutor,Queda de ocupante de veículo,Com Vítimas Feridas,Anoitecer,Crescente,Nublado,Dupla,Retorno Regulamentado,Sim,1,0,1,0,0,0,1,1,"-7,0844","-34,8488",SPRF-PB,DEL01-PB,UOP01-DEL01-PB
349643.0,2021-04-02,sexta-feira,22:45:00,PB,230,11,CABEDELO,Condutor deixou de manter distância do veículo da frente,Colisão traseira,Com Vítimas Feridas,Plena Noite,Crescente,Céu Claro,Dupla,Reta,Sim,4,0,0,2,0,2,2,3,"-7,0596","-34,8506",SPRF-PB,DEL01-PB,UOP01-DEL01-PB
349769.0,2021-04-03,sábado,17:50:00,PB,230,381,CONDADO,Animais na Pista,Atropelamento de Animal,Com Vítimas Feridas,Plena Noite,Crescente,Céu Claro,Simples,Reta,Não,1,0,1,0,0,0,1,1,"-6,9127","-37,6432",SPRF-PB,DEL03-PB,UOP02-DEL03-PB
350008.0,2021-04-05,segunda-feira,06:15:00,PB,101,94,JOAO PESSOA,Demais falhas mecânicas ou elétricas,Colisão com objeto,Sem Vítimas,Pleno dia,Decrescente,Chuva,Dupla,Curva,Sim,2,0,0,0,2,0,0,1,"-7,21483297","-34,9117521",SPRF-PB,DEL01-PB,UOP02-DEL01-PB
350053.0,2021-04-05,segunda-feira,08:40:00,PB,101,"60,3",SANTA RITA,Velocidade Incompatível,Colisão com objeto,Com Vítimas Feridas,Pleno dia,Crescente,Chuva,Dupla,Declive,Não,3,0,2,0,1,0,2,1,"-7,00141407","-35,06459811",SPRF-PB,DEL01-PB,UOP04-DEL01-PB
350070.0,2021-04-05,segunda-feira,12:00:00,PB,101,82,BAYEUX,Avarias e/ou desgaste excessivo no pneu,Tombamento,Com Vítimas Feridas,Pleno dia,Decrescente,Céu Claro,Dupla,Viaduto,Sim,1,0,1,0,0,0,1,1,"-7,12911","-34,93714",SPRF-PB,DEL01-PB,UOP01-DEL01-PB
350149.0,2021-04-05,segunda-feira,20:30:00,PB,101,96,ALHANDRA,Acessar a via sem observar a presença dos outros veículos,Saída de leito carroçável,Com Vítimas Feridas,Plena Noite,Decrescente,Céu Claro,Dupla,Reta,Não,2,0,1,0,0,1,1,2,"-7,23291206","-34,92221117",SPRF-PB,DEL01-PB,UOP02-DEL01-PB
350231.0,2021-04-06,terça-feira,12:30:00,PB,230,7,CABEDELO,Ausência de reação do condutor,Colisão traseira,Com Vítimas Feridas,Pleno dia,Crescente,Céu Claro,Dupla,Reta,Sim,2,0,0,1,0,1,1,2,"-7,026","-34,8385",SPRF-PB,DEL01-PB,UOP01-DEL01-PB
350422.0,2021-03-22,segunda-feira,18:00:00,PB,101,90,JOAO PESSOA,Ausência de reação do condutor,Colisão traseira,Com Vítimas Feridas,Plena Noite,Decrescente,Céu Claro,Dupla,Reta,Sim,2,0,0,1,0,1,1,2,"-7,179652","-34,900417",SPRF-PB,DEL01-PB,UOP02-DEL01-PB
350446.0,2021-04-07,quarta-feira,14:50:00,PB,230,"146,8",CAMPINA GRANDE,Animais na Pista,Colisão com objeto,Com Vítimas Feridas,Pleno dia,Decrescente,Sol,Dupla,Reta;Declive,Sim,1,0,0,1,0,0,1,1,"-7,241313","-35,859181",SPRF-PB,DEL02-PB,UOP01-DEL02-PB
350547.0,2021-04-08,quinta-feira,06:25:00,PB,230,"157,3",CAMPINA GRANDE,Transitar no acostamento,Atropelamento de Pedestre,Com Vítimas Feridas,Pleno dia,Decrescente,Céu Claro,Simples,Reta;Declive,Não,2,0,0,1,0,1,1,2,"-7,264","-35,9199",SPRF-PB,DEL02-PB,UOP01-DEL02-PB
350675.0,2021-01-11,segunda-feira,19:20:00,PB,230,16,JOAO PESSOA,Ausência de reação do condutor,Engavetamento,Com Vítimas Feridas,Plena Noite,Crescente,Céu Claro,Dupla,Reta,Sim,4,0,1,0,3,0,1,4,"-7,1039","-34,8458",SPRF-PB,DEL01-PB,UOP01-DEL01-PB
350727.0,2021-04-09,sexta-feira,08:00:00,PB,104,139,QUEIMADAS,Acesso irregular,Colisão transversal,Com Vítimas Feridas,Pleno dia,Decrescente,Sol,Simples,Reta,Sim,3,0,0,2,1,0,2,2,"-7,36948311","-35,89979635",SPRF-PB,DEL02-PB,UOP03-DEL02-PB
350728.0,2021-04-09,sexta-feira,08:20:00,PB,230,152,CAMPINA GRANDE,Ausência de reação do condutor,Queda de ocupante de veículo,Com Vítimas Feridas,Pleno dia,Decrescente,Céu Claro,Simples,Reta,Não,2,0,1,0,0,1,1,2,"-7,2688","-35,8837",SPRF-PB,DEL02-PB,UOP01-DEL02-PB
350830.0,2021-04-09,sexta-feira,19:00:00,PB,101,88,JOAO PESSOA,Reação tardia ou ineficiente do condutor,Tombamento,Com Vítimas Feridas,Plena Noite,Decrescente,Chuva,Dupla,Reta,Sim,1,0,1,0,0,0,1,1,"-7,16470016","-34,89993643",SPRF-PB,DEL01-PB,UOP01-DEL01-PB
351002.0,2021-04-10,sábado,15:45:00,PB,230,324,SAO MAMEDE,Reação tardia ou ineficiente do condutor,Saída de leito carroçável,Com Vítimas Feridas,Pleno dia,Crescente,Nublado,Simples,Declive;Reta,Não,3,0,3,0,0,0,3,1,"-6,9868","-37,1796",SPRF-PB,DEL03-PB,UOP01-DEL03-PB
351006.0,2021-04-10,sábado,16:10:00,PB,101,"19,4",MAMANGUAPE,Avarias e/ou desgaste excessivo no pneu,Saída de leito carroçável,Com Vítimas Feridas,Pleno dia,Crescente,Chuva,Dupla,Curva;Aclive,Não,2,0,1,0,1,0,1,1,"-6,65604609","-35,11912427",SPRF-PB,DEL01-PB,UOP04-DEL01-PB
351071.0,2021-04-10,sábado,21:00:00,PB,230,141,CAMPINA GRANDE,Reação tardia ou ineficiente do condutor,Saída de leito carroçável,Com Vítimas Feridas,Plena Noite,Decrescente,Nublado,Dupla,Reta,Não,1,0,1,0,0,0,1,1,"-7,2612","-35,8061",SPRF-PB,DEL02-PB,UOP01-DEL02-PB
351090.0,2021-04-10,sábado,16:40:00,PB,361,83,PIANCO,Manobra de mudança de faixa,Colisão transversal,Com Vítimas Feridas,Anoitecer,Crescente,Nublado,Simples,Reta,Sim,2,0,2,0,0,0,2,2,"-7,1891707","-37,92068612",SPRF-PB,DEL03-PB,UOP01-DEL03-PB
351100.0,2021-04-10,sábado,19:05:00,PB,230,"322,4",SAO MAMEDE,Ultrapassagem Indevida,Colisão frontal,Com Vítimas Feridas,Plena Noite,Decrescente,Chuva,Simples,Reta,Não,3,0,1,2,0,0,3,2,"-6,9778","-37,1642",SPRF-PB,DEL03-PB,UOP01-DEL03-PB
351130.0,2021-04-11,domingo,07:10:00,PB,230,"41,5",SANTA RITA,Velocidade Incompatível,Capotamento,Com Vítimas Feridas,Pleno dia,Crescente,Chuva,Dupla,Curva,Sim,2,0,1,0,1,0,1,1,"-7,1432","-34,9869",SPRF-PB,DEL01-PB,UOP03-DEL01-PB
351204.0,2021-04-11,domingo,17:00:00,PB,230,33,BAYEUX,Pedestre cruzava a pista fora da faixa,Atropelamento de Pedestre,Com Vítimas Feridas,Anoitecer,Decrescente,Chuva,Simples,Viaduto,Sim,2,0,0,1,0,1,1,2,"-7,1366","-34,9264",SPRF-PB,DEL01-PB,UOP01-DEL01-PB
351264.0,2021-04-11,domingo,20:10:00,PB,230,"35,8",SANTA RITA,Velocidade Incompatível,Colisão com objeto,Sem Vítimas,Plena Noite,Crescente,Chuva,Dupla,Curva,Sim,1,0,0,0,0,1,0,1,"-7,1268","-34,9412",SPRF-PB,DEL01-PB,UOP03-DEL01-PB
351308.0,2021-04-11,domingo,22:30:00,PB,116,"3,4",CACHOEIRA DOS INDIOS,Velocidade Incompatível,Colisão com objeto,Com Vítimas Feridas,Plena Noite,Crescente,Chuva,Simples,Reta,Não,6,0,5,0,1,0,5,1,"-6,923013","-38,728088",SPRF-CE,DEL05-CE,UOP03-DEL05-CE
351447.0,2021-03-07,domingo,08:28:00,PB,230,"8,1",CABEDELO,Manobra de mudança de faixa,Colisão transversal,Com Vítimas Feridas,Pleno dia,Decrescente,Céu Claro,Dupla,Interseção de Vias,Sim,3,0,1,0,1,1,1,3,"-7,03844065","-34,84380949",SPRF-PB,DEL01-PB,UOP01-DEL01-PB
351454.0,2021-04-12,segunda-feira,18:05:00,PB,230,24,JOAO PESSOA,Condutor deixou de manter distância do veículo da frente,Colisão traseira,Com Vítimas Feridas,Plena Noite,Decrescente,Nublado,Dupla,Curva,Sim,2,0,1,0,1,0,1,2,"-7,1708729","-34,86773551",SPRF-PB,DEL01-PB,UOP01-DEL01-PB
351617.0,2021-04-13,terça-feira,16:00:00,PB,104,"129,6",CAMPINA GRANDE,Desrespeitar a preferência no cruzamento,Colisão lateral mesmo sentido,Com Vítimas Feridas,Pleno dia,Crescente,Nublado,Dupla,Interseção de Vias;Retorno Regulamentado;Reta,Sim,2,0,1,0,1,0,1,2,"-7,277725","-35,888747",SPRF-PB,DEL02-PB,UOP03-DEL02-PB
351647.0,2021-04-13,terça-feira,19:30:00,PB,230,23,JOAO PESSOA,Pedestre andava na pista,Atropelamento de Pedestre,Com Vítimas Feridas,Plena Noite,Decrescente,Chuva,Múltipla,Interseção de Vias,Sim,2,0,1,0,1,0,1,2,"-7,16510814","-34,86245155",SPRF-PB,DEL01-PB,UOP01-DEL01-PB
351680.0,2021-04-13,terça-feira,22:35:00,PB,230,"157,4",CAMPINA GRANDE,Pedestre andava na pista,Atropelamento de Pedestre,Com Vítimas Fatais,Plena Noite,Crescente,Garoa/Chuvisco,Simples,Reta,Sim,2,1,0,0,1,0,0,2,"-7,263914","-35,920081",SPRF-PB,DEL02-PB,UOP01-DEL02-PB
351699.0,2021-04-14,quarta-feira,06:05:00,PB,101,116,CAAPORA,Transitar na contramão,Colisão frontal,Com Vítimas Feridas,Pleno dia,Crescente,Céu Claro,Dupla,Aclive,Não,3,0,0,1,2,0,1,2,"-7,405261","-34,95492",SPRF-PB,DEL01-PB,UOP02-DEL01-PB
351757.0,2021-04-14,quarta-feira,14:00:00,PB,230,"27,9",JOAO PESSOA,Acumulo de areia ou detritos sobre o pavimento,Colisão com objeto,Com Vítimas Feridas,Pleno dia,Decrescente,Céu Claro,Simples,Interseção de Vias,Sim,1,0,1,0,0,0,1,1,"-7,16567923","-34,89816272",SPRF-PB,DEL01-PB,UOP01-DEL01-PB
351812.0,2021-04-14,quarta-feira,18:15:00,PB,230,505,CAJAZEIRAS,Transitar na contramão,Colisão frontal,Com Vítimas Feridas,Plena Noite,Decrescente,Nublado,Simples,Curva,Sim,3,0,0,2,1,0,2,2,"-6,902","-38,568",SPRF-PB,DEL03-PB,UOP03-DEL03-PB
351874.0,2021-04-15,quinta-feira,08:00:00,PB,230,"20,7",JOAO PESSOA,Transitar no acostamento,Colisão lateral mesmo sentido,Com Vítimas Feridas,Pleno dia,Decrescente,Chuva,Dupla,Reta,Sim,4,0,4,0,0,0,4,2,"-7,1337","-34,8544",SPRF-PB,DEL01-PB,UOP01-DEL01-PB
352039.0,2021-04-16,sexta-feira,03:30:00,PB,101,86,BAYEUX,Animais na Pista,Atropelamento de Animal,Com Vítimas Feridas,Plena Noite,Decrescente,Céu Claro,Dupla,Declive;Curva,Sim,2,0,1,1,0,0,2,2,"-7,15122195","-34,90964955",SPRF-PB,DEL01-PB,UOP01-DEL01-PB
352140.0,2021-04-16,sexta-feira,16:45:00,PB,230,"13,8",CABEDELO,Trafegar com motocicleta (ou similar) entre as faixas,Tombamento,Com Vítimas Feridas,Pleno dia,Crescente,Sol,Dupla,Retorno Regulamentado,Sim,1,0,0,1,0,0,1,1,"-7,0844","-34,8488",SPRF-PB,DEL01-PB,UOP01-DEL01-PB
352172.0,2021-04-16,sexta-feira,13:50:00,PB,230,"341,9",PATOS,Conversão proibida,Tombamento,Com Vítimas Feridas,Pleno dia,Decrescente,Céu Claro,Simples,Reta,Não,2,0,1,0,1,0,1,2,"-6,9946","-37,3159",SPRF-PB,DEL03-PB,UOP01-DEL03-PB
352281.0,2021-04-17,sábado,08:40:00,PB,230,28,JOAO PESSOA,Acumulo de óleo sobre o pavimento,Queda de ocupante de veículo,Com Vítimas Feridas,Amanhecer,Decrescente,Sol,Dupla,Curva,Sim,1,0,1,0,0,0,1,1,"-7,1651","-34,8941",SPRF-PB,DEL01-PB,UOP01-DEL01-PB
352295.0,2021-04-17,sábado,10:45:00,PB,230,28,JOAO PESSOA,Manobra de mudança de faixa,Colisão com objeto,Com Vítimas Feridas,Pleno dia,Decrescente,Céu Claro,Múltipla,Viaduto,Sim,1,0,0,1,0,0,1,1,"-7,1651","-34,8941",SPRF-PB,DEL01-PB,UOP01-DEL01-PB
352340.0,2021-04-17,sábado,11:00:00,PB,405,37,SAO JOAO DO RIO DO PEIXE,Velocidade Incompatível,Saída de leito carroçável,Com Vítimas Feridas,Pleno dia,Decrescente,Sol,Simples,Reta,Não,2,0,2,0,0,0,2,1,"-6,760087","-38,434673",SPRF-PB,DEL03-PB,UOP03-DEL03-PB
352490.0,2021-04-18,domingo,07:00:00,PB,101,105,ALHANDRA,Velocidade Incompatível,Saída de leito carroçável,Com Vítimas Feridas,Pleno dia,Crescente,Chuva,Dupla,Curva,Não,1,0,1,0,0,0,1,1,"-7,30814609","-34,94344185",SPRF-PB,DEL01-PB,UOP02-DEL01-PB
352533.0,2021-04-18,domingo,13:50:00,PB,104,129,CAMPINA GRANDE,Ingestão de álcool pelo condutor,Queda de ocupante de veículo,Com Vítimas Feridas,Pleno dia,Crescente,Céu Claro,Simples,Reta,Não,1,0,1,0,0,0,1,1,"-7,28120589","-35,88915693",SPRF-PB,DEL02-PB,UOP01-DEL02-PB
352628.0,2021-04-18,domingo,18:50:00,PB,412,"133,8",MONTEIRO,Transitar na contramão,Colisão frontal,Com Vítimas Feridas,Plena Noite,Crescente,Céu Claro,Simples,Reta,Não,2,0,1,0,0,1,1,2,"-7,82008","-37,042686",SPRF-PB,DEL02-PB,UOP02-DEL02-PB
352641.0,2021-04-18,domingo,22:15:00,PB,230,100,MOGEIRO,Transitar na contramão,Colisão frontal,Com Vítimas Feridas,Plena Noite,Decrescente,Nublado,Dupla,Reta,Não,2,0,0,1,1,0,1,2,"-7,1933","-35,4805",SPRF-PB,DEL01-PB,UOP03-DEL01-PB
352673.0,2021-04-19,segunda-feira,07:30:00,PB,230,"14,8",BAYEUX,Manobra de mudança de faixa,Colisão traseira,Com Vítimas Feridas,Pleno dia,Crescente,Céu Claro,Dupla,Viaduto,Sim,2,0,1,0,1,0,1,2,"-7,0844","-34,8488",SPRF-PB,DEL01-PB,UOP01-DEL01-PB
352720.0,2021-04-19,segunda-feira,07:30:00,PB,101,4,MATARACA,Ausência de reação do condutor,Capotamento,Sem Vítimas,Pleno dia,Crescente,Céu Claro,Dupla,Reta,Não,1,0,0,0,0,1,0,1,"-6,5406751","-35,11731147",SPRF-PB,DEL01-PB,UOP04-DEL01-PB