id,data_inversa,dia_semana,horario,uf,br,km,municipio,causa_acidente,tipo_acidente,classificacao_acidente,fase_dia,sentido_via,condicao_metereologica,tipo_pista,tracado_via,uso_solo,pessoas,mortos,feridos_leves,feridos_graves,ilesos,ignorados,feridos,veiculos,latitude,longitude,regional,delegacia,uop
352732.0,2021-04-01,quinta-feira,07:30:00,PB,101,97,CONDE,Chuva,Colisão traseira,Com Vítimas Feridas,Pleno dia,Decrescente,Chuva,Dupla,Reta,Sim,4,0,3,0,1,0,3,2,"-7,24692282","-34,93113937",SPRF-PB,DEL01-PB,UOP02-DEL01-PB
352837.0,2021-04-19,segunda-feira,19:50:00,PB,230,"12,4",CABEDELO,Manobra de mudança de faixa,Colisão lateral mesmo sentido,Com Vítimas Feridas,Plena Noite,Decrescente,Céu Claro,Dupla,Retorno Regulamentado,Sim,2,0,1,0,1,0,1,2,"-7,068","-34,85",SPRF-PB,DEL01-PB,UOP01-DEL01-PB
352939.0,2021-04-19,segunda-feira,19:00:00,PB,230,"448,5",APARECIDA,Mal súbito do condutor,Saída de leito carroçável,Com Vítimas Fatais,Plena Noite,Crescente,Nublado,Simples,Reta;Aclive,Não,1,1,0,0,0,0,0,1,"-6,786294","-38,109073",SPRF-PB,DEL03-PB,UOP03-DEL03-PB
353103.0,2021-04-21,quarta-feira,08:15:00,PB,412,"138,1",MONTEIRO,Manobra de mudança de faixa,Colisão transversal,Com Vítimas Feridas,Pleno dia,Crescente,Céu Claro,Simples,Aclive,Não,2,0,0,1,1,0,1,2,"-7,852162","-37,074505",SPRF-PB,DEL02-PB,UOP02-DEL02-PB
353126.0,2021-04-03,sábado,15:35:00,PB,230,"507,7",CAJAZEIRAS,Transitar na contramão,Colisão frontal,Com Vítimas Feridas,Pleno dia,Crescente,Céu Claro,Simples,Reta,Sim,6,0,3,1,0,2,4,3,"-6,9001","-38,5703",SPRF-PB,DEL03-PB,UOP03-DEL03-PB
353344.0,2021-04-22,quinta-feira,17:10:00,PB,361,"39,5",CATINGUEIRA,Conversão proibida,Tombamento,Com Vítimas Fatais,Pleno dia,Crescente,Céu Claro,Simples,Reta,Não,1,1,0,0,0,0,0,1,"-7,098003","-37,595758",SPRF-PB,DEL03-PB,UOP01-DEL03-PB
353417.0,2021-04-23,sexta-feira,06:00:00,PB,104,"132,3",CAMPINA GRANDE,Conversão proibida,Colisão transversal,Sem Vítimas,Pleno dia,Crescente,Céu Claro,Simples,Reta,Sim,2,0,0,0,1,1,0,2,"-7,30787596","-35,89344027",SPRF-PB,DEL02-PB,UOP03-DEL02-PB
353442.0,2021-04-07,quarta-feira,11:57:00,PB,104,116,LAGOA SECA,Acessar a via sem observar a presença dos outros veículos,Colisão transversal,Com Vítimas Feridas,Pleno dia,Decrescente,Céu Claro,Simples,Aclive,Sim,2,0,1,0,1,0,1,2,"-7,18022102","-35,86480593",SPRF-PB,DEL02-PB,UOP04-DEL02-PB
353507.0,2021-04-23,sexta-feira,08:40:00,PB,230,12,CABEDELO,Reação tardia ou ineficiente do condutor,Colisão com objeto,Com Vítimas Feridas,Pleno dia,Crescente,Céu Claro,Dupla,Reta,Sim,2,0,1,0,1,0,1,1,"-7,068","-34,85",SPRF-PB,DEL01-PB,UOP01-DEL01-PB
353516.0,2021-04-23,sexta-feira,17:50:00,PB,101,"88,2",JOAO PESSOA,Velocidade Incompatível,Colisão traseira,Com Vítimas Feridas,Anoitecer,Crescente,Céu Claro,Dupla,Reta,Não,3,0,1,0,1,1,1,2,"-7,16470016","-34,89993643",SPRF-PB,DEL01-PB,UOP01-DEL01-PB
353518.0,2021-04-23,sexta-feira,18:00:00,PB,101,82,BAYEUX,Acesso irregular,Tombamento,Com Vítimas Feridas,Anoitecer,Decrescente,Céu Claro,Dupla,Reta,Sim,1,0,1,0,0,0,1,1,"-7,12911","-34,93714",SPRF-PB,DEL01-PB,UOP01-DEL01-PB
353533.0,2021-04-23,sexta-feira,19:35:00,PB,101,"89,3",BAYEUX,Acesso irregular,Colisão lateral mesmo sentido,Com Vítimas Feridas,Plena Noite,Decrescente,Céu Claro,Múltipla,Retorno Regulamentado,Sim,3,0,2,0,1,0,2,2,"-7,1710694","-34,89765372",SPRF-PB,DEL01-PB,UOP02-DEL01-PB
353549.0,2021-04-23,sexta-feira,20:00:00,PB,230,"78,5",RIACHAO DO POCO,Acessar a via sem observar a presença dos outros veículos,Colisão transversal,Com Vítimas Feridas,Plena Noite,Decrescente,Céu Claro,Dupla,Curva,Não,2,0,1,0,1,0,1,2,"-7,1849","-35,2955",SPRF-PB,DEL01-PB,UOP03-DEL01-PB
353562.0,2021-04-23,sexta-feira,21:40:00,PB,230,"168,3",CAMPINA GRANDE,Transitar na contramão,Colisão frontal,Com Vítimas Fatais,Plena Noite,Crescente,Céu Claro,Simples,Curva;Aclive,Não,2,1,0,0,1,0,0,2,"-7,190529","-35,966483",SPRF-PB,DEL02-PB,UOP02-DEL02-PB
353668.0,2021-04-24,sábado,15:20:00,PB,104,"144,7",QUEIMADAS,Avarias e/ou desgaste excessivo no pneu,Saída de leito carroçável,Com Vítimas Feridas,Pleno dia,Decrescente,Nublado,Simples,Reta,Não,4,0,2,0,2,0,2,1,"-7,41378301","-35,89590012",SPRF-PB,DEL02-PB,UOP03-DEL02-PB
353676.0,2021-04-24,sábado,18:25:00,PB,101,"30,7",MAMANGUAPE,Ausência de sinalização,Colisão com objeto,Com Vítimas Feridas,Plena Noite,Crescente,Céu Claro,Dupla,Interseção de Vias,Não,1,0,1,0,0,0,1,1,"-6,748999","-35,133778",SPRF-PB,DEL01-PB,UOP04-DEL01-PB
353677.0,2021-04-24,sábado,18:00:00,PB,230,11,CABEDELO,Ausência de reação do condutor,Colisão traseira,Com Vítimas Feridas,Plena Noite,Crescente,Céu Claro,Dupla,Reta,Sim,3,0,1,0,1,1,1,3,"-7,07223127","-34,84974861",SPRF-PB,DEL01-PB,UOP01-DEL01-PB
353726.0,2021-04-24,sábado,22:20:00,PB,230,"155,4",CAMPINA GRANDE,Acessar a via sem observar a presença dos outros veículos,Colisão traseira,Com Vítimas Feridas,Plena Noite,Crescente,Céu Claro,Simples,Retorno Regulamentado,Sim,2,0,0,1,0,1,1,2,"-7,2748","-35,9058",SPRF-PB,DEL02-PB,UOP01-DEL02-PB
353829.0,2021-04-25,domingo,14:33:00,PB,230,"23,7",JOAO PESSOA,Ingestão de substâncias psicoativas pelo condutor,Colisão com objeto,Sem Vítimas,Pleno dia,Crescente,Céu Claro,Dupla,Reta;Viaduto;Aclive,Sim,1,0,0,0,1,0,0,1,"-7,16453913","-34,86233538",SPRF-PB,DEL01-PB,UOP01-DEL01-PB
353854.0,2021-04-25,domingo,17:25:00,PB,230,78,RIACHAO DO POCO,Obras na pista,Colisão com objeto,Com Vítimas Feridas,Anoitecer,Crescente,Céu Claro,Dupla,Curva,Não,2,0,0,2,0,0,2,1,"-7,1849","-35,2955",SPRF-PB,DEL01-PB,UOP03-DEL01-PB
353863.0,2021-04-25,domingo,18:10:00,PB,230,40,SANTA RITA,Ingestão de álcool pelo condutor,Colisão traseira,Com Vítimas Feridas,Plena Noite,Decrescente,Nublado,Dupla,Reta,Não,2,0,1,0,1,0,1,2,"-7,1414","-34,9778",SPRF-PB,DEL01-PB,UOP03-DEL01-PB
353888.0,2021-04-25,domingo,19:55:00,PB,104,"129,9",CAMPINA GRANDE,Ultrapassagem Indevida,Colisão frontal,Com Vítimas Feridas,Plena Noite,Crescente,Nublado,Simples,Reta,Sim,5,0,3,2,0,0,5,3,"-7,28120589","-35,88915693",SPRF-PB,DEL02-PB,UOP03-DEL02-PB
353889.0,2021-04-25,domingo,19:15:00,PB,230,"236,8",JUAZEIRINHO,Transitar na contramão,Colisão lateral sentido oposto,Com Vítimas Feridas,Plena Noite,Decrescente,Nublado,Simples,Reta,Não,2,0,1,0,1,0,1,2,"-7,0495","-36,5348",SPRF-PB,DEL02-PB,UOP02-DEL02-PB
354048.0,2021-04-26,segunda-feira,16:30:00,PB,230,60,CRUZ DO ESPIRITO SANTO,Avarias e/ou desgaste excessivo no pneu,Queda de ocupante de veículo,Com Vítimas Feridas,Pleno dia,Crescente,Céu Claro,Dupla,Curva,Não,2,0,2,0,0,0,2,1,"-7,2055824","-35,146823",SPRF-PB,DEL01-PB,UOP03-DEL01-PB
354055.0,2021-04-26,segunda-feira,16:10:00,PB,230,120,RIACHAO DO BACAMARTE,Condutor Dormindo,Saída de leito carroçável,Com Vítimas Feridas,Pleno dia,Crescente,Céu Claro,Simples,Reta,Não,1,0,1,0,0,0,1,1,"-7,2436","-35,6395",SPRF-PB,DEL02-PB,UOP01-DEL02-PB
354084.0,2021-04-26,segunda-feira,19:05:00,PB,101,91,JOAO PESSOA,Pedestre andava na pista,Atropelamento de Pedestre,Com Vítimas Feridas,Plena Noite,Decrescente,Nublado,Dupla,Reta,Não,2,0,0,1,0,1,1,2,"-7,18826412","-34,90308264",SPRF-PB,DEL01-PB,UOP02-DEL01-PB
354159.0,2021-04-25,domingo,03:00:00,PB,110,70,SAO JOSE DE ESPINHARAS,Animais na Pista,Atropelamento de Animal,Com Vítimas Feridas,Plena Noite,Crescente,Céu Claro,Simples,Curva,Não,1,0,1,0,0,0,1,1,"-6,87157341","-37,41205215",SPRF-PB,DEL03-PB,UOP01-DEL03-PB
354173.0,2021-04-23,sexta-feira,21:00:00,PB,101,"84,5",BAYEUX,Acessar a via sem observar a presença dos outros veículos,Colisão transversal,Com Vítimas Feridas,Plena Noite,Crescente,Céu Claro,Dupla,Interseção de Vias,Sim,2,0,1,0,1,0,1,2,"-7,13957906","-34,92312806",SPRF-PB,DEL01-PB,UOP01-DEL01-PB
354324.0,2021-04-13,terça-feira,17:05:00,PB,230,145,CAMPINA GRANDE,Acessar a via sem observar a presença dos outros veículos,Colisão traseira,Com Vítimas Feridas,Anoitecer,Decrescente,Garoa/Chuvisco,Dupla,Reta,Não,3,0,1,0,2,0,1,2,"-7,2512","-35,8399",SPRF-PB,DEL02-PB,UOP01-DEL02-PB
354411.0,2021-04-28,quarta-feira,18:50:00,PB,230,"8,5",CABEDELO,Obras na pista,Colisão com objeto,Com Vítimas Feridas,Plena Noite,Decrescente,Céu Claro,Simples,Desvio Temporário;Em Obras;Reta,Sim,1,0,1,0,0,0,1,1,"-7,03664694","-34,84319329",SPRF-PB,DEL01-PB,UOP01-DEL01-PB
354433.0,2021-04-28,quarta-feira,20:05:00,PB,230,"134,5",CAMPINA GRANDE,Reação tardia ou ineficiente do condutor,Colisão com objeto,Com Vítimas Feridas,Plena Noite,Decrescente,Nublado,Dupla,Curva,Não,3,0,1,0,0,2,1,2,"-7,2727","-35,7527",SPRF-PB,DEL02-PB,UOP01-DEL02-PB
354464.0,2021-04-29,quinta-feira,07:30:00,PB,230,"8,5",CABEDELO,Acessar a via sem observar a presença dos outros veículos,Colisão transversal,Com Vítimas Feridas,Pleno dia,Crescente,Céu Claro,Simples,Reta;Retorno Regulamentado,Sim,2,0,1,0,1,0,1,2,"-7,0355","-34,8429",SPRF-PB,DEL01-PB,UOP01-DEL01-PB
354503.0,2021-04-29,quinta-feira,10:45:00,PB,101,"87,9",JOAO PESSOA,Condutor deixou de manter distância do veículo da frente,Colisão traseira,Sem Vítimas,Pleno dia,Crescente,Céu Claro,Dupla,Reta,Sim,2,0,0,0,2,0,0,2,"-7,164519","-34,90023",SPRF-PB,DEL01-PB,UOP01-DEL01-PB
354583.0,2021-04-29,quinta-feira,19:15:00,PB,230,"10,8",CABEDELO,Ingestão de álcool pelo condutor,Colisão traseira,Sem Vítimas,Plena Noite,Crescente,Chuva,Dupla,Reta,Sim,2,0,0,0,2,0,0,2,"-7,0514","-34,8499",SPRF-PB,DEL01-PB,UOP01-DEL01-PB
354723.0,2021-04-30,sexta-feira,13:45:00,PB,230,16,CABEDELO,Condutor deixou de manter distância do veículo da frente,Colisão traseira,Com Vítimas Feridas,Pleno dia,Decrescente,Sol,Dupla,Aclive;Reta,Sim,5,0,1,0,4,0,1,2,"-7,1039","-34,8458",SPRF-PB,DEL01-PB,UOP01-DEL01-PB
354749.0,2021-04-30,sexta-feira,11:35:00,PB,361,6,PATOS,Condutor deixou de manter distância do veículo da frente,Colisão traseira,Com Vítimas Feridas,Pleno dia,Crescente,Céu Claro,Simples,Reta,Não,2,0,1,0,1,0,1,2,"-7,03594312","-37,31112598",SPRF-PB,DEL03-PB,UOP01-DEL03-PB
354771.0,2021-04-30,sexta-feira,17:30:00,PB,104,139,QUEIMADAS,Acessar a via sem observar a presença dos outros veículos,Colisão transversal,Com Vítimas Feridas,Anoitecer,Crescente,Céu Claro,Simples,Interseção de Vias,Sim,2,0,1,0,1,0,1,2,"-7,36948311","-35,89979635",SPRF-PB,DEL02-PB,UOP03-DEL02-PB
354850.0,2021-04-30,sexta-feira,22:30:00,PB,230,"55,7",CRUZ DO ESPIRITO SANTO,Ingestão de álcool pelo condutor,Saída de leito carroçável,Com Vítimas Feridas,Plena Noite,Crescente,Céu Claro,Dupla,Reta,Não,1,0,0,1,0,0,1,1,"-7,2014","-35,0943",SPRF-PB,DEL01-PB,UOP03-DEL01-PB
354855.0,2021-04-30,sexta-feira,23:05:00,PB,230,26,JOAO PESSOA,Ingestão de álcool pelo condutor,Colisão com objeto,Sem Vítimas,Plena Noite,Decrescente,Nublado,Múltipla,Reta,Sim,1,0,0,0,0,1,0,1,"-7,1693","-34,8782",SPRF-PB,DEL01-PB,UOP01-DEL01-PB
354917.0,2021-05-01,sábado,09:05:00,PB,104,"107,4",SAO SEBASTIAO DE LAGOA DE  ROCA,Condutor deixou de manter distância do veículo da frente,Colisão traseira,Sem Vítimas,Pleno dia,Decrescente,Nublado,Simples,Reta,Sim,2,0,0,0,2,0,0,2,"-7,10299395","-35,8661241",SPRF-PB,DEL02-PB,UOP04-DEL02-PB
354954.0,2021-05-01,sábado,14:40:00,PB,230,18,JOAO PESSOA,Condutor deixou de manter distância do veículo da frente,Colisão traseira,Com Vítimas Feridas,Pleno dia,Crescente,Céu Claro,Dupla,Reta;Declive,Não,3,0,1,1,1,0,2,2,"-7,1198","-34,8453",SPRF-PB,DEL01-PB,UOP01-DEL01-PB
354969.0,2021-03-23,terça-feira,05:45:00,PB,230,129,MASSARANDUBA,Pedestre andava na pista,Atropelamento de Pedestre,Com Vítimas Fatais,Amanhecer,Crescente,Céu Claro,Dupla,Reta,Não,2,1,0,0,0,1,0,2,"-7,2627","-35,7149",SPRF-PB,DEL02-PB,UOP01-DEL02-PB
355048.0,2021-05-01,sábado,19:45:00,PB,230,"159,2",CAMPINA GRANDE,Velocidade Incompatível,Capotamento,Sem Vítimas,Plena Noite,Decrescente,Céu Claro,Simples,Reta,Sim,1,0,0,0,0,1,0,1,"-7,25446","-35,930915",SPRF-PB,DEL02-PB,UOP01-DEL02-PB
355052.0,2021-05-01,sábado,20:00:00,PB,230,"159,2",CAMPINA GRANDE,Estacionar ou parar em local proibido,Colisão traseira,Com Vítimas Feridas,Plena Noite,Crescente,Céu Claro,Simples,Reta,Não,3,0,1,0,2,0,1,2,"-7,252","-35,9334",SPRF-PB,DEL02-PB,UOP01-DEL02-PB
355065.0,2021-05-01,sábado,23:00:00,PB,101,88,JOAO PESSOA,Reação tardia ou ineficiente do condutor,Colisão traseira,Sem Vítimas,Plena Noite,Crescente,Céu Claro,Dupla,Viaduto,Não,4,0,0,0,4,0,0,2,"-7,16562974","-34,89686966",SPRF-PB,DEL01-PB,UOP01-DEL01-PB
355096.0,2021-05-02,domingo,01:05:00,PB,101,83,BAYEUX,Ausência de reação do condutor,Colisão traseira,Com Vítimas Feridas,Plena Noite,Crescente,Garoa/Chuvisco,Dupla,Reta,Sim,2,0,1,0,1,0,1,2,"-7,13989996","-34,92294073",SPRF-PB,DEL01-PB,UOP01-DEL01-PB
355172.0,2021-04-09,sexta-feira,22:00:00,PB,104,"105,2",SAO SEBASTIAO DE LAGOA DE  ROCA,Ausência de reação do condutor,Colisão com objeto,Com Vítimas Fatais,Plena Noite,Crescente,Céu Claro,Simples,Declive;Curva,Não,5,2,0,3,0,0,3,1,"-7,09569811","-35,86106094",SPRF-PB,DEL02-PB,UOP04-DEL02-PB
355206.0,2021-05-02,domingo,16:30:00,PB,230,"314,3",SAO MAMEDE,Ingestão de álcool pelo condutor,Tombamento,Com Vítimas Feridas,Pleno dia,Decrescente,Céu Claro,Simples,Reta,Não,1,0,1,0,0,0,1,1,"-6,9412","-37,1016",SPRF-PB,DEL03-PB,UOP01-DEL03-PB
355352.0,2021-05-03,segunda-feira,10:40:00,PB,230,290,SANTA LUZIA,Condutor Dormindo,Colisão frontal,Com Vítimas Feridas,Pleno dia,Crescente,Céu Claro,Simples,Reta,Sim,4,0,3,0,1,0,3,2,"-6,8742","-36,9085",SPRF-PB,DEL03-PB,UOP01-DEL03-PB
355549.0,2021-04-06,terça-feira,23:10:00,PB,412,17,BOA VISTA,Sinalização encoberta,Colisão com objeto,Com Vítimas Fatais,Plena Noite,Crescente,Céu Claro,Simples,Interseção de Vias,Não,1,1,0,0,0,0,0,1,"-7,249509","-36,219105",SPRF-PB,DEL02-PB,UOP02-DEL02-PB
355612.0,2021-05-04,terça-feira,14:30:00,PB,230,"472,6",SOUSA,Acessar a via sem observar a presença dos outros veículos,Colisão traseira,Com Vítimas Feridas,Pleno dia,Crescente,Nublado,Simples,Reta,Não,2,0,0,2,0,0,2,2,"-6,7994","-38,2987",SPRF-PB,DEL03-PB,UOP03-DEL03-PB
355780.0,2021-05-05,quarta-feira,17:50:00,PB,101,"84,1",BAYEUX,Condutor deixou de manter distância do veículo da frente,Colisão traseira,Com Vítimas Feridas,Anoitecer,Decrescente,Céu Claro,Dupla,Reta,Sim,2,0,1,0,1,0,1,2,"-7,13957906","-34,92312806",SPRF-PB,DEL01-PB,UOP01-DEL01-PB
356007.0,2021-05-06,quinta-feira,19:40:00,PB,230,28,JOAO PESSOA,Ausência de reação do condutor,Colisão traseira,Com Vítimas Feridas,Plena Noite,Crescente,Céu Claro,Múltipla,Declive,Sim,2,0,1,0,0,1,1,2,"-7,1651","-34,8941",SPRF-PB,DEL01-PB,UOP01-DEL01-PB
356014.0,2021-05-06,quinta-feira,20:20:00,PB,230,25,JOAO PESSOA,Entrada inopinada do pedestre,Atropelamento de Pedestre,Com Vítimas Feridas,Plena Noite,Decrescente,Céu Claro,Múltipla,Reta,Sim,3,0,0,1,1,1,1,2,"-7,17051097","-34,87080043",SPRF-PB,DEL01-PB,UOP01-DEL01-PB
356052.0,2021-05-06,quinta-feira,11:30:00,PB,230,459,SOUSA,Transitar na contramão,Colisão lateral sentido oposto,Com Vítimas Feridas,Plena Noite,Crescente,Nublado,Simples,Reta,Não,2,0,0,1,1,0,1,2,"-6,7762","-38,1899",SPRF-PB,DEL03-PB,UOP03-DEL03-PB
356060.0,2021-05-07,sexta-feira,05:00:00,PB,230,198,POCINHOS,Animais na Pista,Atropelamento de Animal,Com Vítimas Feridas,Pleno dia,Decrescente,Céu Claro,Simples,Reta,Não,1,0,0,1,0,0,1,1,"-7,1106","-36,22",SPRF-PB,DEL02-PB,UOP02-DEL02-PB
356174.0,2021-05-07,sexta-feira,15:20:00,PB,230,"169,9",CAMPINA GRANDE,Reação tardia ou ineficiente do condutor,Colisão traseira,Sem Vítimas,Pleno dia,Crescente,Céu Claro,Simples,Curva,Sim,3,0,0,0,2,1,0,3,"-7,18426883","-35,98095417",SPRF-PB,DEL02-PB,UOP02-DEL02-PB
356209.0,2021-05-07,sexta-feira,17:40:00,PB,101,"88,6",JOAO PESSOA,Reação tardia ou ineficiente do condutor,Colisão traseira,Com Vítimas Feridas,Plena Noite,Decrescente,Céu Claro,Dupla,Reta,Não,5,0,0,1,4,0,1,2,"-7,164485","-34,900172",SPRF-PB,DEL01-PB,UOP02-DEL01-PB
356246.0,2021-05-07,sexta-feira,20:30:00,PB,230,"78,7",RIACHAO DO POCO,Ingestão de álcool pelo condutor,Colisão com objeto,Com Vítimas Feridas,Plena Noite,Crescente,Céu Claro,Dupla,Curva,Não,1,0,0,1,0,0,1,1,"-7,1849","-35,2955",SPRF-PB,DEL01-PB,UOP03-DEL01-PB
356370.0,2021-05-08,sábado,11:55:00,PB,230,"45,5",SANTA RITA,Velocidade Incompatível,Saída de leito carroçável,Com Vítimas Feridas,Pleno dia,Decrescente,Chuva,Dupla,Retorno Regulamentado;Reta,Não,4,0,1,0,3,0,1,1,"-7,16437185","-35,02539575",SPRF-PB,DEL01-PB,UOP03-DEL01-PB
356384.0,2021-05-08,sábado,13:20:00,PB,101,"84,6",BAYEUX,Trafegar com motocicleta (ou similar) entre as faixas,Colisão lateral mesmo sentido,Com Vítimas Feridas,Pleno dia,Decrescente,Céu Claro,Dupla,Reta,Sim,3,0,1,0,0,2,1,2,"-7,13957906","-34,92312806",SPRF-PB,DEL01-PB,UOP01-DEL01-PB
356479.0,2021-05-08,sábado,20:40:00,PB,104,"111,1",LAGOA SECA,Reação tardia ou ineficiente do condutor,Colisão lateral sentido oposto,Com Vítimas Feridas,Plena Noite,Decrescente,Céu Claro,Simples,Aclive;Curva,Não,4,0,1,0,2,1,1,2,"-7,136985","-35,86095",SPRF-PB,DEL02-PB,UOP04-DEL02-PB
356581.0,2021-05-08,sábado,23:40:00,PB,230,404,POMBAL,Deficiência do Sistema de Iluminação/Sinalização,Colisão transversal,Com Vítimas Feridas,Plena Noite,Decrescente,Céu Claro,Simples,Reta,Não,4,0,1,1,2,0,2,2,"-6,79","-37,79",SPRF-PB,DEL03-PB,UOP02-DEL03-PB
356582.0,2021-05-09,domingo,06:00:00,PB,230,"400,7",POMBAL,Ingestão de álcool pelo condutor,Saída de leito carroçável,Com Vítimas Feridas,Amanhecer,Decrescente,Céu Claro,Simples,Declive,Não,1,0,1,0,0,0,1,1,"-6,822","-37,762",SPRF-PB,DEL03-PB,UOP02-DEL03-PB
356583.0,2021-05-09,domingo,09:00:00,PB,104,"112,6",LAGOA SECA,Desrespeitar a preferência no cruzamento,Colisão transversal,Com Vítimas Feridas,Pleno dia,Decrescente,Céu Claro,Simples,Interseção de Vias,Não,3,0,2,0,1,0,2,2,"-7,14830993","-35,8542037",SPRF-PB,DEL02-PB,UOP04-DEL02-PB
356630.0,2021-05-09,domingo,16:00:00,PB,101,"103,6",ALHANDRA,Chuva,Saída de leito carroçável,Com Vítimas Feridas,Pleno dia,Crescente,Chuva,Dupla,Curva,Não,1,0,1,0,0,0,1,1,"-7,29163604","-34,93807826",SPRF-PB,DEL01-PB,UOP02-DEL01-PB
356669.0,2021-05-09,domingo,17:20:00,PB,101,"81,9",BAYEUX,Condutor deixou de manter distância do veículo da frente,Engavetamento,Com Vítimas Feridas,Anoitecer,Crescente,Garoa/Chuvisco,Dupla,Reta,Sim,5,0,0,1,3,1,1,4,"-7,12508575","-34,94513217",SPRF-PB,DEL01-PB,UOP01-DEL01-PB
356716.0,2021-05-09,domingo,18:20:00,PB,230,"481,1",MARIZOPOLIS,Pedestre andava na pista,Atropelamento de Pedestre,Com Vítimas Feridas,Plena Noite,Crescente,Nublado,Simples,Declive,Não,2,0,0,2,0,0,2,2,"-6,8451","-38,354",SPRF-PB,DEL03-PB,UOP03-DEL03-PB
356721.0,2021-05-09,domingo,18:40:00,PB,230,"352,5",PATOS,Acessar a via sem observar a presença dos outros veículos,Colisão transversal,Sem Vítimas,Plena Noite,Crescente,Céu Claro,Simples,Interseção de Vias,Não,2,0,0,0,2,0,0,2,"-6,9461","-37,4033",SPRF-PB,DEL03-PB,UOP01-DEL03-PB
356807.0,2021-05-10,segunda-feira,06:30:00,PB,230,133,RIACHAO DO BACAMARTE,Velocidade Incompatível,Saída de leito carroçável,Com Vítimas Feridas,Pleno dia,Decrescente,Chuva,Dupla,Curva,Não,1,0,1,0,0,0,1,1,"-7,2774","-35,7367",SPRF-PB,DEL02-PB,UOP01-DEL02-PB
356812.0,2021-05-10,segunda-feira,07:45:00,PB,230,"25,3",JOAO PESSOA,Condutor deixou de manter distância do veículo da frente,Colisão lateral mesmo sentido,Com Vítimas Feridas,Pleno dia,Decrescente,Céu Claro,Dupla,Declive;Curva,Sim,3,0,0,1,2,0,1,2,"-7,1707","-34,8684",SPRF-PB,DEL01-PB,UOP01-DEL01-PB
356888.0,2021-05-10,segunda-feira,14:10:00,PB,104,"118,5",LAGOA SECA,Reação tardia ou ineficiente do condutor,Colisão transversal,Com Vítimas Feridas,Pleno dia,Decrescente,Céu Claro,Simples,Reta,Sim,2,0,2,0,0,0,2,2,"-7,19637839","-35,87571339",SPRF-PB,DEL02-PB,UOP04-DEL02-PB
356895.0,2021-05-10,segunda-feira,15:20:00,PB,101,"85,9",JOAO PESSOA,Acessar a via sem observar a presença dos outros veículos,Colisão traseira,Com Vítimas Feridas,Pleno dia,Crescente,Céu Claro,Dupla,Curva;Declive,Sim,3,0,2,1,0,0,3,2,"-7,14538184","-34,91662887",SPRF-PB,DEL01-PB,UOP01-DEL01-PB
356917.0,2021-05-10,segunda-feira,17:30:00,PB,230,41,SANTA RITA,Acessar a via sem observar a presença dos outros veículos,Colisão transversal,Com Vítimas Feridas,Plena Noite,Crescente,Céu Claro,Dupla,Reta,Sim,2,0,0,1,1,0,1,2,"-7,1432","-34,9869",SPRF-PB,DEL01-PB,UOP03-DEL01-PB
357013.0,2021-05-11,terça-feira,07:30:00,PB,230,26,JOAO PESSOA,Condutor deixou de manter distância do veículo da frente,Colisão traseira,Com Vítimas Feridas,Pleno dia,Crescente,Sol,Dupla,Reta,Sim,3,0,2,0,1,0,2,2,"-7,16805198","-34,88450116",SPRF-PB,DEL01-PB,UOP01-DEL01-PB
357083.0,2021-05-11,terça-feira,14:00:00,PB,230,"7,7",CABEDELO,Reação tardia ou ineficiente do condutor,Colisão traseira,Com Vítimas Fatais,Pleno dia,Decrescente,Céu Claro,Dupla,Em Obras,Sim,5,1,0,2,1,1,2,3,"-7,026","-34,8385",SPRF-PB,DEL01-PB,UOP01-DEL01-PB
357230.0,2021-05-12,quarta-feira,08:15:00,PB,230,160,CAMPINA GRANDE,Desrespeitar a preferência no cruzamento,Colisão transversal,Com Vítimas Feridas,Pleno dia,Decrescente,Céu Claro,Simples,Interseção de Vias,Sim,2,0,1,0,1,0,1,2,"-7,2436","-35,9375",SPRF-PB,DEL02-PB,UOP01-DEL02-PB
357411.0,2021-05-13,quinta-feira,07:30:00,PB,230,"158,9",CAMPINA GRANDE,Desrespeitar a preferência no cruzamento,Colisão transversal,Com Vítimas Feridas,Pleno dia,Decrescente,Chuva,Simples,Reta,Sim,2,0,0,1,1,0,1,2,"-7,25632225","-35,9288997",SPRF-PB,DEL02-PB,UOP01-DEL02-PB
357541.0,2021-05-13,quinta-feira,18:30:00,PB,412,"128,8",MONTEIRO,Ingestão de álcool pelo condutor,Colisão transversal,Com Vítimas Feridas,Anoitecer,Crescente,Chuva,Simples,Interseção de Vias,Não,4,0,0,2,1,1,2,3,"-7,793972","-37,018809",SPRF-PB,DEL02-PB,UOP02-DEL02-PB
357581.0,2021-05-14,sexta-feira,06:30:00,PB,230,99,GURINHEM,Acumulo de água sobre o pavimento,Saída de leito carroçável,Com Vítimas Feridas,Pleno dia,Decrescente,Chuva,Simples,Reta,Não,2,0,1,0,1,0,1,1,"-7,1911","-35,4716",SPRF-PB,DEL01-PB,UOP03-DEL01-PB