id,data_inversa,dia_semana,horario,uf,br,km,municipio,causa_acidente,tipo_acidente,classificacao_acidente,fase_dia,sentido_via,condicao_metereologica,tipo_pista,tracado_via,uso_solo,pessoas,mortos,feridos_leves,feridos_graves,ilesos,ignorados,feridos,veiculos,latitude,longitude,regional,delegacia,uop
357661.0,2021-05-14,sexta-feira,16:15:00,PB,230,27,JOAO PESSOA,Ultrapassagem Indevida,Colisão lateral mesmo sentido,Com Vítimas Feridas,Pleno dia,Decrescente,Nublado,Simples,Curva,Sim,3,0,2,0,0,1,2,2,"-7,16716363","-34,89736687",SPRF-PB,DEL01-PB,UOP01-DEL01-PB
357702.0,2021-05-14,sexta-feira,19:00:00,PB,427,10,VISTA SERRANA,Animais na Pista,Atropelamento de Animal,Com Vítimas Feridas,Plena Noite,Crescente,Céu Claro,Simples,Reta,Não,2,0,2,0,0,0,2,1,"-6,67565495","-37,57460506",SPRF-PB,DEL03-PB,UOP02-DEL03-PB
357714.0,2021-05-14,sexta-feira,19:50:00,PB,230,"26,1",JOAO PESSOA,Acessar a via sem observar a presença dos outros veículos,Colisão lateral mesmo sentido,Sem Vítimas,Plena Noite,Crescente,Chuva,Dupla,Interseção de Vias,Sim,2,0,0,0,2,0,0,2,"-7,1693","-34,8782",SPRF-PB,DEL01-PB,UOP01-DEL01-PB
357735.0,2021-05-14,sexta-feira,17:30:00,PB,104,"117,8",LAGOA SECA,Ingestão de álcool pelo condutor,Colisão traseira,Sem Vítimas,Plena Noite,Crescente,Chuva,Simples,Reta,Não,2,0,0,0,2,0,0,2,"-7,19030697","-35,86736609",SPRF-PB,DEL02-PB,UOP04-DEL02-PB
357807.0,2021-05-15,sábado,05:00:00,PB,230,"126,1",RIACHAO DO BACAMARTE,Ingestão de álcool pelo condutor,Saída de leito carroçável,Sem Vítimas,Amanhecer,Decrescente,Nublado,Dupla,Reta,Não,1,0,0,0,1,0,0,1,"-7,26054164","-35,69803476",SPRF-PB,DEL02-PB,UOP01-DEL02-PB
357836.0,2021-05-15,sábado,00:20:00,PB,427,26,POMBAL,Reação tardia ou ineficiente do condutor,Saída de leito carroçável,Com Vítimas Fatais,Plena Noite,Decrescente,Céu Claro,Simples,Reta,Não,1,1,0,0,0,0,0,1,"-6,74084492","-37,70087902",SPRF-PB,DEL03-PB,UOP02-DEL03-PB
357850.0,2021-04-29,quinta-feira,12:30:00,PB,101,66,SANTA RITA,Manobra de mudança de faixa,Saída de leito carroçável,Com Vítimas Feridas,Pleno dia,Crescente,Céu Claro,Dupla,Reta,Não,4,0,3,0,1,0,3,1,"-7,04802898","-35,04348899",SPRF-PB,DEL01-PB,UOP04-DEL01-PB
357869.0,2021-04-18,domingo,15:00:00,PB,101,86,BAYEUX,Velocidade Incompatível,Colisão com objeto,Sem Vítimas,Pleno dia,Decrescente,Chuva,Dupla,Retorno Regulamentado,Sim,1,0,0,0,0,1,0,1,"-7,15040708","-34,9106884",SPRF-PB,DEL01-PB,UOP01-DEL01-PB
357872.0,2021-05-15,sábado,15:25:00,PB,230,5,CABEDELO,Velocidade Incompatível,Saída de leito carroçável,Com Vítimas Feridas,Pleno dia,Crescente,Nublado,Dupla,Reta,Sim,1,0,1,0,0,0,1,1,"-7,01","-34,8312",SPRF-PB,DEL01-PB,UOP01-DEL01-PB
357909.0,2021-05-15,sábado,18:00:00,PB,230,468,SOUSA,Condutor deixou de manter distância do veículo da frente,Colisão traseira,Com Vítimas Feridas,Anoitecer,Decrescente,Céu Claro,Simples,Reta,Não,3,0,0,2,0,1,2,2,"-6,7817","-38,2695",SPRF-PB,DEL03-PB,UOP03-DEL03-PB
358082.0,2021-05-16,domingo,11:45:00,PB,0,0,CAMPINA GRANDE,Sinalização encoberta,Colisão com objeto,Sem Vítimas,Pleno dia,Não Informado,Céu Claro,Simples,Reta,Sim,2,0,0,0,2,0,0,1,"-7,2536","-35,8317",SPRF-PB,DEL02-PB,UOP01-DEL02-PB
358089.0,2021-05-16,domingo,14:50:00,PB,230,"70,9",SOBRADO,Reação tardia ou ineficiente do condutor,Saída de leito carroçável,Com Vítimas Feridas,Pleno dia,Decrescente,Sol,Dupla,Reta,Não,2,0,1,1,0,0,2,1,"-7,1919","-35,2261",SPRF-PB,DEL01-PB,UOP03-DEL01-PB
358127.0,2021-05-16,domingo,18:30:00,PB,230,"5,5",CABEDELO,Ausência de reação do condutor,Queda de ocupante de veículo,Com Vítimas Feridas,Plena Noite,Crescente,Céu Claro,Dupla,Reta,Sim,2,0,1,0,0,1,1,1,"-7,016745","-34,8312",SPRF-PB,DEL01-PB,UOP01-DEL01-PB
358197.0,2021-05-16,domingo,19:50:00,PB,230,"333,2",PATOS,Acesso irregular,Colisão frontal,Com Vítimas Feridas,Plena Noite,Decrescente,Céu Claro,Simples,Reta,Não,6,0,5,1,0,0,6,2,"-7,0193","-37,2493",SPRF-PB,DEL03-PB,UOP01-DEL03-PB
358203.0,2021-05-16,domingo,21:40:00,PB,101,89,JOAO PESSOA,Acessar a via sem observar a presença dos outros veículos,Colisão transversal,Com Vítimas Feridas,Plena Noite,Crescente,Céu Claro,Dupla,Reta,Sim,2,0,1,0,1,0,1,2,"-7,1710694","-34,89765372",SPRF-PB,DEL01-PB,UOP02-DEL01-PB
358227.0,2021-05-16,domingo,20:40:00,PB,405,"2,5",UIRAUNA,Manobra de mudança de faixa,Colisão frontal,Com Vítimas Feridas,Plena Noite,Decrescente,Céu Claro,Simples,Reta,Não,2,0,0,1,1,0,1,2,"-6,471163","-38,382954",SPRF-PB,DEL03-PB,UOP03-DEL03-PB
358275.0,2021-04-23,sexta-feira,17:23:00,PB,230,"12,5",CABEDELO,Ausência de reação do condutor,Engavetamento,Com Vítimas Feridas,Anoitecer,Decrescente,Céu Claro,Dupla,Reta,Não,4,0,1,0,1,2,1,3,"-7,07740579","-34,84923363",SPRF-PB,DEL01-PB,UOP01-DEL01-PB
358276.0,2021-05-17,segunda-feira,09:10:00,PB,230,"147,9",CAMPINA GRANDE,Acumulo de areia ou detritos sobre o pavimento,Tombamento,Com Vítimas Feridas,Pleno dia,Crescente,Céu Claro,Dupla,Rotatória,Sim,1,0,1,0,0,0,1,1,"-7,23713268","-35,86780971",SPRF-PB,DEL02-PB,UOP01-DEL02-PB
358370.0,2021-05-17,segunda-feira,15:55:00,PB,104,"132,2",QUEIMADAS,Condutor deixou de manter distância do veículo da frente,Colisão traseira,Sem Vítimas,Pleno dia,Crescente,Céu Claro,Simples,Reta,Sim,2,0,0,0,2,0,0,2,"-7,30787596","-35,89344027",SPRF-PB,DEL02-PB,UOP03-DEL02-PB
358487.0,2021-05-18,terça-feira,12:40:00,PB,230,"147,9",CAMPINA GRANDE,Condutor deixou de manter distância do veículo da frente,Colisão traseira,Sem Vítimas,Pleno dia,Crescente,Céu Claro,Múltipla,Rotatória,Sim,6,0,0,0,6,0,0,2,"-7,2425","-35,8567",SPRF-PB,DEL02-PB,UOP01-DEL02-PB
358492.0,2021-05-18,terça-feira,12:45:00,PB,101,"88,9",JOAO PESSOA,Condutor deixou de manter distância do veículo da frente,Engavetamento,Com Vítimas Feridas,Pleno dia,Crescente,Sol,Dupla,Aclive;Reta,Sim,3,0,1,0,1,1,1,3,"-7,17295638","-34,89821705",SPRF-PB,DEL01-PB,UOP02-DEL01-PB
358515.0,2021-05-18,terça-feira,14:55:00,PB,230,"145,8",CAMPINA GRANDE,Demais falhas mecânicas ou elétricas,Incêndio,Sem Vítimas,Pleno dia,Crescente,Céu Claro,Dupla,Reta,Sim,1,0,0,0,1,0,0,1,"-7,2512","-35,8399",SPRF-PB,DEL02-PB,UOP01-DEL02-PB
358571.0,2021-05-18,terça-feira,19:25:00,PB,230,0,CABEDELO,Animais na Pista,Atropelamento de Animal,Sem Vítimas,Plena Noite,Crescente,Garoa/Chuvisco,Simples,Reta,Sim,2,0,0,0,0,2,0,2,"-6,97395778","-34,83215332",SPRF-PB,DEL01-PB,UOP01-DEL01-PB
358591.0,2021-05-18,terça-feira,21:30:00,PB,230,"16,2",JOAO PESSOA,Animais na Pista,Atropelamento de Animal,Com Vítimas Feridas,Plena Noite,Crescente,Céu Claro,Dupla,Declive;Reta,Sim,4,0,1,0,2,1,1,3,"-7,1039","-34,8458",SPRF-PB,DEL01-PB,UOP01-DEL01-PB
358616.0,2021-05-19,quarta-feira,06:35:00,PB,101,96,CONDE,Transitar na contramão,Colisão frontal,Com Vítimas Feridas,Pleno dia,Decrescente,Céu Claro,Dupla,Aclive;Reta,Sim,2,0,1,0,1,0,1,2,"-7,230921","-34,921149",SPRF-PB,DEL01-PB,UOP02-DEL01-PB
358635.0,2021-05-19,quarta-feira,09:30:00,PB,361,5,PATOS,Ingestão de álcool pelo condutor,Colisão traseira,Sem Vítimas,Pleno dia,Decrescente,Céu Claro,Simples,Reta,Sim,3,0,0,0,3,0,0,2,"-7,0342983","-37,30232718",SPRF-PB,DEL03-PB,UOP01-DEL03-PB
358710.0,2021-05-19,quarta-feira,17:10:00,PB,101,85,BAYEUX,Velocidade Incompatível,Colisão traseira,Com Vítimas Feridas,Anoitecer,Decrescente,Céu Claro,Dupla,Reta,Sim,3,0,1,0,2,0,1,3,"-7,14194741","-34,92089557",SPRF-PB,DEL01-PB,UOP01-DEL01-PB
358725.0,2021-05-19,quarta-feira,17:30:00,PB,230,"161,5",CAMPINA GRANDE,Desrespeitar a preferência no cruzamento,Colisão transversal,Com Vítimas Feridas,Anoitecer,Decrescente,Céu Claro,Simples,Interseção de Vias;Reta,Não,2,0,1,0,1,0,1,2,"-7,2361","-35,941",SPRF-PB,DEL02-PB,UOP01-DEL02-PB
358800.0,2021-05-20,quinta-feira,07:05:00,PB,101,"89,1",JOAO PESSOA,Pedestre cruzava a pista fora da faixa,Atropelamento de Pedestre,Com Vítimas Feridas,Pleno dia,Decrescente,Céu Claro,Dupla,Reta,Sim,2,0,0,1,0,1,1,2,"-7,1710694","-34,89765372",SPRF-PB,DEL01-PB,UOP02-DEL01-PB
358924.0,2021-05-20,quinta-feira,19:00:00,PB,230,26,JOAO PESSOA,Trafegar com motocicleta (ou similar) entre as faixas,Colisão traseira,Com Vítimas Feridas,Plena Noite,Decrescente,Céu Claro,Múltipla,Reta,Sim,2,0,1,0,1,0,1,2,"-7,1693","-34,8782",SPRF-PB,DEL01-PB,UOP01-DEL01-PB
358926.0,2021-05-20,quinta-feira,18:01:00,PB,101,"55,9",SANTA RITA,Velocidade Incompatível,Colisão com objeto,Sem Vítimas,Plena Noite,Crescente,Céu Claro,Dupla,Curva,Não,1,0,0,0,1,0,0,1,"-6,9619331421","-35,0863602619",SPRF-PB,DEL01-PB,UOP04-DEL01-PB
358943.0,2021-05-20,quinta-feira,19:40:00,PB,230,26,JOAO PESSOA,Animais na Pista,Atropelamento de Animal,Com Vítimas Feridas,Plena Noite,Decrescente,Céu Claro,Dupla,Reta,Sim,1,0,0,1,0,0,1,1,"-7,1693","-34,8782",SPRF-PB,DEL01-PB,UOP01-DEL01-PB
359020.0,2021-05-21,sexta-feira,08:40:00,PB,230,22,JOAO PESSOA,Reação tardia ou ineficiente do condutor,Colisão com objeto,Com Vítimas Feridas,Pleno dia,Decrescente,Céu Claro,Dupla,Reta,Sim,2,0,0,1,1,0,1,2,"-7,1495","-34,8517",SPRF-PB,DEL01-PB,UOP01-DEL01-PB
359026.0,2021-05-21,sexta-feira,09:10:00,PB,230,21,JOAO PESSOA,Animais na Pista,Atropelamento de Animal,Com Vítimas Feridas,Pleno dia,Crescente,Sol,Dupla,Reta,Sim,1,0,0,1,0,0,1,1,"-7,1415","-34,8519",SPRF-PB,DEL01-PB,UOP01-DEL01-PB
359036.0,2021-05-20,quinta-feira,12:19:00,PB,101,"38,9",MAMANGUAPE,Reação tardia ou ineficiente do condutor,Atropelamento de Pedestre,Com Vítimas Feridas,Pleno dia,Crescente,Céu Claro,Dupla,Reta,Sim,2,0,1,0,1,0,1,2,"-6,8821245","-35,138799",SPRF-PB,DEL01-PB,UOP04-DEL01-PB
359071.0,2021-05-21,sexta-feira,15:30:00,PB,101,81,BAYEUX,Condutor deixou de manter distância do veículo da frente,Engavetamento,Com Vítimas Feridas,Pleno dia,Decrescente,Céu Claro,Dupla,Reta;Declive,Sim,5,0,1,0,4,0,1,4,"-7,12508575","-34,94513217",SPRF-PB,DEL01-PB,UOP01-DEL01-PB
359162.0,2021-05-21,sexta-feira,21:00:00,PB,230,163,CAMPINA GRANDE,Conversão proibida,Colisão transversal,Com Vítimas Feridas,Plena Noite,Crescente,Céu Claro,Simples,Curva,Sim,3,0,1,0,2,0,1,2,"-7,211252","-35,936658",SPRF-PB,DEL02-PB,UOP01-DEL02-PB
359243.0,2021-05-22,sábado,09:30:00,PB,230,"26,9",JOAO PESSOA,Condutor deixou de manter distância do veículo da frente,Colisão traseira,Com Vítimas Feridas,Pleno dia,Crescente,Sol,Dupla,Reta,Sim,3,0,0,2,1,0,2,2,"-7,16577977","-34,88929879",SPRF-PB,DEL01-PB,UOP01-DEL01-PB
359254.0,2021-05-22,sábado,10:30:00,PB,101,"76,5",SANTA RITA,Objeto estático sobre o leito carroçável,Colisão com objeto,Com Vítimas Feridas,Pleno dia,Crescente,Céu Claro,Dupla,Reta,Não,2,0,1,1,0,0,2,1,"-7,09085711","-34,96857932",SPRF-PB,DEL01-PB,UOP04-DEL01-PB
359302.0,2021-05-22,sábado,15:45:00,PB,101,87,JOAO PESSOA,Ausência de reação do condutor,Colisão traseira,Com Vítimas Feridas,Pleno dia,Crescente,Sol,Dupla,Reta,Sim,2,0,1,0,0,1,1,2,"-7,16240429","-34,90297437",SPRF-PB,DEL01-PB,UOP01-DEL01-PB
359316.0,2021-05-22,sábado,17:10:00,PB,230,"69,9",SOBRADO,Manobra de mudança de faixa,Colisão traseira,Com Vítimas Feridas,Pleno dia,Decrescente,Céu Claro,Dupla,Retorno Regulamentado,Não,3,0,2,0,1,0,2,2,"-7,1887","-35,2151",SPRF-PB,DEL01-PB,UOP03-DEL01-PB
359343.0,2021-05-22,sábado,19:10:00,PB,230,"156,2",CAMPINA GRANDE,Ingestão de álcool pelo condutor,Colisão frontal,Com Vítimas Feridas,Plena Noite,Decrescente,Céu Claro,Simples,Reta,Sim,4,0,1,0,2,1,1,3,"-7,2693","-35,9138",SPRF-PB,DEL02-PB,UOP01-DEL02-PB
359418.0,2021-05-23,domingo,00:45:00,PB,230,4,CABEDELO,Velocidade Incompatível,Colisão com objeto,Sem Vítimas,Plena Noite,Crescente,Céu Claro,Múltipla,Viaduto;Em Obras,Sim,1,0,0,0,0,1,0,1,"-7,0004","-34,8284",SPRF-PB,DEL01-PB,UOP01-DEL01-PB
359572.0,2021-02-13,sábado,15:55:00,PB,230,133,CAMPINA GRANDE,Reação tardia ou ineficiente do condutor,Saída de leito carroçável,Com Vítimas Feridas,Pleno dia,Crescente,Chuva,Dupla,Curva,Não,2,0,1,1,0,0,2,1,"-7,2767","-35,7464",SPRF-PB,DEL02-PB,UOP01-DEL02-PB
359699.0,2021-05-24,segunda-feira,08:40:00,PB,230,"234,8",JUAZEIRINHO,Acessar a via sem observar a presença dos outros veículos,Colisão transversal,Sem Vítimas,Pleno dia,Decrescente,Céu Claro,Simples,Reta,Não,3,0,0,0,3,0,0,2,"-7,0416","-36,5166",SPRF-PB,DEL02-PB,UOP02-DEL02-PB
359722.0,2021-05-24,segunda-feira,11:50:00,PB,230,"355,6",PATOS,Avarias e/ou desgaste excessivo no pneu,Colisão com objeto,Com Vítimas Feridas,Pleno dia,Crescente,Céu Claro,Simples,Declive,Não,1,0,1,0,0,0,1,1,"-6,93","-37,4207",SPRF-PB,DEL03-PB,UOP02-DEL03-PB
359745.0,2021-05-24,segunda-feira,15:50:00,PB,101,81,BAYEUX,Condutor deixou de manter distância do veículo da frente,Colisão traseira,Com Vítimas Feridas,Pleno dia,Decrescente,Sol,Dupla,Reta,Sim,2,0,1,0,1,0,1,2,"-7,12508575","-34,94513217",SPRF-PB,DEL01-PB,UOP01-DEL01-PB
359864.0,2021-05-10,segunda-feira,08:20:00,PB,230,"138,6",MASSARANDUBA,Velocidade Incompatível,Saída de leito carroçável,Com Vítimas Feridas,Pleno dia,Crescente,Céu Claro,Dupla,Reta,Não,2,0,1,0,1,0,1,1,"-7,2755","-35,7831",SPRF-PB,DEL02-PB,UOP01-DEL02-PB
359906.0,2021-05-25,terça-feira,16:00:00,PB,230,"9,8",CABEDELO,Acessar a via sem observar a presença dos outros veículos,Colisão traseira,Com Vítimas Feridas,Pleno dia,Crescente,Céu Claro,Múltipla,Declive;Interseção de Vias;Reta,Não,2,0,1,0,0,1,1,2,"-7,0433","-34,8466",SPRF-PB,DEL01-PB,UOP01-DEL01-PB
359999.0,2021-05-26,quarta-feira,07:10:00,PB,230,18,JOAO PESSOA,Manobra de mudança de faixa,Colisão lateral mesmo sentido,Com Vítimas Feridas,Amanhecer,Crescente,Céu Claro,Dupla,Reta,Sim,2,0,1,0,0,1,1,2,"-7,12620946","-34,84541416",SPRF-PB,DEL01-PB,UOP01-DEL01-PB
360082.0,2021-05-26,quarta-feira,16:20:00,PB,101,"107,9",ALHANDRA,Ausência de reação do condutor,Colisão com objeto,Sem Vítimas,Pleno dia,Decrescente,Céu Claro,Dupla,Reta,Não,1,0,0,0,1,0,0,1,"-7,32549201","-34,94709877",SPRF-PB,DEL01-PB,UOP02-DEL01-PB
360191.0,2021-05-27,quinta-feira,06:00:00,PB,230,"154,3",CAMPINA GRANDE,Avarias e/ou desgaste excessivo no pneu,Tombamento,Com Vítimas Feridas,Amanhecer,Decrescente,Nublado,Simples,Reta,Sim,2,0,2,0,0,0,2,1,"-7,2777","-35,8985",SPRF-PB,DEL02-PB,UOP01-DEL02-PB
360212.0,2021-05-27,quinta-feira,08:20:00,PB,230,26,JOAO PESSOA,Velocidade Incompatível,Colisão traseira,Sem Vítimas,Pleno dia,Crescente,Garoa/Chuvisco,Dupla,Aclive;Reta,Sim,3,0,0,0,3,0,0,3,"-7,1693","-34,8782",SPRF-PB,DEL01-PB,UOP01-DEL01-PB
360223.0,2021-05-27,quinta-feira,08:20:00,PB,230,22,JOAO PESSOA,Trafegar com motocicleta (ou similar) entre as faixas,Queda de ocupante de veículo,Com Vítimas Feridas,Pleno dia,Decrescente,Céu Claro,Dupla,Reta,Sim,2,0,2,0,0,0,2,1,"-7,1495","-34,8517",SPRF-PB,DEL01-PB,UOP01-DEL01-PB
360262.0,2021-05-27,quinta-feira,13:07:00,PB,230,"117,3",INGA,Velocidade Incompatível,Colisão com objeto,Com Vítimas Feridas,Pleno dia,Decrescente,Garoa/Chuvisco,Dupla,Reta,Não,3,0,3,0,0,0,3,1,"-7,2393","-35,6128",SPRF-PB,DEL02-PB,UOP01-DEL02-PB
360448.0,2021-05-28,sexta-feira,12:20:00,PB,101,32,MAMANGUAPE,Problema na suspensão,Saída de leito carroçável,Sem Vítimas,Pleno dia,Crescente,Céu Claro,Dupla,Reta,Não,1,0,0,0,1,0,0,1,"-6,76718198","-35,13348472",SPRF-PB,DEL01-PB,UOP04-DEL01-PB
360498.0,2021-05-28,sexta-feira,17:00:00,PB,101,"87,3",JOAO PESSOA,Velocidade Incompatível,Colisão traseira,Com Vítimas Feridas,Plena Noite,Decrescente,Céu Claro,Dupla,Reta,Sim,3,0,1,1,0,1,2,2,"-7,1622","-34,9031",SPRF-PB,DEL01-PB,UOP01-DEL01-PB
360499.0,2021-05-28,sexta-feira,16:35:00,PB,230,0,CABEDELO,Conversão proibida,Colisão com objeto,Sem Vítimas,Pleno dia,Crescente,Garoa/Chuvisco,Simples,Reta,Sim,2,0,0,0,0,2,0,2,"-6,9711","-34,8382",SPRF-PB,DEL01-PB,UOP01-DEL01-PB
360552.0,2021-05-28,sexta-feira,12:55:00,PB,230,366,MALTA,Ausência de reação do condutor,Saída de leito carroçável,Sem Vítimas,Pleno dia,Decrescente,Céu Claro,Simples,Reta,Sim,1,0,0,0,1,0,0,1,"-6,9051","-37,5155",SPRF-PB,DEL03-PB,UOP02-DEL03-PB
360570.0,2021-05-28,sexta-feira,21:20:00,PB,230,62,SAO MIGUEL DE TAIPU,Conversão proibida,Colisão com objeto,Com Vítimas Feridas,Plena Noite,Decrescente,Céu Claro,Simples,Reta,Não,1,0,1,0,0,0,1,1,"-7,202","-35,1574",SPRF-PB,DEL01-PB,UOP03-DEL01-PB
360850.0,2021-05-29,sábado,19:30:00,PB,104,145,QUEIMADAS,Ingestão de álcool e/ou substâncias psicoativas pelo pedestre,Queda de ocupante de veículo,Com Vítimas Feridas,Plena Noite,Crescente,Céu Claro,Simples,Reta,Não,2,0,1,0,0,1,1,1,"-7,42278697","-35,89513073",SPRF-PB,DEL02-PB,UOP03-DEL02-PB
360906.0,2021-05-30,domingo,04:30:00,PB,230,"157,5",CAMPINA GRANDE,Acessar a via sem observar a presença dos outros veículos,Colisão transversal,Com Vítimas Feridas,Amanhecer,Crescente,Céu Claro,Simples,Interseção de Vias;Reta,Sim,2,0,1,0,1,0,1,2,"-7,2630356","-35,9211915",SPRF-PB,DEL02-PB,UOP01-DEL02-PB
360940.0,2021-05-30,domingo,07:27:00,PB,230,27,JOAO PESSOA,Conversão proibida,Engavetamento,Com Vítimas Feridas,Pleno dia,Crescente,Nublado,Dupla,Reta,Sim,3,0,0,1,2,0,1,3,"-7,1677","-34,8855",SPRF-PB,DEL01-PB,UOP01-DEL01-PB
361024.0,2021-05-30,domingo,19:10:00,PB,101,"73,5",SANTA RITA,Acessar a via sem observar a presença dos outros veículos,Colisão lateral mesmo sentido,Com Vítimas Feridas,Plena Noite,Crescente,Céu Claro,Múltipla,Reta,Não,2,0,1,0,0,1,1,2,"-7,08339163","-34,98076176",SPRF-PB,DEL01-PB,UOP04-DEL01-PB
361132.0,2021-05-31,segunda-feira,06:45:00,PB,104,"183,2",ALCANTIL,Velocidade Incompatível,Colisão com objeto,Com Vítimas Feridas,Pleno dia,Decrescente,Chuva,Simples,Declive;Curva,Não,1,0,1,0,0,0,1,1,"-7,66848","-36,080803",SPRF-PB,DEL02-PB,UOP03-DEL02-PB
361141.0,2021-05-01,sábado,23:00:00,PB,101,88,JOAO PESSOA,Ingestão de álcool pelo condutor,Colisão traseira,Sem Vítimas,Plena Noite,Crescente,Garoa/Chuvisco,Múltipla,Reta,Sim,2,0,0,0,2,0,0,2,"-7,165601","-34,89665",SPRF-PB,DEL01-PB,UOP01-DEL01-PB
361144.0,2021-05-31,segunda-feira,09:05:00,PB,230,22,JOAO PESSOA,Velocidade Incompatível,Colisão traseira,Sem Vítimas,Pleno dia,Decrescente,Nublado,Múltipla,Reta,Sim,3,0,0,0,2,1,0,3,"-7,1495","-34,8517",SPRF-PB,DEL01-PB,UOP01-DEL01-PB
361161.0,2021-05-31,segunda-feira,11:15:00,PB,101,95,ALHANDRA,Acumulo de água sobre o pavimento,Colisão com objeto,Sem Vítimas,Plena Noite,Decrescente,Garoa/Chuvisco,Dupla,Reta,Não,1,0,0,0,1,0,0,1,"-7,22379403","-34,91488195",SPRF-PB,DEL01-PB,UOP02-DEL01-PB
361214.0,2021-05-31,segunda-feira,15:30:00,PB,361,"3,8",PATOS,Condutor deixou de manter distância do veículo da frente,Engavetamento,Sem Vítimas,Pleno dia,Decrescente,Céu Claro,Simples,Reta,Sim,5,0,0,0,5,0,0,3,"-7,02992098","-37,285079",SPRF-PB,DEL03-PB,UOP01-DEL03-PB
361238.0,2021-05-31,segunda-feira,18:00:00,PB,230,479,MARIZOPOLIS,Acessar a via sem observar a presença dos outros veículos,Colisão lateral mesmo sentido,Com Vítimas Feridas,Pleno dia,Decrescente,Céu Claro,Simples,Reta,Não,2,0,1,0,1,0,1,2,"-6,8431","-38,3315",SPRF-PB,DEL03-PB,UOP03-DEL03-PB
361288.0,2021-05-31,segunda-feira,21:50:00,PB,230,"22,7",JOAO PESSOA,Condutor usando celular,Colisão com objeto,Com Vítimas Feridas,Plena Noite,Decrescente,Céu Claro,Dupla,Curva,Sim,1,0,1,0,0,0,1,1,"-7,1495","-34,8517",SPRF-PB,DEL01-PB,UOP01-DEL01-PB
361348.0,2021-06-01,terça-feira,09:20:00,PB,230,462,SOUSA,Reação tardia ou ineficiente do condutor,Tombamento,Com Vítimas Feridas,Pleno dia,Decrescente,Céu Claro,Simples,Reta,Sim,2,0,2,0,0,0,2,1,"-6,7768","-38,215",SPRF-PB,DEL03-PB,UOP03-DEL03-PB
361494.0,2021-06-02,quarta-feira,07:00:00,PB,101,89,JOAO PESSOA,Manobra de mudança de faixa,Colisão lateral mesmo sentido,Com Vítimas Feridas,Pleno dia,Crescente,Céu Claro,Dupla,Reta,Sim,2,0,0,1,0,1,1,2,"-7,1710694","-34,89765372",SPRF-PB,DEL01-PB,UOP02-DEL01-PB
361667.0,2021-06-02,quarta-feira,22:05:00,PB,101,99,ALHANDRA,Condutor deixou de manter distância do veículo da frente,Colisão traseira,Com Vítimas Feridas,Plena Noite,Decrescente,Ignorado,Dupla,Reta,Não,2,0,1,0,0,1,1,2,"-7,2557332","-34,93469152",SPRF-PB,DEL01-PB,UOP02-DEL01-PB
361683.0,2021-06-02,quarta-feira,19:30:00,PB,230,"478,5",MARIZOPOLIS,Ausência de reação do condutor,Queda de ocupante de veículo,Sem Vítimas,Plena Noite,Decrescente,Céu Claro,Simples,Reta,Sim,2,0,0,0,0,2,0,1,"-6,843581","-38,342671",SPRF-PB,DEL03-PB,UOP03-DEL03-PB
361750.0,2021-06-03,quinta-feira,09:10:00,PB,101,45,MAMANGUAPE,Velocidade Incompatível,Saída de leito carroçável,Com Vítimas Feridas,Pleno dia,Decrescente,Céu Claro,Dupla,Reta,Não,3,0,2,1,0,0,3,1,"-6,88322894","-35,1303459",SPRF-PB,DEL01-PB,UOP04-DEL01-PB
361898.0,2021-06-04,sexta-feira,00:30:00,PB,230,"77,8",RIACHAO DO POCO,Condutor Dormindo,Saída de leito carroçável,Com Vítimas Feridas,Plena Noite,Decrescente,Céu Claro,Dupla,Desvio Temporário,Não,1,0,1,0,0,0,1,1,"-7,186274","-35,26684284",SPRF-PB,DEL01-PB,UOP03-DEL01-PB
361922.0,2021-06-04,sexta-feira,08:05:00,PB,230,23,JOAO PESSOA,Velocidade Incompatível,Colisão traseira,Com Vítimas Feridas,Pleno dia,Decrescente,Nublado,Dupla,Aclive;Viaduto,Sim,4,0,2,0,2,0,2,3,"-7,1562","-34,8574",SPRF-PB,DEL01-PB,UOP01-DEL01-PB
362034.0,2021-06-04,sexta-feira,18:20:00,PB,230,"312,1",SAO MAMEDE,Ingestão de álcool pelo condutor,Colisão lateral mesmo sentido,Sem Vítimas,Plena Noite,Crescente,Céu Claro,Simples,Curva,Não,2,0,0,0,2,0,0,2,"-6,9321","-37,0867",SPRF-PB,DEL03-PB,UOP01-DEL03-PB
362119.0,2021-05-02,domingo,17:45:00,PB,230,11,CABEDELO,Ingestão de álcool pelo condutor,Colisão traseira,Com Vítimas Feridas,Anoitecer,Decrescente,Céu Claro,Dupla,Reta,Sim,3,0,1,1,1,0,2,2,"-7,0686538","-34,8498559",SPRF-PB,DEL01-PB,UOP01-DEL01-PB
362232.0,2021-06-05,sábado,17:55:00,PB,101,"40,1",MAMANGUAPE,Pedestre andava na pista,Atropelamento de Pedestre,Com Vítimas Feridas,Anoitecer,Crescente,Céu Claro,Dupla,Reta,Sim,3,0,1,0,1,1,1,2,"-6,838737","-35,13633",SPRF-PB,DEL01-PB,UOP04-DEL01-PB