id,data_inversa,dia_semana,horario,uf,br,km,municipio,causa_acidente,tipo_acidente,classificacao_acidente,fase_dia,sentido_via,condicao_metereologica,tipo_pista,tracado_via,uso_solo,pessoas,mortos,feridos_leves,feridos_graves,ilesos,ignorados,feridos,veiculos,latitude,longitude,regional,delegacia,uop
362272.0,2021-06-05,sábado,19:50:00,PB,101,"91,1",JOAO PESSOA,Ausência de reação do condutor,Colisão traseira,Com Vítimas Feridas,Plena Noite,Crescente,Céu Claro,Dupla,Reta,Sim,2,0,1,0,0,1,1,2,"-7,18826412","-34,90308264",SPRF-PB,DEL01-PB,UOP02-DEL01-PB
362336.0,2021-05-14,sexta-feira,10:30:00,PB,230,137,CAMPINA GRANDE,Velocidade Incompatível,Saída de leito carroçável,Sem Vítimas,Pleno dia,Decrescente,Chuva,Dupla,Curva,Não,1,0,0,0,1,0,0,1,"-7,2766","-35,7739",SPRF-PB,DEL02-PB,UOP01-DEL02-PB
362482.0,2021-06-06,domingo,19:00:00,PB,230,"215,2",SOLEDADE,Transitar na contramão,Colisão frontal,Com Vítimas Feridas,Plena Noite,Decrescente,Céu Claro,Simples,Reta,Sim,3,0,2,0,1,0,2,2,"-7,0577","-36,3629",SPRF-PB,DEL02-PB,UOP02-DEL02-PB
362574.0,2021-06-07,segunda-feira,08:00:00,PB,230,13,CABEDELO,Manobra de mudança de faixa,Colisão lateral mesmo sentido,Com Vítimas Feridas,Pleno dia,Decrescente,Nublado,Dupla,Reta,Sim,2,0,1,0,1,0,1,2,"-7,0772","-34,8494",SPRF-PB,DEL01-PB,UOP01-DEL01-PB
362773.0,2021-06-08,terça-feira,04:40:00,PB,230,251,JUAZEIRINHO,Acessar a via sem observar a presença dos outros veículos,Colisão traseira,Com Vítimas Feridas,Amanhecer,Crescente,Céu Claro,Simples,Declive,Não,2,0,2,0,0,0,2,2,"-7,055","-36,6541",SPRF-PB,DEL03-PB,UOP01-DEL03-PB
362777.0,2021-06-08,terça-feira,06:05:00,PB,230,159,CAMPINA GRANDE,Retorno proibido,Colisão transversal,Com Vítimas Feridas,Pleno dia,Crescente,Céu Claro,Simples,Reta,Sim,2,0,1,1,0,0,2,2,"-7,255485","-35,929866",SPRF-PB,DEL02-PB,UOP01-DEL02-PB
362826.0,2021-06-08,terça-feira,10:55:00,PB,230,22,JOAO PESSOA,Ausência de reação do condutor,Colisão traseira,Com Vítimas Feridas,Pleno dia,Decrescente,Céu Claro,Dupla,Reta,Sim,3,0,1,0,2,0,1,3,"-7,1495","-34,8517",SPRF-PB,DEL01-PB,UOP01-DEL01-PB
362851.0,2021-06-08,terça-feira,13:15:00,PB,104,"131,1",QUEIMADAS,Condutor deixou de manter distância do veículo da frente,Colisão traseira,Sem Vítimas,Pleno dia,Decrescente,Nublado,Simples,Reta,Sim,2,0,0,0,2,0,0,2,"-7,29900408","-35,89187256",SPRF-PB,DEL02-PB,UOP03-DEL02-PB
362859.0,2021-06-08,terça-feira,13:45:00,PB,230,335,PATOS,Reação tardia ou ineficiente do condutor,Colisão transversal,Com Vítimas Feridas,Pleno dia,Crescente,Nublado,Simples,Reta,Não,2,0,0,1,1,0,1,2,"-7,0128","-37,2644",SPRF-PB,DEL03-PB,UOP01-DEL03-PB
362861.0,2021-06-08,terça-feira,13:40:00,PB,361,"8,2",PATOS,Ausência de reação do condutor,Queda de ocupante de veículo,Com Vítimas Feridas,Pleno dia,Crescente,Céu Claro,Simples,Reta,Não,1,0,1,0,0,0,1,1,"-7,04130903","-37,32798299",SPRF-PB,DEL03-PB,UOP01-DEL03-PB
362881.0,2021-06-08,terça-feira,16:45:00,PB,101,77,SANTA RITA,Pedestre andava na pista,Atropelamento de Pedestre,Com Vítimas Feridas,Pleno dia,Decrescente,Céu Claro,Dupla,Reta,Não,2,0,0,1,0,1,1,2,"-7,10808295","-34,96293885",SPRF-PB,DEL01-PB,UOP04-DEL01-PB
363012.0,2021-06-09,quarta-feira,09:15:00,PB,230,36,SANTA RITA,Pista Escorregadia,Queda de ocupante de veículo,Com Vítimas Feridas,Pleno dia,Crescente,Nublado,Dupla,Curva;Viaduto;Aclive,Sim,2,0,2,0,0,0,2,1,"-7,1246","-34,9473",SPRF-PB,DEL01-PB,UOP03-DEL01-PB
363055.0,2021-06-09,quarta-feira,14:20:00,PB,230,"17,8",JOAO PESSOA,Ausência de reação do condutor,Colisão lateral mesmo sentido,Com Vítimas Feridas,Pleno dia,Decrescente,Sol,Dupla,Curva,Sim,2,0,1,0,0,1,1,2,"-7,118875","-34,844676",SPRF-PB,DEL01-PB,UOP01-DEL01-PB
363388.0,2021-06-11,sexta-feira,07:25:00,PB,230,"158,7",CAMPINA GRANDE,Condutor deixou de manter distância do veículo da frente,Colisão traseira,Com Vítimas Feridas,Pleno dia,Crescente,Céu Claro,Simples,Reta,Sim,3,0,2,0,0,1,2,3,"-7,2582","-35,9267",SPRF-PB,DEL02-PB,UOP01-DEL02-PB
363461.0,2021-06-11,sexta-feira,10:00:00,PB,230,"158,8",CAMPINA GRANDE,Conversão proibida,Colisão transversal,Com Vítimas Feridas,Pleno dia,Crescente,Nublado,Simples,Reta,Sim,2,0,1,0,1,0,1,2,"-7,255485","-35,929866",SPRF-PB,DEL02-PB,UOP01-DEL02-PB
363479.0,2021-06-11,sexta-feira,14:15:00,PB,230,88,JOAO PESSOA,Velocidade Incompatível,Colisão com objeto,Com Vítimas Feridas,Pleno dia,Decrescente,Céu Claro,Simples,Curva,Sim,2,0,0,2,0,0,2,1,"-7,16629772","-34,89481442",SPRF-PB,DEL01-PB,UOP03-DEL01-PB
363483.0,2021-06-11,sexta-feira,16:10:00,PB,230,85,BAYEUX,Ausência de reação do condutor,Colisão traseira,Sem Vítimas,Pleno dia,Decrescente,Céu Claro,Dupla,Túnel,Sim,2,0,0,0,2,0,0,2,"-7,14998482","-34,91104352",SPRF-PB,DEL01-PB,UOP03-DEL01-PB
363566.0,2021-06-11,sexta-feira,23:50:00,PB,230,20,JOAO PESSOA,Ingestão de álcool pelo condutor,Colisão com objeto,Com Vítimas Feridas,Plena Noite,Decrescente,Céu Claro,Dupla,Viaduto,Sim,1,0,1,0,0,0,1,1,"-7,1337","-34,8544",SPRF-PB,DEL01-PB,UOP01-DEL01-PB
363720.0,2021-06-12,sábado,17:30:00,PB,230,12,CABEDELO,Entrada inopinada do pedestre,Atropelamento de Pedestre,Com Vítimas Feridas,Anoitecer,Crescente,Céu Claro,Dupla,Reta,Sim,2,0,0,2,0,0,2,2,"-7,068","-34,85",SPRF-PB,DEL01-PB,UOP01-DEL01-PB
363832.0,2021-06-09,quarta-feira,14:19:00,PB,230,"11,5",CABEDELO,Condutor deixou de manter distância do veículo da frente,Colisão traseira,Com Vítimas Feridas,Pleno dia,Decrescente,Sol,Dupla,Reta,Sim,2,0,1,0,1,0,1,2,"-7,0596","-34,8506",SPRF-PB,DEL01-PB,UOP01-DEL01-PB
363903.0,2021-06-13,domingo,14:05:00,PB,104,"130,9",CAMPINA GRANDE,Velocidade Incompatível,Queda de ocupante de veículo,Com Vítimas Feridas,Pleno dia,Decrescente,Céu Claro,Dupla,Reta,Sim,2,0,1,0,1,0,1,1,"-7,29013399","-35,89029705",SPRF-PB,DEL02-PB,UOP03-DEL02-PB
363927.0,2021-06-13,domingo,16:30:00,PB,230,"85,8",GURINHEM,Afundamento ou ondulação no pavimento,Saída de leito carroçável,Com Vítimas Feridas,Pleno dia,Decrescente,Céu Claro,Dupla,Reta,Não,2,0,1,0,1,0,1,1,"-7,16750149","-35,36544621",SPRF-PB,DEL01-PB,UOP03-DEL01-PB
363947.0,2021-06-13,domingo,17:56:00,PB,101,82,BAYEUX,Ausência de reação do condutor,Colisão traseira,Com Vítimas Feridas,Anoitecer,Crescente,Céu Claro,Dupla,Reta,Sim,3,0,1,0,2,0,1,2,"-7,15081164","-34,91044592",SPRF-PB,DEL01-PB,UOP01-DEL01-PB
364057.0,2021-06-14,segunda-feira,03:10:00,PB,230,8,CABEDELO,Condutor Dormindo,Colisão com objeto,Sem Vítimas,Plena Noite,Decrescente,Céu Claro,Dupla,Reta,Sim,1,0,0,0,1,0,0,1,"-7,0355","-34,8429",SPRF-PB,DEL01-PB,UOP01-DEL01-PB
364096.0,2021-06-14,segunda-feira,08:00:00,PB,230,62,CRUZ DO ESPIRITO SANTO,Ausência de reação do condutor,Colisão traseira,Sem Vítimas,Pleno dia,Crescente,Céu Claro,Dupla,Reta,Sim,3,0,0,0,3,0,0,2,"-7,202","-35,1574",SPRF-PB,DEL01-PB,UOP03-DEL01-PB
364122.0,2021-06-14,segunda-feira,09:30:00,PB,101,83,BAYEUX,Condutor deixou de manter distância do veículo da frente,Engavetamento,Sem Vítimas,Pleno dia,Decrescente,Céu Claro,Dupla,Aclive,Sim,4,0,0,0,4,0,0,4,"-7,1337703","-34,92963914",SPRF-PB,DEL01-PB,UOP01-DEL01-PB
364166.0,2021-05-29,sábado,19:40:00,PB,104,145,QUEIMADAS,Ingestão de álcool pelo condutor,Atropelamento de Pedestre,Com Vítimas Feridas,Plena Noite,Crescente,Céu Claro,Simples,Reta,Não,7,0,2,1,2,2,3,3,"-7,4581348","-35,91876984",SPRF-PB,DEL02-PB,UOP03-DEL02-PB
364210.0,2021-05-20,quinta-feira,15:30:00,PB,101,"81,3",BAYEUX,Velocidade Incompatível,Capotamento,Com Vítimas Feridas,Pleno dia,Crescente,Sol,Dupla,Retorno Regulamentado,Sim,6,0,4,2,0,0,6,1,"-7,12674318","-34,94201352",SPRF-PB,DEL01-PB,UOP01-DEL01-PB
364371.0,2021-06-15,terça-feira,15:30:00,PB,230,24,JOAO PESSOA,Condutor deixou de manter distância do veículo da frente,Colisão lateral mesmo sentido,Com Vítimas Feridas,Pleno dia,Decrescente,Sol,Dupla,Reta;Viaduto;Aclive,Sim,2,0,1,0,1,0,1,2,"-7,16635368","-34,86321593",SPRF-PB,DEL01-PB,UOP01-DEL01-PB
364388.0,2021-06-15,terça-feira,17:00:00,PB,230,18,JOAO PESSOA,Reação tardia ou ineficiente do condutor,Colisão traseira,Com Vítimas Feridas,Pleno dia,Decrescente,Céu Claro,Dupla,Reta,Sim,2,0,0,1,1,0,1,2,"-7,1198","-34,8453",SPRF-PB,DEL01-PB,UOP01-DEL01-PB
364460.0,2021-06-16,quarta-feira,05:30:00,PB,101,"99,7",CONDE,Velocidade Incompatível,Saída de leito carroçável,Com Vítimas Feridas,Amanhecer,Decrescente,Céu Claro,Dupla,Reta,Não,1,0,1,0,0,0,1,1,"-7,26186135","-34,93615866",SPRF-PB,DEL01-PB,UOP02-DEL01-PB
364548.0,2021-05-31,segunda-feira,20:30:00,PB,101,35,MAMANGUAPE,Ausência de reação do condutor,Tombamento,Com Vítimas Feridas,Plena Noite,Crescente,Céu Claro,Dupla,Reta,Não,3,0,1,1,0,1,2,2,"-6,79401305","-35,13707183",SPRF-PB,DEL01-PB,UOP04-DEL01-PB
364637.0,2021-06-17,quinta-feira,09:45:00,PB,101,"72,9",SANTA RITA,Avarias e/ou desgaste excessivo no pneu,Tombamento,Com Vítimas Feridas,Pleno dia,Crescente,Céu Claro,Dupla,Reta,Não,2,0,2,0,0,0,2,1,"-7,07320663","-34,99569975",SPRF-PB,DEL01-PB,UOP04-DEL01-PB
364684.0,2021-06-17,quinta-feira,14:40:00,PB,412,"16,9",BOA VISTA,Reação tardia ou ineficiente do condutor,Saída de leito carroçável,Com Vítimas Feridas,Pleno dia,Decrescente,Sol,Simples,Reta,Não,1,0,1,0,0,0,1,1,"-7,24804681","-36,21437073",SPRF-PB,DEL02-PB,UOP02-DEL02-PB
364874.0,2021-06-18,sexta-feira,14:15:00,PB,101,126,CAAPORA,Velocidade Incompatível,Saída de leito carroçável,Com Vítimas Feridas,Pleno dia,Decrescente,Chuva,Dupla,Reta,Sim,1,0,1,0,0,0,1,1,"-7,49238804","-34,98296857",SPRF-PB,DEL01-PB,UOP02-DEL01-PB
364911.0,2021-06-18,sexta-feira,16:30:00,PB,230,"0,7",CABEDELO,Acessar a via sem observar a presença dos outros veículos,Colisão transversal,Com Vítimas Feridas,Pleno dia,Crescente,Sol,Simples,Reta,Sim,2,0,0,2,0,0,2,2,"-6,9711","-34,8382",SPRF-PB,DEL01-PB,UOP01-DEL01-PB
364930.0,2021-06-18,sexta-feira,16:15:00,PB,104,130,CAMPINA GRANDE,Condutor deixou de manter distância do veículo da frente,Colisão traseira,Com Vítimas Feridas,Pleno dia,Crescente,Céu Claro,Simples,Reta,Sim,2,0,2,0,0,0,2,2,"-7,29013399","-35,89029705",SPRF-PB,DEL02-PB,UOP03-DEL02-PB
364955.0,2021-06-18,sexta-feira,19:10:00,PB,230,"6,9",CABEDELO,Pedestre cruzava a pista fora da faixa,Atropelamento de Pedestre,Com Vítimas Fatais,Plena Noite,Crescente,Céu Claro,Múltipla,Reta,Sim,3,1,0,0,1,1,0,3,"-7,01670225","-34,89944458",SPRF-PB,DEL01-PB,UOP01-DEL01-PB
365031.0,2021-06-19,sábado,05:00:00,PB,230,"35,6",SANTA RITA,Condutor Dormindo,Saída de leito carroçável,Com Vítimas Feridas,Amanhecer,Crescente,Nublado,Dupla,Curva;Aclive,Sim,3,0,2,1,0,0,3,1,"-7,1268","-34,9412",SPRF-PB,DEL01-PB,UOP01-DEL01-PB
365226.0,2021-06-19,sábado,23:00:00,PB,104,108,SAO SEBASTIAO DE LAGOA DE  ROCA,Reação tardia ou ineficiente do condutor,Colisão traseira,Com Vítimas Feridas,Plena Noite,Crescente,Vento,Simples,Reta,Sim,2,0,1,0,0,1,1,2,"-7,11161678","-35,86768356",SPRF-PB,DEL02-PB,UOP04-DEL02-PB
365267.0,2021-06-20,domingo,05:45:00,PB,230,23,JOAO PESSOA,Ingestão de álcool pelo condutor,Tombamento,Com Vítimas Feridas,Amanhecer,Crescente,Céu Claro,Dupla,Reta,Sim,1,0,1,0,0,0,1,1,"-7,1562","-34,8574",SPRF-PB,DEL01-PB,UOP01-DEL01-PB
365317.0,2021-06-20,domingo,10:54:00,PB,101,82,BAYEUX,Velocidade Incompatível,Colisão com objeto,Com Vítimas Feridas,Pleno dia,Decrescente,Céu Claro,Simples,Reta,Sim,2,0,2,0,0,0,2,1,"-7,12911","-34,93714",SPRF-PB,DEL01-PB,UOP01-DEL01-PB
365363.0,2021-06-20,domingo,16:40:00,PB,230,"27,8",JOAO PESSOA,Ingestão de álcool pelo condutor,Tombamento,Com Vítimas Feridas,Pleno dia,Crescente,Céu Claro,Simples,Interseção de Vias,Sim,1,0,1,0,0,0,1,1,"-7,1677","-34,8855",SPRF-PB,DEL01-PB,UOP01-DEL01-PB
365365.0,2021-06-20,domingo,16:55:00,PB,101,81,BAYEUX,Manobra de mudança de faixa,Colisão traseira,Com Vítimas Feridas,Pleno dia,Decrescente,Céu Claro,Dupla,Reta,Sim,2,0,1,0,1,0,1,2,"-7,12508575","-34,94513217",SPRF-PB,DEL01-PB,UOP01-DEL01-PB
365377.0,2021-06-20,domingo,16:30:00,PB,230,"443,3",APARECIDA,Velocidade Incompatível,Saída de leito carroçável,Com Vítimas Feridas,Pleno dia,Crescente,Céu Claro,Simples,Aclive,Não,2,0,0,2,0,0,2,1,"-6,7778","-38,0488",SPRF-PB,DEL03-PB,UOP02-DEL03-PB
365457.0,2021-06-20,domingo,23:22:00,PB,230,27,JOAO PESSOA,Manobra de mudança de faixa,Colisão lateral mesmo sentido,Sem Vítimas,Plena Noite,Decrescente,Nublado,Dupla,Reta,Sim,3,0,0,0,2,1,0,2,"-7,1677","-34,8855",SPRF-PB,DEL01-PB,UOP01-DEL01-PB
365492.0,2021-06-21,segunda-feira,06:50:00,PB,230,23,JOAO PESSOA,Condutor deixou de manter distância do veículo da frente,Colisão traseira,Com Vítimas Feridas,Pleno dia,Decrescente,Sol,Dupla,Reta,Sim,4,0,2,0,2,0,2,3,"-7,1562","-34,8574",SPRF-PB,DEL01-PB,UOP01-DEL01-PB
365518.0,2021-06-21,segunda-feira,08:40:00,PB,230,25,JOAO PESSOA,Reação tardia ou ineficiente do condutor,Colisão traseira,Com Vítimas Feridas,Pleno dia,Decrescente,Sol,Dupla,Reta,Sim,2,0,1,0,1,0,1,2,"-7,1707","-34,8684",SPRF-PB,DEL01-PB,UOP01-DEL01-PB
365587.0,2021-06-21,segunda-feira,16:15:00,PB,104,"130,8",CAMPINA GRANDE,Reação tardia ou ineficiente do condutor,Colisão traseira,Com Vítimas Feridas,Pleno dia,Crescente,Céu Claro,Simples,Reta,Sim,2,0,1,0,1,0,1,2,"-7,28978225","-35,89034792",SPRF-PB,DEL02-PB,UOP03-DEL02-PB
365596.0,2021-06-21,segunda-feira,17:00:00,PB,101,46,MAMANGUAPE,Demais falhas mecânicas ou elétricas,Colisão com objeto,Com Vítimas Feridas,Anoitecer,Decrescente,Céu Claro,Dupla,Reta,Não,3,0,1,0,1,1,1,1,"-6,89108414","-35,12591625",SPRF-PB,DEL01-PB,UOP04-DEL01-PB
365743.0,2021-06-22,terça-feira,12:20:00,PB,230,16,JOAO PESSOA,Condutor deixou de manter distância do veículo da frente,Colisão traseira,Com Vítimas Feridas,Pleno dia,Decrescente,Céu Claro,Dupla,Declive;Reta,Sim,3,0,1,0,0,2,1,3,"-7,1039","-34,8458",SPRF-PB,DEL01-PB,UOP01-DEL01-PB
365748.0,2021-06-22,terça-feira,13:52:00,PB,230,"16,3",JOAO PESSOA,Ausência de reação do condutor,Colisão traseira,Com Vítimas Feridas,Pleno dia,Decrescente,Sol,Dupla,Reta,Sim,2,0,0,1,1,0,1,2,"-7,1039","-34,8458",SPRF-PB,DEL01-PB,UOP01-DEL01-PB
365782.0,2021-06-22,terça-feira,17:30:00,PB,230,154,CAMPINA GRANDE,Desrespeitar a preferência no cruzamento,Colisão transversal,Com Vítimas Feridas,Anoitecer,Crescente,Céu Claro,Simples,Retorno Regulamentado;Reta,Sim,2,0,1,0,1,0,1,2,"-7,2777","-35,8985",SPRF-PB,DEL02-PB,UOP01-DEL02-PB
365811.0,2021-06-22,terça-feira,19:50:00,PB,230,4,CABEDELO,Reação tardia ou ineficiente do condutor,Colisão traseira,Com Vítimas Feridas,Plena Noite,Decrescente,Céu Claro,Dupla,Reta;Em Obras;Viaduto,Sim,2,0,0,1,1,0,1,2,"-7,0004","-34,8284",SPRF-PB,DEL01-PB,UOP01-DEL01-PB
366034.0,2021-06-23,quarta-feira,23:00:00,PB,230,458,SOUSA,Deficiência do Sistema de Iluminação/Sinalização,Colisão traseira,Com Vítimas Fatais,Plena Noite,Crescente,Céu Claro,Simples,Reta,Não,2,1,0,0,1,0,0,2,"-6,7774","-38,1808",SPRF-PB,DEL03-PB,UOP03-DEL03-PB
366039.0,2021-06-24,quinta-feira,01:05:00,PB,230,"466,7",SOUSA,Animais na Pista,Atropelamento de Animal,Com Vítimas Fatais,Plena Noite,Crescente,Céu Claro,Simples,Reta,Não,1,1,0,0,0,0,0,1,"-6,781655","-38,269958",SPRF-PB,DEL03-PB,UOP03-DEL03-PB
366134.0,2021-06-24,quinta-feira,12:55:00,PB,230,97,GURINHEM,Velocidade Incompatível,Saída de leito carroçável,Com Vítimas Feridas,Pleno dia,Decrescente,Chuva,Dupla,Reta,Não,3,0,1,0,2,0,1,1,"-7,1867","-35,4537",SPRF-PB,DEL01-PB,UOP03-DEL01-PB
366146.0,2021-06-24,quinta-feira,13:35:00,PB,101,"100,5",ALHANDRA,Velocidade Incompatível,Colisão com objeto,Com Vítimas Feridas,Pleno dia,Crescente,Garoa/Chuvisco,Dupla,Reta,Não,1,0,1,0,0,0,1,1,"-7,26469806","-34,93677965",SPRF-PB,DEL01-PB,UOP02-DEL01-PB
366287.0,2021-06-25,sexta-feira,07:20:00,PB,230,"14,7",JOAO PESSOA,Condutor deixou de manter distância do veículo da frente,Colisão traseira,Com Vítimas Feridas,Pleno dia,Crescente,Céu Claro,Simples,Interseção de Vias,Sim,3,0,1,1,1,0,2,2,"-7,0844","-34,8488",SPRF-PB,DEL01-PB,UOP01-DEL01-PB
366312.0,2021-06-25,sexta-feira,08:30:00,PB,230,"23,8",JOAO PESSOA,Condutor deixou de manter distância do veículo da frente,Colisão traseira,Com Vítimas Feridas,Pleno dia,Crescente,Sol,Dupla,Reta;Viaduto;Declive,Não,3,0,1,0,1,1,1,2,"-7,1562","-34,8574",SPRF-PB,DEL01-PB,UOP01-DEL01-PB
366335.0,2021-06-21,segunda-feira,08:10:00,PB,230,"68,7",SOBRADO,Ausência de reação do condutor,Colisão traseira,Com Vítimas Fatais,Pleno dia,Decrescente,Sol,Dupla,Reta,Não,2,1,0,0,1,0,0,2,"-7,1873","-35,2065",SPRF-PB,DEL01-PB,UOP03-DEL01-PB
366436.0,2021-06-25,sexta-feira,19:15:00,PB,230,"182,8",POCINHOS,Ultrapassagem Indevida,Colisão lateral sentido oposto,Com Vítimas Fatais,Plena Noite,Crescente,Céu Claro,Simples,Declive,Não,2,1,0,0,1,0,0,2,"-7,1584","-36,0837",SPRF-PB,DEL02-PB,UOP02-DEL02-PB
366551.0,2021-06-26,sábado,11:20:00,PB,101,106,ALHANDRA,Avarias e/ou desgaste excessivo no pneu,Tombamento,Com Vítimas Feridas,Pleno dia,Crescente,Céu Claro,Dupla,Curva,Não,2,0,2,0,0,0,2,1,"-7,3338254","-34,9476486",SPRF-PB,DEL01-PB,UOP02-DEL01-PB
366652.0,2021-06-24,quinta-feira,14:40:00,PB,230,"124,8",RIACHAO DO BACAMARTE,Chuva,Colisão com objeto,Com Vítimas Feridas,Pleno dia,Decrescente,Chuva,Dupla,Curva,Não,2,0,1,0,1,0,1,2,"-7,2465","-35,6751",SPRF-PB,DEL02-PB,UOP01-DEL02-PB
366768.0,2021-06-27,domingo,08:30:00,PB,230,"147,2",CAMPINA GRANDE,Acumulo de areia ou detritos sobre o pavimento,Queda de ocupante de veículo,Com Vítimas Feridas,Pleno dia,Decrescente,Céu Claro,Dupla,Reta,Sim,2,0,2,0,0,0,2,2,"-7,2425","-35,8567",SPRF-PB,DEL02-PB,UOP01-DEL02-PB
366815.0,2021-06-27,domingo,16:10:00,PB,101,84,BAYEUX,Frear bruscamente,Engavetamento,Sem Vítimas,Pleno dia,Decrescente,Céu Claro,Dupla,Reta,Sim,3,0,0,0,3,0,0,3,"-7,13957906","-34,92312806",SPRF-PB,DEL01-PB,UOP01-DEL01-PB
366823.0,2021-06-27,domingo,17:30:00,PB,230,96,GURINHEM,Demais falhas mecânicas ou elétricas,Tombamento,Com Vítimas Feridas,Anoitecer,Decrescente,Céu Claro,Dupla,Reta,Não,2,0,2,0,0,0,2,1,"-7,1842","-35,4447",SPRF-PB,DEL01-PB,UOP03-DEL01-PB
366836.0,2021-06-27,domingo,16:50:00,PB,230,380,CONDADO,Manobra de mudança de faixa,Colisão lateral sentido oposto,Com Vítimas Feridas,Anoitecer,Crescente,Céu Claro,Simples,Curva,Não,2,0,1,0,1,0,1,2,"-6,9141","-37,636",SPRF-PB,DEL03-PB,UOP02-DEL03-PB
366854.0,2021-06-27,domingo,19:40:00,PB,230,"96,1",GURINHEM,Manobra de mudança de faixa,Saída de leito carroçável,Sem Vítimas,Plena Noite,Decrescente,Céu Claro,Dupla,Reta,Não,3,0,0,0,2,1,0,2,"-7,1842","-35,4447",SPRF-PB,DEL01-PB,UOP03-DEL01-PB
366960.0,2021-06-28,segunda-feira,07:55:00,PB,101,87,JOAO PESSOA,Demais falhas mecânicas ou elétricas,Tombamento,Com Vítimas Feridas,Pleno dia,Decrescente,Sol,Dupla,Reta,Sim,2,0,1,1,0,0,2,1,"-7,15886802","-34,90628504",SPRF-PB,DEL01-PB,UOP01-DEL01-PB
367108.0,2021-06-18,sexta-feira,16:40:00,PB,110,"53,5",SAO JOSE DE ESPINHARAS,Acessar a via sem observar a presença dos outros veículos,Colisão lateral mesmo sentido,Com Vítimas Feridas,Pleno dia,Crescente,Céu Claro,Simples,Reta,Não,3,0,0,2,1,0,2,2,"-6,74089474","-37,41325276",SPRF-PB,DEL03-PB,UOP01-DEL03-PB
367151.0,2021-06-29,terça-feira,08:00:00,PB,101,"83,5",BAYEUX,Condutor deixou de manter distância do veículo da frente,Colisão traseira,Com Vítimas Feridas,Pleno dia,Crescente,Céu Claro,Dupla,Reta,Sim,2,0,1,0,1,0,1,2,"-7,1337703","-34,92963914",SPRF-PB,DEL01-PB,UOP01-DEL01-PB
367161.0,2021-06-29,terça-feira,07:55:00,PB,101,"81,8",BAYEUX,Ingestão de álcool pelo condutor,Colisão traseira,Com Vítimas Feridas,Pleno dia,Crescente,Nublado,Dupla,Viaduto,Sim,5,0,1,1,2,1,2,3,"-7,13044171","-34,93449753",SPRF-PB,DEL01-PB,UOP01-DEL01-PB
367242.0,2021-06-29,terça-feira,13:45:00,PB,104,130,CAMPINA GRANDE,Ultrapassagem Indevida,Colisão frontal,Com Vítimas Feridas,Pleno dia,Decrescente,Céu Claro,Dupla,Reta,Sim,3,0,2,0,1,0,2,3,"-7,29013399","-35,89029705",SPRF-PB,DEL02-PB,UOP03-DEL02-PB
367328.0,2021-06-30,quarta-feira,08:45:00,PB,101,87,JOAO PESSOA,Ausência de reação do condutor,Engavetamento,Com Vítimas Feridas,Pleno dia,Decrescente,Nublado,Dupla,Reta,Sim,4,0,2,0,2,0,2,3,"-7,15886802","-34,90628504",SPRF-PB,DEL01-PB,UOP01-DEL01-PB
367342.0,2021-06-30,quarta-feira,09:50:00,PB,230,"24,7",JOAO PESSOA,Condutor deixou de manter distância do veículo da frente,Queda de ocupante de veículo,Com Vítimas Feridas,Pleno dia,Decrescente,Céu Claro,Dupla,Reta,Sim,2,0,0,1,1,0,1,1,"-7,1637","-34,8618",SPRF-PB,DEL01-PB,UOP01-DEL01-PB
367361.0,2021-06-30,quarta-feira,11:30:00,PB,101,77,SANTA RITA,Velocidade Incompatível,Colisão lateral mesmo sentido,Com Vítimas Feridas,Pleno dia,Decrescente,Céu Claro,Dupla,Reta,Não,3,0,1,0,2,0,1,3,"-7,09947194","-34,96574283",SPRF-PB,DEL01-PB,UOP04-DEL01-PB
367429.0,2021-06-30,quarta-feira,18:17:00,PB,230,"84,5",BAYEUX,Manobra de mudança de faixa,Colisão lateral mesmo sentido,Com Vítimas Fatais,Plena Noite,Crescente,Chuva,Dupla,Reta,Sim,4,1,0,1,1,1,1,3,"-7,1432","-34,919",SPRF-PB,DEL01-PB,UOP03-DEL01-PB
367546.0,2021-06-25,sexta-feira,08:00:00,PB,230,22,JOAO PESSOA,Condutor deixou de manter distância do veículo da frente,Colisão traseira,Com Vítimas Feridas,Pleno dia,Decrescente,Céu Claro,Dupla,Reta,Não,2,0,1,0,1,0,1,2,"-7,1495","-34,8517",SPRF-PB,DEL01-PB,UOP01-DEL01-PB
367566.0,2021-06-23,quarta-feira,18:30:00,PB,104,"97,9",ESPERANCA,Acessar a via sem observar a presença dos outros veículos,Colisão transversal,Com Vítimas Feridas,Plena Noite,Crescente,Vento,Simples,Curva,Sim,2,0,1,1,0,0,2,2,"-7,01994564","-35,85788662",SPRF-PB,DEL02-PB,UOP04-DEL02-PB
367905.0,2021-07-02,sexta-feira,23:15:00,PB,230,35,SANTA RITA,Velocidade Incompatível,Capotamento,Com Vítimas Feridas,Plena Noite,Decrescente,Garoa/Chuvisco,Simples,Interseção de Vias;Declive,Sim,1,0,1,0,0,0,1,1,"-7,12519632","-34,9456401",SPRF-PB,DEL01-PB,UOP01-DEL01-PB