id,data_inversa,dia_semana,horario,uf,br,km,municipio,causa_acidente,tipo_acidente,classificacao_acidente,fase_dia,sentido_via,condicao_metereologica,tipo_pista,tracado_via,uso_solo,pessoas,mortos,feridos_leves,feridos_graves,ilesos,ignorados,feridos,veiculos,latitude,longitude,regional,delegacia,uop
367958.0,2021-07-03,sábado,06:30:00,PB,230,25,JOAO PESSOA,Demais falhas mecânicas ou elétricas,Colisão com objeto,Sem Vítimas,Pleno dia,Crescente,Chuva,Múltipla,Curva;Declive;Viaduto,Sim,1,0,0,0,1,0,0,1,"-7,1707","-34,8684",SPRF-PB,DEL01-PB,UOP01-DEL01-PB
367986.0,2021-07-03,sábado,09:15:00,PB,230,1,CABEDELO,Reação tardia ou ineficiente do condutor,Atropelamento de Pedestre,Com Vítimas Feridas,Pleno dia,Decrescente,Nublado,Simples,Reta,Sim,2,0,1,0,1,0,1,2,"-6,9768531","-34,83125087",SPRF-PB,DEL01-PB,UOP01-DEL01-PB
368012.0,2021-07-03,sábado,11:30:00,PB,230,292,SANTA LUZIA,Ausência de reação do condutor,Tombamento,Com Vítimas Feridas,Pleno dia,Decrescente,Céu Claro,Simples,Reta,Sim,2,0,2,0,0,0,2,1,"-6,871536","-36,925721",SPRF-PB,DEL03-PB,UOP01-DEL03-PB
368103.0,2021-07-03,sábado,18:55:00,PB,101,97,CONDE,Velocidade Incompatível,Saída de leito carroçável,Sem Vítimas,Plena Noite,Decrescente,Nublado,Dupla,Reta,Sim,1,0,0,0,0,1,0,1,"-7,23904266","-34,92695332",SPRF-PB,DEL01-PB,UOP02-DEL01-PB
368117.0,2021-07-03,sábado,19:50:00,PB,230,"85,5",JOAO PESSOA,Pista esburacada,Tombamento,Com Vítimas Feridas,Plena Noite,Decrescente,Nublado,Dupla,Interseção de Vias,Sim,1,0,1,0,0,0,1,1,"-7,14918286","-34,91178274",SPRF-PB,DEL01-PB,UOP03-DEL01-PB
368322.0,2021-07-04,domingo,19:25:00,PB,101,89,JOAO PESSOA,Manobra de mudança de faixa,Colisão lateral mesmo sentido,Com Vítimas Feridas,Plena Noite,Crescente,Céu Claro,Dupla,Retorno Regulamentado,Sim,2,0,1,0,0,1,1,2,"-7,1710694","-34,89765372",SPRF-PB,DEL01-PB,UOP02-DEL01-PB
368343.0,2021-07-04,domingo,20:00:00,PB,104,"132,1",QUEIMADAS,Ingestão de álcool pelo condutor,Colisão lateral sentido oposto,Com Vítimas Feridas,Plena Noite,Crescente,Céu Claro,Simples,Reta,Sim,3,0,1,0,2,0,1,2,"-7,29946071","-35,89202285",SPRF-PB,DEL02-PB,UOP03-DEL02-PB
368382.0,2021-07-04,domingo,22:10:00,PB,230,"196,7",POCINHOS,Acessar a via sem observar a presença dos outros veículos,Colisão transversal,Com Vítimas Feridas,Plena Noite,Crescente,Céu Claro,Simples,Reta,Não,8,0,3,1,4,0,4,2,"-7,1167","-36,2024",SPRF-PB,DEL02-PB,UOP02-DEL02-PB
368419.0,2021-07-05,segunda-feira,04:45:00,PB,230,156,CAMPINA GRANDE,Condutor deixou de manter distância do veículo da frente,Colisão traseira,Com Vítimas Feridas,Plena Noite,Crescente,Céu Claro,Simples,Reta;Declive,Sim,3,0,0,2,0,1,2,2,"-7,2693","-35,9138",SPRF-PB,DEL02-PB,UOP01-DEL02-PB
368440.0,2021-07-05,segunda-feira,06:30:00,PB,101,81,SANTA RITA,Acessar a via sem observar a presença dos outros veículos,Colisão transversal,Com Vítimas Feridas,Pleno dia,Decrescente,Nublado,Dupla,Declive;Retorno Regulamentado;Reta,Sim,2,0,1,0,1,0,1,2,"-7,12508575","-34,94513217",SPRF-PB,DEL01-PB,UOP01-DEL01-PB
368454.0,2021-07-05,segunda-feira,06:40:00,PB,361,"16,5",SANTA TERESINHA,Acessar a via sem observar a presença dos outros veículos,Colisão traseira,Com Vítimas Feridas,Pleno dia,Decrescente,Céu Claro,Simples,Reta,Não,2,0,0,1,1,0,1,2,"-7,05665302","-37,39553498",SPRF-PB,DEL03-PB,UOP01-DEL03-PB
368487.0,2021-07-05,segunda-feira,10:15:00,PB,101,93,JOAO PESSOA,Acessar a via sem observar a presença dos outros veículos,Colisão transversal,Com Vítimas Feridas,Pleno dia,Decrescente,Céu Claro,Dupla,Retorno Regulamentado,Não,3,0,3,0,0,0,3,2,"-7,205825","-34,90879",SPRF-PB,DEL01-PB,UOP02-DEL01-PB
368552.0,2021-07-05,segunda-feira,15:20:00,PB,230,"169,7",CAMPINA GRANDE,Reação tardia ou ineficiente do condutor,Colisão traseira,Com Vítimas Feridas,Pleno dia,Decrescente,Céu Claro,Simples,Reta,Sim,2,0,1,0,1,0,1,2,"-7,1853","-35,9764",SPRF-PB,DEL02-PB,UOP02-DEL02-PB
368683.0,2021-07-06,terça-feira,07:30:00,PB,230,158,CAMPINA GRANDE,Acessar a via sem observar a presença dos outros veículos,Colisão transversal,Com Vítimas Feridas,Pleno dia,Crescente,Céu Claro,Simples,Reta,Sim,2,0,1,0,1,0,1,2,"-7,2582","-35,9267",SPRF-PB,DEL02-PB,UOP01-DEL02-PB
368818.0,2021-07-06,terça-feira,19:40:00,PB,230,"363,1",MALTA,Transitar na contramão,Colisão frontal,Com Vítimas Fatais,Plena Noite,Crescente,Céu Claro,Simples,Reta,Não,6,1,4,0,0,1,4,2,"-6,913546","-37,489648",SPRF-PB,DEL03-PB,UOP02-DEL03-PB
368955.0,2021-07-07,quarta-feira,12:20:00,PB,230,26,JOAO PESSOA,Ausência de reação do condutor,Colisão traseira,Com Vítimas Feridas,Pleno dia,Crescente,Sol,Dupla,Reta,Sim,2,0,1,0,1,0,1,2,"-7,1693","-34,8782",SPRF-PB,DEL01-PB,UOP01-DEL01-PB
368986.0,2021-07-07,quarta-feira,16:00:00,PB,101,"81,4",SANTA RITA,Acessar a via sem observar a presença dos outros veículos,Tombamento,Com Vítimas Feridas,Pleno dia,Decrescente,Céu Claro,Dupla,Interseção de Vias,Sim,1,0,1,0,0,0,1,1,"-7,12508575","-34,94513217",SPRF-PB,DEL01-PB,UOP01-DEL01-PB
369132.0,2021-07-08,quinta-feira,10:30:00,PB,230,16,JOAO PESSOA,Entrada inopinada do pedestre,Atropelamento de Pedestre,Com Vítimas Feridas,Pleno dia,Decrescente,Céu Claro,Dupla,Reta,Sim,2,0,1,0,1,0,1,2,"-7,1039","-34,8458",SPRF-PB,DEL01-PB,UOP01-DEL01-PB
369199.0,2021-07-08,quinta-feira,17:15:00,PB,101,86,BAYEUX,Reação tardia ou ineficiente do condutor,Colisão traseira,Com Vítimas Feridas,Plena Noite,Decrescente,Céu Claro,Dupla,Reta,Sim,2,0,0,1,1,0,1,2,"-7,14790541","-34,91371393",SPRF-PB,DEL01-PB,UOP01-DEL01-PB
369357.0,2021-06-18,sexta-feira,16:20:00,PB,230,16,JOAO PESSOA,Condutor deixou de manter distância do veículo da frente,Engavetamento,Com Vítimas Feridas,Pleno dia,Crescente,Nublado,Dupla,Declive;Reta,Sim,5,0,2,0,3,0,2,4,"-7,1039","-34,8458",SPRF-PB,DEL01-PB,UOP01-DEL01-PB
369408.0,2021-07-09,sexta-feira,15:35:00,PB,230,0,CABEDELO,Transitar no acostamento,Colisão transversal,Com Vítimas Feridas,Pleno dia,Decrescente,Céu Claro,Simples,Reta,Sim,4,0,2,0,2,0,2,2,"-6,9711","-34,8382",SPRF-PB,DEL01-PB,UOP01-DEL01-PB
369424.0,2021-07-09,sexta-feira,16:40:00,PB,230,17,JOAO PESSOA,Velocidade Incompatível,Colisão traseira,Com Vítimas Feridas,Pleno dia,Crescente,Céu Claro,Dupla,Reta,Sim,4,0,2,0,1,1,2,3,"-7,1121","-34,8426",SPRF-PB,DEL01-PB,UOP01-DEL01-PB
369461.0,2021-07-09,sexta-feira,18:30:00,PB,230,68,SOBRADO,Manobra de mudança de faixa,Colisão transversal,Com Vítimas Feridas,Plena Noite,Decrescente,Céu Claro,Dupla,Reta,Não,4,0,2,0,2,0,2,2,"-7,1873","-35,2065",SPRF-PB,DEL01-PB,UOP03-DEL01-PB
369504.0,2021-07-09,sexta-feira,18:30:00,PB,230,"457,3",SOUSA,Conversão proibida,Colisão traseira,Com Vítimas Feridas,Plena Noite,Decrescente,Nublado,Simples,Reta,Não,3,0,0,2,0,1,2,2,"-6,776514","-38,187502",SPRF-PB,DEL03-PB,UOP03-DEL03-PB
369506.0,2021-07-09,sexta-feira,21:30:00,PB,361,6,PATOS,Animais na Pista,Atropelamento de Animal,Com Vítimas Feridas,Plena Noite,Decrescente,Céu Claro,Simples,Reta,Sim,2,0,2,0,0,0,2,1,"-7,03594312","-37,31112598",SPRF-PB,DEL03-PB,UOP01-DEL03-PB
369694.0,2021-07-10,sábado,16:40:00,PB,230,"158,1",CAMPINA GRANDE,Acesso irregular,Colisão transversal,Com Vítimas Fatais,Pleno dia,Crescente,Céu Claro,Simples,Aclive;Reta,Sim,3,1,0,0,1,1,0,3,"-7,26046","-35,924039",SPRF-PB,DEL02-PB,UOP01-DEL02-PB
369695.0,2021-07-10,sábado,19:13:00,PB,230,"22,3",JOAO PESSOA,Chuva,Tombamento,Com Vítimas Feridas,Plena Noite,Crescente,Chuva,Dupla,Reta,Sim,1,0,1,0,0,0,1,1,"-7,1495","-34,8517",SPRF-PB,DEL01-PB,UOP01-DEL01-PB
369757.0,2021-07-10,sábado,21:40:00,PB,104,"89,7",REMIGIO,Ultrapassagem Indevida,Colisão lateral sentido oposto,Com Vítimas Feridas,Plena Noite,Crescente,Nublado,Simples,Reta,Sim,3,0,0,1,2,0,1,3,"-6,9732572","-35,80905795",SPRF-PB,DEL02-PB,UOP04-DEL02-PB
369762.0,2021-07-11,domingo,00:15:00,PB,230,"22,7",JOAO PESSOA,Condutor usando celular,Saída de leito carroçável,Com Vítimas Feridas,Plena Noite,Crescente,Chuva,Dupla,Reta,Sim,1,0,1,0,0,0,1,1,"-7,1495","-34,8517",SPRF-PB,DEL01-PB,UOP01-DEL01-PB
369768.0,2021-07-11,domingo,00:20:00,PB,230,"26,2",JOAO PESSOA,Ingestão de álcool pelo condutor,Saída de leito carroçável,Com Vítimas Feridas,Plena Noite,Crescente,Chuva,Dupla,Reta;Aclive,Sim,3,0,1,0,2,0,1,1,"-7,1693","-34,8782",SPRF-PB,DEL01-PB,UOP01-DEL01-PB
369779.0,2021-07-11,domingo,00:10:00,PB,104,118,CAMPINA GRANDE,Condutor deixou de manter distância do veículo da frente,Colisão traseira,Com Vítimas Feridas,Plena Noite,Crescente,Garoa/Chuvisco,Simples,Reta,Não,2,0,1,0,1,0,1,2,"-7,19637839","-35,87571339",SPRF-PB,DEL02-PB,UOP04-DEL02-PB
369941.0,2021-07-11,domingo,16:45:00,PB,101,54,SANTA RITA,Reação tardia ou ineficiente do condutor,Colisão com objeto,Com Vítimas Feridas,Anoitecer,Crescente,Céu Claro,Dupla,Curva,Não,1,0,1,0,0,0,1,1,"-6,95396379","-35,09058058",SPRF-PB,DEL01-PB,UOP04-DEL01-PB
369946.0,2021-07-11,domingo,17:35:00,PB,230,"4,9",CABEDELO,Pedestre cruzava a pista fora da faixa,Atropelamento de Pedestre,Com Vítimas Fatais,Anoitecer,Decrescente,Céu Claro,Simples,Interseção de Vias,Sim,3,1,0,0,1,1,0,2,"-7,0004","-34,8284",SPRF-PB,DEL01-PB,UOP01-DEL01-PB
370123.0,2021-07-12,segunda-feira,08:00:00,PB,230,26,JOAO PESSOA,Reação tardia ou ineficiente do condutor,Colisão traseira,Sem Vítimas,Pleno dia,Crescente,Chuva,Múltipla,Reta,Não,3,0,0,0,3,0,0,2,"-7,1693","-34,8782",SPRF-PB,DEL01-PB,UOP01-DEL01-PB
370131.0,2021-07-12,segunda-feira,09:00:00,PB,101,79,SANTA RITA,Velocidade Incompatível,Saída de leito carroçável,Com Vítimas Feridas,Pleno dia,Crescente,Nublado,Dupla,Curva,Sim,2,0,2,0,0,0,2,1,"-7,1147526","-34,95793891",SPRF-PB,DEL01-PB,UOP04-DEL01-PB
370177.0,2021-07-12,segunda-feira,13:30:00,PB,230,152,CAMPINA GRANDE,Estacionar ou parar em local proibido,Engavetamento,Com Vítimas Feridas,Pleno dia,Decrescente,Nublado,Simples,Declive,Sim,5,0,1,0,2,2,1,5,"-7,2688","-35,8837",SPRF-PB,DEL02-PB,UOP01-DEL02-PB
370222.0,2021-07-12,segunda-feira,13:20:00,PB,104,29,SOSSEGO,Manobra de mudança de faixa,Colisão frontal,Com Vítimas Feridas,Pleno dia,Crescente,Céu Claro,Simples,Reta;Interseção de Vias,Não,3,0,1,1,1,0,2,2,"-6,64750917","-36,15192399",SPRF-PB,DEL02-PB,UOP04-DEL02-PB
370396.0,2021-07-13,terça-feira,15:30:00,PB,230,37,SANTA RITA,Reação tardia ou ineficiente do condutor,Saída de leito carroçável,Com Vítimas Feridas,Pleno dia,Crescente,Céu Claro,Dupla,Reta,Sim,5,0,3,0,2,0,3,1,"-7,1293","-34,9536",SPRF-PB,DEL01-PB,UOP03-DEL01-PB
370400.0,2021-07-13,terça-feira,16:40:00,PB,101,81,BAYEUX,Manobra de mudança de faixa,Tombamento,Com Vítimas Feridas,Pleno dia,Decrescente,Céu Claro,Dupla,Reta,Sim,2,0,1,1,0,0,2,1,"-7,12508575","-34,94513217",SPRF-PB,DEL01-PB,UOP01-DEL01-PB
370418.0,2021-07-13,terça-feira,17:15:00,PB,230,22,JOAO PESSOA,Condutor deixou de manter distância do veículo da frente,Colisão traseira,Com Vítimas Feridas,Anoitecer,Crescente,Céu Claro,Dupla,Reta,Sim,4,0,1,0,3,0,1,4,"-7,1495","-34,8517",SPRF-PB,DEL01-PB,UOP01-DEL01-PB
370423.0,2021-07-13,terça-feira,18:30:00,PB,230,23,JOAO PESSOA,Reação tardia ou ineficiente do condutor,Colisão traseira,Com Vítimas Feridas,Plena Noite,Decrescente,Céu Claro,Dupla,Reta,Sim,3,0,1,1,0,1,2,2,"-7,1562","-34,8574",SPRF-PB,DEL01-PB,UOP01-DEL01-PB
370434.0,2021-07-13,terça-feira,19:00:00,PB,230,22,JOAO PESSOA,Ausência de reação do condutor,Engavetamento,Com Vítimas Feridas,Plena Noite,Crescente,Céu Claro,Dupla,Reta,Sim,4,0,1,0,3,0,1,4,"-7,15324673","-34,85493891",SPRF-PB,DEL01-PB,UOP01-DEL01-PB
370442.0,2021-07-13,terça-feira,19:50:00,PB,101,"97,6",ALHANDRA,Pedestre andava na pista,Atropelamento de Pedestre,Com Vítimas Fatais,Plena Noite,Crescente,Céu Claro,Dupla,Reta,Sim,4,1,0,0,0,3,0,2,"-7,244577","-34,930171",SPRF-PB,DEL01-PB,UOP02-DEL01-PB
370500.0,2021-07-14,quarta-feira,08:10:00,PB,101,84,BAYEUX,Condutor deixou de manter distância do veículo da frente,Engavetamento,Sem Vítimas,Amanhecer,Crescente,Chuva,Dupla,Reta,Sim,4,0,0,0,3,1,0,4,"-7,14074318","-34,92192026",SPRF-PB,DEL01-PB,UOP01-DEL01-PB
370506.0,2021-07-14,quarta-feira,08:40:00,PB,230,"17,9",JOAO PESSOA,Ausência de reação do condutor,Engavetamento,Sem Vítimas,Pleno dia,Crescente,Céu Claro,Dupla,Reta,Sim,4,0,0,0,4,0,0,4,"-7,1121","-34,8426",SPRF-PB,DEL01-PB,UOP01-DEL01-PB
370515.0,2021-07-14,quarta-feira,07:49:00,PB,230,19,JOAO PESSOA,Acumulo de água sobre o pavimento,Queda de ocupante de veículo,Com Vítimas Feridas,Pleno dia,Crescente,Chuva,Dupla,Reta,Sim,1,0,1,0,0,0,1,1,"-7,13114916","-34,85240936",SPRF-PB,DEL01-PB,UOP01-DEL01-PB
370553.0,2021-07-14,quarta-feira,13:20:00,PB,104,"139,1",QUEIMADAS,Entrada inopinada do pedestre,Atropelamento de Pedestre,Com Vítimas Feridas,Pleno dia,Crescente,Céu Claro,Simples,Reta,Sim,2,0,0,1,1,0,1,2,"-7,36948311","-35,89979635",SPRF-PB,DEL02-PB,UOP03-DEL02-PB
370646.0,2021-07-14,quarta-feira,22:00:00,PB,230,"137,8",CAMPINA GRANDE,Chuva,Colisão com objeto,Com Vítimas Feridas,Plena Noite,Decrescente,Garoa/Chuvisco,Dupla,Curva,Não,2,0,1,0,0,1,1,2,"-7,2766","-35,7739",SPRF-PB,DEL02-PB,UOP01-DEL02-PB
370660.0,2021-07-14,quarta-feira,19:40:00,PB,230,"463,5",SOUSA,Iluminação deficiente,Colisão traseira,Com Vítimas Feridas,Plena Noite,Crescente,Nublado,Simples,Reta,Sim,4,0,1,0,3,0,1,2,"-6,778392","-38,230012",SPRF-PB,DEL03-PB,UOP03-DEL03-PB
370695.0,2021-07-15,quinta-feira,08:15:00,PB,230,12,CABEDELO,Condutor deixou de manter distância do veículo da frente,Colisão traseira,Com Vítimas Feridas,Pleno dia,Decrescente,Céu Claro,Dupla,Reta,Não,3,0,1,0,2,0,1,2,"-7,068","-34,85",SPRF-PB,DEL01-PB,UOP01-DEL01-PB
370706.0,2021-07-15,quinta-feira,09:00:00,PB,230,22,JOAO PESSOA,Reação tardia ou ineficiente do condutor,Colisão traseira,Com Vítimas Feridas,Pleno dia,Decrescente,Céu Claro,Dupla,Reta,Sim,2,0,1,0,1,0,1,2,"-7,15612362","-34,85708714",SPRF-PB,DEL01-PB,UOP01-DEL01-PB
370711.0,2021-07-15,quinta-feira,09:00:00,PB,230,"41,8",SANTA RITA,Manobra de mudança de faixa,Saída de leito carroçável,Com Vítimas Feridas,Pleno dia,Crescente,Chuva,Dupla,Retorno Regulamentado;Curva,Não,1,0,1,0,0,0,1,1,"-7,14322138","-34,98598337",SPRF-PB,DEL01-PB,UOP03-DEL01-PB
370786.0,2021-07-15,quinta-feira,14:30:00,PB,427,"37,4",POMBAL,Condutor deixou de manter distância do veículo da frente,Colisão traseira,Com Vítimas Feridas,Pleno dia,Decrescente,Sol,Simples,Reta,Sim,2,0,0,1,1,0,1,2,"-6,76405124","-37,78910384",SPRF-PB,DEL03-PB,UOP02-DEL03-PB
370996.0,2021-07-16,sexta-feira,17:00:00,PB,230,"16,5",JOAO PESSOA,Reação tardia ou ineficiente do condutor,Colisão com objeto,Sem Vítimas,Anoitecer,Decrescente,Céu Claro,Dupla,Reta,Sim,1,0,0,0,0,1,0,1,"-7,1039","-34,8458",SPRF-PB,DEL01-PB,UOP01-DEL01-PB
370998.0,2021-07-16,sexta-feira,15:40:00,PB,230,163,CAMPINA GRANDE,Velocidade Incompatível,Colisão lateral mesmo sentido,Com Vítimas Feridas,Amanhecer,Crescente,Céu Claro,Simples,Reta,Não,3,0,1,0,2,0,1,3,"-7,2198","-35,9443",SPRF-PB,DEL02-PB,UOP01-DEL02-PB
371019.0,2021-07-16,sexta-feira,17:30:00,PB,104,129,CAMPINA GRANDE,Animais na Pista,Atropelamento de Animal,Com Vítimas Feridas,Anoitecer,Crescente,Céu Claro,Simples,Reta,Sim,1,0,1,0,0,0,1,1,"-7,28120589","-35,88915693",SPRF-PB,DEL02-PB,UOP01-DEL02-PB
371150.0,2021-07-04,domingo,18:10:00,PB,230,161,CAMPINA GRANDE,Animais na Pista,Tombamento,Com Vítimas Feridas,Anoitecer,Crescente,Nublado,Simples,Reta,Não,4,0,1,0,3,0,1,2,"-7,2361","-35,941",SPRF-PB,DEL02-PB,UOP01-DEL02-PB
371281.0,2021-07-17,sábado,18:30:00,PB,434,"7,9",UIRAUNA,Velocidade Incompatível,Colisão traseira,Com Vítimas Fatais,Plena Noite,Crescente,Céu Claro,Simples,Reta,Não,2,1,0,0,0,1,0,2,"-6,456969","-38,444389",SPRF-PB,DEL03-PB,UOP03-DEL03-PB
371327.0,2021-07-17,sábado,19:30:00,PB,361,"75,2",OLHO DAGUA,Velocidade Incompatível,Saída de leito carroçável,Com Vítimas Feridas,Plena Noite,Crescente,Céu Claro,Simples,Reta,Não,4,0,1,2,1,0,3,1,"-7,190908","-37,85121",SPRF-PB,DEL03-PB,UOP01-DEL03-PB
371516.0,2021-07-18,domingo,11:00:00,PB,104,"159,9",BARRA DE SANTANA,Ausência de reação do condutor,Saída de leito carroçável,Sem Vítimas,Pleno dia,Decrescente,Céu Claro,Simples,Declive,Não,1,0,0,0,0,1,0,1,"-7,5137014","-35,97848277",SPRF-PB,DEL02-PB,UOP03-DEL02-PB
371561.0,2021-07-19,segunda-feira,06:45:00,PB,230,23,JOAO PESSOA,Ausência de reação do condutor,Colisão traseira,Com Vítimas Feridas,Pleno dia,Decrescente,Céu Claro,Dupla,Declive,Sim,3,0,2,0,1,0,2,2,"-7,1562","-34,8574",SPRF-PB,DEL01-PB,UOP01-DEL01-PB
371593.0,2021-07-19,segunda-feira,09:35:00,PB,101,"5,8",MATARACA,Manobra de mudança de faixa,Colisão transversal,Com Vítimas Fatais,Pleno dia,Decrescente,Céu Claro,Dupla,Retorno Regulamentado,Não,2,1,0,0,1,0,0,2,"-6,54791705","-35,12227696",SPRF-PB,DEL01-PB,UOP04-DEL01-PB
371685.0,2021-07-19,segunda-feira,18:00:00,PB,101,"101,7",ALHANDRA,Ingestão de álcool e/ou substâncias psicoativas pelo pedestre,Colisão traseira,Com Vítimas Feridas,Plena Noite,Decrescente,Céu Claro,Dupla,Reta,Não,4,0,3,0,1,0,3,2,"-7,27367006","-34,93816262",SPRF-PB,DEL01-PB,UOP02-DEL01-PB
371699.0,2021-07-19,segunda-feira,18:00:00,PB,230,"174,9",CAMPINA GRANDE,Ingestão de álcool pelo condutor,Saída de leito carroçável,Com Vítimas Feridas,Plena Noite,Decrescente,Céu Claro,Simples,Curva;Aclive,Não,1,0,1,0,0,0,1,1,"-7,1794","-36,0164",SPRF-PB,DEL02-PB,UOP02-DEL02-PB
371714.0,2021-07-19,segunda-feira,19:20:00,PB,230,"118,7",INGA,Pedestre andava na pista,Atropelamento de Pedestre,Com Vítimas Fatais,Plena Noite,Decrescente,Nublado,Dupla,Reta,Não,3,1,0,0,2,0,0,2,"-7,242931","-35,634373",SPRF-PB,DEL02-PB,UOP01-DEL02-PB
371722.0,2021-07-19,segunda-feira,21:40:00,PB,104,"101,1",ESPERANCA,Velocidade Incompatível,Tombamento,Com Vítimas Fatais,Plena Noite,Decrescente,Chuva,Simples,Curva,Não,2,1,1,0,0,0,1,1,"-7,053754","-35,854309",SPRF-PB,DEL02-PB,UOP04-DEL02-PB
371731.0,2021-07-20,terça-feira,02:20:00,PB,230,"13,2",CABEDELO,Animais na Pista,Atropelamento de Animal,Com Vítimas Feridas,Plena Noite,Crescente,Nublado,Dupla,Reta,Sim,2,0,2,0,0,0,2,1,"-7,0772","-34,8494",SPRF-PB,DEL01-PB,UOP01-DEL01-PB
371734.0,2021-07-20,terça-feira,03:05:00,PB,230,"164,5",CAMPINA GRANDE,Transitar na contramão,Colisão frontal,Com Vítimas Fatais,Plena Noite,Crescente,Nublado,Simples,Reta,Sim,3,1,0,1,0,1,1,2,"-7,2128","-35,9499",SPRF-PB,DEL02-PB,UOP01-DEL02-PB
371808.0,2021-07-20,terça-feira,10:00:00,PB,230,"128,1",MASSARANDUBA,Demais falhas mecânicas ou elétricas,Tombamento,Com Vítimas Feridas,Pleno dia,Crescente,Sol,Dupla,Reta,Não,2,0,2,0,0,0,2,1,"-7,263721","-35,716265",SPRF-PB,DEL02-PB,UOP01-DEL02-PB
371870.0,2021-07-20,terça-feira,18:40:00,PB,230,126,RIACHAO DO BACAMARTE,Ausência de reação do condutor,Saída de leito carroçável,Com Vítimas Feridas,Plena Noite,Decrescente,Céu Claro,Dupla,Reta,Não,2,0,2,0,0,0,2,1,"-7,260697","-35,696863",SPRF-PB,DEL02-PB,UOP01-DEL02-PB
371882.0,2021-07-20,terça-feira,18:00:00,PB,104,"129,8",CAMPINA GRANDE,Acesso irregular,Colisão transversal,Com Vítimas Feridas,Plena Noite,Decrescente,Céu Claro,Simples,Reta,Sim,2,0,2,0,0,0,2,2,"-7,28120589","-35,88915693",SPRF-PB,DEL02-PB,UOP03-DEL02-PB
371929.0,2021-07-21,quarta-feira,07:39:00,PB,230,"18,2",JOAO PESSOA,Manobra de mudança de faixa,Colisão traseira,Com Vítimas Feridas,Pleno dia,Decrescente,Chuva,Dupla,Reta,Sim,2,0,1,0,1,0,1,2,"-7,1198","-34,8453",SPRF-PB,DEL01-PB,UOP01-DEL01-PB
371935.0,2021-07-21,quarta-feira,07:30:00,PB,230,"18,2",JOAO PESSOA,Frear bruscamente,Colisão lateral mesmo sentido,Com Vítimas Feridas,Pleno dia,Decrescente,Chuva,Dupla,Reta,Sim,2,0,1,0,1,0,1,2,"-7,1198","-34,8453",SPRF-PB,DEL01-PB,UOP01-DEL01-PB
371980.0,2021-07-21,quarta-feira,12:00:00,PB,230,"123,4",RIACHAO DO BACAMARTE,Ausência de reação do condutor,Saída de leito carroçável,Com Vítimas Feridas,Pleno dia,Crescente,Garoa/Chuvisco,Dupla,Curva,Não,1,0,1,0,0,0,1,1,"-7,2478","-35,6672",SPRF-PB,DEL02-PB,UOP01-DEL02-PB
372196.0,2021-07-22,quinta-feira,12:00:00,PB,104,"193,9",ALCANTIL,Entrada inopinada do pedestre,Atropelamento de Pedestre,Com Vítimas Fatais,Pleno dia,Decrescente,Céu Claro,Simples,Reta,Não,2,1,0,0,1,0,0,2,"-7,74573276","-36,08372943",SPRF-PB,DEL02-PB,UOP03-DEL02-PB
372200.0,2021-07-22,quinta-feira,16:50:00,PB,230,17,JOAO PESSOA,Ingestão de álcool pelo condutor,Colisão traseira,Sem Vítimas,Pleno dia,Crescente,Nublado,Dupla,Curva,Sim,2,0,0,0,2,0,0,2,"-7,11839092","-34,8444593",SPRF-PB,DEL01-PB,UOP01-DEL01-PB
372299.0,2021-07-23,sexta-feira,06:40:00,PB,230,23,JOAO PESSOA,Condutor deixou de manter distância do veículo da frente,Colisão traseira,Com Vítimas Feridas,Pleno dia,Decrescente,Nublado,Dupla,Viaduto,Sim,3,0,0,1,2,0,1,2,"-7,16548171","-34,86273419",SPRF-PB,DEL01-PB,UOP01-DEL01-PB
372343.0,2021-07-23,sexta-feira,12:30:00,PB,230,28,JOAO PESSOA,Manobra de mudança de faixa,Colisão lateral mesmo sentido,Com Vítimas Fatais,Pleno dia,Decrescente,Nublado,Dupla,Reta,Sim,5,2,0,0,3,0,0,2,"-7,1651","-34,8941",SPRF-PB,DEL01-PB,UOP01-DEL01-PB
372382.0,2021-07-23,sexta-feira,16:50:00,PB,230,59,CRUZ DO ESPIRITO SANTO,Animais na Pista,Atropelamento de Animal,Com Vítimas Feridas,Pleno dia,Crescente,Sol,Dupla,Reta,Não,2,0,2,0,0,0,2,1,"-7,2043","-35,1305",SPRF-PB,DEL01-PB,UOP03-DEL01-PB
372477.0,2021-07-24,sábado,01:00:00,PB,230,404,POMBAL,Ausência de reação do condutor,Saída de leito carroçável,Sem Vítimas,Plena Noite,Crescente,Céu Claro,Simples,Reta,Não,1,0,0,0,0,1,0,1,"-6,7942","-37,7839",SPRF-PB,DEL03-PB,UOP02-DEL03-PB
372494.0,2021-07-24,sábado,04:10:00,PB,230,"336,1",PATOS,Animais na Pista,Atropelamento de Animal,Com Vítimas Fatais,Amanhecer,Crescente,Céu Claro,Simples,Reta,Não,1,1,0,0,0,0,0,1,"-7,0103","-37,2748",SPRF-PB,DEL03-PB,UOP01-DEL03-PB
372755.0,2021-07-25,domingo,05:00:00,PB,230,"153,5",CAMPINA GRANDE,Ingestão de álcool e/ou substâncias psicoativas pelo pedestre,Colisão com objeto,Sem Vítimas,Amanhecer,Decrescente,Garoa/Chuvisco,Simples,Curva,Sim,1,0,0,0,1,0,0,1,"-7,2763","-35,8887",SPRF-PB,DEL02-PB,UOP01-DEL02-PB