id,data_inversa,dia_semana,horario,uf,br,km,municipio,causa_acidente,tipo_acidente,classificacao_acidente,fase_dia,sentido_via,condicao_metereologica,tipo_pista,tracado_via,uso_solo,pessoas,mortos,feridos_leves,feridos_graves,ilesos,ignorados,feridos,veiculos,latitude,longitude,regional,delegacia,uop
372842.0,2021-07-25,domingo,15:10:00,PB,230,62,SAO MIGUEL DE TAIPU,Condutor deixou de manter distância do veículo da frente,Colisão traseira,Com Vítimas Feridas,Pleno dia,Decrescente,Céu Claro,Simples,Desvio Temporário;Reta;Em Obras,Não,5,0,3,0,2,0,3,2,"-7,202","-35,1574",SPRF-PB,DEL01-PB,UOP03-DEL01-PB
372862.0,2021-07-25,domingo,16:00:00,PB,101,"71,4",SANTA RITA,Reação tardia ou ineficiente do condutor,Colisão com objeto,Sem Vítimas,Pleno dia,Crescente,Nublado,Dupla,Reta,Não,1,0,0,0,0,1,0,1,"-7,06838278","-35,0033079",SPRF-PB,DEL01-PB,UOP04-DEL01-PB
372865.0,2021-07-25,domingo,15:30:00,PB,101,"85,6",BAYEUX,Ausência de reação do condutor,Saída de leito carroçável,Sem Vítimas,Pleno dia,Decrescente,Nublado,Dupla,Reta;Retorno Regulamentado,Sim,1,0,0,0,1,0,0,1,"-7,15036221","-34,91070176",SPRF-PB,DEL01-PB,UOP01-DEL01-PB
372912.0,2021-07-25,domingo,20:00:00,PB,104,"137,6",QUEIMADAS,Ingestão de álcool pelo condutor,Saída de leito carroçável,Sem Vítimas,Plena Noite,Decrescente,Céu Claro,Simples,Reta,Não,1,0,0,0,1,0,0,1,"-7,352277","-35,90094",SPRF-PB,DEL02-PB,UOP03-DEL02-PB
372999.0,2021-07-26,segunda-feira,07:30:00,PB,101,"115,6",PEDRAS DE FOGO,Acumulo de água sobre o pavimento,Saída de leito carroçável,Sem Vítimas,Pleno dia,Decrescente,Chuva,Dupla,Reta,Não,1,0,0,0,1,0,0,1,"-7,405261","-34,95492",SPRF-PB,DEL01-PB,UOP02-DEL01-PB
373082.0,2021-07-26,segunda-feira,16:42:00,PB,230,18,JOAO PESSOA,Transitar na contramão,Colisão frontal,Com Vítimas Feridas,Pleno dia,Crescente,Céu Claro,Simples,Curva,Sim,2,0,2,0,0,0,2,2,"-7,1198","-34,8453",SPRF-PB,DEL01-PB,UOP01-DEL01-PB
373144.0,2021-07-26,segunda-feira,22:00:00,PB,101,73,SANTA RITA,Velocidade Incompatível,Saída de leito carroçável,Sem Vítimas,Plena Noite,Decrescente,Céu Claro,Simples,Reta,Não,1,0,0,0,1,0,0,1,"-7,07828212","-34,98823508",SPRF-PB,DEL01-PB,UOP04-DEL01-PB
373233.0,2021-07-27,terça-feira,14:00:00,PB,230,"47,6",SANTA RITA,Frear bruscamente,Capotamento,Com Vítimas Feridas,Pleno dia,Decrescente,Céu Claro,Dupla,Reta,Não,6,0,2,3,1,0,5,1,"-7,1685","-35,032",SPRF-PB,DEL01-PB,UOP03-DEL01-PB
373263.0,2021-07-27,terça-feira,17:45:00,PB,230,0,CABEDELO,Acesso irregular,Colisão transversal,Com Vítimas Feridas,Plena Noite,Crescente,Céu Claro,Simples,Reta,Sim,2,0,1,0,1,0,1,2,"-6,9711","-34,8382",SPRF-PB,DEL01-PB,UOP01-DEL01-PB
373295.0,2021-07-27,terça-feira,18:20:00,PB,405,"35,7",SAO JOAO DO RIO DO PEIXE,Ausência de reação do condutor,Colisão traseira,Com Vítimas Feridas,Plena Noite,Decrescente,Céu Claro,Simples,Reta,Sim,3,0,1,1,1,0,2,2,"-6,716","-38,449",SPRF-PB,DEL03-PB,UOP03-DEL03-PB
373442.0,2021-07-28,quarta-feira,18:55:00,PB,230,17,JOAO PESSOA,Manobra de mudança de faixa,Colisão transversal,Com Vítimas Feridas,Plena Noite,Crescente,Céu Claro,Múltipla,Reta;Retorno Regulamentado,Sim,2,0,1,0,1,0,1,2,"-7,1121","-34,8426",SPRF-PB,DEL01-PB,UOP01-DEL01-PB
373544.0,2021-07-29,quinta-feira,08:00:00,PB,230,19,JOAO PESSOA,Trafegar com motocicleta (ou similar) entre as faixas,Colisão lateral mesmo sentido,Com Vítimas Feridas,Pleno dia,Decrescente,Céu Claro,Dupla,Reta,Sim,4,0,4,0,0,0,4,2,"-7,12984903","-34,85056277",SPRF-PB,DEL01-PB,UOP01-DEL01-PB
373794.0,2021-07-30,sexta-feira,12:50:00,PB,230,17,JOAO PESSOA,Reação tardia ou ineficiente do condutor,Colisão traseira,Sem Vítimas,Pleno dia,Decrescente,Céu Claro,Dupla,Reta,Sim,2,0,0,0,2,0,0,2,"-7,1121","-34,8426",SPRF-PB,DEL01-PB,UOP01-DEL01-PB
373800.0,2021-07-30,sexta-feira,13:20:00,PB,230,"19,1",JOAO PESSOA,Condutor deixou de manter distância do veículo da frente,Colisão traseira,Com Vítimas Feridas,Pleno dia,Crescente,Céu Claro,Dupla,Reta,Sim,2,0,1,0,1,0,1,2,"-7,1281","-34,8466",SPRF-PB,DEL01-PB,UOP01-DEL01-PB
373826.0,2021-07-30,sexta-feira,15:15:00,PB,412,56,SAO JOAO DO CARIRI,Acessar a via sem observar a presença dos outros veículos,Colisão transversal,Com Vítimas Feridas,Pleno dia,Decrescente,Sol,Simples,Reta,Sim,2,0,0,1,1,0,1,2,"-7,38871","-36,529026",SPRF-PB,DEL02-PB,UOP02-DEL02-PB
373880.0,2021-07-30,sexta-feira,18:40:00,PB,101,83,BAYEUX,Manobra de mudança de faixa,Colisão traseira,Com Vítimas Feridas,Plena Noite,Crescente,Nublado,Dupla,Reta,Sim,3,0,2,0,1,0,2,2,"-7,1337703","-34,92963914",SPRF-PB,DEL01-PB,UOP01-DEL01-PB
373885.0,2021-07-30,sexta-feira,19:10:00,PB,230,"16,5",JOAO PESSOA,Ausência de reação do condutor,Colisão traseira,Sem Vítimas,Plena Noite,Crescente,Chuva,Dupla,Reta,Sim,2,0,0,0,2,0,0,2,"-7,1039","-34,8458",SPRF-PB,DEL01-PB,UOP01-DEL01-PB
373890.0,2021-07-30,sexta-feira,12:00:00,PB,361,"27,2",SANTA TERESINHA,Demais falhas mecânicas ou elétricas,Eventos atípicos,Com Vítimas Feridas,Pleno dia,Crescente,Céu Claro,Simples,Reta,Não,1,0,1,0,0,0,1,1,"-7,08925322","-37,48316813",SPRF-PB,DEL03-PB,UOP01-DEL03-PB
373982.0,2021-07-31,sábado,07:50:00,PB,230,"13,1",CABEDELO,Trafegar com motocicleta (ou similar) entre as faixas,Colisão lateral mesmo sentido,Sem Vítimas,Pleno dia,Crescente,Céu Claro,Dupla,Reta,Sim,3,0,0,0,2,1,0,3,"-7,0772","-34,8494",SPRF-PB,DEL01-PB,UOP01-DEL01-PB
373993.0,2021-07-30,sexta-feira,20:15:00,PB,361,6,PATOS,Condutor Dormindo,Saída de leito carroçável,Com Vítimas Feridas,Plena Noite,Crescente,Céu Claro,Simples,Reta,Sim,1,0,1,0,0,0,1,1,"-7,03594312","-37,31112598",SPRF-PB,DEL03-PB,UOP01-DEL03-PB
374043.0,2021-07-31,sábado,14:05:00,PB,101,"46,6",RIO TINTO,Demais falhas mecânicas ou elétricas,Capotamento,Sem Vítimas,Pleno dia,Decrescente,Céu Claro,Dupla,Reta,Não,1,0,0,0,1,0,0,1,"-6,89108414","-35,12591625",SPRF-PB,DEL01-PB,UOP04-DEL01-PB
374168.0,2021-08-01,domingo,00:55:00,PB,230,"6,5",CABEDELO,Reação tardia ou ineficiente do condutor,Colisão com objeto,Com Vítimas Feridas,Plena Noite,Crescente,Chuva,Dupla,Reta,Sim,1,0,0,1,0,0,1,1,"-7,024885","-34,838048",SPRF-PB,DEL01-PB,UOP01-DEL01-PB
374265.0,2021-08-01,domingo,14:20:00,PB,230,19,JOAO PESSOA,Transitar no acostamento,Colisão com objeto,Com Vítimas Feridas,Pleno dia,Decrescente,Céu Claro,Dupla,Reta,Não,7,0,2,0,4,1,2,4,"-7,1281","-34,8466",SPRF-PB,DEL01-PB,UOP01-DEL01-PB
374289.0,2021-08-01,domingo,16:00:00,PB,230,"11,5",CABEDELO,Ingestão de álcool pelo condutor,Saída de leito carroçável,Sem Vítimas,Anoitecer,Crescente,Céu Claro,Dupla,Retorno Regulamentado,Sim,1,0,0,0,0,1,0,1,"-7,0596","-34,8506",SPRF-PB,DEL01-PB,UOP01-DEL01-PB
374362.0,2021-08-01,domingo,18:10:00,PB,230,"465,5",SOUSA,Ausência de reação do condutor,Colisão traseira,Com Vítimas Feridas,Plena Noite,Decrescente,Céu Claro,Simples,Reta;Retorno Regulamentado,Sim,2,0,0,1,0,1,1,2,"-6,781302","-38,25983",SPRF-PB,DEL03-PB,UOP03-DEL03-PB
374371.0,2021-08-01,domingo,20:15:00,PB,104,"143,9",QUEIMADAS,Ingestão de álcool pelo condutor,Colisão traseira,Com Vítimas Feridas,Plena Noite,Decrescente,Céu Claro,Simples,Reta,Não,8,0,2,6,0,0,8,2,"-7,40477903","-35,89667929",SPRF-PB,DEL02-PB,UOP03-DEL02-PB
374372.0,2021-08-01,domingo,21:30:00,PB,230,6,CABEDELO,Ingestão de álcool e/ou substâncias psicoativas pelo pedestre,Tombamento,Com Vítimas Fatais,Plena Noite,Decrescente,Nublado,Dupla,Viaduto,Sim,2,1,0,0,1,0,0,2,"-7,02","-34,8359",SPRF-PB,DEL01-PB,UOP01-DEL01-PB
374429.0,2021-08-02,segunda-feira,07:07:00,PB,230,22,JOAO PESSOA,Ausência de reação do condutor,Colisão traseira,Com Vítimas Feridas,Pleno dia,Decrescente,Céu Claro,Dupla,Reta,Sim,3,0,2,0,1,0,2,2,"-7,1495","-34,8517",SPRF-PB,DEL01-PB,UOP01-DEL01-PB
374433.0,2021-08-02,segunda-feira,07:15:00,PB,104,146,QUEIMADAS,Acesso irregular,Colisão lateral mesmo sentido,Com Vítimas Feridas,Pleno dia,Crescente,Céu Claro,Simples,Reta,Não,3,0,1,1,0,1,2,2,"-7,43125373","-35,89767245",SPRF-PB,DEL02-PB,UOP03-DEL02-PB
374639.0,2021-08-03,terça-feira,10:25:00,PB,230,"135,1",CAMPINA GRANDE,Velocidade Incompatível,Saída de leito carroçável,Sem Vítimas,Pleno dia,Crescente,Chuva,Dupla,Curva,Não,2,0,0,0,1,1,0,2,"-7,281644","-35,769054",SPRF-PB,DEL02-PB,UOP01-DEL02-PB
374758.0,2021-08-03,terça-feira,21:45:00,PB,104,"137,7",QUEIMADAS,Conversão proibida,Colisão transversal,Com Vítimas Fatais,Plena Noite,Decrescente,Céu Claro,Simples,Reta,Sim,3,1,0,2,0,0,2,2,"-7,346033","-35,900108",SPRF-PB,DEL02-PB,UOP03-DEL02-PB
374904.0,2021-08-04,quarta-feira,20:00:00,PB,230,"63,4",SAO MIGUEL DE TAIPU,Desvio temporário,Colisão lateral sentido oposto,Com Vítimas Feridas,Plena Noite,Decrescente,Nublado,Dupla,Em Obras,Não,4,0,1,0,3,0,1,2,"-7,1944","-35,1754",SPRF-PB,DEL01-PB,UOP03-DEL01-PB
374971.0,2021-08-05,quinta-feira,07:40:00,PB,230,20,JOAO PESSOA,Demais falhas mecânicas ou elétricas,Tombamento,Com Vítimas Feridas,Pleno dia,Decrescente,Céu Claro,Dupla,Reta,Não,1,0,1,0,0,0,1,1,"-7,1337","-34,8544",SPRF-PB,DEL01-PB,UOP01-DEL01-PB
375009.0,2021-08-05,quinta-feira,09:55:00,PB,101,"88,3",JOAO PESSOA,Velocidade Incompatível,Saída de leito carroçável,Com Vítimas Feridas,Pleno dia,Crescente,Chuva,Simples,Curva,Sim,1,0,1,0,0,0,1,1,"-7,16470016","-34,89993643",SPRF-PB,DEL01-PB,UOP01-DEL01-PB
375031.0,2021-08-05,quinta-feira,09:15:00,PB,110,191,MONTEIRO,Transitar na contramão,Colisão frontal,Com Vítimas Feridas,Pleno dia,Decrescente,Céu Claro,Simples,Reta,Não,4,0,3,0,0,1,3,2,"-7,94462803","-37,19769698",SPRF-PB,DEL02-PB,UOP02-DEL02-PB
375106.0,2021-08-05,quinta-feira,20:30:00,PB,230,"463,9",SOUSA,Ausência de reação do condutor,Colisão traseira,Sem Vítimas,Plena Noite,Crescente,Céu Claro,Simples,Reta,Sim,2,0,0,0,0,2,0,2,"-6,779","-38,246",SPRF-PB,DEL03-PB,UOP03-DEL03-PB
375142.0,2021-08-06,sexta-feira,06:00:00,PB,230,304,SAO MAMEDE,Demais falhas mecânicas ou elétricas,Incêndio,Sem Vítimas,Pleno dia,Crescente,Céu Claro,Simples,Declive;Reta,Não,2,0,0,0,2,0,0,1,"-6,9122","-37,0172",SPRF-PB,DEL03-PB,UOP01-DEL03-PB
375449.0,2021-08-07,sábado,09:25:00,PB,101,6,MATARACA,Demais falhas na via,Colisão com objeto,Com Vítimas Feridas,Pleno dia,Crescente,Sol,Dupla,Reta,Não,1,0,0,1,0,0,1,1,"-6,55395097","-35,12900895",SPRF-PB,DEL01-PB,UOP04-DEL01-PB
375573.0,2021-08-07,sábado,18:20:00,PB,101,"91,2",JOAO PESSOA,Afundamento ou ondulação no pavimento,Tombamento,Com Vítimas Feridas,Plena Noite,Decrescente,Chuva,Dupla,Interseção de Vias,Sim,4,0,1,0,0,3,1,2,"-7,18826412","-34,90308264",SPRF-PB,DEL01-PB,UOP02-DEL01-PB
375582.0,2021-08-07,sábado,20:40:00,PB,230,14,CABEDELO,Conversão proibida,Colisão frontal,Com Vítimas Feridas,Plena Noite,Crescente,Chuva,Dupla,Interseção de Vias,Sim,2,0,1,1,0,0,2,2,"-7,0844","-34,8488",SPRF-PB,DEL01-PB,UOP01-DEL01-PB
375595.0,2021-08-07,sábado,21:45:00,PB,230,"14,8",CABEDELO,Frear bruscamente,Queda de ocupante de veículo,Com Vítimas Feridas,Plena Noite,Decrescente,Chuva,Dupla,Reta,Sim,1,0,1,0,0,0,1,1,"-7,0844","-34,8488",SPRF-PB,DEL01-PB,UOP01-DEL01-PB
375686.0,2021-08-08,domingo,06:25:00,PB,101,84,BAYEUX,Acessar a via sem observar a presença dos outros veículos,Atropelamento de Pedestre,Com Vítimas Feridas,Amanhecer,Crescente,Garoa/Chuvisco,Dupla,Reta,Sim,2,0,0,1,0,1,1,2,"-7,13957906","-34,92312806",SPRF-PB,DEL01-PB,UOP01-DEL01-PB
375705.0,2021-08-08,domingo,05:40:00,PB,230,6,CABEDELO,Condutor Dormindo,Queda de ocupante de veículo,Com Vítimas Feridas,Pleno dia,Decrescente,Céu Claro,Dupla,Reta,Sim,1,0,1,0,0,0,1,1,"-7,02","-34,8359",SPRF-PB,DEL01-PB,UOP01-DEL01-PB
375811.0,2021-08-08,domingo,17:20:00,PB,230,"25,4",JOAO PESSOA,Manobra de mudança de faixa,Colisão lateral mesmo sentido,Com Vítimas Feridas,Anoitecer,Decrescente,Céu Claro,Dupla,Viaduto,Sim,2,0,1,0,0,1,1,2,"-7,1707","-34,8684",SPRF-PB,DEL01-PB,UOP01-DEL01-PB
375830.0,2021-08-08,domingo,17:50:00,PB,101,45,MAMANGUAPE,Manobra de mudança de faixa,Colisão transversal,Sem Vítimas,Plena Noite,Crescente,Céu Claro,Dupla,Retorno Regulamentado,Não,2,0,0,0,2,0,0,2,"-6,88322894","-35,1303459",SPRF-PB,DEL01-PB,UOP04-DEL01-PB
375833.0,2021-08-08,domingo,18:30:00,PB,230,68,SOBRADO,Manobra de mudança de faixa,Colisão lateral mesmo sentido,Sem Vítimas,Plena Noite,Decrescente,Céu Claro,Simples,Reta,Sim,3,0,0,0,2,1,0,2,"-7,1873","-35,2065",SPRF-PB,DEL01-PB,UOP03-DEL01-PB
375849.0,2021-08-08,domingo,19:30:00,PB,230,27,JOAO PESSOA,Ingestão de álcool pelo condutor,Colisão traseira,Sem Vítimas,Plena Noite,Crescente,Nublado,Simples,Curva,Não,2,0,0,0,2,0,0,2,"-7,16516003","-34,8949587",SPRF-PB,DEL01-PB,UOP01-DEL01-PB
375920.0,2021-08-08,domingo,22:20:00,PB,230,153,CAMPINA GRANDE,Ausência de reação do condutor,Saída de leito carroçável,Com Vítimas Feridas,Plena Noite,Decrescente,Céu Claro,Simples,Reta,Não,1,0,0,1,0,0,1,1,"-7,2763","-35,8887",SPRF-PB,DEL02-PB,UOP01-DEL02-PB
375939.0,2021-08-08,domingo,17:50:00,PB,230,"159,4",CAMPINA GRANDE,Desrespeitar a preferência no cruzamento,Colisão transversal,Com Vítimas Feridas,Plena Noite,Crescente,Céu Claro,Simples,Rotatória,Sim,3,0,1,0,1,1,1,3,"-7,252","-35,9334",SPRF-PB,DEL02-PB,UOP01-DEL02-PB
375961.0,2021-08-09,segunda-feira,05:10:00,PB,230,154,CAMPINA GRANDE,Desrespeitar a preferência no cruzamento,Colisão lateral sentido oposto,Sem Vítimas,Amanhecer,Decrescente,Céu Claro,Simples,Rotatória,Sim,2,0,0,0,2,0,0,2,"-7,2777","-35,8985",SPRF-PB,DEL02-PB,UOP01-DEL02-PB
375966.0,2021-08-08,domingo,20:00:00,PB,230,152,CAMPINA GRANDE,Ausência de reação do condutor,Saída de leito carroçável,Sem Vítimas,Plena Noite,Crescente,Céu Claro,Simples,Retorno Regulamentado,Sim,1,0,0,0,0,1,0,1,"-7,2688","-35,8837",SPRF-PB,DEL02-PB,UOP01-DEL02-PB
375980.0,2021-08-09,segunda-feira,08:15:00,PB,104,"113,9",LAGOA SECA,Condutor deixou de manter distância do veículo da frente,Colisão traseira,Com Vítimas Feridas,Pleno dia,Decrescente,Nublado,Simples,Curva,Sim,2,0,1,0,1,0,1,2,"-7,15342626","-35,85241772",SPRF-PB,DEL02-PB,UOP04-DEL02-PB
375983.0,2021-08-09,segunda-feira,08:35:00,PB,230,"22,5",JOAO PESSOA,Ausência de reação do condutor,Engavetamento,Com Vítimas Feridas,Pleno dia,Decrescente,Sol,Dupla,Reta,Sim,5,0,1,0,4,0,1,4,"-7,1495","-34,8517",SPRF-PB,DEL01-PB,UOP01-DEL01-PB
375996.0,2021-08-09,segunda-feira,09:30:00,PB,101,81,BAYEUX,Ausência de reação do condutor,Colisão traseira,Sem Vítimas,Pleno dia,Crescente,Céu Claro,Dupla,Reta,Sim,2,0,0,0,2,0,0,2,"-7,12508575","-34,94513217",SPRF-PB,DEL01-PB,UOP01-DEL01-PB
376168.0,2021-08-10,terça-feira,01:55:00,PB,101,85,JOAO PESSOA,Ausência de reação do condutor,Colisão traseira,Com Vítimas Feridas,Plena Noite,Crescente,Chuva,Dupla,Reta,Sim,4,0,2,0,2,0,2,2,"-7,14538184","-34,91662887",SPRF-PB,DEL01-PB,UOP01-DEL01-PB
376174.0,2021-08-09,segunda-feira,18:30:00,PB,230,403,POMBAL,Animais na Pista,Atropelamento de Animal,Com Vítimas Feridas,Plena Noite,Crescente,Céu Claro,Simples,Reta,Sim,1,0,0,1,0,0,1,1,"-6,8002","-37,7771",SPRF-PB,DEL03-PB,UOP02-DEL03-PB
376384.0,2021-08-11,quarta-feira,05:30:00,PB,230,"117,5",INGA,Velocidade Incompatível,Saída de leito carroçável,Com Vítimas Feridas,Amanhecer,Decrescente,Chuva,Dupla,Curva,Não,1,0,1,0,0,0,1,1,"-7,241426","-35,624232",SPRF-PB,DEL02-PB,UOP01-DEL02-PB
376395.0,2021-08-11,quarta-feira,07:10:00,PB,101,"115,8",CAAPORA,Acumulo de água sobre o pavimento,Colisão com objeto,Com Vítimas Feridas,Pleno dia,Decrescente,Chuva,Dupla,Curva;Declive,Não,1,0,1,0,0,0,1,1,"-7,40842117","-34,95465271",SPRF-PB,DEL01-PB,UOP02-DEL01-PB
376396.0,2021-08-11,quarta-feira,06:50:00,PB,101,86,BAYEUX,Reação tardia ou ineficiente do condutor,Colisão traseira,Com Vítimas Feridas,Pleno dia,Decrescente,Garoa/Chuvisco,Dupla,Interseção de Vias,Não,2,0,2,0,0,0,2,2,"-7,14928931","-34,91164327",SPRF-PB,DEL01-PB,UOP01-DEL01-PB
376433.0,2021-08-11,quarta-feira,10:00:00,PB,101,101,ALHANDRA,Avarias e/ou desgaste excessivo no pneu,Capotamento,Sem Vítimas,Pleno dia,Crescente,Chuva,Dupla,Reta,Não,1,0,0,0,0,1,0,1,"-7,27367006","-34,93816262",SPRF-PB,DEL01-PB,UOP02-DEL01-PB
376474.0,2021-08-11,quarta-feira,15:00:00,PB,104,"43,8",BARRA DE SANTA ROSA,Ingestão de álcool pelo condutor,Colisão traseira,Com Vítimas Fatais,Pleno dia,Crescente,Céu Claro,Simples,Reta,Sim,2,1,0,0,1,0,0,2,"-6,717719","-36,062233",SPRF-PB,DEL02-PB,UOP04-DEL02-PB
376603.0,2021-08-12,quinta-feira,08:00:00,PB,230,"135,9",MASSARANDUBA,Avarias e/ou desgaste excessivo no pneu,Saída de leito carroçável,Com Vítimas Feridas,Pleno dia,Crescente,Chuva,Dupla,Curva,Não,2,0,1,0,1,0,1,1,"-7,2789","-35,7591",SPRF-PB,DEL02-PB,UOP01-DEL02-PB
376693.0,2021-08-12,quinta-feira,19:15:00,PB,101,"104,8",ALHANDRA,Demais falhas mecânicas ou elétricas,Saída de leito carroçável,Com Vítimas Feridas,Plena Noite,Crescente,Céu Claro,Dupla,Retorno Regulamentado,Não,2,0,2,0,0,0,2,1,"-7,30029088","-34,93888622",SPRF-PB,DEL01-PB,UOP02-DEL01-PB
376695.0,2021-08-12,quinta-feira,11:45:00,PB,104,"118,3",LAGOA SECA,Acessar a via sem observar a presença dos outros veículos,Colisão lateral mesmo sentido,Com Vítimas Feridas,Pleno dia,Crescente,Céu Claro,Simples,Reta,Não,3,0,1,0,2,0,1,2,"-7,20325615","-35,8752172",SPRF-PB,DEL02-PB,UOP04-DEL02-PB
376725.0,2021-08-12,quinta-feira,18:30:00,PB,230,"85,8",CALDAS BRANDAO,Afundamento ou ondulação no pavimento,Saída de leito carroçável,Com Vítimas Feridas,Plena Noite,Decrescente,Céu Claro,Dupla,Reta,Não,3,0,2,1,0,0,3,1,"-7,1652","-35,3534",SPRF-PB,DEL01-PB,UOP03-DEL01-PB
376750.0,2021-07-23,sexta-feira,21:27:00,PB,405,"32,8",SAO JOAO DO RIO DO PEIXE,Ausência de reação do condutor,Colisão traseira,Com Vítimas Feridas,Plena Noite,Decrescente,Céu Claro,Simples,Reta,Sim,2,0,0,1,1,0,1,2,"-6,719008","-38,449127",SPRF-PB,DEL03-PB,UOP03-DEL03-PB
376765.0,2021-08-13,sexta-feira,06:00:00,PB,101,96,CONDE,Reação tardia ou ineficiente do condutor,Tombamento,Com Vítimas Feridas,Pleno dia,Crescente,Chuva,Dupla,Reta,Não,1,0,1,0,0,0,1,1,"-7,230921","-34,921149",SPRF-PB,DEL01-PB,UOP02-DEL01-PB
376775.0,2021-08-13,sexta-feira,05:30:00,PB,101,"37,7",MAMANGUAPE,Condutor Dormindo,Colisão traseira,Sem Vítimas,Pleno dia,Decrescente,Nublado,Dupla,Curva,Sim,2,0,0,0,1,1,0,2,"-6,81169597","-35,13969074",SPRF-PB,DEL01-PB,UOP04-DEL01-PB
376811.0,2021-08-13,sexta-feira,10:10:00,PB,104,"109,4",LAGOA SECA,Condutor deixou de manter distância do veículo da frente,Colisão traseira,Sem Vítimas,Pleno dia,Decrescente,Nublado,Simples,Aclive,Não,3,0,0,0,2,1,0,2,"-7,11997886","-35,86414665",SPRF-PB,DEL02-PB,UOP04-DEL02-PB
376837.0,2021-08-13,sexta-feira,13:00:00,PB,230,"13,8",CABEDELO,Trafegar com motocicleta (ou similar) entre as faixas,Colisão traseira,Com Vítimas Feridas,Pleno dia,Crescente,Sol,Dupla,Reta,Sim,3,0,1,1,1,0,2,2,"-7,08658216","-34,84872814",SPRF-PB,DEL01-PB,UOP01-DEL01-PB
376858.0,2021-08-13,sexta-feira,16:00:00,PB,230,22,JOAO PESSOA,Velocidade Incompatível,Colisão traseira,Com Vítimas Fatais,Pleno dia,Decrescente,Céu Claro,Dupla,Reta,Não,2,1,0,0,1,0,0,2,"-7,1495","-34,8517",SPRF-PB,DEL01-PB,UOP01-DEL01-PB
376977.0,2021-08-13,sexta-feira,23:30:00,PB,110,53,SAO JOSE DE ESPINHARAS,Condutor Dormindo,Saída de leito carroçável,Sem Vítimas,Plena Noite,Decrescente,Céu Claro,Simples,Reta,Não,1,0,0,0,0,1,0,1,"-6,74089474","-37,41325276",SPRF-PB,DEL03-PB,UOP01-DEL03-PB
376992.0,2021-02-09,terça-feira,12:35:00,PB,230,"105,5",INGA,Ausência de reação do condutor,Saída de leito carroçável,Com Vítimas Fatais,Pleno dia,Decrescente,Nublado,Dupla,Curva,Não,1,1,0,0,0,0,0,1,"-7,2075","-35,5248",SPRF-PB,DEL01-PB,UOP03-DEL01-PB
377090.0,2021-08-14,sábado,17:00:00,PB,230,"47,7",SANTA RITA,Condutor Dormindo,Capotamento,Com Vítimas Feridas,Anoitecer,Crescente,Céu Claro,Dupla,Reta,Não,3,0,2,0,0,1,2,2,"-7,172","-35,037",SPRF-PB,DEL01-PB,UOP03-DEL01-PB
377111.0,2021-08-14,sábado,18:50:00,PB,104,115,LAGOA SECA,Deficiência do Sistema de Iluminação/Sinalização,Colisão transversal,Com Vítimas Feridas,Plena Noite,Crescente,Céu Claro,Simples,Reta,Sim,2,0,0,1,1,0,1,2,"-7,172018","-35,85983397",SPRF-PB,DEL02-PB,UOP04-DEL02-PB
377312.0,2021-08-15,domingo,18:26:00,PB,101,83,BAYEUX,Ausência de reação do condutor,Colisão traseira,Com Vítimas Feridas,Plena Noite,Crescente,Céu Claro,Dupla,Reta,Sim,5,0,2,0,1,2,2,3,"-7,143","-34,9192",SPRF-PB,DEL01-PB,UOP01-DEL01-PB
377422.0,2021-08-16,segunda-feira,07:20:00,PB,101,"82,5",BAYEUX,Condutor deixou de manter distância do veículo da frente,Engavetamento,Com Vítimas Feridas,Pleno dia,Decrescente,Sol,Dupla,Viaduto,Sim,5,0,1,0,4,0,1,5,"-7,12911","-34,93714",SPRF-PB,DEL01-PB,UOP01-DEL01-PB
377560.0,2021-08-16,segunda-feira,18:42:00,PB,361,21,SANTA TERESINHA,Iluminação deficiente,Atropelamento de Pedestre,Com Vítimas Feridas,Anoitecer,Crescente,Céu Claro,Simples,Reta,Não,2,0,0,1,1,0,1,2,"-7,087953","-37,518677",SPRF-PB,DEL03-PB,UOP01-DEL03-PB
377595.0,2021-08-17,terça-feira,06:45:00,PB,101,"89,1",JOAO PESSOA,Acessar a via sem observar a presença dos outros veículos,Engavetamento,Com Vítimas Feridas,Pleno dia,Crescente,Céu Claro,Dupla,Reta,Sim,3,0,1,0,2,0,1,3,"-7,1710694","-34,89765372",SPRF-PB,DEL01-PB,UOP02-DEL01-PB
377691.0,2021-08-17,terça-feira,17:50:00,PB,230,14,CABEDELO,Reação tardia ou ineficiente do condutor,Engavetamento,Com Vítimas Feridas,Anoitecer,Crescente,Céu Claro,Dupla,Reta,Sim,6,0,2,0,3,1,2,5,"-7,0844","-34,8488",SPRF-PB,DEL01-PB,UOP01-DEL01-PB
377717.0,2021-08-17,terça-feira,19:33:00,PB,101,39,MAMANGUAPE,Animais na Pista,Colisão com objeto,Com Vítimas Feridas,Plena Noite,Crescente,Céu Claro,Dupla,Reta,Sim,2,0,1,0,1,0,1,1,"-6,82975098","-35,13756194",SPRF-PB,DEL01-PB,UOP04-DEL01-PB
377734.0,2021-07-28,quarta-feira,10:50:00,PB,230,"162,2",CAMPINA GRANDE,Retorno proibido,Colisão transversal,Com Vítimas Feridas,Pleno dia,Decrescente,Nublado,Simples,Declive;Curva,Não,3,0,1,1,1,0,2,2,"-7,2277","-35,9439",SPRF-PB,DEL02-PB,UOP01-DEL02-PB