id,data_inversa,dia_semana,horario,uf,br,km,municipio,causa_acidente,tipo_acidente,classificacao_acidente,fase_dia,sentido_via,condicao_metereologica,tipo_pista,tracado_via,uso_solo,pessoas,mortos,feridos_leves,feridos_graves,ilesos,ignorados,feridos,veiculos,latitude,longitude,regional,delegacia,uop
377928.0,2021-08-19,quinta-feira,02:30:00,PB,104,117,LAGOA SECA,Animais na Pista,Atropelamento de Animal,Com Vítimas Feridas,Plena Noite,Crescente,Céu Claro,Simples,Declive;Reta,Sim,3,0,2,0,1,0,2,2,"-7,19030697","-35,86736609",SPRF-PB,DEL02-PB,UOP04-DEL02-PB
377958.0,2021-08-19,quinta-feira,08:40:00,PB,230,20,JOAO PESSOA,Velocidade Incompatível,Colisão traseira,Com Vítimas Feridas,Pleno dia,Decrescente,Céu Claro,Dupla,Declive;Reta,Sim,5,0,1,0,4,0,1,4,"-7,1370895","-34,85393286",SPRF-PB,DEL01-PB,UOP01-DEL01-PB
377962.0,2021-08-19,quinta-feira,08:45:00,PB,101,54,SANTA RITA,Condutor Dormindo,Colisão com objeto,Com Vítimas Feridas,Pleno dia,Crescente,Nublado,Dupla,Reta,Não,1,0,1,0,0,0,1,1,"-6,95396379","-35,09058058",SPRF-PB,DEL01-PB,UOP04-DEL01-PB
377984.0,2021-08-19,quinta-feira,11:50:00,PB,230,105,INGA,Velocidade Incompatível,Saída de leito carroçável,Com Vítimas Feridas,Pleno dia,Decrescente,Sol,Dupla,Curva,Não,1,0,1,0,0,0,1,1,"-7,2075","-35,5248",SPRF-PB,DEL01-PB,UOP03-DEL01-PB
378068.0,2021-08-19,quinta-feira,18:50:00,PB,230,80,RIACHAO DO POCO,Reação tardia ou ineficiente do condutor,Colisão traseira,Com Vítimas Feridas,Plena Noite,Decrescente,Nublado,Dupla,Reta,Não,3,0,1,2,0,0,3,2,"-7,1807","-35,3127",SPRF-PB,DEL01-PB,UOP03-DEL01-PB
378100.0,2021-08-19,quinta-feira,22:10:00,PB,230,"24,7",JOAO PESSOA,Reação tardia ou ineficiente do condutor,Colisão com objeto,Com Vítimas Feridas,Plena Noite,Crescente,Chuva,Múltipla,Reta,Sim,2,0,2,0,0,0,2,1,"-7,1637","-34,8618",SPRF-PB,DEL01-PB,UOP01-DEL01-PB
378138.0,2021-08-20,sexta-feira,07:20:00,PB,230,9,CABEDELO,Avarias e/ou desgaste excessivo no pneu,Colisão transversal,Com Vítimas Feridas,Pleno dia,Decrescente,Nublado,Múltipla,Desvio Temporário;Viaduto;Em Obras;Aclive;Reta,Sim,3,0,2,0,1,0,2,2,"-7,0433","-34,8466",SPRF-PB,DEL01-PB,UOP01-DEL01-PB
378208.0,2021-08-20,sexta-feira,13:20:00,PB,230,"16,7",JOAO PESSOA,Condutor deixou de manter distância do veículo da frente,Colisão traseira,Com Vítimas Feridas,Pleno dia,Decrescente,Sol,Dupla,Reta,Sim,2,0,1,0,1,0,1,2,"-7,1039","-34,8458",SPRF-PB,DEL01-PB,UOP01-DEL01-PB
378252.0,2021-08-20,sexta-feira,17:15:00,PB,230,"152,2",CAMPINA GRANDE,Ausência de reação do condutor,Colisão traseira,Sem Vítimas,Anoitecer,Crescente,Chuva,Simples,Reta,Não,2,0,0,0,2,0,0,2,"-7,27346183","-35,8864975",SPRF-PB,DEL02-PB,UOP01-DEL02-PB
378286.0,2021-08-20,sexta-feira,19:00:00,PB,230,12,CABEDELO,Acessar a via sem observar a presença dos outros veículos,Colisão transversal,Com Vítimas Feridas,Plena Noite,Crescente,Céu Claro,Dupla,Retorno Regulamentado,Sim,2,0,1,0,0,1,1,2,"-7,068","-34,85",SPRF-PB,DEL01-PB,UOP01-DEL01-PB
378293.0,2021-08-20,sexta-feira,17:25:00,PB,230,"156,8",CAMPINA GRANDE,Acessar a via sem observar a presença dos outros veículos,Colisão transversal,Sem Vítimas,Anoitecer,Decrescente,Chuva,Simples,Interseção de Vias,Sim,3,0,0,0,3,0,0,2,"-7,2693","-35,9138",SPRF-PB,DEL02-PB,UOP01-DEL02-PB
378322.0,2021-08-20,sexta-feira,21:30:00,PB,230,"464,9",SOUSA,Reação tardia ou ineficiente do condutor,Colisão frontal,Com Vítimas Feridas,Plena Noite,Crescente,Céu Claro,Simples,Reta,Sim,3,0,0,1,2,0,1,2,"-6,7786","-38,2341",SPRF-PB,DEL03-PB,UOP03-DEL03-PB
378466.0,2021-08-21,sábado,16:00:00,PB,230,"45,3",SANTA RITA,Condutor Dormindo,Saída de leito carroçável,Com Vítimas Feridas,Pleno dia,Crescente,Céu Claro,Dupla,Reta,Não,2,0,1,0,1,0,1,1,"-7,1583","-35,0176",SPRF-PB,DEL01-PB,UOP03-DEL01-PB
378517.0,2021-08-21,sábado,17:30:00,PB,230,191,POCINHOS,Acessar a via sem observar a presença dos outros veículos,Colisão transversal,Com Vítimas Feridas,Anoitecer,Crescente,Céu Claro,Simples,Reta,Não,2,0,1,0,0,1,1,2,"-7,1331","-36,1616",SPRF-PB,DEL02-PB,UOP02-DEL02-PB
378518.0,2021-08-21,sábado,20:20:00,PB,230,238,JUAZEIRINHO,Avarias e/ou desgaste excessivo no pneu,Saída de leito carroçável,Com Vítimas Feridas,Plena Noite,Crescente,Céu Claro,Simples,Reta,Não,2,0,1,0,0,1,1,1,"-7,0543","-36,5494",SPRF-PB,DEL02-PB,UOP02-DEL02-PB
378527.0,2021-08-21,sábado,21:31:00,PB,230,18,JOAO PESSOA,Acostamento em desnível,Saída de leito carroçável,Com Vítimas Feridas,Plena Noite,Decrescente,Céu Claro,Dupla,Reta,Sim,1,0,1,0,0,0,1,1,"-7,1198","-34,8453",SPRF-PB,DEL01-PB,UOP01-DEL01-PB
378540.0,2021-08-21,sábado,20:00:00,PB,230,240,JUAZEIRINHO,Manobra de mudança de faixa,Colisão transversal,Com Vítimas Feridas,Plena Noite,Crescente,Céu Claro,Simples,Reta,Sim,2,0,1,0,1,0,1,2,"-7,0634","-36,563",SPRF-PB,DEL02-PB,UOP02-DEL02-PB
378541.0,2021-08-21,sábado,21:00:00,PB,230,74,SOBRADO,Reação tardia ou ineficiente do condutor,Colisão com objeto,Sem Vítimas,Plena Noite,Decrescente,Céu Claro,Dupla,Curva,Não,1,0,0,0,0,1,0,1,"-7,1894","-35,2596",SPRF-PB,DEL01-PB,UOP03-DEL01-PB
378599.0,2021-08-22,domingo,02:10:00,PB,104,"111,6",LAGOA SECA,Animais na Pista,Atropelamento de Animal,Com Vítimas Feridas,Plena Noite,Decrescente,Nevoeiro/Neblina,Simples,Declive,Não,1,0,1,0,0,0,1,1,"-7,136985","-35,86095",SPRF-PB,DEL02-PB,UOP04-DEL02-PB
378710.0,2021-08-22,domingo,17:00:00,PB,101,114,PEDRAS DE FOGO,Acumulo de areia ou detritos sobre o pavimento,Capotamento,Com Vítimas Feridas,Anoitecer,Decrescente,Chuva,Simples,Retorno Regulamentado,Não,5,0,5,0,0,0,5,1,"-7,38738901","-34,9567891",SPRF-PB,DEL01-PB,UOP02-DEL01-PB
378744.0,2021-08-22,domingo,20:00:00,PB,101,94,ALHANDRA,Velocidade Incompatível,Colisão com objeto,Sem Vítimas,Plena Noite,Decrescente,Céu Claro,Dupla,Declive;Reta,Não,1,0,0,0,0,1,0,1,"-7,23423185","-34,91796255",SPRF-PB,DEL01-PB,UOP02-DEL01-PB
378832.0,2021-08-23,segunda-feira,06:50:00,PB,101,"95,1",CONDE,Mal súbito do condutor,Tombamento,Com Vítimas Feridas,Pleno dia,Decrescente,Céu Claro,Dupla,Reta,Não,1,0,0,1,0,0,1,1,"-7,22379403","-34,91488195",SPRF-PB,DEL01-PB,UOP02-DEL01-PB
378840.0,2021-08-23,segunda-feira,07:20:00,PB,101,88,JOAO PESSOA,Pedestre andava na pista,Atropelamento de Pedestre,Com Vítimas Feridas,Pleno dia,Crescente,Chuva,Dupla,Aclive;Reta,Sim,2,0,1,1,0,0,2,2,"-7,16470016","-34,89993643",SPRF-PB,DEL01-PB,UOP01-DEL01-PB
378918.0,2021-08-23,segunda-feira,07:40:00,PB,230,"158,6",CAMPINA GRANDE,Acessar a via sem observar a presença dos outros veículos,Colisão transversal,Com Vítimas Feridas,Pleno dia,Crescente,Garoa/Chuvisco,Simples,Reta,Sim,2,0,1,0,0,1,1,2,"-7,2582","-35,9267",SPRF-PB,DEL02-PB,UOP01-DEL02-PB
378928.0,2021-08-23,segunda-feira,16:50:00,PB,230,21,JOAO PESSOA,Avarias e/ou desgaste excessivo no pneu,Tombamento,Com Vítimas Feridas,Anoitecer,Crescente,Nublado,Dupla,Curva,Sim,2,0,2,0,0,0,2,1,"-7,1415","-34,8519",SPRF-PB,DEL01-PB,UOP01-DEL01-PB
379036.0,2021-08-24,terça-feira,09:20:00,PB,230,3,CABEDELO,Ausência de reação do condutor,Colisão com objeto,Com Vítimas Feridas,Pleno dia,Crescente,Céu Claro,Dupla,Retorno Regulamentado,Sim,1,0,1,0,0,0,1,1,"-6,991989","-34,8282315",SPRF-PB,DEL01-PB,UOP01-DEL01-PB
379190.0,2021-08-25,quarta-feira,07:25:00,PB,230,24,JOAO PESSOA,Ausência de reação do condutor,Colisão traseira,Sem Vítimas,Pleno dia,Decrescente,Nublado,Dupla,Viaduto;Aclive,Sim,2,0,0,0,2,0,0,2,"-7,1637","-34,8618",SPRF-PB,DEL01-PB,UOP01-DEL01-PB
379462.0,2021-08-26,quinta-feira,16:10:00,PB,101,"42,8",MAMANGUAPE,Acessar a via sem observar a presença dos outros veículos,Colisão traseira,Com Vítimas Feridas,Pleno dia,Decrescente,Céu Claro,Dupla,Declive,Sim,2,0,0,1,1,0,1,2,"-6,86016523","-35,13373017",SPRF-PB,DEL01-PB,UOP04-DEL01-PB
379625.0,2021-08-27,sexta-feira,14:30:00,PB,230,"59,7",CRUZ DO ESPIRITO SANTO,Avarias e/ou desgaste excessivo no pneu,Tombamento,Com Vítimas Feridas,Pleno dia,Crescente,Sol,Dupla,Reta,Não,2,0,2,0,0,0,2,1,"-7,2043","-35,1305",SPRF-PB,DEL01-PB,UOP03-DEL01-PB
379632.0,2021-08-27,sexta-feira,14:50:00,PB,230,"59,4",CRUZ DO ESPIRITO SANTO,Frear bruscamente,Saída de leito carroçável,Com Vítimas Feridas,Pleno dia,Crescente,Sol,Dupla,Reta,Não,2,0,1,0,1,0,1,1,"-7,2043","-35,1305",SPRF-PB,DEL01-PB,UOP03-DEL01-PB
379650.0,2021-08-27,sexta-feira,16:40:00,PB,230,210,SOLEDADE,Ausência de reação do condutor,Colisão frontal,Com Vítimas Fatais,Pleno dia,Crescente,Céu Claro,Simples,Aclive;Reta,Não,5,1,4,0,0,0,4,2,"-7,0807","-36,3232",SPRF-PB,DEL02-PB,UOP02-DEL02-PB
379660.0,2021-08-27,sexta-feira,07:35:00,PB,104,"110,4",LAGOA SECA,Velocidade Incompatível,Colisão traseira,Com Vítimas Feridas,Pleno dia,Crescente,Céu Claro,Simples,Reta,Não,2,0,0,1,0,1,1,2,"-7,12844791","-35,86084776",SPRF-PB,DEL02-PB,UOP04-DEL02-PB
379716.0,2021-08-28,sábado,01:30:00,PB,230,"160,5",CAMPINA GRANDE,Reação tardia ou ineficiente do condutor,Saída de leito carroçável,Sem Vítimas,Plena Noite,Decrescente,Nublado,Simples,Retorno Regulamentado;Interseção de Vias,Não,1,0,0,0,0,1,0,1,"-7,2436","-35,9375",SPRF-PB,DEL02-PB,UOP01-DEL02-PB
379917.0,2021-08-28,sábado,18:40:00,PB,104,148,QUEIMADAS,Transitar na contramão,Colisão frontal,Com Vítimas Feridas,Plena Noite,Crescente,Nublado,Simples,Reta,Não,2,0,0,1,0,1,1,2,"-7,439674","-35,90201",SPRF-PB,DEL02-PB,UOP03-DEL02-PB
379955.0,2021-08-28,sábado,22:30:00,PB,101,83,BAYEUX,Reação tardia ou ineficiente do condutor,Saída de leito carroçável,Com Vítimas Feridas,Plena Noite,Crescente,Chuva,Dupla,Reta,Sim,3,0,2,0,0,1,2,1,"-7,1366","-34,9264",SPRF-PB,DEL01-PB,UOP01-DEL01-PB
379997.0,2021-08-29,domingo,04:40:00,PB,230,"152,8",CAMPINA GRANDE,Transitar na contramão,Saída de leito carroçável,Com Vítimas Feridas,Amanhecer,Crescente,Céu Claro,Simples,Interseção de Vias,Sim,1,0,0,1,0,0,1,1,"-7,2688","-35,8837",SPRF-PB,DEL02-PB,UOP01-DEL02-PB
380021.0,2021-08-29,domingo,08:00:00,PB,230,27,JOAO PESSOA,Ausência de reação do condutor,Colisão com objeto,Sem Vítimas,Pleno dia,Crescente,Nublado,Dupla,Reta,Sim,1,0,0,0,0,1,0,1,"-7,1677","-34,8855",SPRF-PB,DEL01-PB,UOP01-DEL01-PB
380054.0,2021-08-29,domingo,11:40:00,PB,101,"20,9",MAMANGUAPE,Velocidade Incompatível,Colisão com objeto,Com Vítimas Feridas,Pleno dia,Decrescente,Nublado,Dupla,Curva,Não,5,0,2,1,1,1,3,2,"-6,66323695","-35,1143428",SPRF-PB,DEL01-PB,UOP04-DEL01-PB
380060.0,2021-08-29,domingo,09:20:00,PB,104,"114,4",LAGOA SECA,Acessar a via sem observar a presença dos outros veículos,Colisão transversal,Com Vítimas Feridas,Pleno dia,Crescente,Céu Claro,Simples,Reta,Sim,2,0,2,0,0,0,2,2,"-7,1620139","-35,85712429",SPRF-PB,DEL02-PB,UOP04-DEL02-PB
380254.0,2021-08-15,domingo,18:00:00,PB,230,"496,9",CAJAZEIRAS,Reação tardia ou ineficiente do condutor,Colisão traseira,Com Vítimas Feridas,Anoitecer,Crescente,Céu Claro,Simples,Reta,Não,3,0,0,1,1,1,1,3,"-6,8886","-38,4755",SPRF-PB,DEL03-PB,UOP03-DEL03-PB
380324.0,2021-08-30,segunda-feira,16:50:00,PB,230,20,JOAO PESSOA,Condutor deixou de manter distância do veículo da frente,Colisão traseira,Com Vítimas Feridas,Pleno dia,Crescente,Céu Claro,Dupla,Reta,Sim,2,0,1,0,1,0,1,2,"-7,1337","-34,8544",SPRF-PB,DEL01-PB,UOP01-DEL01-PB
380366.0,2021-08-10,terça-feira,07:50:00,PB,230,270,JUNCO DO SERIDO,Ausência de reação do condutor,Saída de leito carroçável,Com Vítimas Feridas,Pleno dia,Crescente,Céu Claro,Simples,Declive,Não,1,0,1,0,0,0,1,1,"-6,9668","-36,785",SPRF-PB,DEL03-PB,UOP01-DEL03-PB
380377.0,2021-08-30,segunda-feira,20:55:00,PB,101,97,CONDE,Ingestão de álcool ou de substâncias psicoativas pelo pedestre,Atropelamento de Pedestre,Com Vítimas Fatais,Plena Noite,Decrescente,Céu Claro,Dupla,Reta,Sim,5,1,0,0,1,3,0,3,"-7,24364","-34,92957",SPRF-PB,DEL01-PB,UOP02-DEL01-PB
380379.0,2021-08-30,segunda-feira,20:00:00,PB,230,"23,7",JOAO PESSOA,Ingestão de álcool pelo condutor,Colisão com objeto,Sem Vítimas,Plena Noite,Decrescente,Céu Claro,Dupla,Reta,Sim,2,0,0,0,2,0,0,2,"-7,1562","-34,8574",SPRF-PB,DEL01-PB,UOP01-DEL01-PB
380402.0,2021-08-30,segunda-feira,23:20:00,PB,101,"85,1",BAYEUX,Acessar a via sem observar a presença dos outros veículos,Colisão lateral mesmo sentido,Com Vítimas Feridas,Plena Noite,Crescente,Céu Claro,Dupla,Reta,Sim,2,0,1,0,1,0,1,2,"-7,14538184","-34,91662887",SPRF-PB,DEL01-PB,UOP01-DEL01-PB
380484.0,2021-08-31,terça-feira,12:28:00,PB,101,"85,1",BAYEUX,Ausência de reação do condutor,Colisão traseira,Com Vítimas Feridas,Pleno dia,Decrescente,Céu Claro,Dupla,Reta,Sim,2,0,0,1,0,1,1,2,"-7,14538184","-34,91662887",SPRF-PB,DEL01-PB,UOP01-DEL01-PB
380642.0,2021-09-01,quarta-feira,08:25:00,PB,230,"22,3",JOAO PESSOA,Ausência de reação do condutor,Colisão lateral mesmo sentido,Sem Vítimas,Pleno dia,Decrescente,Sol,Dupla,Reta,Sim,6,0,0,0,6,0,0,2,"-7,1495","-34,8517",SPRF-PB,DEL01-PB,UOP01-DEL01-PB
380677.0,2021-09-01,quarta-feira,10:50:00,PB,230,"154,3",CAMPINA GRANDE,Transitar na contramão,Colisão transversal,Com Vítimas Feridas,Pleno dia,Crescente,Céu Claro,Simples,Reta;Retorno Regulamentado,Sim,2,0,1,0,1,0,1,2,"-7,2777","-35,8985",SPRF-PB,DEL02-PB,UOP01-DEL02-PB
380722.0,2021-09-01,quarta-feira,16:35:00,PB,230,"149,3",CAMPINA GRANDE,Problema com o freio,Colisão traseira,Com Vítimas Feridas,Pleno dia,Decrescente,Céu Claro,Dupla,Reta,Sim,2,0,1,0,1,0,1,2,"-7,243","-35,8709",SPRF-PB,DEL02-PB,UOP01-DEL02-PB
380755.0,2021-09-01,quarta-feira,18:50:00,PB,230,"0,9",CABEDELO,Conversão proibida,Colisão transversal,Com Vítimas Feridas,Plena Noite,Decrescente,Céu Claro,Simples,Reta,Sim,2,0,1,0,1,0,1,2,"-6,9711","-34,8382",SPRF-PB,DEL01-PB,UOP01-DEL01-PB
380767.0,2021-09-01,quarta-feira,19:00:00,PB,230,"6,2",CABEDELO,Iluminação deficiente,Queda de ocupante de veículo,Com Vítimas Feridas,Plena Noite,Decrescente,Céu Claro,Dupla,Viaduto;Aclive,Sim,1,0,1,0,0,0,1,1,"-7,02","-34,8359",SPRF-PB,DEL01-PB,UOP01-DEL01-PB
380771.0,2021-09-01,quarta-feira,21:15:00,PB,101,"89,2",JOAO PESSOA,Velocidade Incompatível,Colisão lateral mesmo sentido,Com Vítimas Feridas,Plena Noite,Decrescente,Céu Claro,Dupla,Reta,Sim,3,0,1,0,1,1,1,3,"-7,1710694","-34,89765372",SPRF-PB,DEL01-PB,UOP02-DEL01-PB
380796.0,2021-09-02,quinta-feira,06:00:00,PB,101,89,JOAO PESSOA,Desrespeitar a preferência no cruzamento,Colisão transversal,Com Vítimas Feridas,Pleno dia,Crescente,Céu Claro,Múltipla,Retorno Regulamentado,Sim,2,0,1,0,1,0,1,2,"-7,18120133","-34,90087076",SPRF-PB,DEL01-PB,UOP02-DEL01-PB
380820.0,2021-09-02,quinta-feira,06:15:00,PB,230,60,CRUZ DO ESPIRITO SANTO,Acessar a via sem observar a presença dos outros veículos,Colisão traseira,Com Vítimas Feridas,Pleno dia,Decrescente,Céu Claro,Dupla,Reta,Sim,2,0,1,0,0,1,1,2,"-7,205","-35,1393",SPRF-PB,DEL01-PB,UOP03-DEL01-PB
380864.0,2021-09-02,quinta-feira,13:35:00,PB,230,"14,7",CABEDELO,Condutor deixou de manter distância do veículo da frente,Engavetamento,Com Vítimas Feridas,Pleno dia,Decrescente,Sol,Dupla,Viaduto;Declive,Sim,5,0,2,0,3,0,2,4,"-7,09764054","-34,84792533",SPRF-PB,DEL01-PB,UOP01-DEL01-PB
380997.0,2021-09-03,sexta-feira,08:40:00,PB,230,495,CAJAZEIRAS,Acessar a via sem observar a presença dos outros veículos,Colisão traseira,Com Vítimas Feridas,Pleno dia,Crescente,Céu Claro,Simples,Ponte,Não,2,0,1,0,1,0,1,2,"-6,8838","-38,4671",SPRF-PB,DEL03-PB,UOP03-DEL03-PB
380998.0,2021-09-03,sexta-feira,08:00:00,PB,101,83,BAYEUX,Trafegar com motocicleta (ou similar) entre as faixas,Colisão lateral mesmo sentido,Com Vítimas Feridas,Pleno dia,Crescente,Céu Claro,Dupla,Reta,Sim,2,0,1,0,1,0,1,2,"-7,1337703","-34,92963914",SPRF-PB,DEL01-PB,UOP01-DEL01-PB
381020.0,2021-09-03,sexta-feira,08:50:00,PB,361,105,PIANCO,Acessar a via sem observar a presença dos outros veículos,Colisão transversal,Com Vítimas Feridas,Pleno dia,Decrescente,Céu Claro,Simples,Reta,Não,2,0,0,1,1,0,1,2,"-7,28097232","-38,07823576",SPRF-PB,DEL03-PB,UOP01-DEL03-PB
381042.0,2021-09-03,sexta-feira,13:15:00,PB,230,"139,1",CAMPINA GRANDE,Condutor Dormindo,Saída de leito carroçável,Sem Vítimas,Pleno dia,Crescente,Céu Claro,Dupla,Reta,Não,1,0,0,0,1,0,0,1,"-7,2696","-35,7899",SPRF-PB,DEL02-PB,UOP01-DEL02-PB
381050.0,2021-09-03,sexta-feira,14:00:00,PB,230,26,JOAO PESSOA,Velocidade Incompatível,Tombamento,Com Vítimas Feridas,Pleno dia,Crescente,Céu Claro,Dupla,Reta,Sim,1,0,0,1,0,0,1,1,"-7,1693","-34,8782",SPRF-PB,DEL01-PB,UOP01-DEL01-PB
381063.0,2021-09-03,sexta-feira,14:40:00,PB,230,27,JOAO PESSOA,Avarias e/ou desgaste excessivo no pneu,Colisão com objeto,Sem Vítimas,Pleno dia,Decrescente,Sol,Dupla,Curva,Sim,1,0,0,0,1,0,0,1,"-7,1677","-34,8855",SPRF-PB,DEL01-PB,UOP01-DEL01-PB
381154.0,2021-09-03,sexta-feira,20:25:00,PB,230,48,SANTA RITA,Estacionar ou parar em local proibido,Colisão traseira,Com Vítimas Feridas,Plena Noite,Crescente,Nublado,Dupla,Reta,Não,11,0,2,0,8,1,2,4,"-7,174","-35,0397",SPRF-PB,DEL01-PB,UOP03-DEL01-PB
381402.0,2021-09-04,sábado,18:45:00,PB,230,63,SOBRADO,Obras na pista,Colisão com objeto,Sem Vítimas,Plena Noite,Crescente,Céu Claro,Simples,Desvio Temporário;Em Obras,Não,1,0,0,0,1,0,0,1,"-7,1989","-35,1649",SPRF-PB,DEL01-PB,UOP03-DEL01-PB
381406.0,2021-09-04,sábado,16:00:00,PB,412,"47,3",SAO JOAO DO CARIRI,Reação tardia ou ineficiente do condutor,Saída de leito carroçável,Sem Vítimas,Anoitecer,Crescente,Céu Claro,Simples,Curva,Não,1,0,0,0,0,1,0,1,"-7,345235","-36,46336",SPRF-PB,DEL02-PB,UOP02-DEL02-PB
381411.0,2021-09-04,sábado,19:50:00,PB,101,89,JOAO PESSOA,Manobra de mudança de faixa,Colisão lateral mesmo sentido,Com Vítimas Feridas,Plena Noite,Decrescente,Céu Claro,Dupla,Reta,Sim,2,0,0,1,1,0,1,2,"-7,17402727","-34,89841696",SPRF-PB,DEL01-PB,UOP02-DEL01-PB
381564.0,2021-09-05,domingo,09:40:00,PB,230,"20,1",JOAO PESSOA,Reação tardia ou ineficiente do condutor,Tombamento,Com Vítimas Feridas,Pleno dia,Crescente,Sol,Dupla,Reta,Sim,1,0,1,0,0,0,1,1,"-7,13636559","-34,85442638",SPRF-PB,DEL01-PB,UOP01-DEL01-PB
381606.0,2021-09-05,domingo,14:10:00,PB,230,292,SANTA LUZIA,Ausência de reação do condutor,Colisão traseira,Com Vítimas Feridas,Pleno dia,Decrescente,Céu Claro,Simples,Reta,Sim,2,0,0,1,1,0,1,2,"-6,8684","-36,9222",SPRF-PB,DEL03-PB,UOP01-DEL03-PB
381656.0,2021-09-05,domingo,18:10:00,PB,230,"115,2",INGA,Curva acentuada,Tombamento,Com Vítimas Fatais,Plena Noite,Crescente,Nublado,Dupla,Curva,Não,1,1,0,0,0,0,0,1,"-7,2296","-35,5998",SPRF-PB,DEL01-PB,UOP03-DEL01-PB
381691.0,2021-09-05,domingo,19:30:00,PB,230,4,CABEDELO,Ausência de reação do condutor,Atropelamento de Pedestre,Com Vítimas Feridas,Plena Noite,Crescente,Céu Claro,Dupla,Reta,Sim,2,0,1,0,0,1,1,2,"-7,0004","-34,8284",SPRF-PB,DEL01-PB,UOP01-DEL01-PB
381956.0,2021-09-06,segunda-feira,20:20:00,PB,230,6,CABEDELO,Ingestão de álcool pelo condutor,Colisão com objeto,Com Vítimas Feridas,Plena Noite,Crescente,Céu Claro,Dupla,Desvio Temporário,Sim,2,0,1,0,0,1,1,1,"-7,02","-34,8359",SPRF-PB,DEL01-PB,UOP01-DEL01-PB
382016.0,2021-09-07,terça-feira,09:50:00,PB,230,"151,6",CAMPINA GRANDE,Condutor deixou de manter distância do veículo da frente,Colisão lateral mesmo sentido,Com Vítimas Feridas,Pleno dia,Crescente,Céu Claro,Simples,Viaduto,Sim,4,0,1,0,3,0,1,2,"-7,2587","-35,8778",SPRF-PB,DEL02-PB,UOP01-DEL02-PB
382022.0,2021-09-07,terça-feira,10:15:00,PB,101,"51,1",RIO TINTO,Demais falhas mecânicas ou elétricas,Incêndio,Sem Vítimas,Pleno dia,Decrescente,Sol,Dupla,Aclive,Não,1,0,0,0,1,0,0,1,"-6,93035382","-35,10376671",SPRF-PB,DEL01-PB,UOP04-DEL01-PB
382041.0,2021-09-07,terça-feira,12:35:00,PB,230,"18,1",JOAO PESSOA,Reação tardia ou ineficiente do condutor,Colisão traseira,Sem Vítimas,Pleno dia,Crescente,Céu Claro,Dupla,Declive;Reta,Sim,4,0,0,0,3,1,0,2,"-7,1198","-34,8453",SPRF-PB,DEL01-PB,UOP01-DEL01-PB
382207.0,2021-09-08,quarta-feira,08:10:00,PB,101,83,BAYEUX,Reação tardia ou ineficiente do condutor,Colisão traseira,Sem Vítimas,Pleno dia,Crescente,Céu Claro,Dupla,Aclive,Sim,2,0,0,0,2,0,0,2,"-7,1337703","-34,92963914",SPRF-PB,DEL01-PB,UOP01-DEL01-PB
382210.0,2021-09-08,quarta-feira,08:15:00,PB,101,84,BAYEUX,Condutor deixou de manter distância do veículo da frente,Colisão traseira,Sem Vítimas,Pleno dia,Crescente,Céu Claro,Dupla,Viaduto,Sim,2,0,0,0,2,0,0,2,"-7,132683","-34,930904",SPRF-PB,DEL01-PB,UOP01-DEL01-PB
382215.0,2021-09-08,quarta-feira,07:20:00,PB,230,505,CAJAZEIRAS,Acessar a via sem observar a presença dos outros veículos,Colisão transversal,Com Vítimas Feridas,Pleno dia,Decrescente,Céu Claro,Simples,Reta,Sim,3,0,3,0,0,0,3,2,"-6,9021572","-38,56306905",SPRF-PB,DEL03-PB,UOP03-DEL03-PB
382373.0,2021-09-08,quarta-feira,20:35:00,PB,230,"146,8",CAMPINA GRANDE,Ausência de reação do condutor,Queda de ocupante de veículo,Com Vítimas Feridas,Plena Noite,Decrescente,Chuva,Dupla,Declive,Sim,2,0,0,1,0,1,1,1,"-7,2468","-35,8484",SPRF-PB,DEL02-PB,UOP01-DEL02-PB
382383.0,2021-09-09,quinta-feira,07:43:00,PB,230,20,JOAO PESSOA,Ausência de reação do condutor,Colisão traseira,Com Vítimas Feridas,Pleno dia,Decrescente,Céu Claro,Dupla,Reta,Sim,3,0,2,0,1,0,2,2,"-7,1337","-34,8544",SPRF-PB,DEL01-PB,UOP01-DEL01-PB
382389.0,2021-09-09,quinta-feira,07:50:00,PB,230,18,JOAO PESSOA,Condutor deixou de manter distância do veículo da frente,Colisão traseira,Com Vítimas Feridas,Pleno dia,Crescente,Céu Claro,Dupla,Reta,Sim,2,0,1,0,1,0,1,2,"-7,1198","-34,8453",SPRF-PB,DEL01-PB,UOP01-DEL01-PB
382447.0,2021-09-09,quinta-feira,13:10:00,PB,230,"170,5",CAMPINA GRANDE,Reação tardia ou ineficiente do condutor,Colisão traseira,Sem Vítimas,Pleno dia,Decrescente,Céu Claro,Simples,Reta,Sim,2,0,0,0,1,1,0,2,"-7,1806","-35,9873",SPRF-PB,DEL02-PB,UOP02-DEL02-PB