id,data_inversa,dia_semana,horario,uf,br,km,municipio,causa_acidente,tipo_acidente,classificacao_acidente,fase_dia,sentido_via,condicao_metereologica,tipo_pista,tracado_via,uso_solo,pessoas,mortos,feridos_leves,feridos_graves,ilesos,ignorados,feridos,veiculos,latitude,longitude,regional,delegacia,uop
382508.0,2021-09-09,quinta-feira,19:30:00,PB,230,"18,8",JOAO PESSOA,Trafegar com motocicleta (ou similar) entre as faixas,Colisão traseira,Com Vítimas Feridas,Plena Noite,Crescente,Nublado,Dupla,Reta,Sim,2,0,1,0,1,0,1,2,"-7,12911446","-34,8498654",SPRF-PB,DEL01-PB,UOP01-DEL01-PB
382644.0,2021-09-10,sexta-feira,13:00:00,PB,230,"27,5",JOAO PESSOA,Ausência de reação do condutor,Tombamento,Com Vítimas Feridas,Pleno dia,Decrescente,Céu Claro,Dupla,Reta,Sim,2,0,1,1,0,0,2,1,"-7,1677","-34,8855",SPRF-PB,DEL01-PB,UOP01-DEL01-PB
382646.0,2021-09-10,sexta-feira,14:00:00,PB,101,86,JOAO PESSOA,Ingestão de álcool pelo condutor,Saída de leito carroçável,Com Vítimas Feridas,Pleno dia,Decrescente,Sol,Dupla,Aclive;Interseção de Vias,Sim,1,0,1,0,0,0,1,1,"-7,15118983","-34,91012184",SPRF-PB,DEL01-PB,UOP01-DEL01-PB
382657.0,2021-09-10,sexta-feira,14:40:00,PB,104,118,CAMPINA GRANDE,Condutor deixou de manter distância do veículo da frente,Colisão traseira,Com Vítimas Feridas,Pleno dia,Crescente,Céu Claro,Simples,Reta,Não,3,0,1,0,2,0,1,2,"-7,19637839","-35,87571339",SPRF-PB,DEL02-PB,UOP04-DEL02-PB
382779.0,2021-09-11,sábado,04:10:00,PB,230,5,CABEDELO,Ingestão de álcool pelo condutor,Colisão com objeto,Com Vítimas Feridas,Amanhecer,Crescente,Céu Claro,Dupla,Retorno Regulamentado,Sim,1,0,0,1,0,0,1,1,"-7,01161242","-34,83181031",SPRF-PB,DEL01-PB,UOP01-DEL01-PB
382795.0,2021-09-11,sábado,07:40:00,PB,230,"151,6",CAMPINA GRANDE,Avarias e/ou desgaste excessivo no pneu,Saída de leito carroçável,Com Vítimas Feridas,Pleno dia,Crescente,Garoa/Chuvisco,Simples,Interseção de Vias,Sim,3,0,1,1,1,0,2,2,"-7,2587","-35,8778",SPRF-PB,DEL02-PB,UOP01-DEL02-PB
382808.0,2021-09-11,sábado,08:50:00,PB,230,392,SAO BENTINHO,Ingestão de álcool pelo condutor,Colisão transversal,Com Vítimas Feridas,Pleno dia,Decrescente,Céu Claro,Simples,Reta,Não,4,0,0,1,3,0,1,2,"-6,8856","-37,7321",SPRF-PB,DEL03-PB,UOP02-DEL03-PB
383040.0,2021-09-12,domingo,09:30:00,PB,101,86,JOAO PESSOA,Manobra de mudança de faixa,Colisão traseira,Com Vítimas Feridas,Pleno dia,Decrescente,Nublado,Dupla,Curva;Declive,Sim,2,0,1,0,1,0,1,2,"-7,15310036","-34,90862846",SPRF-PB,DEL01-PB,UOP01-DEL01-PB
383060.0,2021-04-11,domingo,22:50:00,PB,230,217,SOLEDADE,Condutor deixou de manter distância do veículo da frente,Colisão traseira,Sem Vítimas,Plena Noite,Decrescente,Chuva,Simples,Reta,Sim,2,0,0,0,2,0,0,2,"-7,057656","-36,362956",SPRF-PB,DEL02-PB,UOP02-DEL02-PB
383092.0,2021-09-12,domingo,16:25:00,PB,101,88,JOAO PESSOA,Ingestão de álcool pelo condutor,Colisão lateral mesmo sentido,Com Vítimas Feridas,Pleno dia,Decrescente,Céu Claro,Dupla,Curva,Sim,2,0,1,0,1,0,1,2,"-7,16538358","-34,89919659",SPRF-PB,DEL01-PB,UOP01-DEL01-PB
383140.0,2021-09-12,domingo,20:00:00,PB,101,88,JOAO PESSOA,Velocidade Incompatível,Colisão com objeto,Com Vítimas Feridas,Plena Noite,Decrescente,Chuva,Simples,Curva,Sim,1,0,0,1,0,0,1,1,"-7,16470016","-34,89993643",SPRF-PB,DEL01-PB,UOP01-DEL01-PB
383185.0,2021-09-12,domingo,20:20:00,PB,230,"1,2",PATOS,Acessar a via sem observar a presença dos outros veículos,Colisão transversal,Com Vítimas Feridas,Plena Noite,Decrescente,Céu Claro,Simples,Interseção de Vias;Reta,Sim,3,0,1,2,0,0,3,2,"-7,024862","-37,280304",SPRF-PB,DEL03-PB,UOP01-DEL03-PB
383239.0,2021-09-12,domingo,22:00:00,PB,101,"89,9",JOAO PESSOA,Velocidade Incompatível,Saída de leito carroçável,Com Vítimas Feridas,Plena Noite,Crescente,Céu Claro,Dupla,Retorno Regulamentado,Sim,1,0,1,0,0,0,1,1,"-7,1710694","-34,89765372",SPRF-PB,DEL01-PB,UOP02-DEL01-PB
383349.0,2021-09-13,segunda-feira,17:55:00,PB,104,91,REMIGIO,Desrespeitar a preferência no cruzamento,Colisão transversal,Com Vítimas Feridas,Anoitecer,Crescente,Céu Claro,Simples,Reta;Aclive,Sim,2,0,0,1,0,1,1,2,"-6,97533024","-35,81785095",SPRF-PB,DEL02-PB,UOP04-DEL02-PB
383421.0,2021-08-01,domingo,14:25:00,PB,230,20,JOAO PESSOA,Ausência de reação do condutor,Colisão traseira,Com Vítimas Feridas,Pleno dia,Decrescente,Céu Claro,Dupla,Viaduto,Sim,5,0,1,0,4,0,1,2,"-7,1337","-34,8544",SPRF-PB,DEL01-PB,UOP01-DEL01-PB
383433.0,2021-09-14,terça-feira,08:00:00,PB,230,"19,5",JOAO PESSOA,Ausência de reação do condutor,Colisão traseira,Sem Vítimas,Pleno dia,Crescente,Sol,Dupla,Curva,Sim,2,0,0,0,2,0,0,2,"-7,1281","-34,8466",SPRF-PB,DEL01-PB,UOP01-DEL01-PB
383448.0,2021-09-14,terça-feira,10:15:00,PB,230,24,JOAO PESSOA,Ausência de reação do condutor,Colisão traseira,Com Vítimas Feridas,Pleno dia,Decrescente,Sol,Dupla,Curva,Sim,3,0,2,0,1,0,2,2,"-7,1637","-34,8618",SPRF-PB,DEL01-PB,UOP01-DEL01-PB
383544.0,2021-08-01,domingo,06:45:00,PB,101,48,MAMANGUAPE,Condutor Dormindo,Saída de leito carroçável,Com Vítimas Feridas,Pleno dia,Decrescente,Céu Claro,Dupla,Reta,Não,1,0,1,0,0,0,1,1,"-6,90679485","-35,11705672",SPRF-PB,DEL01-PB,UOP04-DEL01-PB
383609.0,2021-09-15,quarta-feira,07:40:00,PB,101,80,SANTA RITA,Velocidade Incompatível,Colisão com objeto,Com Vítimas Feridas,Pleno dia,Crescente,Chuva,Dupla,Curva,Sim,1,0,1,0,0,0,1,1,"-7,11753704","-34,94951428",SPRF-PB,DEL01-PB,UOP04-DEL01-PB
383636.0,2021-09-15,quarta-feira,11:15:00,PB,101,"103,2",ALHANDRA,Reação tardia ou ineficiente do condutor,Colisão traseira,Com Vítimas Feridas,Pleno dia,Decrescente,Sol,Dupla,Reta,Não,3,0,1,0,2,0,1,2,"-7,29453083","-34,93755095",SPRF-PB,DEL01-PB,UOP02-DEL01-PB
383683.0,2021-09-15,quarta-feira,16:16:00,PB,230,"18,8",JOAO PESSOA,Condutor deixou de manter distância do veículo da frente,Engavetamento,Sem Vítimas,Pleno dia,Crescente,Sol,Dupla,Reta,Sim,3,0,0,0,3,0,0,3,"-7,1198","-34,8453",SPRF-PB,DEL01-PB,UOP01-DEL01-PB
383696.0,2021-09-15,quarta-feira,16:15:00,PB,230,"18,9",JOAO PESSOA,Trafegar com motocicleta (ou similar) entre as faixas,Queda de ocupante de veículo,Com Vítimas Feridas,Pleno dia,Crescente,Céu Claro,Dupla,Reta,Sim,1,0,0,1,0,0,1,1,"-7,1198","-34,8453",SPRF-PB,DEL01-PB,UOP01-DEL01-PB
383705.0,2021-09-15,quarta-feira,18:30:00,PB,230,89,GURINHEM,Pedestre andava na pista,Atropelamento de Pedestre,Com Vítimas Feridas,Plena Noite,Decrescente,Céu Claro,Dupla,Reta,Sim,2,0,1,0,1,0,1,2,"-7,1708","-35,3831",SPRF-PB,DEL01-PB,UOP03-DEL01-PB
383819.0,2021-09-16,quinta-feira,08:50:00,PB,101,"91,8",JOAO PESSOA,Trafegar com motocicleta (ou similar) entre as faixas,Colisão lateral mesmo sentido,Com Vítimas Feridas,Pleno dia,Crescente,Céu Claro,Dupla,Reta,Não,1,0,0,1,0,0,1,1,"-7,18826412","-34,90308264",SPRF-PB,DEL01-PB,UOP02-DEL01-PB
383865.0,2021-09-16,quinta-feira,14:15:00,PB,101,109,ALHANDRA,Ausência de reação do condutor,Saída de leito carroçável,Com Vítimas Feridas,Pleno dia,Decrescente,Sol,Dupla,Reta,Não,1,0,1,0,0,0,1,1,"-7,34361299","-34,94797909",SPRF-PB,DEL01-PB,UOP02-DEL01-PB
383892.0,2021-09-16,quinta-feira,15:50:00,PB,230,27,JOAO PESSOA,Ausência de reação do condutor,Tombamento,Com Vítimas Feridas,Anoitecer,Crescente,Céu Claro,Simples,Curva,Sim,2,0,2,0,0,0,2,1,"-7,16514894","-34,89492238",SPRF-PB,DEL01-PB,UOP01-DEL01-PB
383918.0,2021-09-16,quinta-feira,18:35:00,PB,230,"18,8",JOAO PESSOA,Trafegar com motocicleta (ou similar) entre as faixas,Colisão traseira,Com Vítimas Feridas,Plena Noite,Crescente,Céu Claro,Dupla,Reta,Sim,3,0,2,0,1,0,2,2,"-7,12857152","-34,84766599",SPRF-PB,DEL01-PB,UOP01-DEL01-PB
384003.0,2021-09-17,sexta-feira,08:40:00,PB,230,"157,8",CAMPINA GRANDE,Acessar a via sem observar a presença dos outros veículos,Colisão transversal,Com Vítimas Feridas,Pleno dia,Crescente,Céu Claro,Simples,Interseção de Vias;Reta,Sim,2,0,0,1,1,0,1,2,"-7,264","-35,9199",SPRF-PB,DEL02-PB,UOP01-DEL02-PB
384233.0,2021-09-18,sábado,08:00:00,PB,230,11,CABEDELO,Conversão proibida,Colisão lateral mesmo sentido,Com Vítimas Feridas,Pleno dia,Crescente,Céu Claro,Dupla,Reta,Sim,3,0,2,0,0,1,2,2,"-7,0596","-34,8506",SPRF-PB,DEL01-PB,UOP01-DEL01-PB
384328.0,2021-09-18,sábado,13:40:00,PB,434,"9,7",JOCA CLAUDINO,Mal súbito do condutor,Colisão com objeto,Com Vítimas Fatais,Pleno dia,Decrescente,Céu Claro,Simples,Curva,Não,1,1,0,0,0,0,0,1,"-6,45567351","-38,45330319",SPRF-PB,DEL03-PB,UOP03-DEL03-PB
384412.0,2021-09-18,sábado,23:45:00,PB,104,134,QUEIMADAS,Animais na Pista,Atropelamento de Animal,Com Vítimas Feridas,Plena Noite,Crescente,Céu Claro,Simples,Reta,Sim,1,0,0,1,0,0,1,1,"-7,32562205","-35,89657067",SPRF-PB,DEL02-PB,UOP03-DEL02-PB
384502.0,2021-09-19,domingo,12:15:00,PB,104,"138,9",QUEIMADAS,Ingestão de álcool pelo condutor,Colisão com objeto,Com Vítimas Feridas,Pleno dia,Crescente,Céu Claro,Simples,Reta,Sim,1,0,0,1,0,0,1,1,"-7,36240302","-35,90252638",SPRF-PB,DEL02-PB,UOP03-DEL02-PB
384650.0,2021-09-20,segunda-feira,02:00:00,PB,230,"0,3",PATOS,Condutor Dormindo,Colisão com objeto,Sem Vítimas,Plena Noite,Crescente,Céu Claro,Simples,Reta,Sim,1,0,0,0,1,0,0,1,"-7,024862","-37,280304",SPRF-PB,DEL03-PB,UOP01-DEL03-PB
384782.0,2021-09-20,segunda-feira,17:55:00,PB,101,"101,8",ALHANDRA,Animais na Pista,Atropelamento de Animal,Com Vítimas Feridas,Plena Noite,Decrescente,Céu Claro,Dupla,Curva,Não,1,0,1,0,0,0,1,1,"-7,281151","-34,939108",SPRF-PB,DEL01-PB,UOP02-DEL01-PB
384802.0,2021-09-20,segunda-feira,17:50:00,PB,230,"70,1",SOBRADO,Ausência de reação do condutor,Tombamento,Com Vítimas Feridas,Anoitecer,Decrescente,Céu Claro,Dupla,Reta,Não,2,0,1,0,0,1,1,2,"-7,19200739","-35,22693157",SPRF-PB,DEL01-PB,UOP03-DEL01-PB
384851.0,2021-09-21,terça-feira,06:40:00,PB,230,"43,8",SANTA RITA,Reação tardia ou ineficiente do condutor,Saída de leito carroçável,Com Vítimas Fatais,Pleno dia,Crescente,Céu Claro,Dupla,Reta,Não,7,1,0,5,0,1,5,3,"-7,1479","-35,0029",SPRF-PB,DEL01-PB,UOP03-DEL01-PB
384856.0,2021-09-21,terça-feira,07:40:00,PB,230,23,JOAO PESSOA,Ausência de reação do condutor,Tombamento,Com Vítimas Feridas,Pleno dia,Decrescente,Céu Claro,Dupla,Reta,Sim,2,0,1,0,0,1,1,1,"-7,1562","-34,8574",SPRF-PB,DEL01-PB,UOP01-DEL01-PB
384906.0,2021-09-21,terça-feira,13:40:00,PB,101,"108,9",ALHANDRA,Falta de elemento de contenção que evite a saída do leito carroçável,Saída de leito carroçável,Com Vítimas Feridas,Pleno dia,Crescente,Sol,Dupla,Reta,Sim,1,0,1,0,0,0,1,1,"-7,33454898","-34,94758056",SPRF-PB,DEL01-PB,UOP02-DEL01-PB
385195.0,2021-09-23,quinta-feira,06:30:00,PB,101,"57,4",SANTA RITA,Reação tardia ou ineficiente do condutor,Queda de ocupante de veículo,Sem Vítimas,Amanhecer,Decrescente,Nublado,Dupla,Reta,Não,1,0,0,0,0,1,0,1,"-6,99352402","-35,06896004",SPRF-PB,DEL01-PB,UOP04-DEL01-PB
385348.0,2021-09-24,sexta-feira,02:35:00,PB,230,503,CAJAZEIRAS,Ausência de reação do condutor,Colisão com objeto,Sem Vítimas,Plena Noite,Decrescente,Nublado,Simples,Curva,Não,1,0,0,0,0,1,0,1,"-6,8962","-38,534",SPRF-PB,DEL03-PB,UOP03-DEL03-PB
385359.0,2021-09-24,sexta-feira,08:15:00,PB,101,"84,4",BAYEUX,Demais falhas mecânicas ou elétricas,Queda de ocupante de veículo,Com Vítimas Feridas,Pleno dia,Decrescente,Garoa/Chuvisco,Dupla,Reta,Sim,2,0,1,0,1,0,1,1,"-7,13957906","-34,92312806",SPRF-PB,DEL01-PB,UOP01-DEL01-PB
385362.0,2021-09-24,sexta-feira,08:45:00,PB,101,84,BAYEUX,Reação tardia ou ineficiente do condutor,Colisão traseira,Com Vítimas Feridas,Pleno dia,Decrescente,Nublado,Dupla,Reta,Sim,2,0,1,0,1,0,1,2,"-7,13957906","-34,92312806",SPRF-PB,DEL01-PB,UOP01-DEL01-PB
385372.0,2021-09-24,sexta-feira,08:20:00,PB,101,"82,8",BAYEUX,Trafegar com motocicleta (ou similar) entre as faixas,Colisão traseira,Com Vítimas Feridas,Pleno dia,Crescente,Chuva,Dupla,Viaduto;Aclive,Sim,3,0,1,1,1,0,2,2,"-7,12911","-34,93714",SPRF-PB,DEL01-PB,UOP01-DEL01-PB
385406.0,2021-09-24,sexta-feira,11:15:00,PB,230,19,JOAO PESSOA,Trafegar com motocicleta (ou similar) entre as faixas,Colisão traseira,Com Vítimas Feridas,Pleno dia,Decrescente,Nublado,Dupla,Curva,Sim,3,0,1,1,1,0,2,2,"-7,12620968","-34,8453271",SPRF-PB,DEL01-PB,UOP01-DEL01-PB
385411.0,2021-09-24,sexta-feira,12:10:00,PB,230,16,JOAO PESSOA,Condutor deixou de manter distância do veículo da frente,Engavetamento,Sem Vítimas,Pleno dia,Crescente,Nublado,Dupla,Reta,Sim,4,0,0,0,4,0,0,4,"-7,1039","-34,8458",SPRF-PB,DEL01-PB,UOP01-DEL01-PB
385576.0,2021-09-25,sábado,02:40:00,PB,230,"218,3",SOLEDADE,Ausência de reação do condutor,Saída de leito carroçável,Com Vítimas Feridas,Plena Noite,Crescente,Céu Claro,Simples,Reta,Não,1,0,0,1,0,0,1,1,"-7,05079","-36,380532",SPRF-PB,DEL02-PB,UOP02-DEL02-PB
385813.0,2021-09-26,domingo,05:35:00,PB,101,"75,5",SANTA RITA,Reação tardia ou ineficiente do condutor,Colisão com objeto,Sem Vítimas,Pleno dia,Crescente,Céu Claro,Dupla,Curva,Não,1,0,0,0,1,0,0,1,"-7,08342296","-34,97202399",SPRF-PB,DEL01-PB,UOP04-DEL01-PB
385879.0,2021-09-26,domingo,13:50:00,PB,101,"59,7",SANTA RITA,Velocidade Incompatível,Colisão com objeto,Com Vítimas Feridas,Pleno dia,Crescente,Chuva,Dupla,Reta;Declive,Não,3,0,3,0,0,0,3,1,"-6,997782","-35,066815",SPRF-PB,DEL01-PB,UOP04-DEL01-PB
385884.0,2021-09-26,domingo,14:20:00,PB,230,"145,9",CAMPINA GRANDE,Ausência de reação do condutor,Colisão traseira,Com Vítimas Feridas,Pleno dia,Decrescente,Céu Claro,Dupla,Reta;Aclive,Sim,5,0,2,0,3,0,2,2,"-7,24491285","-35,85197087",SPRF-PB,DEL02-PB,UOP01-DEL02-PB
385899.0,2021-09-26,domingo,16:10:00,PB,101,109,ALHANDRA,Acumulo de água sobre o pavimento,Colisão com objeto,Com Vítimas Feridas,Pleno dia,Decrescente,Chuva,Dupla,Reta,Sim,2,0,1,0,1,0,1,1,"-7,34361299","-34,94797909",SPRF-PB,DEL01-PB,UOP02-DEL01-PB
385925.0,2021-09-26,domingo,17:50:00,PB,230,"59,4",CRUZ DO ESPIRITO SANTO,Frear bruscamente,Tombamento,Com Vítimas Feridas,Plena Noite,Decrescente,Chuva,Dupla,Reta,Não,2,0,2,0,0,0,2,1,"-7,2053553","-35,14145494",SPRF-PB,DEL01-PB,UOP03-DEL01-PB
386022.0,2021-09-27,segunda-feira,00:50:00,PB,101,88,JOAO PESSOA,Ingestão de álcool pelo condutor,Colisão com objeto,Sem Vítimas,Plena Noite,Decrescente,Chuva,Dupla,Curva,Sim,1,0,0,0,1,0,0,1,"-7,16470016","-34,89993643",SPRF-PB,DEL01-PB,UOP01-DEL01-PB
386146.0,2021-09-27,segunda-feira,16:30:00,PB,230,"23,7",JOAO PESSOA,Manobra de mudança de faixa,Colisão lateral mesmo sentido,Com Vítimas Feridas,Pleno dia,Decrescente,Céu Claro,Dupla,Reta,Sim,2,0,2,0,0,0,2,2,"-7,16395869","-34,8616242",SPRF-PB,DEL01-PB,UOP01-DEL01-PB
386387.0,2021-09-29,quarta-feira,07:03:00,PB,101,83,BAYEUX,Reação tardia ou ineficiente do condutor,Colisão traseira,Com Vítimas Feridas,Pleno dia,Crescente,Céu Claro,Dupla,Reta,Sim,3,0,1,0,2,0,1,2,"-7,13598234","-34,92759705",SPRF-PB,DEL01-PB,UOP01-DEL01-PB
386449.0,2021-09-29,quarta-feira,08:25:00,PB,101,"82,2",BAYEUX,Manobra de mudança de faixa,Colisão lateral mesmo sentido,Com Vítimas Feridas,Pleno dia,Crescente,Céu Claro,Dupla,Reta,Sim,4,0,1,0,0,3,1,3,"-7,12911","-34,93714",SPRF-PB,DEL01-PB,UOP01-DEL01-PB
386468.0,2021-09-29,quarta-feira,14:50:00,PB,230,"53,1",CRUZ DO ESPIRITO SANTO,Avarias e/ou desgaste excessivo no pneu,Tombamento,Com Vítimas Feridas,Pleno dia,Crescente,Nublado,Dupla,Reta,Não,2,0,2,0,0,0,2,1,"-7,20204342","-35,10361433",SPRF-PB,DEL01-PB,UOP03-DEL01-PB
386505.0,2021-09-29,quarta-feira,18:30:00,PB,230,58,CRUZ DO ESPIRITO SANTO,Reação tardia ou ineficiente do condutor,Tombamento,Com Vítimas Feridas,Plena Noite,Crescente,Céu Claro,Dupla,Declive,Não,2,0,1,1,0,0,2,1,"-7,204107","-35,128929",SPRF-PB,DEL01-PB,UOP03-DEL01-PB
386506.0,2021-09-29,quarta-feira,17:25:00,PB,230,"156,5",CAMPINA GRANDE,Ultrapassagem Indevida,Colisão frontal,Com Vítimas Feridas,Anoitecer,Decrescente,Céu Claro,Simples,Reta,Sim,3,0,2,1,0,0,3,2,"-7,2693","-35,9138",SPRF-PB,DEL02-PB,UOP01-DEL02-PB
386703.0,2021-09-30,quinta-feira,18:10:00,PB,230,42,SANTA RITA,Avarias e/ou desgaste excessivo no pneu,Tombamento,Com Vítimas Feridas,Plena Noite,Crescente,Céu Claro,Dupla,Reta,Não,2,0,2,0,0,0,2,1,"-7,1426","-34,9956",SPRF-PB,DEL01-PB,UOP03-DEL01-PB
386704.0,2021-09-30,quinta-feira,20:00:00,PB,230,"169,7",CAMPINA GRANDE,Reação tardia ou ineficiente do condutor,Colisão traseira,Sem Vítimas,Plena Noite,Crescente,Céu Claro,Simples,Reta,Sim,2,0,0,0,2,0,0,2,"-7,1823","-35,9843",SPRF-PB,DEL02-PB,UOP02-DEL02-PB
386758.0,2021-10-01,sexta-feira,05:00:00,PB,101,65,SANTA RITA,Avarias e/ou desgaste excessivo no pneu,Queda de ocupante de veículo,Com Vítimas Feridas,Amanhecer,Decrescente,Nevoeiro/Neblina,Dupla,Reta,Não,1,0,1,0,0,0,1,1,"-7,04256889","-35,05061285",SPRF-PB,DEL01-PB,UOP04-DEL01-PB
386810.0,2021-10-01,sexta-feira,10:53:00,PB,230,"19,6",JOAO PESSOA,Velocidade Incompatível,Colisão traseira,Com Vítimas Feridas,Pleno dia,Decrescente,Céu Claro,Dupla,Curva;Declive,Sim,4,0,3,0,0,1,3,2,"-7,1281","-34,8466",SPRF-PB,DEL01-PB,UOP01-DEL01-PB
386860.0,2021-09-18,sábado,00:55:00,PB,361,55,EMAS,Condutor deixou de manter distância do veículo da frente,Colisão traseira,Com Vítimas Feridas,Plena Noite,Crescente,Céu Claro,Simples,Reta,Não,3,0,1,1,0,1,2,2,"-7,167567","-37,69489",SPRF-PB,DEL03-PB,UOP01-DEL03-PB
386926.0,2021-10-01,sexta-feira,18:00:00,PB,230,23,JOAO PESSOA,Transitar no acostamento,Tombamento,Com Vítimas Feridas,Plena Noite,Crescente,Nublado,Dupla,Reta,Sim,1,0,0,1,0,0,1,1,"-7,1562","-34,8574",SPRF-PB,DEL01-PB,UOP01-DEL01-PB
386979.0,2021-10-01,sexta-feira,23:10:00,PB,101,"2,6",MATARACA,Chuva,Saída de leito carroçável,Com Vítimas Feridas,Plena Noite,Decrescente,Chuva,Dupla,Reta,Não,1,0,1,0,0,0,1,1,"-6,52300095","-35,11348121",SPRF-PB,DEL01-PB,UOP04-DEL01-PB
386983.0,2021-10-01,sexta-feira,23:45:00,PB,104,139,QUEIMADAS,Ultrapassagem Indevida,Colisão frontal,Com Vítimas Feridas,Plena Noite,Decrescente,Chuva,Simples,Reta,Sim,2,0,0,1,1,0,1,2,"-7,36948311","-35,89979635",SPRF-PB,DEL02-PB,UOP03-DEL02-PB
387006.0,2021-10-02,sábado,03:20:00,PB,230,"13,9",CABEDELO,Objeto estático sobre o leito carroçável,Colisão com objeto,Sem Vítimas,Plena Noite,Crescente,Céu Claro,Dupla,Reta,Sim,2,0,0,0,2,0,0,2,"-7,08911966","-34,84838482",SPRF-PB,DEL01-PB,UOP01-DEL01-PB
387082.0,2021-10-02,sábado,11:50:00,PB,230,"150,9",CAMPINA GRANDE,Reação tardia ou ineficiente do condutor,Tombamento,Com Vítimas Feridas,Pleno dia,Crescente,Sol,Simples,Reta,Não,1,0,0,1,0,0,1,1,"-7,2515","-35,8724",SPRF-PB,DEL02-PB,UOP01-DEL02-PB
387091.0,2021-10-02,sábado,14:00:00,PB,230,20,JOAO PESSOA,Reação tardia ou ineficiente do condutor,Tombamento,Com Vítimas Feridas,Pleno dia,Crescente,Céu Claro,Múltipla,Reta,Sim,1,0,0,1,0,0,1,1,"-7,1337","-34,8544",SPRF-PB,DEL01-PB,UOP01-DEL01-PB
387136.0,2021-10-02,sábado,16:00:00,PB,412,"74,3",SERRA BRANCA,Acessar a via sem observar a presença dos outros veículos,Colisão transversal,Com Vítimas Feridas,Pleno dia,Crescente,Céu Claro,Simples,Interseção de Vias,Sim,2,0,1,1,0,0,2,2,"-7,489012","-36,650635",SPRF-PB,DEL02-PB,UOP02-DEL02-PB
387138.0,2021-10-02,sábado,18:10:00,PB,230,11,CABEDELO,Manobra de mudança de faixa,Colisão traseira,Com Vítimas Feridas,Plena Noite,Decrescente,Ignorado,Dupla,Reta;Retorno Regulamentado,Sim,2,0,1,0,1,0,1,2,"-7,0729717","-34,84951135",SPRF-PB,DEL01-PB,UOP01-DEL01-PB
387152.0,2021-10-02,sábado,19:05:00,PB,230,"143,7",CAMPINA GRANDE,Animais na Pista,Atropelamento de Animal,Com Vítimas Feridas,Plena Noite,Crescente,Nublado,Dupla,Reta,Sim,2,0,2,0,0,0,2,1,"-7,253257","-35,833253",SPRF-PB,DEL02-PB,UOP01-DEL02-PB
387170.0,2021-10-02,sábado,19:10:00,PB,230,469,SOUSA,Velocidade Incompatível,Saída de leito carroçável,Sem Vítimas,Plena Noite,Decrescente,Céu Claro,Simples,Reta,Não,1,0,0,0,0,1,0,1,"-6,790212","-38,28628",SPRF-PB,DEL03-PB,UOP03-DEL03-PB
387173.0,2021-10-02,sábado,19:20:00,PB,230,"1,2",PATOS,Ingestão de álcool pelo condutor,Colisão transversal,Com Vítimas Feridas,Plena Noite,Decrescente,Céu Claro,Simples,Reta,Sim,2,0,0,1,1,0,1,2,"-7,024862","-37,280304",SPRF-PB,DEL03-PB,UOP01-DEL03-PB
387209.0,2021-10-02,sábado,19:50:00,PB,104,110,LAGOA SECA,Velocidade Incompatível,Capotamento,Sem Vítimas,Plena Noite,Decrescente,Vento,Simples,Reta,Não,1,0,0,0,0,1,0,1,"-7,12844791","-35,86084776",SPRF-PB,DEL02-PB,UOP04-DEL02-PB
387269.0,2021-10-02,sábado,20:00:00,PB,104,"109,9",LAGOA SECA,Reação tardia ou ineficiente do condutor,Colisão traseira,Com Vítimas Fatais,Plena Noite,Crescente,Vento,Simples,Aclive;Reta,Não,5,1,0,3,0,1,3,3,"-7,126379","-35,861725",SPRF-PB,DEL02-PB,UOP04-DEL02-PB
387274.0,2021-10-03,domingo,07:15:00,PB,230,"24,4",JOAO PESSOA,Condutor deixou de manter distância do veículo da frente,Colisão lateral mesmo sentido,Com Vítimas Feridas,Pleno dia,Crescente,Céu Claro,Dupla,Curva,Sim,2,0,1,0,0,1,1,2,"-7,17068633","-34,86821171",SPRF-PB,DEL01-PB,UOP01-DEL01-PB
387395.0,2021-10-03,domingo,17:20:00,PB,230,89,GURINHEM,Acesso irregular,Colisão transversal,Sem Vítimas,Anoitecer,Crescente,Céu Claro,Dupla,Reta,Sim,3,0,0,0,0,3,0,3,"-7,1708","-35,3831",SPRF-PB,DEL01-PB,UOP03-DEL01-PB
387397.0,2021-10-03,domingo,19:13:00,PB,230,151,CAMPINA GRANDE,Ingestão de álcool pelo condutor,Tombamento,Com Vítimas Feridas,Plena Noite,Decrescente,Céu Claro,Simples,Reta,Sim,1,0,1,0,0,0,1,1,"-7,2587","-35,8778",SPRF-PB,DEL02-PB,UOP01-DEL02-PB
387425.0,2021-10-03,domingo,20:10:00,PB,230,9,CABEDELO,Pedestre cruzava a pista fora da faixa,Atropelamento de Pedestre,Com Vítimas Fatais,Plena Noite,Crescente,Céu Claro,Dupla,Em Obras,Sim,5,1,0,0,3,1,0,3,"-7,0433","-34,8466",SPRF-PB,DEL01-PB,UOP01-DEL01-PB
387443.0,2021-10-03,domingo,20:50:00,PB,104,"112,5",LAGOA SECA,Transitar na contramão,Colisão frontal,Com Vítimas Feridas,Plena Noite,Crescente,Céu Claro,Simples,Curva,Sim,2,0,1,1,0,0,2,2,"-7,1450288","-35,85692679",SPRF-PB,DEL02-PB,UOP04-DEL02-PB
387448.0,2021-10-03,domingo,18:50:00,PB,405,"3,9",UIRAUNA,Animais na Pista,Atropelamento de Animal,Com Vítimas Feridas,Plena Noite,Crescente,Céu Claro,Simples,Declive,Não,3,0,2,0,1,0,2,1,"-6,477967","-38,386303",SPRF-PB,DEL03-PB,UOP03-DEL03-PB