id,data_inversa,dia_semana,horario,uf,br,km,municipio,causa_acidente,tipo_acidente,classificacao_acidente,fase_dia,sentido_via,condicao_metereologica,tipo_pista,tracado_via,uso_solo,pessoas,mortos,feridos_leves,feridos_graves,ilesos,ignorados,feridos,veiculos,latitude,longitude,regional,delegacia,uop
387458.0,2021-10-03,domingo,20:15:00,PB,230,"54,8",CRUZ DO ESPIRITO SANTO,Reação tardia ou ineficiente do condutor,Saída de leito carroçável,Sem Vítimas,Plena Noite,Decrescente,Céu Claro,Dupla,Reta,Não,1,0,0,0,0,1,0,1,"-7,2007","-35,0854",SPRF-PB,DEL01-PB,UOP03-DEL01-PB
387512.0,2021-10-04,segunda-feira,07:00:00,PB,104,"86,8",REMIGIO,Acessar a via sem observar a presença dos outros veículos,Colisão transversal,Sem Vítimas,Pleno dia,Crescente,Céu Claro,Simples,Aclive,Sim,1,0,0,0,1,0,0,1,"-6,95944503","-35,80474009",SPRF-PB,DEL02-PB,UOP04-DEL02-PB
387701.0,2021-10-05,terça-feira,08:00:00,PB,230,8,CABEDELO,Demais falhas mecânicas ou elétricas,Saída de leito carroçável,Sem Vítimas,Pleno dia,Crescente,Céu Claro,Dupla,Reta,Sim,1,0,0,0,0,1,0,1,"-7,0355","-34,8429",SPRF-PB,DEL01-PB,UOP01-DEL01-PB
387738.0,2021-10-05,terça-feira,12:20:00,PB,230,"11,1",CABEDELO,Conversão proibida,Colisão transversal,Com Vítimas Feridas,Pleno dia,Decrescente,Sol,Dupla,Retorno Regulamentado;Reta,Sim,2,0,0,1,1,0,1,2,"-7,06403219","-34,85021572",SPRF-PB,DEL01-PB,UOP01-DEL01-PB
387743.0,2021-10-05,terça-feira,10:07:00,PB,230,"406,3",POMBAL,Ultrapassagem Indevida,Colisão lateral mesmo sentido,Sem Vítimas,Pleno dia,Decrescente,Céu Claro,Simples,Reta,Sim,2,0,0,0,1,1,0,2,"-6,7842","-37,7987",SPRF-PB,DEL03-PB,UOP02-DEL03-PB
387801.0,2021-10-05,terça-feira,18:30:00,PB,230,29,JOAO PESSOA,Manobra de mudança de faixa,Colisão lateral mesmo sentido,Com Vítimas Feridas,Plena Noite,Crescente,Céu Claro,Dupla,Reta,Sim,3,0,1,1,0,1,2,2,"-7,15771908","-34,9067175",SPRF-PB,DEL01-PB,UOP01-DEL01-PB
388003.0,2021-10-07,quinta-feira,04:00:00,PB,230,"15,6",JOAO PESSOA,Ausência de reação do condutor,Colisão com objeto,Sem Vítimas,Amanhecer,Crescente,Céu Claro,Dupla,Curva;Aclive,Sim,1,0,0,0,0,1,0,1,"-7,093","-34,8482",SPRF-PB,DEL01-PB,UOP01-DEL01-PB
388033.0,2021-10-07,quinta-feira,07:10:00,PB,230,"166,4",CAMPINA GRANDE,Entrada inopinada do pedestre,Atropelamento de Pedestre,Com Vítimas Feridas,Pleno dia,Crescente,Sol,Simples,Curva,Sim,4,0,1,0,3,0,1,2,"-7,1976","-35,955",SPRF-PB,DEL02-PB,UOP02-DEL02-PB
388069.0,2021-10-07,quinta-feira,10:30:00,PB,230,90,GURINHEM,Condutor Dormindo,Colisão traseira,Sem Vítimas,Pleno dia,Decrescente,Céu Claro,Dupla,Reta,Sim,2,0,0,0,2,0,0,2,"-7,173","-35,3934",SPRF-PB,DEL01-PB,UOP03-DEL01-PB
388129.0,2021-10-07,quinta-feira,17:30:00,PB,230,"150,7",CAMPINA GRANDE,Retorno proibido,Colisão traseira,Com Vítimas Feridas,Anoitecer,Crescente,Céu Claro,Simples,Interseção de Vias,Sim,2,0,0,1,1,0,1,2,"-7,2515","-35,8724",SPRF-PB,DEL02-PB,UOP01-DEL02-PB
388258.0,2021-10-08,sexta-feira,09:15:00,PB,230,16,JOAO PESSOA,Avarias e/ou desgaste excessivo no pneu,Queda de ocupante de veículo,Com Vítimas Feridas,Pleno dia,Decrescente,Céu Claro,Dupla,Reta,Não,2,0,1,0,1,0,1,1,"-7,1039","-34,8458",SPRF-PB,DEL01-PB,UOP01-DEL01-PB
388304.0,2021-10-08,sexta-feira,12:40:00,PB,230,16,JOAO PESSOA,Condutor deixou de manter distância do veículo da frente,Tombamento,Com Vítimas Feridas,Pleno dia,Crescente,Céu Claro,Dupla,Reta,Não,1,0,1,0,0,0,1,1,"-7,1039","-34,8458",SPRF-PB,DEL01-PB,UOP01-DEL01-PB
388313.0,2021-10-08,sexta-feira,14:40:00,PB,230,"143,8",MASSARANDUBA,Frear bruscamente,Colisão traseira,Com Vítimas Feridas,Pleno dia,Decrescente,Céu Claro,Simples,Reta,Sim,2,0,1,0,1,0,1,2,"-7,25322","-35,833745",SPRF-PB,DEL02-PB,UOP01-DEL02-PB
388337.0,2021-10-08,sexta-feira,17:01:00,PB,101,"99,5",ALHANDRA,Velocidade Incompatível,Colisão traseira,Com Vítimas Feridas,Anoitecer,Decrescente,Céu Claro,Dupla,Retorno Regulamentado,Não,2,0,1,0,1,0,1,2,"-7,26069075","-34,93584979",SPRF-PB,DEL01-PB,UOP02-DEL01-PB
388340.0,2021-10-08,sexta-feira,17:30:00,PB,230,"23,7",JOAO PESSOA,Condutor deixou de manter distância do veículo da frente,Colisão traseira,Com Vítimas Feridas,Anoitecer,Decrescente,Céu Claro,Dupla,Viaduto,Sim,2,0,0,1,1,0,1,2,"-7,1562","-34,8574",SPRF-PB,DEL01-PB,UOP01-DEL01-PB
388347.0,2021-10-08,sexta-feira,17:20:00,PB,101,83,BAYEUX,Condutor deixou de manter distância do veículo da frente,Colisão traseira,Com Vítimas Feridas,Plena Noite,Decrescente,Céu Claro,Dupla,Reta,Sim,3,0,2,0,1,0,2,2,"-7,1337703","-34,92963914",SPRF-PB,DEL01-PB,UOP01-DEL01-PB
388348.0,2021-10-08,sexta-feira,17:50:00,PB,230,"158,7",CAMPINA GRANDE,Desrespeitar a preferência no cruzamento,Colisão transversal,Com Vítimas Feridas,Anoitecer,Decrescente,Céu Claro,Simples,Reta,Não,2,0,1,0,1,0,1,2,"-7,2582","-35,9267",SPRF-PB,DEL02-PB,UOP01-DEL02-PB
388378.0,2021-10-08,sexta-feira,17:00:00,PB,361,"20,8",SANTA TERESINHA,Reação tardia ou ineficiente do condutor,Saída de leito carroçável,Com Vítimas Feridas,Anoitecer,Crescente,Céu Claro,Simples,Reta,Não,2,0,1,0,0,1,1,2,"-7,07981191","-37,42222407",SPRF-PB,DEL03-PB,UOP01-DEL03-PB
388398.0,2021-10-08,sexta-feira,17:30:00,PB,361,9,PATOS,Animais na Pista,Atropelamento de Animal,Com Vítimas Feridas,Anoitecer,Decrescente,Céu Claro,Simples,Curva;Aclive,Não,2,0,2,0,0,0,2,1,"-7,04056309","-37,33679502",SPRF-PB,DEL03-PB,UOP01-DEL03-PB
388523.0,2021-10-09,sábado,09:00:00,PB,101,84,BAYEUX,Condutor deixou de manter distância do veículo da frente,Colisão traseira,Com Vítimas Feridas,Pleno dia,Crescente,Céu Claro,Dupla,Reta,Sim,3,0,2,0,1,0,2,2,"-7,13957906","-34,92312806",SPRF-PB,DEL01-PB,UOP01-DEL01-PB
388536.0,2021-10-09,sábado,10:50:00,PB,101,84,BAYEUX,Velocidade Incompatível,Engavetamento,Sem Vítimas,Pleno dia,Decrescente,Céu Claro,Dupla,Reta,Sim,4,0,0,0,4,0,0,4,"-7,13957906","-34,92312806",SPRF-PB,DEL01-PB,UOP01-DEL01-PB
388591.0,2021-10-09,sábado,14:20:00,PB,230,"5,5",CABEDELO,Acessar a via sem observar a presença dos outros veículos,Colisão transversal,Com Vítimas Feridas,Pleno dia,Decrescente,Céu Claro,Dupla,Rotatória,Sim,2,0,1,0,1,0,1,2,"-7,01275797","-34,83233035",SPRF-PB,DEL01-PB,UOP01-DEL01-PB
388638.0,2021-10-09,sábado,18:10:00,PB,230,"18,1",JOAO PESSOA,Manobra de mudança de faixa,Colisão lateral mesmo sentido,Com Vítimas Fatais,Plena Noite,Crescente,Céu Claro,Dupla,Reta,Sim,7,1,0,4,2,0,4,4,"-7,1198","-34,8453",SPRF-PB,DEL01-PB,UOP01-DEL01-PB
388686.0,2021-10-09,sábado,20:30:00,PB,230,176,CAMPINA GRANDE,Ingestão de álcool pelo condutor,Colisão frontal,Com Vítimas Feridas,Plena Noite,Decrescente,Céu Claro,Simples,Curva,Não,3,0,1,0,2,0,1,2,"-7,1733","-36,0333",SPRF-PB,DEL02-PB,UOP02-DEL02-PB
388713.0,2021-10-09,sábado,21:15:00,PB,230,460,SOUSA,Desrespeitar a preferência no cruzamento,Colisão transversal,Sem Vítimas,Plena Noite,Crescente,Céu Claro,Simples,Interseção de Vias,Não,2,0,0,0,0,2,0,2,"-6,77481359","-38,20188761",SPRF-PB,DEL03-PB,UOP03-DEL03-PB
388844.0,2021-10-10,domingo,12:00:00,PB,104,"115,2",LAGOA SECA,Conversão proibida,Colisão transversal,Com Vítimas Feridas,Pleno dia,Crescente,Céu Claro,Simples,Reta,Não,2,0,1,0,1,0,1,2,"-7,172018","-35,85983397",SPRF-PB,DEL02-PB,UOP04-DEL02-PB
388927.0,2021-10-10,domingo,18:17:00,PB,230,23,JOAO PESSOA,Ingestão de álcool pelo condutor,Colisão lateral mesmo sentido,Com Vítimas Feridas,Anoitecer,Crescente,Nublado,Dupla,Reta,Sim,2,0,2,0,0,0,2,2,"-7,1562","-34,8574",SPRF-PB,DEL01-PB,UOP01-DEL01-PB
388990.0,2021-10-11,segunda-feira,02:00:00,PB,230,"22,2",JOAO PESSOA,Frear bruscamente,Colisão traseira,Com Vítimas Feridas,Plena Noite,Crescente,Ignorado,Dupla,Reta,Sim,4,0,1,1,0,2,2,3,"-7,154754","-34,8563",SPRF-PB,DEL01-PB,UOP01-DEL01-PB
389006.0,2021-10-11,segunda-feira,04:45:00,PB,230,"234,5",JUAZEIRINHO,Entrada inopinada do pedestre,Atropelamento de Pedestre,Com Vítimas Fatais,Amanhecer,Decrescente,Céu Claro,Simples,Reta;Declive,Não,2,1,0,0,1,0,0,2,"-7,0416","-36,5166",SPRF-PB,DEL02-PB,UOP02-DEL02-PB
389071.0,2021-10-11,segunda-feira,11:25:00,PB,101,88,JOAO PESSOA,Acumulo de óleo sobre o pavimento,Tombamento,Com Vítimas Feridas,Pleno dia,Decrescente,Céu Claro,Simples,Curva,Sim,2,0,2,0,0,0,2,1,"-7,16458427","-34,89632476",SPRF-PB,DEL01-PB,UOP01-DEL01-PB
389083.0,2021-10-11,segunda-feira,12:20:00,PB,230,"19,6",JOAO PESSOA,Trafegar com motocicleta (ou similar) entre as faixas,Colisão traseira,Com Vítimas Feridas,Pleno dia,Decrescente,Céu Claro,Dupla,Curva;Declive,Sim,2,0,1,0,1,0,1,2,"-7,1281","-34,8466",SPRF-PB,DEL01-PB,UOP01-DEL01-PB
389262.0,2021-10-12,terça-feira,10:55:00,PB,230,16,JOAO PESSOA,Condutor deixou de manter distância do veículo da frente,Engavetamento,Sem Vítimas,Pleno dia,Decrescente,Céu Claro,Dupla,Reta,Sim,4,0,0,0,4,0,0,4,"-7,1039","-34,8458",SPRF-PB,DEL01-PB,UOP01-DEL01-PB
389285.0,2021-10-12,terça-feira,12:00:00,PB,230,"442,2",APARECIDA,Ausência de reação do condutor,Capotamento,Com Vítimas Fatais,Pleno dia,Decrescente,Céu Claro,Simples,Reta,Não,4,1,2,1,0,0,3,1,"-6,780037","-38,053214",SPRF-PB,DEL03-PB,UOP02-DEL03-PB
389400.0,2021-10-12,terça-feira,21:50:00,PB,104,"159,4",BARRA DE SANTANA,Animais na Pista,Colisão com objeto,Com Vítimas Feridas,Plena Noite,Crescente,Céu Claro,Simples,Reta,Não,1,0,1,0,0,0,1,1,"-7,5137014","-35,97848277",SPRF-PB,DEL02-PB,UOP03-DEL02-PB
389652.0,2021-10-14,quinta-feira,15:00:00,PB,230,"132,9",MASSARANDUBA,Reação tardia ou ineficiente do condutor,Saída de leito carroçável,Com Vítimas Feridas,Pleno dia,Crescente,Chuva,Dupla,Curva,Não,1,0,1,0,0,0,1,1,"-7,2774","-35,7367",SPRF-PB,DEL02-PB,UOP01-DEL02-PB
389758.0,2021-10-11,segunda-feira,10:50:00,PB,101,"80,5",SANTA RITA,Reação tardia ou ineficiente do condutor,Colisão lateral mesmo sentido,Com Vítimas Feridas,Pleno dia,Decrescente,Céu Claro,Dupla,Curva,Sim,2,0,1,0,1,0,1,2,"-7,11753704","-34,94951428",SPRF-PB,DEL01-PB,UOP04-DEL01-PB
389783.0,2021-10-15,sexta-feira,09:00:00,PB,230,12,CABEDELO,Reação tardia ou ineficiente do condutor,Engavetamento,Com Vítimas Feridas,Pleno dia,Decrescente,Céu Claro,Dupla,Reta,Sim,4,0,1,0,3,0,1,3,"-7,068","-34,85",SPRF-PB,DEL01-PB,UOP01-DEL01-PB
389871.0,2021-10-15,sexta-feira,17:30:00,PB,230,23,JOAO PESSOA,Velocidade Incompatível,Colisão traseira,Com Vítimas Feridas,Plena Noite,Crescente,Céu Claro,Dupla,Reta,Sim,2,0,1,0,1,0,1,2,"-7,1562","-34,8574",SPRF-PB,DEL01-PB,UOP01-DEL01-PB
389887.0,2021-10-15,sexta-feira,19:00:00,PB,230,21,JOAO PESSOA,Ausência de reação do condutor,Colisão traseira,Com Vítimas Feridas,Plena Noite,Crescente,Céu Claro,Dupla,Reta,Não,2,0,1,0,1,0,1,2,"-7,1415","-34,8519",SPRF-PB,DEL01-PB,UOP01-DEL01-PB
389899.0,2021-10-15,sexta-feira,19:30:00,PB,230,"465,6",SOUSA,Animais na Pista,Atropelamento de Animal,Com Vítimas Feridas,Plena Noite,Crescente,Céu Claro,Simples,Reta,Sim,1,0,0,1,0,0,1,1,"-6,7791","-38,2438",SPRF-PB,DEL03-PB,UOP03-DEL03-PB
390029.0,2021-10-16,sábado,09:20:00,PB,101,88,JOAO PESSOA,Reação tardia ou ineficiente do condutor,Colisão traseira,Com Vítimas Feridas,Pleno dia,Decrescente,Sol,Dupla,Reta,Sim,3,0,1,0,1,1,1,2,"-7,16470016","-34,89993643",SPRF-PB,DEL01-PB,UOP01-DEL01-PB
390041.0,2021-10-16,sábado,10:30:00,PB,101,6,MAMANGUAPE,Ausência de reação do condutor,Colisão com objeto,Com Vítimas Feridas,Pleno dia,Crescente,Céu Claro,Dupla,Curva,Não,2,0,2,0,0,0,2,1,"-6,55395097","-35,12900895",SPRF-PB,DEL01-PB,UOP04-DEL01-PB
390049.0,2021-10-16,sábado,11:20:00,PB,230,9,CABEDELO,Ingestão de álcool pelo condutor,Queda de ocupante de veículo,Com Vítimas Feridas,Pleno dia,Decrescente,Céu Claro,Simples,Reta,Sim,1,0,1,0,0,0,1,1,"-7,0433","-34,8466",SPRF-PB,DEL01-PB,UOP01-DEL01-PB
390083.0,2021-10-16,sábado,15:00:00,PB,104,"129,6",CAMPINA GRANDE,Manobra de mudança de faixa,Colisão traseira,Com Vítimas Feridas,Pleno dia,Crescente,Céu Claro,Simples,Retorno Regulamentado,Sim,2,0,0,1,0,1,1,2,"-7,278455","-35,888919",SPRF-PB,DEL02-PB,UOP03-DEL02-PB
390086.0,2021-10-16,sábado,15:40:00,PB,230,12,CABEDELO,Trafegar com motocicleta (ou similar) entre as faixas,Atropelamento de Pedestre,Com Vítimas Feridas,Pleno dia,Decrescente,Nublado,Dupla,Retorno Regulamentado,Sim,2,0,1,0,1,0,1,2,"-7,068","-34,85",SPRF-PB,DEL01-PB,UOP01-DEL01-PB
390162.0,2021-10-16,sábado,21:10:00,PB,230,"162,5",CAMPINA GRANDE,Transitar na contramão,Colisão transversal,Com Vítimas Feridas,Plena Noite,Decrescente,Vento,Simples,Reta,Sim,2,0,0,1,1,0,1,2,"-7,212406","-35,928871",SPRF-PB,DEL02-PB,UOP01-DEL02-PB
390237.0,2021-10-17,domingo,07:40:00,PB,361,96,PIANCO,Ausência de reação do condutor,Tombamento,Com Vítimas Fatais,Pleno dia,Crescente,Céu Claro,Simples,Declive,Não,1,1,0,0,0,0,0,1,"-7,22650123","-38,02002885",SPRF-PB,DEL03-PB,UOP01-DEL03-PB
390252.0,2021-10-17,domingo,10:50:00,PB,101,"87,9",JOAO PESSOA,Mal súbito do condutor,Tombamento,Com Vítimas Feridas,Pleno dia,Crescente,Céu Claro,Dupla,Reta,Sim,1,0,0,1,0,0,1,1,"-7,15886802","-34,90628504",SPRF-PB,DEL01-PB,UOP01-DEL01-PB
390261.0,2021-10-17,domingo,11:45:00,PB,101,"84,4",BAYEUX,Condutor deixou de manter distância do veículo da frente,Colisão traseira,Com Vítimas Feridas,Pleno dia,Decrescente,Céu Claro,Dupla,Reta,Sim,2,0,1,0,1,0,1,2,"-7,13957906","-34,92312806",SPRF-PB,DEL01-PB,UOP01-DEL01-PB
390287.0,2021-10-17,domingo,15:25:00,PB,230,42,SANTA RITA,Ingestão de álcool pelo condutor,Queda de ocupante de veículo,Com Vítimas Feridas,Pleno dia,Crescente,Céu Claro,Múltipla,Retorno Regulamentado,Sim,2,0,1,0,0,1,1,2,"-7,1426","-34,9956",SPRF-PB,DEL01-PB,UOP03-DEL01-PB
390290.0,2021-10-17,domingo,15:30:00,PB,104,"110,1",LAGOA SECA,Reação tardia ou ineficiente do condutor,Colisão com objeto,Com Vítimas Fatais,Pleno dia,Decrescente,Sol,Simples,Reta;Declive,Não,5,2,0,1,2,0,1,1,"-7,128131","-35,861061",SPRF-PB,DEL02-PB,UOP04-DEL02-PB
390295.0,2021-10-17,domingo,15:30:00,PB,230,"339,2",PATOS,Transitar na contramão,Colisão frontal,Com Vítimas Feridas,Pleno dia,Decrescente,Céu Claro,Simples,Reta,Não,2,0,0,1,1,0,1,2,"-7,0057","-37,2998",SPRF-PB,DEL03-PB,UOP01-DEL03-PB
390317.0,2021-10-17,domingo,13:30:00,PB,230,"471,1",SOUSA,Ultrapassagem Indevida,Colisão lateral sentido oposto,Com Vítimas Feridas,Pleno dia,Decrescente,Sol,Simples,Curva,Não,2,0,0,1,0,1,1,2,"-6,8034","-38,30388",SPRF-PB,DEL03-PB,UOP03-DEL03-PB
390323.0,2021-10-17,domingo,18:50:00,PB,230,"15,3",JOAO PESSOA,Ingestão de álcool pelo condutor,Saída de leito carroçável,Com Vítimas Fatais,Plena Noite,Decrescente,Céu Claro,Dupla,Curva,Sim,2,1,0,1,0,0,1,1,"-7,093","-34,8482",SPRF-PB,DEL01-PB,UOP01-DEL01-PB
390514.0,2021-10-18,segunda-feira,17:00:00,PB,230,"65,9",SOBRADO,Objeto estático sobre o leito carroçável,Queda de ocupante de veículo,Com Vítimas Feridas,Anoitecer,Crescente,Céu Claro,Dupla,Reta,Não,1,0,1,0,0,0,1,1,"-7,1874","-35,1889",SPRF-PB,DEL01-PB,UOP03-DEL01-PB
390591.0,2021-10-19,terça-feira,06:40:00,PB,101,81,BAYEUX,Ausência de reação do condutor,Colisão traseira,Sem Vítimas,Amanhecer,Crescente,Céu Claro,Dupla,Reta,Sim,2,0,0,0,2,0,0,2,"-7,12508575","-34,94513217",SPRF-PB,DEL01-PB,UOP01-DEL01-PB
390596.0,2021-10-19,terça-feira,07:50:00,PB,101,"90,8",JOAO PESSOA,Reação tardia ou ineficiente do condutor,Colisão com objeto,Com Vítimas Feridas,Pleno dia,Crescente,Céu Claro,Dupla,Reta,Sim,2,0,2,0,0,0,2,1,"-7,18826412","-34,90308264",SPRF-PB,DEL01-PB,UOP02-DEL01-PB
390812.0,2021-10-20,quarta-feira,10:00:00,PB,230,"27,8",JOAO PESSOA,Reação tardia ou ineficiente do condutor,Tombamento,Com Vítimas Feridas,Pleno dia,Decrescente,Céu Claro,Dupla,Curva,Sim,2,0,2,0,0,0,2,1,"-7,1651","-34,8941",SPRF-PB,DEL01-PB,UOP01-DEL01-PB
390877.0,2021-10-20,quarta-feira,18:50:00,PB,101,90,JOAO PESSOA,Retorno proibido,Colisão transversal,Com Vítimas Feridas,Plena Noite,Crescente,Céu Claro,Dupla,Reta,Sim,2,0,1,0,0,1,1,2,"-7,179652","-34,900417",SPRF-PB,DEL01-PB,UOP02-DEL01-PB
391158.0,2021-10-22,sexta-feira,10:15:00,PB,230,"16,5",JOAO PESSOA,Manobra de mudança de faixa,Colisão lateral mesmo sentido,Com Vítimas Feridas,Pleno dia,Decrescente,Céu Claro,Dupla,Reta,Sim,3,0,1,0,2,0,1,3,"-7,1127195","-34,84232303",SPRF-PB,DEL01-PB,UOP01-DEL01-PB
391159.0,2021-10-22,sexta-feira,10:19:00,PB,230,"16,6",JOAO PESSOA,Condutor deixou de manter distância do veículo da frente,Colisão traseira,Com Vítimas Feridas,Pleno dia,Crescente,Sol,Dupla,Reta,Sim,3,0,2,0,1,0,2,3,"-7,1039","-34,8458",SPRF-PB,DEL01-PB,UOP01-DEL01-PB
391227.0,2021-10-22,sexta-feira,17:15:00,PB,230,23,JOAO PESSOA,Ausência de reação do condutor,Colisão traseira,Com Vítimas Feridas,Plena Noite,Decrescente,Ignorado,Dupla,Reta,Sim,2,0,1,0,1,0,1,2,"-7,15486482","-34,85614054",SPRF-PB,DEL01-PB,UOP01-DEL01-PB
391305.0,2021-10-22,sexta-feira,23:00:00,PB,230,110,INGA,Reação tardia ou ineficiente do condutor,Saída de leito carroçável,Com Vítimas Feridas,Plena Noite,Crescente,Céu Claro,Dupla,Reta,Não,1,0,1,0,0,0,1,1,"-7,2056","-35,5653",SPRF-PB,DEL01-PB,UOP03-DEL01-PB
391333.0,2021-10-23,sábado,03:10:00,PB,230,"6,7",CABEDELO,Ausência de reação do condutor,Tombamento,Com Vítimas Feridas,Plena Noite,Crescente,Céu Claro,Dupla,Em Obras,Não,1,0,1,0,0,0,1,1,"-7,02462033","-34,83809894",SPRF-PB,DEL01-PB,UOP01-DEL01-PB
391423.0,2021-10-23,sábado,13:40:00,PB,230,"15,1",JOAO PESSOA,Ausência de reação do condutor,Saída de leito carroçável,Com Vítimas Feridas,Pleno dia,Crescente,Céu Claro,Dupla,Reta,Sim,1,0,0,1,0,0,1,1,"-7,10138241","-34,84773159",SPRF-PB,DEL01-PB,UOP01-DEL01-PB
391525.0,2021-10-23,sábado,22:10:00,PB,230,"18,3",JOAO PESSOA,Ausência de reação do condutor,Tombamento,Com Vítimas Feridas,Plena Noite,Decrescente,Céu Claro,Múltipla,Reta;Aclive,Sim,1,0,1,0,0,0,1,1,"-7,12570427","-34,84525859",SPRF-PB,DEL01-PB,UOP01-DEL01-PB
391539.0,2021-10-23,sábado,23:30:00,PB,230,"41,3",SANTA RITA,Velocidade Incompatível,Saída de leito carroçável,Sem Vítimas,Plena Noite,Crescente,Céu Claro,Dupla,Reta,Sim,1,0,0,0,0,1,0,1,"-7,1432","-34,9869",SPRF-PB,DEL01-PB,UOP03-DEL01-PB
391588.0,2021-10-24,domingo,04:20:00,PB,104,"118,6",CAMPINA GRANDE,Condutor Dormindo,Colisão com objeto,Sem Vítimas,Amanhecer,Crescente,Garoa/Chuvisco,Simples,Reta,Não,1,0,0,0,1,0,0,1,"-7,19637839","-35,87571339",SPRF-PB,DEL02-PB,UOP04-DEL02-PB
391592.0,2021-10-24,domingo,05:45:00,PB,230,503,CAJAZEIRAS,Ausência de reação do condutor,Saída de leito carroçável,Com Vítimas Feridas,Pleno dia,Crescente,Céu Claro,Simples,Reta,Não,1,0,0,1,0,0,1,1,"-6,8962","-38,534",SPRF-PB,DEL03-PB,UOP03-DEL03-PB
391686.0,2021-10-24,domingo,17:00:00,PB,101,88,JOAO PESSOA,Ingestão de álcool pelo condutor,Saída de leito carroçável,Sem Vítimas,Anoitecer,Crescente,Céu Claro,Dupla,Reta,Sim,1,0,0,0,1,0,0,1,"-7,16470016","-34,89993643",SPRF-PB,DEL01-PB,UOP01-DEL01-PB
391694.0,2021-10-24,domingo,17:10:00,PB,412,77,SERRA BRANCA,Reação tardia ou ineficiente do condutor,Colisão transversal,Sem Vítimas,Pleno dia,Decrescente,Céu Claro,Simples,Curva,Não,2,0,0,0,2,0,0,2,"-7,49077","-36,672928",SPRF-PB,DEL02-PB,UOP02-DEL02-PB
391695.0,2021-10-24,domingo,16:30:00,PB,412,"113,8",SUME,Acessar a via sem observar a presença dos outros veículos,Colisão transversal,Com Vítimas Fatais,Pleno dia,Decrescente,Sol,Simples,Reta,Não,5,1,3,0,0,1,3,2,"-7,697623","-36,912792",SPRF-PB,DEL02-PB,UOP02-DEL02-PB
391701.0,2021-10-24,domingo,17:30:00,PB,230,15,CABEDELO,Demais falhas na via,Colisão lateral mesmo sentido,Com Vítimas Fatais,Anoitecer,Decrescente,Céu Claro,Dupla,Reta;Aclive,Sim,2,1,0,0,1,0,0,2,"-7,093","-34,8482",SPRF-PB,DEL01-PB,UOP01-DEL01-PB
391766.0,2021-10-24,domingo,21:30:00,PB,230,147,CAMPINA GRANDE,Frear bruscamente,Queda de ocupante de veículo,Com Vítimas Feridas,Plena Noite,Crescente,Céu Claro,Dupla,Reta,Sim,2,0,2,0,0,0,2,1,"-7,2425","-35,8567",SPRF-PB,DEL02-PB,UOP01-DEL02-PB
391829.0,2021-10-25,segunda-feira,07:20:00,PB,230,167,CAMPINA GRANDE,Conversão proibida,Colisão transversal,Com Vítimas Feridas,Pleno dia,Decrescente,Sol,Simples,Reta,Sim,2,0,1,0,1,0,1,2,"-7,195","-35,9619",SPRF-PB,DEL02-PB,UOP02-DEL02-PB
391892.0,2021-10-25,segunda-feira,12:50:00,PB,230,12,CABEDELO,Objeto estático sobre o leito carroçável,Tombamento,Com Vítimas Feridas,Pleno dia,Crescente,Sol,Dupla,Reta,Sim,2,0,2,0,0,0,2,1,"-7,068","-34,85",SPRF-PB,DEL01-PB,UOP01-DEL01-PB
391903.0,2021-10-25,segunda-feira,16:00:00,PB,230,"19,1",JOAO PESSOA,Manobra de mudança de faixa,Colisão lateral mesmo sentido,Com Vítimas Feridas,Pleno dia,Decrescente,Céu Claro,Dupla,Reta,Sim,2,0,1,0,0,1,1,2,"-7,1281","-34,8466",SPRF-PB,DEL01-PB,UOP01-DEL01-PB
391922.0,2021-10-25,segunda-feira,17:45:00,PB,230,23,JOAO PESSOA,Trafegar com motocicleta (ou similar) entre as faixas,Colisão lateral mesmo sentido,Sem Vítimas,Anoitecer,Decrescente,Céu Claro,Dupla,Reta,Sim,2,0,0,0,1,1,0,2,"-7,1562","-34,8574",SPRF-PB,DEL01-PB,UOP01-DEL01-PB
391935.0,2021-10-25,segunda-feira,18:40:00,PB,230,153,CAMPINA GRANDE,Acessar a via sem observar a presença dos outros veículos,Colisão transversal,Com Vítimas Feridas,Plena Noite,Decrescente,Céu Claro,Simples,Rotatória;Interseção de Vias,Sim,2,0,0,1,1,0,1,2,"-7,27576992","-35,88830944",SPRF-PB,DEL02-PB,UOP01-DEL02-PB
392069.0,2021-10-26,terça-feira,14:40:00,PB,230,38,SANTA RITA,Reação tardia ou ineficiente do condutor,Colisão com objeto,Com Vítimas Feridas,Pleno dia,Decrescente,Céu Claro,Simples,Reta,Sim,2,0,0,2,0,0,2,1,"-7,1341","-34,962",SPRF-PB,DEL01-PB,UOP03-DEL01-PB
392098.0,2021-10-10,domingo,06:30:00,PB,230,21,JOAO PESSOA,Avarias e/ou desgaste excessivo no pneu,Tombamento,Com Vítimas Feridas,Pleno dia,Decrescente,Céu Claro,Dupla,Reta,Não,2,0,1,1,0,0,2,1,"-7,1415","-34,8519",SPRF-PB,DEL01-PB,UOP01-DEL01-PB
392106.0,2021-10-26,terça-feira,19:30:00,PB,230,"35,8",SANTA RITA,Pista Escorregadia,Tombamento,Com Vítimas Feridas,Plena Noite,Crescente,Céu Claro,Dupla,Curva;Aclive,Sim,1,0,1,0,0,0,1,1,"-7,1268","-34,9412",SPRF-PB,DEL01-PB,UOP03-DEL01-PB