id,data_inversa,dia_semana,horario,uf,br,km,municipio,causa_acidente,tipo_acidente,classificacao_acidente,fase_dia,sentido_via,condicao_metereologica,tipo_pista,tracado_via,uso_solo,pessoas,mortos,feridos_leves,feridos_graves,ilesos,ignorados,feridos,veiculos,latitude,longitude,regional,delegacia,uop
392146.0,2021-10-26,terça-feira,17:40:00,PB,230,"120,5",RIACHAO DO BACAMARTE,Animais na Pista,Atropelamento de Animal,Com Vítimas Feridas,Plena Noite,Crescente,Céu Claro,Dupla,Reta,Não,3,0,0,1,2,0,1,1,"-7,245683","-35,652382",SPRF-PB,DEL02-PB,UOP01-DEL02-PB
392164.0,2021-09-29,quarta-feira,12:22:00,PB,104,"137,3",QUEIMADAS,Acessar a via sem observar a presença dos outros veículos,Colisão transversal,Com Vítimas Feridas,Pleno dia,Decrescente,Céu Claro,Simples,Reta,Não,3,0,0,1,2,0,1,2,"-7,352277","-35,90094",SPRF-PB,DEL02-PB,UOP03-DEL02-PB
392193.0,2021-10-27,quarta-feira,10:20:00,PB,230,15,JOAO PESSOA,Condutor deixou de manter distância do veículo da frente,Colisão traseira,Com Vítimas Feridas,Pleno dia,Crescente,Céu Claro,Dupla,Viaduto,Sim,2,0,1,0,0,1,1,2,"-7,093","-34,8482",SPRF-PB,DEL01-PB,UOP01-DEL01-PB
392255.0,2021-10-27,quarta-feira,16:45:00,PB,230,"40,3",SANTA RITA,Reação tardia ou ineficiente do condutor,Colisão traseira,Sem Vítimas,Pleno dia,Crescente,Céu Claro,Dupla,Aclive;Reta,Não,2,0,0,0,1,1,0,2,"-7,14219763","-34,98132169",SPRF-PB,DEL01-PB,UOP03-DEL01-PB
392258.0,2021-10-27,quarta-feira,17:00:00,PB,230,"151,8",CAMPINA GRANDE,Demais falhas mecânicas ou elétricas,Tombamento,Com Vítimas Feridas,Pleno dia,Crescente,Céu Claro,Simples,Reta,Sim,2,0,2,0,0,0,2,1,"-7,2587","-35,8778",SPRF-PB,DEL02-PB,UOP01-DEL02-PB
392259.0,2021-10-27,quarta-feira,10:30:00,PB,230,"437,5",SAO DOMINGOS,Pedestre andava na pista,Atropelamento de Pedestre,Com Vítimas Fatais,Pleno dia,Decrescente,Céu Claro,Simples,Reta,Não,2,1,0,0,1,0,0,2,"-6,7571","-38,0011",SPRF-PB,DEL03-PB,UOP02-DEL03-PB
392380.0,2021-10-28,quinta-feira,07:40:00,PB,104,"139,7",QUEIMADAS,Desrespeitar a preferência no cruzamento,Colisão transversal,Com Vítimas Feridas,Pleno dia,Crescente,Céu Claro,Simples,Interseção de Vias,Sim,2,0,0,1,1,0,1,2,"-7,36948311","-35,89979635",SPRF-PB,DEL02-PB,UOP03-DEL02-PB
392512.0,2021-10-28,quinta-feira,21:20:00,PB,230,263,JUNCO DO SERIDO,Frear bruscamente,Saída de leito carroçável,Com Vítimas Feridas,Plena Noite,Crescente,Céu Claro,Simples,Reta,Sim,1,0,0,1,0,0,1,1,"-6,984","-36,7279",SPRF-PB,DEL03-PB,UOP01-DEL03-PB
392542.0,2021-10-29,sexta-feira,06:50:00,PB,101,84,BAYEUX,Ausência de reação do condutor,Engavetamento,Sem Vítimas,Pleno dia,Decrescente,Sol,Dupla,Reta,Sim,4,0,0,0,3,1,0,4,"-7,13947413","-34,92313385",SPRF-PB,DEL01-PB,UOP01-DEL01-PB
392547.0,2021-10-29,sexta-feira,07:00:00,PB,230,19,JOAO PESSOA,Velocidade Incompatível,Tombamento,Com Vítimas Feridas,Pleno dia,Decrescente,Céu Claro,Dupla,Declive;Curva,Sim,2,0,1,1,0,0,2,1,"-7,1281","-34,8466",SPRF-PB,DEL01-PB,UOP01-DEL01-PB
392585.0,2021-10-29,sexta-feira,10:00:00,PB,361,0,PATOS,Acessar a via sem observar a presença dos outros veículos,Colisão transversal,Com Vítimas Feridas,Pleno dia,Decrescente,Sol,Simples,Reta,Sim,2,0,1,1,0,0,2,2,"-7,0185995","-37,26078",SPRF-PB,DEL03-PB,UOP01-DEL03-PB
392599.0,2021-10-29,sexta-feira,12:20:00,PB,230,"20,4",JOAO PESSOA,Demais falhas mecânicas ou elétricas,Tombamento,Com Vítimas Feridas,Pleno dia,Crescente,Nublado,Dupla,Reta,Sim,2,0,1,1,0,0,2,1,"-7,1415","-34,8519",SPRF-PB,DEL01-PB,UOP01-DEL01-PB
392631.0,2021-10-29,sexta-feira,15:00:00,PB,230,22,JOAO PESSOA,Condutor deixou de manter distância do veículo da frente,Colisão traseira,Com Vítimas Feridas,Pleno dia,Decrescente,Céu Claro,Dupla,Reta,Sim,2,0,0,1,1,0,1,2,"-7,1495","-34,8517",SPRF-PB,DEL01-PB,UOP01-DEL01-PB
392636.0,2021-10-29,sexta-feira,16:00:00,PB,230,45,SANTA RITA,Acessar a via sem observar a presença dos outros veículos,Colisão transversal,Com Vítimas Feridas,Anoitecer,Crescente,Céu Claro,Dupla,Reta,Não,3,0,3,0,0,0,3,2,"-7,1583","-35,0176",SPRF-PB,DEL01-PB,UOP03-DEL01-PB
392824.0,2021-10-12,terça-feira,17:30:00,PB,104,"107,8",SAO SEBASTIAO DE LAGOA DE  ROCA,Desrespeitar a preferência no cruzamento,Colisão transversal,Com Vítimas Feridas,Anoitecer,Crescente,Ignorado,Simples,Interseção de Vias;Reta,Sim,2,0,0,1,1,0,1,2,"-7,108794","-35,868103",SPRF-PB,DEL02-PB,UOP04-DEL02-PB
392934.0,2021-10-30,sábado,20:40:00,PB,230,7,CABEDELO,Ausência de reação do condutor,Colisão com objeto,Com Vítimas Feridas,Plena Noite,Crescente,Céu Claro,Dupla,Em Obras,Sim,1,0,1,0,0,0,1,1,"-7,0246997","-34,83805418",SPRF-PB,DEL01-PB,UOP01-DEL01-PB
392939.0,2021-10-30,sábado,21:00:00,PB,230,"50,5",SANTA RITA,Ausência de reação do condutor,Saída de leito carroçável,Com Vítimas Feridas,Plena Noite,Decrescente,Céu Claro,Dupla,Reta,Não,1,0,1,0,0,0,1,1,"-7,1897","-35,0615",SPRF-PB,DEL01-PB,UOP03-DEL01-PB
392999.0,2021-10-31,domingo,00:00:00,PB,230,"55,6",CRUZ DO ESPIRITO SANTO,Ingestão de álcool pelo condutor,Saída de leito carroçável,Sem Vítimas,Plena Noite,Crescente,Céu Claro,Dupla,Reta,Não,1,0,0,0,1,0,0,1,"-7,2014","-35,0943",SPRF-PB,DEL01-PB,UOP03-DEL01-PB
393030.0,2021-10-31,domingo,06:00:00,PB,230,"361,5",MALTA,Ingestão de álcool pelo condutor,Saída de leito carroçável,Com Vítimas Feridas,Pleno dia,Decrescente,Céu Claro,Simples,Reta,Não,1,0,1,0,0,0,1,1,"-6,9166","-37,4712",SPRF-PB,DEL03-PB,UOP02-DEL03-PB
393035.0,2021-10-31,domingo,04:00:00,PB,104,"129,6",CAMPINA GRANDE,Ausência de reação do condutor,Saída de leito carroçável,Sem Vítimas,Amanhecer,Decrescente,Céu Claro,Simples,Rotatória,Sim,1,0,0,0,0,1,0,1,"-7,278152","-35,888567",SPRF-PB,DEL02-PB,UOP03-DEL02-PB
393080.0,2021-10-31,domingo,10:30:00,PB,230,350,PATOS,Ausência de reação do condutor,Colisão traseira,Com Vítimas Feridas,Pleno dia,Decrescente,Céu Claro,Simples,Reta,Sim,2,0,2,0,0,0,2,2,"-6,9504","-37,3885",SPRF-PB,DEL03-PB,UOP01-DEL03-PB
393104.0,2021-10-31,domingo,15:00:00,PB,230,15,CABEDELO,Acumulo de areia ou detritos sobre o pavimento,Tombamento,Com Vítimas Feridas,Pleno dia,Crescente,Sol,Dupla,Aclive,Sim,1,0,0,1,0,0,1,1,"-7,10199991","-34,84749556",SPRF-PB,DEL01-PB,UOP01-DEL01-PB
393335.0,2021-11-01,segunda-feira,17:35:00,PB,230,27,JOAO PESSOA,Condutor deixou de manter distância do veículo da frente,Colisão traseira,Sem Vítimas,Anoitecer,Crescente,Nublado,Dupla,Reta,Sim,2,0,0,0,2,0,0,2,"-7,1677","-34,8855",SPRF-PB,DEL01-PB,UOP01-DEL01-PB
393363.0,2021-11-01,segunda-feira,17:15:00,PB,230,423,POMBAL,Ausência de reação do condutor,Saída de leito carroçável,Com Vítimas Feridas,Pleno dia,Decrescente,Sol,Simples,Curva,Não,5,0,1,4,0,0,5,1,"-6,7285","-37,8799",SPRF-PB,DEL03-PB,UOP02-DEL03-PB
393446.0,2021-11-02,terça-feira,09:45:00,PB,230,"20,2",JOAO PESSOA,Velocidade Incompatível,Colisão com objeto,Com Vítimas Feridas,Pleno dia,Decrescente,Céu Claro,Dupla,Reta,Sim,3,0,1,1,1,0,2,3,"-7,1337","-34,8544",SPRF-PB,DEL01-PB,UOP01-DEL01-PB
393524.0,2021-11-02,terça-feira,19:09:00,PB,230,311,SAO MAMEDE,Ausência de reação do condutor,Colisão traseira,Com Vítimas Feridas,Plena Noite,Decrescente,Céu Claro,Simples,Reta,Não,3,0,2,0,0,1,2,2,"-6,9286","-37,0745",SPRF-PB,DEL03-PB,UOP01-DEL03-PB
393590.0,2021-11-03,quarta-feira,07:30:00,PB,101,"81,9",BAYEUX,Ausência de reação do condutor,Atropelamento de Pedestre,Com Vítimas Feridas,Pleno dia,Crescente,Céu Claro,Dupla,Reta,Sim,2,0,1,1,0,0,2,2,"-7,12954163","-34,93641615",SPRF-PB,DEL01-PB,UOP01-DEL01-PB
393595.0,2021-11-03,quarta-feira,06:40:00,PB,101,"42,7",MAMANGUAPE,Mal súbito do condutor,Colisão com objeto,Com Vítimas Feridas,Pleno dia,Decrescente,Céu Claro,Dupla,Declive,Não,1,0,1,0,0,0,1,1,"-6,862302","-35,13341",SPRF-PB,DEL01-PB,UOP04-DEL01-PB
393603.0,2021-11-03,quarta-feira,08:15:00,PB,104,"119,1",CAMPINA GRANDE,Condutor Dormindo,Colisão lateral sentido oposto,Com Vítimas Feridas,Pleno dia,Decrescente,Sol,Simples,Reta,Não,4,0,2,0,2,0,2,4,"-7,20325615","-35,8752172",SPRF-PB,DEL02-PB,UOP04-DEL02-PB
393604.0,2021-11-03,quarta-feira,07:52:00,PB,230,"147,9",CAMPINA GRANDE,Acumulo de óleo sobre o pavimento,Tombamento,Com Vítimas Feridas,Pleno dia,Crescente,Sol,Dupla,Rotatória,Sim,1,0,1,0,0,0,1,1,"-7,236463","-35,867748",SPRF-PB,DEL02-PB,UOP01-DEL02-PB
393670.0,2021-11-03,quarta-feira,14:50:00,PB,230,292,SANTA LUZIA,Ausência de reação do condutor,Atropelamento de Animal,Com Vítimas Feridas,Pleno dia,Crescente,Céu Claro,Simples,Curva,Sim,1,0,0,1,0,0,1,1,"-6,86603446","-36,91841841",SPRF-PB,DEL03-PB,UOP01-DEL03-PB
393671.0,2021-11-03,quarta-feira,13:52:00,PB,230,16,JOAO PESSOA,Reação tardia ou ineficiente do condutor,Engavetamento,Com Vítimas Feridas,Pleno dia,Decrescente,Sol,Dupla,Reta,Sim,8,0,1,0,5,2,1,5,"-7,1039","-34,8458",SPRF-PB,DEL01-PB,UOP01-DEL01-PB
393689.0,2021-10-31,domingo,19:00:00,PB,101,89,JOAO PESSOA,Manobra de mudança de faixa,Colisão lateral mesmo sentido,Com Vítimas Feridas,Plena Noite,Decrescente,Céu Claro,Dupla,Retorno Regulamentado,Sim,3,0,2,0,1,0,2,2,"-7,1710694","-34,89765372",SPRF-PB,DEL01-PB,UOP02-DEL01-PB
393728.0,2021-11-03,quarta-feira,19:50:00,PB,230,"1,9",CABEDELO,Acessar a via sem observar a presença dos outros veículos,Colisão traseira,Com Vítimas Feridas,Plena Noite,Decrescente,Nublado,Simples,Reta,Sim,2,0,0,2,0,0,2,2,"-6,98302039","-34,82955694",SPRF-PB,DEL01-PB,UOP01-DEL01-PB
393753.0,2021-10-23,sábado,15:10:00,PB,101,88,JOAO PESSOA,Ausência de reação do condutor,Colisão traseira,Com Vítimas Feridas,Pleno dia,Crescente,Céu Claro,Dupla,Reta,Não,4,0,2,0,1,1,2,2,"-7,16511878","-34,89944458",SPRF-PB,DEL01-PB,UOP01-DEL01-PB
393928.0,2021-11-05,sexta-feira,07:30:00,PB,101,"83,5",BAYEUX,Manobra de mudança de faixa,Tombamento,Com Vítimas Feridas,Pleno dia,Crescente,Céu Claro,Dupla,Reta,Não,1,0,1,0,0,0,1,1,"-7,1337703","-34,92963914",SPRF-PB,DEL01-PB,UOP01-DEL01-PB
393944.0,2021-11-05,sexta-feira,09:05:00,PB,230,"23,1",JOAO PESSOA,Trafegar com motocicleta (ou similar) entre as faixas,Colisão lateral mesmo sentido,Com Vítimas Feridas,Pleno dia,Decrescente,Sol,Dupla,Reta,Sim,3,0,2,0,1,0,2,2,"-7,1562","-34,8574",SPRF-PB,DEL01-PB,UOP01-DEL01-PB
394006.0,2021-11-05,sexta-feira,16:30:00,PB,230,25,JOAO PESSOA,Ausência de reação do condutor,Colisão traseira,Sem Vítimas,Pleno dia,Crescente,Céu Claro,Dupla,Curva,Sim,2,0,0,0,2,0,0,2,"-7,1707","-34,8684",SPRF-PB,DEL01-PB,UOP01-DEL01-PB
394131.0,2021-11-06,sábado,07:15:00,PB,101,"75,1",SANTA RITA,Manobra de mudança de faixa,Colisão traseira,Com Vítimas Feridas,Pleno dia,Crescente,Céu Claro,Múltipla,Reta,Sim,3,0,2,0,1,0,2,2,"-7,08342296","-34,97202399",SPRF-PB,DEL01-PB,UOP04-DEL01-PB
394350.0,2021-11-07,domingo,08:00:00,PB,412,"61,4",SAO JOAO DO CARIRI,Ingestão de álcool pelo condutor,Colisão com objeto,Com Vítimas Fatais,Pleno dia,Decrescente,Sol,Simples,Reta;Aclive,Não,1,1,0,0,0,0,0,1,"-7,420721","-36,556335",SPRF-PB,DEL02-PB,UOP02-DEL02-PB
394390.0,2021-11-07,domingo,14:30:00,PB,101,90,JOAO PESSOA,Ingestão de álcool pelo condutor,Colisão transversal,Com Vítimas Feridas,Pleno dia,Crescente,Céu Claro,Dupla,Retorno Regulamentado;Reta,Sim,3,0,1,0,2,0,1,2,"-7,1710694","-34,89765372",SPRF-PB,DEL01-PB,UOP02-DEL01-PB
394412.0,2021-11-07,domingo,16:48:00,PB,230,"11,2",CABEDELO,Manobra de mudança de faixa,Colisão lateral mesmo sentido,Sem Vítimas,Pleno dia,Crescente,Céu Claro,Dupla,Retorno Regulamentado;Reta,Sim,2,0,0,0,2,0,0,2,"-7,0596","-34,8506",SPRF-PB,DEL01-PB,UOP01-DEL01-PB
394429.0,2021-11-07,domingo,18:00:00,PB,230,"27,7",JOAO PESSOA,Manobra de mudança de faixa,Colisão lateral mesmo sentido,Com Vítimas Feridas,Anoitecer,Crescente,Céu Claro,Dupla,Viaduto,Sim,4,0,2,0,1,1,2,3,"-7,17002613","-34,93307054",SPRF-PB,DEL01-PB,UOP01-DEL01-PB
394445.0,2021-11-07,domingo,19:00:00,PB,230,20,JOAO PESSOA,Condutor deixou de manter distância do veículo da frente,Colisão traseira,Com Vítimas Feridas,Plena Noite,Decrescente,Céu Claro,Dupla,Reta,Sim,3,0,1,1,0,1,2,2,"-7,14102","-34,851889",SPRF-PB,DEL01-PB,UOP01-DEL01-PB
394503.0,2021-11-08,segunda-feira,04:00:00,PB,230,334,PATOS,Acessar a via sem observar a presença dos outros veículos,Atropelamento de Pedestre,Com Vítimas Fatais,Amanhecer,Decrescente,Céu Claro,Simples,Reta,Não,2,1,0,0,0,1,0,2,"-7,018","-37,2589",SPRF-PB,DEL03-PB,UOP01-DEL03-PB
394522.0,2021-11-08,segunda-feira,06:40:00,PB,230,334,PATOS,Reação tardia ou ineficiente do condutor,Colisão transversal,Com Vítimas Feridas,Pleno dia,Decrescente,Céu Claro,Simples,Declive,Sim,8,0,1,0,7,0,1,2,"-7,018","-37,2589",SPRF-PB,DEL03-PB,UOP01-DEL03-PB
394544.0,2021-11-08,segunda-feira,09:00:00,PB,230,333,PATOS,Acessar a via sem observar a presença dos outros veículos,Colisão lateral mesmo sentido,Com Vítimas Feridas,Pleno dia,Crescente,Sol,Simples,Reta,Sim,2,0,0,1,1,0,1,2,"-7,0193","-37,2493",SPRF-PB,DEL03-PB,UOP01-DEL03-PB
394561.0,2021-11-08,segunda-feira,11:30:00,PB,230,34,BAYEUX,Reação tardia ou ineficiente do condutor,Tombamento,Com Vítimas Feridas,Pleno dia,Crescente,Céu Claro,Simples,Interseção de Vias;Reta;Aclive,Sim,2,0,2,0,0,0,2,1,"-7,12508575","-34,94513217",SPRF-PB,DEL01-PB,UOP01-DEL01-PB
394563.0,2021-11-08,segunda-feira,11:10:00,PB,230,"131,7",MASSARANDUBA,Manobra de mudança de faixa,Colisão lateral mesmo sentido,Com Vítimas Feridas,Pleno dia,Crescente,Céu Claro,Dupla,Reta,Não,2,0,0,1,1,0,1,2,"-7,2746","-35,7269",SPRF-PB,DEL02-PB,UOP01-DEL02-PB
394647.0,2021-11-08,segunda-feira,19:10:00,PB,230,16,JOAO PESSOA,Manobra de mudança de faixa,Colisão lateral mesmo sentido,Com Vítimas Feridas,Plena Noite,Crescente,Céu Claro,Dupla,Reta,Sim,3,0,1,0,2,0,1,2,"-7,10768334","-34,8437351",SPRF-PB,DEL01-PB,UOP01-DEL01-PB
394649.0,2021-10-27,quarta-feira,07:45:00,PB,230,"216,6",SOLEDADE,Acessar a via sem observar a presença dos outros veículos,Colisão transversal,Com Vítimas Feridas,Pleno dia,Crescente,Céu Claro,Simples,Interseção de Vias,Sim,3,0,2,0,1,0,2,2,"-7,05711199","-36,36680603",SPRF-PB,DEL02-PB,UOP02-DEL02-PB
394661.0,2021-11-08,segunda-feira,19:00:00,PB,101,"83,5",BAYEUX,Reação tardia ou ineficiente do condutor,Colisão com objeto,Sem Vítimas,Plena Noite,Crescente,Céu Claro,Dupla,Reta,Sim,1,0,0,0,0,1,0,1,"-7,1337703","-34,92963914",SPRF-PB,DEL01-PB,UOP01-DEL01-PB
394696.0,2021-11-08,segunda-feira,21:20:00,PB,230,"501,9",CAJAZEIRAS,Transitar na contramão,Colisão lateral sentido oposto,Sem Vítimas,Plena Noite,Decrescente,Céu Claro,Simples,Reta,Sim,3,0,0,0,3,0,0,2,"-6,899","-38,5159",SPRF-PB,DEL03-PB,UOP03-DEL03-PB
394715.0,2021-11-09,terça-feira,06:15:00,PB,230,"41,4",SANTA RITA,Velocidade Incompatível,Saída de leito carroçável,Com Vítimas Feridas,Amanhecer,Decrescente,Céu Claro,Dupla,Curva,Não,4,0,3,1,0,0,4,1,"-7,14214618","-34,99440551",SPRF-PB,DEL01-PB,UOP03-DEL01-PB
394764.0,2021-10-09,sábado,04:00:00,PB,101,88,JOAO PESSOA,Reação tardia ou ineficiente do condutor,Saída de leito carroçável,Sem Vítimas,Amanhecer,Decrescente,Céu Claro,Dupla,Reta,Sim,2,0,0,0,2,0,0,1,"-7,16470016","-34,89993643",SPRF-PB,DEL01-PB,UOP01-DEL01-PB
394790.0,2021-11-09,terça-feira,16:00:00,PB,230,21,JOAO PESSOA,Ausência de reação do condutor,Tombamento,Com Vítimas Feridas,Pleno dia,Crescente,Céu Claro,Dupla,Reta,Não,1,0,0,1,0,0,1,1,"-7,1415","-34,8519",SPRF-PB,DEL01-PB,UOP01-DEL01-PB
394838.0,2021-10-13,quarta-feira,21:40:00,PB,230,36,SANTA RITA,Acumulo de óleo sobre o pavimento,Engavetamento,Com Vítimas Feridas,Plena Noite,Crescente,Céu Claro,Dupla,Reta,Não,3,0,1,0,2,0,1,3,"-7,1246","-34,9473",SPRF-PB,DEL01-PB,UOP03-DEL01-PB
394893.0,2021-11-10,quarta-feira,08:30:00,PB,230,"20,1",JOAO PESSOA,Reação tardia ou ineficiente do condutor,Colisão traseira,Com Vítimas Feridas,Pleno dia,Decrescente,Céu Claro,Dupla,Declive;Curva;Rotatória,Sim,2,0,2,0,0,0,2,1,"-7,13703982","-34,85404015",SPRF-PB,DEL01-PB,UOP01-DEL01-PB
394897.0,2021-11-10,quarta-feira,09:00:00,PB,230,20,JOAO PESSOA,Condutor deixou de manter distância do veículo da frente,Colisão traseira,Com Vítimas Feridas,Pleno dia,Decrescente,Céu Claro,Dupla,Reta,Sim,2,0,0,1,1,0,1,2,"-7,1337","-34,8544",SPRF-PB,DEL01-PB,UOP01-DEL01-PB
394966.0,2021-11-10,quarta-feira,17:10:00,PB,101,42,MAMANGUAPE,Velocidade Incompatível,Capotamento,Com Vítimas Feridas,Anoitecer,Crescente,Céu Claro,Dupla,Reta,Não,2,0,2,0,0,0,2,1,"-6,856615","-35,13444297",SPRF-PB,DEL01-PB,UOP04-DEL01-PB
394967.0,2021-11-10,quarta-feira,13:20:00,PB,104,108,SAO SEBASTIAO DE LAGOA DE  ROCA,Condutor deixou de manter distância do veículo da frente,Colisão traseira,Sem Vítimas,Pleno dia,Crescente,Céu Claro,Simples,Declive,Não,1,0,0,0,1,0,0,1,"-7,11161678","-35,86768356",SPRF-PB,DEL02-PB,UOP04-DEL02-PB
395023.0,2021-11-10,quarta-feira,22:30:00,PB,230,"506,4",CAJAZEIRAS,Animais na Pista,Atropelamento de Animal,Sem Vítimas,Plena Noite,Decrescente,Nublado,Simples,Reta,Não,1,0,0,0,1,0,0,1,"-6,9008","-38,5559",SPRF-PB,DEL03-PB,UOP03-DEL03-PB
395037.0,2021-11-11,quinta-feira,01:45:00,PB,101,"81,7",BAYEUX,Reação tardia ou ineficiente do condutor,Colisão com objeto,Sem Vítimas,Plena Noite,Decrescente,Nublado,Dupla,Reta,Sim,2,0,0,0,1,1,0,2,"-7,12776243","-34,93962284",SPRF-PB,DEL01-PB,UOP01-DEL01-PB
395055.0,2021-11-11,quinta-feira,05:50:00,PB,101,81,BAYEUX,Manobra de mudança de faixa,Colisão lateral mesmo sentido,Com Vítimas Feridas,Pleno dia,Crescente,Nublado,Dupla,Reta,Sim,3,0,2,0,0,1,2,2,"-7,12508575","-34,94513217",SPRF-PB,DEL01-PB,UOP01-DEL01-PB
395056.0,2021-11-11,quinta-feira,06:40:00,PB,230,454,SOUSA,Ultrapassagem Indevida,Tombamento,Com Vítimas Feridas,Pleno dia,Crescente,Sol,Simples,Reta,Não,1,0,0,1,0,0,1,1,"-6,7819","-38,1457",SPRF-PB,DEL03-PB,UOP03-DEL03-PB
395057.0,2021-11-11,quinta-feira,06:30:00,PB,101,"86,3",JOAO PESSOA,Ausência de reação do condutor,Tombamento,Com Vítimas Feridas,Pleno dia,Crescente,Sol,Dupla,Reta,Sim,2,0,2,0,0,0,2,2,"-7,15118983","-34,91012184",SPRF-PB,DEL01-PB,UOP01-DEL01-PB
395212.0,2021-11-11,quinta-feira,21:25:00,PB,104,"154,5",QUEIMADAS,Manobra de mudança de faixa,Colisão frontal,Com Vítimas Fatais,Plena Noite,Decrescente,Céu Claro,Simples,Reta,Sim,3,1,0,2,0,0,2,2,"-7,48615789","-35,94353813",SPRF-PB,DEL02-PB,UOP03-DEL02-PB
395319.0,2021-11-12,sexta-feira,13:00:00,PB,230,20,JOAO PESSOA,Condutor deixou de manter distância do veículo da frente,Colisão traseira,Com Vítimas Feridas,Pleno dia,Crescente,Céu Claro,Múltipla,Reta,Sim,1,0,1,0,0,0,1,1,"-7,1337","-34,8544",SPRF-PB,DEL01-PB,UOP01-DEL01-PB
395321.0,2021-11-12,sexta-feira,12:30:00,PB,230,275,SANTA LUZIA,Demais falhas mecânicas ou elétricas,Incêndio,Sem Vítimas,Pleno dia,Crescente,Céu Claro,Simples,Curva;Declive,Não,1,0,0,0,1,0,0,1,"-6,954","-36,8259",SPRF-PB,DEL03-PB,UOP01-DEL03-PB
395345.0,2021-11-12,sexta-feira,15:50:00,PB,101,84,JOAO PESSOA,Ingestão de álcool pelo condutor,Colisão traseira,Sem Vítimas,Pleno dia,Crescente,Céu Claro,Dupla,Reta,Sim,4,0,0,0,4,0,0,4,"-7,13957906","-34,92312806",SPRF-PB,DEL01-PB,UOP01-DEL01-PB
395351.0,2021-11-12,sexta-feira,16:30:00,PB,230,20,JOAO PESSOA,Condutor deixou de manter distância do veículo da frente,Colisão traseira,Com Vítimas Feridas,Pleno dia,Decrescente,Céu Claro,Dupla,Reta,Sim,2,0,1,0,1,0,1,2,"-7,1337","-34,8544",SPRF-PB,DEL01-PB,UOP01-DEL01-PB
395589.0,2021-11-13,sábado,14:20:00,PB,104,135,QUEIMADAS,Ingestão de álcool pelo condutor,Colisão com objeto,Com Vítimas Feridas,Pleno dia,Decrescente,Céu Claro,Simples,Reta,Não,1,0,0,1,0,0,1,1,"-7,33449509","-35,89813347",SPRF-PB,DEL02-PB,UOP03-DEL02-PB
395781.0,2021-11-14,domingo,11:00:00,PB,101,"44,5",MAMANGUAPE,Reação tardia ou ineficiente do condutor,Colisão com objeto,Com Vítimas Feridas,Pleno dia,Crescente,Céu Claro,Dupla,Reta,Não,2,0,2,0,0,0,2,1,"-6,87451305","-35,13232736",SPRF-PB,DEL01-PB,UOP04-DEL01-PB
395864.0,2021-11-14,domingo,20:40:00,PB,230,"3,8",CABEDELO,Acessar a via sem observar a presença dos outros veículos,Colisão transversal,Com Vítimas Fatais,Plena Noite,Crescente,Céu Claro,Dupla,Reta,Sim,4,1,0,1,0,2,1,2,"-6,9915","-34,8287",SPRF-PB,DEL01-PB,UOP01-DEL01-PB
395868.0,2021-11-14,domingo,20:40:00,PB,230,22,JOAO PESSOA,Manobra de mudança de faixa,Queda de ocupante de veículo,Com Vítimas Feridas,Plena Noite,Crescente,Céu Claro,Dupla,Reta,Sim,2,0,1,1,0,0,2,1,"-7,1495","-34,8517",SPRF-PB,DEL01-PB,UOP01-DEL01-PB
395915.0,2021-11-15,segunda-feira,02:05:00,PB,230,123,RIACHAO DO BACAMARTE,Animais na Pista,Atropelamento de Animal,Sem Vítimas,Plena Noite,Crescente,Céu Claro,Simples,Reta,Não,1,0,0,0,1,0,0,1,"-7,2478","-35,6672",SPRF-PB,DEL02-PB,UOP01-DEL02-PB
396021.0,2021-11-15,segunda-feira,15:55:00,PB,230,34,BAYEUX,Ausência de reação do condutor,Queda de ocupante de veículo,Com Vítimas Feridas,Pleno dia,Crescente,Céu Claro,Dupla,Reta,Sim,1,0,1,0,0,0,1,1,"-7,131","-34,9332",SPRF-PB,DEL01-PB,UOP01-DEL01-PB
396051.0,2021-11-15,segunda-feira,18:00:00,PB,412,"144,1",MONTEIRO,Ingestão de álcool pelo condutor,Colisão transversal,Com Vítimas Feridas,Anoitecer,Crescente,Céu Claro,Simples,Reta,Sim,5,0,1,2,2,0,3,2,"-7,891878","-37,111336",SPRF-PB,DEL02-PB,UOP02-DEL02-PB
396068.0,2021-11-15,segunda-feira,17:50:00,PB,230,"160,7",CAMPINA GRANDE,Reação tardia ou ineficiente do condutor,Saída de leito carroçável,Com Vítimas Feridas,Anoitecer,Crescente,Nublado,Simples,Reta,Sim,1,0,1,0,0,0,1,1,"-7,2436","-35,9375",SPRF-PB,DEL02-PB,UOP01-DEL02-PB
396133.0,2021-11-16,terça-feira,07:00:00,PB,101,82,BAYEUX,Condutor deixou de manter distância do veículo da frente,Colisão traseira,Com Vítimas Feridas,Pleno dia,Crescente,Sol,Dupla,Reta,Sim,3,0,2,0,1,0,2,2,"-7,12911","-34,93714",SPRF-PB,DEL01-PB,UOP01-DEL01-PB
396194.0,2021-11-16,terça-feira,12:15:00,PB,230,"140,1",CAMPINA GRANDE,Demais falhas mecânicas ou elétricas,Tombamento,Com Vítimas Feridas,Pleno dia,Crescente,Céu Claro,Simples,Declive;Reta,Não,2,0,2,0,0,0,2,1,"-7,263627","-35,802984",SPRF-PB,DEL02-PB,UOP01-DEL02-PB