id,data_inversa,dia_semana,horario,uf,br,km,municipio,causa_acidente,tipo_acidente,classificacao_acidente,fase_dia,sentido_via,condicao_metereologica,tipo_pista,tracado_via,uso_solo,pessoas,mortos,feridos_leves,feridos_graves,ilesos,ignorados,feridos,veiculos,latitude,longitude,regional,delegacia,uop
396281.0,2021-11-16,terça-feira,21:30:00,PB,230,40,SANTA RITA,Reação tardia ou ineficiente do condutor,Queda de ocupante de veículo,Com Vítimas Feridas,Plena Noite,Crescente,Céu Claro,Dupla,Aclive,Não,1,0,1,0,0,0,1,1,"-7,1381","-34,9707",SPRF-PB,DEL01-PB,UOP03-DEL01-PB
396302.0,2021-11-17,quarta-feira,00:20:00,PB,361,"6,5",PATOS,Animais na Pista,Queda de ocupante de veículo,Com Vítimas Feridas,Plena Noite,Crescente,Céu Claro,Simples,Reta,Não,2,0,0,2,0,0,2,1,"-7,03594312","-37,31112598",SPRF-PB,DEL03-PB,UOP01-DEL03-PB
396430.0,2021-11-17,quarta-feira,01:00:00,PB,116,"5,7",CACHOEIRA DOS INDIOS,Velocidade Incompatível,Saída de leito carroçável,Com Vítimas Fatais,Plena Noite,Decrescente,Céu Claro,Simples,Reta,Não,1,1,0,0,0,0,0,1,"-6,939296","-38,721565",SPRF-CE,DEL05-CE,UOP03-DEL05-CE
396441.0,2021-11-17,quarta-feira,19:40:00,PB,361,46,CATINGUEIRA,Ingestão de álcool pelo condutor,Colisão frontal,Sem Vítimas,Plena Noite,Crescente,Céu Claro,Simples,Reta,Não,2,0,0,0,2,0,0,2,"-7,13912073","-37,62121122",SPRF-PB,DEL03-PB,UOP01-DEL03-PB
396466.0,2021-11-18,quinta-feira,04:00:00,PB,230,"14,5",CABEDELO,Reação tardia ou ineficiente do condutor,Colisão com objeto,Com Vítimas Feridas,Amanhecer,Decrescente,Céu Claro,Dupla,Reta,Sim,2,0,2,0,0,0,2,1,"-7,0844","-34,8488",SPRF-PB,DEL01-PB,UOP01-DEL01-PB
396510.0,2021-11-18,quinta-feira,10:50:00,PB,101,86,BAYEUX,Condutor deixou de manter distância do veículo da frente,Colisão traseira,Sem Vítimas,Pleno dia,Crescente,Céu Claro,Dupla,Reta,Sim,2,0,0,0,2,0,0,2,"-7,15118983","-34,91012184",SPRF-PB,DEL01-PB,UOP01-DEL01-PB
396618.0,2021-11-18,quinta-feira,22:30:00,PB,412,43,SAO JOAO DO CARIRI,Demais falhas mecânicas ou elétricas,Incêndio,Sem Vítimas,Plena Noite,Crescente,Céu Claro,Simples,Reta,Não,1,0,0,0,1,0,0,1,"-7,337673","-36,428707",SPRF-PB,DEL02-PB,UOP02-DEL02-PB
396737.0,2021-11-19,sexta-feira,17:20:00,PB,101,84,JOAO PESSOA,Transitar no acostamento,Atropelamento de Pedestre,Com Vítimas Feridas,Anoitecer,Decrescente,Céu Claro,Dupla,Declive,Não,2,0,2,0,0,0,2,2,"-7,13957906","-34,92312806",SPRF-PB,DEL01-PB,UOP01-DEL01-PB
396777.0,2021-11-19,sexta-feira,19:55:00,PB,230,"63,5",SAO MIGUEL DE TAIPU,Desvio temporário,Colisão com objeto,Com Vítimas Feridas,Plena Noite,Crescente,Céu Claro,Dupla,Reta,Não,1,0,1,0,0,0,1,1,"-7,1989","-35,1649",SPRF-PB,DEL01-PB,UOP03-DEL01-PB
396829.0,2021-11-20,sábado,02:10:00,PB,230,"45,3",SANTA RITA,Reação tardia ou ineficiente do condutor,Capotamento,Sem Vítimas,Plena Noite,Decrescente,Céu Claro,Dupla,Reta,Não,1,0,0,0,0,1,0,1,"-7,1583","-35,0176",SPRF-PB,DEL01-PB,UOP03-DEL01-PB
396919.0,2021-11-20,sábado,12:00:00,PB,412,"0,5",POCINHOS,Ingestão de álcool pelo condutor,Saída de leito carroçável,Com Vítimas Feridas,Pleno dia,Decrescente,Sol,Simples,Reta,Não,2,0,2,0,0,0,2,1,"-7,151964","-36,108418",SPRF-PB,DEL02-PB,UOP02-DEL02-PB
397018.0,2021-11-20,sábado,22:00:00,PB,361,5,PATOS,Ingestão de álcool pelo condutor,Tombamento,Com Vítimas Feridas,Plena Noite,Decrescente,Céu Claro,Simples,Reta,Sim,1,0,1,0,0,0,1,1,"-7,034264","-37,301997",SPRF-PB,DEL03-PB,UOP01-DEL03-PB
397151.0,2021-11-21,domingo,15:30:00,PB,230,"84,5",CALDAS BRANDAO,Condutor Dormindo,Colisão traseira,Sem Vítimas,Pleno dia,Crescente,Céu Claro,Dupla,Reta,Não,2,0,0,0,2,0,0,2,"-7,1635","-35,3439",SPRF-PB,DEL01-PB,UOP03-DEL01-PB
397194.0,2021-11-21,domingo,18:59:00,PB,104,"55,2",BARRA DE SANTA ROSA,Ingestão de álcool pelo condutor,Colisão com objeto,Com Vítimas Feridas,Plena Noite,Crescente,Céu Claro,Simples,Curva,Não,1,0,1,0,0,0,1,1,"-6,78424966","-35,98358004",SPRF-PB,DEL02-PB,UOP04-DEL02-PB
397439.0,2021-11-23,terça-feira,08:20:00,PB,230,"26,8",JOAO PESSOA,Reação tardia ou ineficiente do condutor,Colisão traseira,Sem Vítimas,Pleno dia,Crescente,Céu Claro,Dupla,Reta,Sim,3,0,0,0,3,0,0,3,"-7,1693","-34,8782",SPRF-PB,DEL01-PB,UOP01-DEL01-PB
397463.0,2021-11-23,terça-feira,11:15:00,PB,230,18,JOAO PESSOA,Demais falhas mecânicas ou elétricas,Tombamento,Com Vítimas Feridas,Pleno dia,Decrescente,Sol,Dupla,Curva,Sim,2,0,2,0,0,0,2,1,"-7,1198","-34,8453",SPRF-PB,DEL01-PB,UOP01-DEL01-PB
397789.0,2021-11-25,quinta-feira,06:25:00,PB,101,89,JOAO PESSOA,Afundamento ou ondulação no pavimento,Queda de ocupante de veículo,Com Vítimas Feridas,Pleno dia,Decrescente,Céu Claro,Dupla,Reta,Sim,2,0,2,0,0,0,2,1,"-7,1710693954","-34,8976537194",SPRF-PB,DEL01-PB,UOP02-DEL01-PB
398224.0,2021-11-27,sábado,12:20:00,PB,230,"391,4",SAO BENTINHO,Ingestão de álcool pelo condutor,Tombamento,Com Vítimas Feridas,Pleno dia,Crescente,Céu Claro,Simples,Reta,Não,2,0,1,1,0,0,2,1,"-6,8904","-37,7258",SPRF-PB,DEL03-PB,UOP02-DEL03-PB
398261.0,2021-11-27,sábado,16:30:00,PB,230,"163,9",CAMPINA GRANDE,Acessar a via sem observar a presença dos outros veículos,Colisão transversal,Com Vítimas Feridas,Pleno dia,Crescente,Sol,Simples,Aclive;Curva,Sim,3,0,2,0,1,0,2,2,"-7,211331","-35,936658",SPRF-PB,DEL02-PB,UOP01-DEL02-PB
398340.0,2021-11-27,sábado,23:00:00,PB,101,"81,3",BAYEUX,Ausência de reação do condutor,Saída de leito carroçável,Com Vítimas Fatais,Plena Noite,Decrescente,Céu Claro,Dupla,Reta,Sim,1,1,0,0,0,0,0,1,"-7,126213","-34,942379",SPRF-PB,DEL01-PB,UOP01-DEL01-PB
398389.0,2021-11-28,domingo,04:10:00,PB,230,308,SAO MAMEDE,Deficiência do Sistema de Iluminação/Sinalização,Colisão traseira,Com Vítimas Feridas,Amanhecer,Crescente,Céu Claro,Simples,Reta,Não,2,0,1,0,1,0,1,2,"-6,9222","-37,052",SPRF-PB,DEL03-PB,UOP01-DEL03-PB
398409.0,2021-11-28,domingo,06:00:00,PB,230,"338,8",PATOS,Acessar a via sem observar a presença dos outros veículos,Colisão transversal,Com Vítimas Feridas,Pleno dia,Decrescente,Céu Claro,Dupla,Interseção de Vias,Sim,2,0,1,0,1,0,1,2,"-7,007","-37,2906",SPRF-PB,DEL03-PB,UOP01-DEL03-PB
398470.0,2021-11-28,domingo,12:45:00,PB,101,"80,4",SANTA RITA,Condutor Dormindo,Saída de leito carroçável,Com Vítimas Feridas,Pleno dia,Crescente,Céu Claro,Dupla,Viaduto,Não,4,0,1,2,1,0,3,1,"-7,12180933","-34,9479055",SPRF-PB,DEL01-PB,UOP04-DEL01-PB
398620.0,2021-11-29,segunda-feira,07:30:00,PB,230,14,CABEDELO,Reação tardia ou ineficiente do condutor,Colisão traseira,Com Vítimas Feridas,Pleno dia,Decrescente,Céu Claro,Dupla,Retorno Regulamentado,Sim,2,0,1,0,1,0,1,2,"-7,0844","-34,8488",SPRF-PB,DEL01-PB,UOP01-DEL01-PB
398884.0,2021-11-30,terça-feira,18:20:00,PB,230,"8,8",CABEDELO,Área urbana sem a presença de local apropriado para a travessia de pedestres,Atropelamento de Pedestre,Com Vítimas Feridas,Anoitecer,Crescente,Céu Claro,Dupla,Em Obras,Sim,2,0,1,1,0,0,2,2,"-7,0355","-34,8429",SPRF-PB,DEL01-PB,UOP01-DEL01-PB
398893.0,2021-11-30,terça-feira,19:45:00,PB,230,"152,9",CAMPINA GRANDE,Condutor deixou de manter distância do veículo da frente,Tombamento,Com Vítimas Feridas,Plena Noite,Decrescente,Céu Claro,Simples,Reta,Não,1,0,1,0,0,0,1,1,"-7,2688","-35,8837",SPRF-PB,DEL02-PB,UOP01-DEL02-PB
398934.0,2021-12-01,quarta-feira,00:30:00,PB,230,26,JOAO PESSOA,Velocidade Incompatível,Colisão com objeto,Sem Vítimas,Plena Noite,Crescente,Céu Claro,Dupla,Interseção de Vias,Sim,1,0,0,0,0,1,0,1,"-7,1693","-34,8782",SPRF-PB,DEL01-PB,UOP01-DEL01-PB
398997.0,2021-12-01,quarta-feira,08:05:00,PB,230,"450,2",APARECIDA,Velocidade Incompatível,Saída de leito carroçável,Com Vítimas Feridas,Pleno dia,Crescente,Céu Claro,Simples,Reta,Não,2,0,1,1,0,0,2,1,"-6,785559","-38,11674",SPRF-PB,DEL03-PB,UOP03-DEL03-PB
398998.0,2021-12-01,quarta-feira,08:20:00,PB,230,"164,3",CAMPINA GRANDE,Velocidade Incompatível,Colisão transversal,Com Vítimas Feridas,Pleno dia,Crescente,Sol,Simples,Declive;Reta,Sim,2,0,0,1,1,0,1,2,"-7,213552","-35,948955",SPRF-PB,DEL02-PB,UOP01-DEL02-PB
399073.0,2021-12-01,quarta-feira,17:35:00,PB,230,154,CAMPINA GRANDE,Mal súbito do condutor,Colisão traseira,Com Vítimas Feridas,Anoitecer,Crescente,Céu Claro,Simples,Reta,Sim,3,0,2,0,1,0,2,2,"-7,2777","-35,8985",SPRF-PB,DEL02-PB,UOP01-DEL02-PB
399091.0,2021-12-01,quarta-feira,20:30:00,PB,101,85,BAYEUX,Condutor deixou de manter distância do veículo da frente,Queda de ocupante de veículo,Com Vítimas Feridas,Plena Noite,Crescente,Céu Claro,Dupla,Retorno Regulamentado,Sim,1,0,1,0,0,0,1,1,"-7,14538184","-34,91662887",SPRF-PB,DEL01-PB,UOP01-DEL01-PB
399093.0,2021-07-04,domingo,20:00:00,PB,230,153,CAMPINA GRANDE,Ausência de reação do condutor,Saída de leito carroçável,Sem Vítimas,Plena Noite,Decrescente,Céu Claro,Simples,Reta,Sim,1,0,0,0,0,1,0,1,"-7,2763","-35,8887",SPRF-PB,DEL02-PB,UOP01-DEL02-PB
399099.0,2021-12-01,quarta-feira,23:55:00,PB,230,"133,4",CAMPINA GRANDE,Animais na Pista,Saída de leito carroçável,Com Vítimas Feridas,Plena Noite,Crescente,Céu Claro,Dupla,Reta,Não,1,0,1,0,0,0,1,1,"-7,2767","-35,7464",SPRF-PB,DEL02-PB,UOP01-DEL02-PB
399112.0,2021-12-02,quinta-feira,04:40:00,PB,230,8,CABEDELO,Velocidade Incompatível,Colisão com objeto,Sem Vítimas,Amanhecer,Crescente,Ignorado,Dupla,Interseção de Vias;Curva;Em Obras;Viaduto;Declive,Sim,1,0,0,0,0,1,0,1,"-7,0355","-34,8429",SPRF-PB,DEL01-PB,UOP01-DEL01-PB
399186.0,2021-12-02,quinta-feira,12:00:00,PB,230,28,JOAO PESSOA,Demais falhas na via,Tombamento,Com Vítimas Feridas,Pleno dia,Crescente,Sol,Dupla,Viaduto;Curva,Sim,2,0,2,0,0,0,2,1,"-7,16528578","-34,89829179",SPRF-PB,DEL01-PB,UOP01-DEL01-PB
399196.0,2021-12-02,quinta-feira,11:30:00,PB,230,280,SANTA LUZIA,Velocidade Incompatível,Saída de leito carroçável,Sem Vítimas,Pleno dia,Decrescente,Céu Claro,Simples,Curva;Aclive,Não,1,0,0,0,1,0,0,1,"-6,9359","-36,8505",SPRF-PB,DEL03-PB,UOP01-DEL03-PB
399314.0,2021-12-03,sexta-feira,05:25:00,PB,230,"19,7",JOAO PESSOA,Trafegar com motocicleta (ou similar) entre as faixas,Queda de ocupante de veículo,Com Vítimas Feridas,Pleno dia,Decrescente,Céu Claro,Dupla,Declive,Sim,2,0,0,2,0,0,2,1,"-7,1281","-34,8466",SPRF-PB,DEL01-PB,UOP01-DEL01-PB
399324.0,2021-12-03,sexta-feira,07:20:00,PB,230,"16,8",JOAO PESSOA,Condutor deixou de manter distância do veículo da frente,Colisão traseira,Com Vítimas Feridas,Pleno dia,Crescente,Céu Claro,Dupla,Reta,Sim,3,0,1,0,2,0,1,2,"-7,1039","-34,8458",SPRF-PB,DEL01-PB,UOP01-DEL01-PB
399350.0,2021-12-03,sexta-feira,07:50:00,PB,230,"157,9",CAMPINA GRANDE,Condutor deixou de manter distância do veículo da frente,Tombamento,Com Vítimas Feridas,Pleno dia,Crescente,Céu Claro,Simples,Reta,Sim,3,0,1,0,2,0,1,3,"-7,26088221","-35,92359781",SPRF-PB,DEL02-PB,UOP01-DEL02-PB
399375.0,2021-12-03,sexta-feira,10:40:00,PB,101,"74,5",SANTA RITA,Obstrução na via,Atropelamento de Pedestre,Com Vítimas Feridas,Pleno dia,Decrescente,Céu Claro,Dupla,Em Obras;Aclive,Não,2,0,1,0,0,1,1,2,"-7,08339163","-34,98076176",SPRF-PB,DEL01-PB,UOP04-DEL01-PB
399380.0,2021-12-03,sexta-feira,11:20:00,PB,230,"147,3",CAMPINA GRANDE,Manobra de mudança de faixa,Colisão lateral mesmo sentido,Sem Vítimas,Pleno dia,Decrescente,Sol,Dupla,Reta;Declive,Sim,2,0,0,0,2,0,0,2,"-7,239568","-35,862769",SPRF-PB,DEL02-PB,UOP01-DEL02-PB
399422.0,2021-12-03,sexta-feira,16:00:00,PB,101,"91,8",JOAO PESSOA,Pedestre andava na pista,Atropelamento de Pedestre,Com Vítimas Fatais,Pleno dia,Decrescente,Céu Claro,Dupla,Reta,Sim,3,1,1,0,1,0,1,3,"-7,179652","-34,900417",SPRF-PB,DEL01-PB,UOP02-DEL01-PB
399441.0,2021-12-03,sexta-feira,17:30:00,PB,230,"434,8",POMBAL,Ausência de reação do condutor,Colisão traseira,Sem Vítimas,Anoitecer,Decrescente,Sol,Simples,Reta,Não,2,0,0,0,1,1,0,2,"-6,7474","-37,9762",SPRF-PB,DEL03-PB,UOP02-DEL03-PB
399572.0,2021-12-04,sábado,06:50:00,PB,230,"42,7",SANTA RITA,Reação tardia ou ineficiente do condutor,Colisão traseira,Sem Vítimas,Pleno dia,Decrescente,Céu Claro,Dupla,Reta,Não,2,0,0,0,2,0,0,2,"-7,1426","-34,9956",SPRF-PB,DEL01-PB,UOP03-DEL01-PB
399691.0,2021-12-04,sábado,18:50:00,PB,230,"13,1",CABEDELO,Ingestão de álcool pelo condutor,Colisão traseira,Com Vítimas Feridas,Plena Noite,Decrescente,Céu Claro,Dupla,Reta,Sim,4,0,2,0,2,0,2,2,"-7,0772","-34,8494",SPRF-PB,DEL01-PB,UOP01-DEL01-PB
399692.0,2021-12-04,sábado,18:00:00,PB,230,292,SANTA LUZIA,Entrada inopinada do pedestre,Atropelamento de Pedestre,Com Vítimas Feridas,Plena Noite,Crescente,Céu Claro,Simples,Declive,Sim,2,0,1,1,0,0,2,2,"-6,8684","-36,9222",SPRF-PB,DEL03-PB,UOP01-DEL03-PB
399694.0,2021-12-04,sábado,18:00:00,PB,101,"122,3",CAAPORA,Ausência de reação do condutor,Colisão traseira,Com Vítimas Feridas,Plena Noite,Decrescente,Garoa/Chuvisco,Dupla,Reta,Não,3,0,1,0,2,0,1,2,"-7,45038197","-34,97994215",SPRF-PB,DEL01-PB,UOP02-DEL01-PB
399697.0,2021-12-04,sábado,18:30:00,PB,104,"102,4",SAO SEBASTIAO DE LAGOA DE  ROCA,Ingestão de álcool pelo condutor,Tombamento,Com Vítimas Fatais,Plena Noite,Decrescente,Céu Claro,Simples,Reta,Não,1,1,0,0,0,0,0,1,"-7,06437","-35,855313",SPRF-PB,DEL02-PB,UOP04-DEL02-PB
399804.0,2021-12-05,domingo,03:20:00,PB,230,"496,2",CAJAZEIRAS,Ausência de reação do condutor,Colisão com objeto,Com Vítimas Feridas,Plena Noite,Decrescente,Nublado,Simples,Ponte,Não,1,0,0,1,0,0,1,1,"-6,8886","-38,4755",SPRF-PB,DEL03-PB,UOP03-DEL03-PB
399831.0,2021-12-05,domingo,06:40:00,PB,230,"25,4",JOAO PESSOA,Ausência de reação do condutor,Colisão lateral mesmo sentido,Sem Vítimas,Pleno dia,Crescente,Sol,Múltipla,Viaduto,Sim,2,0,0,0,2,0,0,2,"-7,1707","-34,8684",SPRF-PB,DEL01-PB,UOP01-DEL01-PB
399970.0,2021-12-05,domingo,21:20:00,PB,101,88,JOAO PESSOA,Ausência de reação do condutor,Colisão com objeto,Com Vítimas Feridas,Plena Noite,Decrescente,Céu Claro,Simples,Curva,Sim,1,0,1,0,0,0,1,1,"-7,16575749","-34,89817858",SPRF-PB,DEL01-PB,UOP01-DEL01-PB
400066.0,2021-12-06,segunda-feira,08:25:00,PB,230,12,CABEDELO,Acessar a via sem observar a presença dos outros veículos,Colisão lateral mesmo sentido,Com Vítimas Feridas,Pleno dia,Decrescente,Céu Claro,Múltipla,Reta;Retorno Regulamentado,Sim,2,0,1,0,1,0,1,2,"-7,068","-34,85",SPRF-PB,DEL01-PB,UOP01-DEL01-PB
400187.0,2021-12-06,segunda-feira,17:00:00,PB,230,16,JOAO PESSOA,Ausência de reação do condutor,Colisão traseira,Com Vítimas Feridas,Plena Noite,Crescente,Céu Claro,Dupla,Reta,Sim,3,0,1,0,0,2,1,2,"-7,10818247","-34,84352589",SPRF-PB,DEL01-PB,UOP01-DEL01-PB
400203.0,2021-12-06,segunda-feira,18:20:00,PB,412,"96,8",SERRA BRANCA,Manobra de mudança de faixa,Colisão frontal,Com Vítimas Fatais,Plena Noite,Crescente,Vento,Simples,Reta,Não,3,1,1,0,1,0,1,2,"-7,596476","-36,807865",SPRF-PB,DEL02-PB,UOP02-DEL02-PB
400235.0,2021-12-07,terça-feira,00:20:00,PB,230,157,CAMPINA GRANDE,Animais na Pista,Atropelamento de Animal,Com Vítimas Feridas,Plena Noite,Decrescente,Céu Claro,Simples,Interseção de Vias,Sim,1,0,1,0,0,0,1,1,"-7,25149517","-35,93381166",SPRF-PB,DEL02-PB,UOP01-DEL02-PB
400423.0,2021-12-08,quarta-feira,05:00:00,PB,101,"83,7",BAYEUX,Acumulo de água sobre o pavimento,Colisão com objeto,Sem Vítimas,Pleno dia,Decrescente,Chuva,Dupla,Reta,Sim,1,0,0,0,1,0,0,1,"-7,1337703","-34,92963914",SPRF-PB,DEL01-PB,UOP01-DEL01-PB
400488.0,2021-12-08,quarta-feira,08:00:00,PB,230,"130,3",MASSARANDUBA,Chuva,Saída de leito carroçável,Com Vítimas Feridas,Pleno dia,Decrescente,Chuva,Dupla,Reta,Não,3,0,1,0,2,0,1,1,"-7,2685","-35,7213",SPRF-PB,DEL02-PB,UOP01-DEL02-PB
400795.0,2021-12-10,sexta-feira,05:50:00,PB,0,0,SANTA RITA,Pista em desnível,Saída de leito carroçável,Com Vítimas Feridas,Amanhecer,Não Informado,Sol,Simples,Curva,Não,3,0,3,0,0,0,3,1,"-7,22924","-35,02411",SPRF-PB,DEL01-PB,UOP02-DEL01-PB
400844.0,2021-12-10,sexta-feira,11:30:00,PB,230,86,CALDAS BRANDAO,Afundamento ou ondulação no pavimento,Saída de leito carroçável,Com Vítimas Feridas,Pleno dia,Decrescente,Céu Claro,Dupla,Reta,Não,2,0,1,1,0,0,2,1,"-7,1663","-35,36",SPRF-PB,DEL01-PB,UOP03-DEL01-PB
400872.0,2021-12-10,sexta-feira,15:30:00,PB,101,"81,7",BAYEUX,Condutor deixou de manter distância do veículo da frente,Colisão traseira,Sem Vítimas,Pleno dia,Decrescente,Sol,Dupla,Reta,Sim,2,0,0,0,2,0,0,2,"-7,12804788","-34,93906494",SPRF-PB,DEL01-PB,UOP01-DEL01-PB
400921.0,2021-12-10,sexta-feira,19:45:00,PB,230,"191,7",POCINHOS,Animais na Pista,Atropelamento de Animal,Com Vítimas Feridas,Plena Noite,Crescente,Céu Claro,Simples,Reta,Não,1,0,0,1,0,0,1,1,"-7,1331","-36,1616",SPRF-PB,DEL02-PB,UOP02-DEL02-PB
400922.0,2021-12-10,sexta-feira,20:00:00,PB,101,83,BAYEUX,Animais na Pista,Atropelamento de Animal,Com Vítimas Feridas,Plena Noite,Decrescente,Céu Claro,Dupla,Reta,Sim,1,0,1,0,0,0,1,1,"-7,1337703","-34,92963914",SPRF-PB,DEL01-PB,UOP01-DEL01-PB
400950.0,2021-12-10,sexta-feira,19:15:00,PB,230,"388,2",SAO BENTINHO,Animais na Pista,Tombamento,Com Vítimas Feridas,Plena Noite,Decrescente,Céu Claro,Simples,Reta,Não,1,0,0,1,0,0,1,1,"-6,901173","-37,705008",SPRF-PB,DEL03-PB,UOP02-DEL03-PB
401110.0,2021-12-11,sábado,19:05:00,PB,361,6,PATOS,Animais na Pista,Tombamento,Com Vítimas Feridas,Plena Noite,Crescente,Céu Claro,Simples,Reta,Não,2,0,2,0,0,0,2,1,"-7,03594312","-37,31112598",SPRF-PB,DEL03-PB,UOP01-DEL03-PB
401125.0,2021-12-11,sábado,19:45:00,PB,230,"40,7",SANTA RITA,Pedestre cruzava a pista fora da faixa,Atropelamento de Pedestre,Com Vítimas Feridas,Plena Noite,Crescente,Céu Claro,Dupla,Aclive,Não,3,0,0,1,0,2,1,2,"-7,14311493","-34,98568296",SPRF-PB,DEL01-PB,UOP03-DEL01-PB
401134.0,2021-12-11,sábado,18:25:00,PB,405,"31,8",SAO JOAO DO RIO DO PEIXE,Ausência de reação do condutor,Colisão traseira,Com Vítimas Feridas,Plena Noite,Decrescente,Céu Claro,Simples,Reta,Sim,2,0,0,1,0,1,1,2,"-6,717668","-38,448986",SPRF-PB,DEL03-PB,UOP03-DEL03-PB
401150.0,2021-12-11,sábado,22:05:00,PB,230,"17,9",JOAO PESSOA,Transitar no acostamento,Colisão com objeto,Com Vítimas Feridas,Plena Noite,Decrescente,Céu Claro,Dupla,Reta,Sim,1,0,1,0,0,0,1,1,"-7,1121","-34,8426",SPRF-PB,DEL01-PB,UOP01-DEL01-PB
401204.0,2021-12-12,domingo,01:55:00,PB,361,23,SANTA TERESINHA,Ingestão de álcool pelo condutor,Colisão frontal,Com Vítimas Feridas,Plena Noite,Crescente,Céu Claro,Simples,Reta,Sim,2,0,0,1,1,0,1,2,"-7,08514847","-37,44811299",SPRF-PB,DEL03-PB,UOP01-DEL03-PB
401231.0,2021-12-11,sábado,19:45:00,PB,104,"106,6",SAO SEBASTIAO DE LAGOA DE  ROCA,Reação tardia ou ineficiente do condutor,Colisão transversal,Sem Vítimas,Plena Noite,Decrescente,Céu Claro,Simples,Declive,Sim,2,0,0,0,1,1,0,2,"-7,09569811","-35,86106094",SPRF-PB,DEL02-PB,UOP04-DEL02-PB
401268.0,2021-12-12,domingo,11:35:00,PB,230,"86,7",GURINHEM,Condutor Dormindo,Colisão com objeto,Com Vítimas Feridas,Pleno dia,Decrescente,Céu Claro,Dupla,Reta,Não,1,0,0,1,0,0,1,1,"-7,1663","-35,36",SPRF-PB,DEL01-PB,UOP03-DEL01-PB
401270.0,2021-12-12,domingo,11:50:00,PB,101,44,MAMANGUAPE,Manobra de mudança de faixa,Queda de ocupante de veículo,Com Vítimas Feridas,Pleno dia,Crescente,Céu Claro,Dupla,Retorno Regulamentado,Não,3,0,2,0,0,1,2,2,"-6,87451305","-35,13232736",SPRF-PB,DEL01-PB,UOP04-DEL01-PB
401412.0,2021-12-13,segunda-feira,03:00:00,PB,230,20,JOAO PESSOA,Velocidade Incompatível,Saída de leito carroçável,Sem Vítimas,Plena Noite,Decrescente,Céu Claro,Dupla,Declive,Sim,1,0,0,0,0,1,0,1,"-7,1337","-34,8544",SPRF-PB,DEL01-PB,UOP01-DEL01-PB
401444.0,2021-12-13,segunda-feira,07:20:00,PB,230,"132,4",CAMPINA GRANDE,Chuva,Saída de leito carroçável,Com Vítimas Feridas,Pleno dia,Crescente,Garoa/Chuvisco,Dupla,Curva,Não,2,0,1,0,1,0,1,1,"-7,2727","-35,7527",SPRF-PB,DEL02-PB,UOP01-DEL02-PB
401457.0,2021-12-13,segunda-feira,07:00:00,PB,230,"133,8",CAMPINA GRANDE,Velocidade Incompatível,Saída de leito carroçável,Com Vítimas Feridas,Pleno dia,Crescente,Chuva,Dupla,Curva,Não,1,0,1,0,0,0,1,1,"-7,27245","-35,75168",SPRF-PB,DEL02-PB,UOP01-DEL02-PB
401517.0,2021-12-13,segunda-feira,12:00:00,PB,230,"135,9",CAMPINA GRANDE,Demais falhas na via,Saída de leito carroçável,Com Vítimas Feridas,Pleno dia,Crescente,Chuva,Dupla,Curva,Não,1,0,1,0,0,0,1,1,"-7,277075","-35,772829",SPRF-PB,DEL02-PB,UOP01-DEL02-PB
401530.0,2021-12-13,segunda-feira,16:30:00,PB,116,13,CACHOEIRA DOS INDIOS,Mal súbito do condutor,Colisão com objeto,Com Vítimas Feridas,Pleno dia,Crescente,Céu Claro,Simples,Reta,Não,1,0,0,1,0,0,1,1,"-7,001411","-38,7506",SPRF-CE,DEL05-CE,UOP03-DEL05-CE
401560.0,2021-12-13,segunda-feira,18:10:00,PB,230,22,JOAO PESSOA,Condutor deixou de manter distância do veículo da frente,Colisão traseira,Com Vítimas Feridas,Plena Noite,Crescente,Céu Claro,Dupla,Reta,Sim,2,0,0,1,0,1,1,2,"-7,15576761","-34,85708616",SPRF-PB,DEL01-PB,UOP01-DEL01-PB
401607.0,2021-12-13,segunda-feira,21:45:00,PB,104,"66,2",BARRA DE SANTA ROSA,Condutor Dormindo,Colisão com objeto,Com Vítimas Feridas,Plena Noite,Decrescente,Chuva,Simples,Reta,Não,1,0,0,1,0,0,1,1,"-6,85218403","-35,92700217",SPRF-PB,DEL02-PB,UOP04-DEL02-PB
401634.0,2021-12-14,terça-feira,08:00:00,PB,230,"152,3",CAMPINA GRANDE,Reação tardia ou ineficiente do condutor,Colisão traseira,Com Vítimas Feridas,Pleno dia,Crescente,Garoa/Chuvisco,Simples,Aclive,Não,2,0,1,0,1,0,1,2,"-7,2688","-35,8837",SPRF-PB,DEL02-PB,UOP01-DEL02-PB
401709.0,2021-12-14,terça-feira,15:00:00,PB,230,"17,7",JOAO PESSOA,Acessar a via sem observar a presença dos outros veículos,Colisão transversal,Com Vítimas Feridas,Pleno dia,Crescente,Sol,Dupla,Reta,Sim,2,0,1,0,1,0,1,2,"-7,1121","-34,8426",SPRF-PB,DEL01-PB,UOP01-DEL01-PB
401722.0,2021-12-14,terça-feira,15:50:00,PB,230,136,CAMPINA GRANDE,Chuva,Saída de leito carroçável,Com Vítimas Feridas,Pleno dia,Crescente,Chuva,Dupla,Reta,Não,2,0,1,0,1,0,1,1,"-7,2818","-35,7675",SPRF-PB,DEL02-PB,UOP01-DEL02-PB