id,data_inversa,dia_semana,horario,uf,br,km,municipio,causa_acidente,tipo_acidente,classificacao_acidente,fase_dia,sentido_via,condicao_metereologica,tipo_pista,tracado_via,uso_solo,pessoas,mortos,feridos_leves,feridos_graves,ilesos,ignorados,feridos,veiculos,latitude,longitude,regional,delegacia,uop
401748.0,2021-12-14,terça-feira,18:15:00,PB,230,"16,8",JOAO PESSOA,Trafegar com motocicleta (ou similar) entre as faixas,Tombamento,Com Vítimas Feridas,Plena Noite,Crescente,Céu Claro,Dupla,Reta,Não,1,0,1,0,0,0,1,1,"-7,1039","-34,8458",SPRF-PB,DEL01-PB,UOP01-DEL01-PB
401816.0,2021-12-15,quarta-feira,01:40:00,PB,104,"137,9",QUEIMADAS,Ingestão de álcool pelo condutor,Saída de leito carroçável,Com Vítimas Feridas,Plena Noite,Crescente,Céu Claro,Simples,Declive,Sim,4,0,0,4,0,0,4,1,"-7,352277","-35,90094",SPRF-PB,DEL02-PB,UOP03-DEL02-PB
402012.0,2021-12-16,quinta-feira,06:50:00,PB,101,"28,1",RIO TINTO,Velocidade Incompatível,Saída de leito carroçável,Com Vítimas Feridas,Pleno dia,Crescente,Céu Claro,Dupla,Curva,Não,2,0,1,1,0,0,2,1,"-6,73315199","-35,12593202",SPRF-PB,DEL01-PB,UOP04-DEL01-PB
402066.0,2021-12-16,quinta-feira,12:35:00,PB,230,"93,8",GURINHEM,Condutor Dormindo,Saída de leito carroçável,Com Vítimas Feridas,Pleno dia,Decrescente,Sol,Dupla,Reta,Não,4,0,4,0,0,0,4,1,"-7,182053","-35,435253",SPRF-PB,DEL01-PB,UOP03-DEL01-PB
402115.0,2021-12-16,quinta-feira,17:40:00,PB,101,"89,8",JOAO PESSOA,Desrespeitar a preferência no cruzamento,Colisão transversal,Com Vítimas Feridas,Plena Noite,Crescente,Céu Claro,Dupla,Interseção de Vias;Retorno Regulamentado;Reta,Sim,2,0,0,1,1,0,1,2,"-7,18112533","-34,9008381",SPRF-PB,DEL01-PB,UOP02-DEL01-PB
402125.0,2021-12-16,quinta-feira,18:30:00,PB,230,"140,3",CAMPINA GRANDE,Pedestre andava na pista,Atropelamento de Pedestre,Com Vítimas Fatais,Plena Noite,Decrescente,Céu Claro,Dupla,Reta,Não,2,1,0,1,0,0,1,2,"-7,24952265","-35,84205436",SPRF-PB,DEL02-PB,UOP01-DEL02-PB
402142.0,2021-12-16,quinta-feira,18:40:00,PB,230,"16,8",JOAO PESSOA,Condutor deixou de manter distância do veículo da frente,Engavetamento,Com Vítimas Feridas,Plena Noite,Decrescente,Céu Claro,Dupla,Reta,Sim,5,0,1,0,3,1,1,4,"-7,1121","-34,8426",SPRF-PB,DEL01-PB,UOP01-DEL01-PB
402380.0,2021-12-17,sexta-feira,20:50:00,PB,101,78,SANTA RITA,Transitar na contramão,Colisão frontal,Com Vítimas Fatais,Plena Noite,Decrescente,Céu Claro,Simples,Reta,Não,2,1,0,0,1,0,0,2,"-7,10808295","-34,96293885",SPRF-PB,DEL01-PB,UOP04-DEL01-PB
402610.0,2021-12-18,sábado,19:00:00,PB,101,99,ALHANDRA,Acessar a via sem observar a presença dos outros veículos,Saída de leito carroçável,Com Vítimas Feridas,Plena Noite,Decrescente,Céu Claro,Dupla,Retorno Regulamentado;Reta;Interseção de Vias,Não,5,0,2,0,2,1,2,2,"-7,25903036","-34,9355793",SPRF-PB,DEL01-PB,UOP02-DEL01-PB
402612.0,2021-12-18,sábado,19:25:00,PB,230,"7,7",CABEDELO,Deficiência do Sistema de Iluminação/Sinalização,Saída de leito carroçável,Com Vítimas Feridas,Plena Noite,Crescente,Céu Claro,Simples,Curva,Sim,2,0,1,1,0,0,2,1,"-7,026","-34,8385",SPRF-PB,DEL01-PB,UOP01-DEL01-PB
402637.0,2021-12-18,sábado,20:30:00,PB,230,50,CRUZ DO ESPIRITO SANTO,Ausência de reação do condutor,Saída de leito carroçável,Sem Vítimas,Plena Noite,Decrescente,Céu Claro,Dupla,Reta,Não,1,0,0,0,0,1,0,1,"-7,18811293","-35,05905104",SPRF-PB,DEL01-PB,UOP03-DEL01-PB
402719.0,2021-12-19,domingo,05:10:00,PB,230,"64,1",SAO MIGUEL DE TAIPU,Reação tardia ou ineficiente do condutor,Colisão com objeto,Com Vítimas Feridas,Pleno dia,Decrescente,Céu Claro,Dupla,Em Obras,Não,16,0,3,0,13,0,3,1,"-7,1911","-35,1832",SPRF-PB,DEL01-PB,UOP03-DEL01-PB
402986.0,2021-12-20,segunda-feira,07:30:00,PB,230,"206,4",SOLEDADE,Desvio temporário,Colisão lateral sentido oposto,Com Vítimas Feridas,Pleno dia,Decrescente,Céu Claro,Simples,Reta,Não,7,0,5,1,1,0,6,2,"-7,09","-36,2887",SPRF-PB,DEL02-PB,UOP02-DEL02-PB
402991.0,2021-12-20,segunda-feira,08:40:00,PB,230,22,JOAO PESSOA,Condutor deixou de manter distância do veículo da frente,Colisão traseira,Com Vítimas Feridas,Pleno dia,Decrescente,Sol,Dupla,Reta,Sim,2,0,1,0,1,0,1,2,"-7,1495","-34,8517",SPRF-PB,DEL01-PB,UOP01-DEL01-PB
403087.0,2021-12-20,segunda-feira,18:20:00,PB,230,"18,7",JOAO PESSOA,Condutor deixou de manter distância do veículo da frente,Colisão lateral mesmo sentido,Com Vítimas Feridas,Plena Noite,Decrescente,Céu Claro,Dupla,Curva,Sim,2,0,1,0,1,0,1,2,"-7,1198","-34,8453",SPRF-PB,DEL01-PB,UOP01-DEL01-PB
403118.0,2021-12-20,segunda-feira,21:00:00,PB,230,"156,8",CAMPINA GRANDE,Ausência de reação do condutor,Colisão traseira,Com Vítimas Feridas,Plena Noite,Decrescente,Céu Claro,Simples,Reta,Não,2,0,2,0,0,0,2,2,"-7,2693","-35,9138",SPRF-PB,DEL02-PB,UOP01-DEL02-PB
403197.0,2021-12-21,terça-feira,13:50:00,PB,230,22,JOAO PESSOA,Reação tardia ou ineficiente do condutor,Engavetamento,Com Vítimas Feridas,Pleno dia,Decrescente,Nublado,Dupla,Reta,Sim,4,0,0,1,3,0,1,3,"-7,1495","-34,8517",SPRF-PB,DEL01-PB,UOP01-DEL01-PB
403218.0,2021-12-21,terça-feira,17:00:00,PB,230,12,CABEDELO,Condutor deixou de manter distância do veículo da frente,Colisão traseira,Com Vítimas Feridas,Pleno dia,Decrescente,Céu Claro,Dupla,Reta,Sim,3,0,1,0,2,0,1,2,"-7,068","-34,85",SPRF-PB,DEL01-PB,UOP01-DEL01-PB
403256.0,2021-12-21,terça-feira,18:00:00,PB,104,"115,2",LAGOA SECA,Transitar na contramão,Colisão frontal,Com Vítimas Feridas,Anoitecer,Decrescente,Céu Claro,Simples,Reta,Não,4,0,0,3,0,1,3,2,"-7,172018","-35,85983397",SPRF-PB,DEL02-PB,UOP04-DEL02-PB
403259.0,2021-12-21,terça-feira,19:55:00,PB,104,162,BARRA DE SANTANA,Problema com o freio,Colisão lateral sentido oposto,Sem Vítimas,Plena Noite,Decrescente,Céu Claro,Simples,Reta;Aclive,Não,3,0,0,0,3,0,0,3,"-7,52519226","-35,99379536",SPRF-PB,DEL02-PB,UOP03-DEL02-PB
403467.0,2021-12-22,quarta-feira,23:45:00,PB,101,"81,1",SANTA RITA,Velocidade Incompatível,Saída de leito carroçável,Sem Vítimas,Plena Noite,Decrescente,Nublado,Dupla,Curva,Sim,1,0,0,0,0,1,0,1,"-7,12508575","-34,94513217",SPRF-PB,DEL01-PB,UOP01-DEL01-PB
403528.0,2021-12-23,quinta-feira,08:25:00,PB,101,81,BAYEUX,Ausência de reação do condutor,Colisão traseira,Com Vítimas Feridas,Pleno dia,Decrescente,Sol,Dupla,Declive;Reta,Sim,2,0,1,0,1,0,1,2,"-7,12508575","-34,94513217",SPRF-PB,DEL01-PB,UOP01-DEL01-PB
403632.0,2021-12-23,quinta-feira,18:45:00,PB,230,"5,2",CABEDELO,Ingestão de álcool pelo condutor,Colisão traseira,Com Vítimas Feridas,Plena Noite,Crescente,Céu Claro,Dupla,Desvio Temporário;Em Obras;Reta,Não,3,0,0,2,1,0,2,2,"-7,01","-34,8312",SPRF-PB,DEL01-PB,UOP01-DEL01-PB
403649.0,2021-12-23,quinta-feira,18:10:00,PB,230,158,CAMPINA GRANDE,Ausência de reação do condutor,Queda de ocupante de veículo,Com Vítimas Feridas,Amanhecer,Crescente,Céu Claro,Simples,Reta,Sim,2,0,1,0,1,0,1,1,"-7,2582","-35,9267",SPRF-PB,DEL02-PB,UOP01-DEL02-PB
403921.0,2021-12-25,sábado,02:30:00,PB,230,"27,5",JOAO PESSOA,Reação tardia ou ineficiente do condutor,Colisão com objeto,Sem Vítimas,Plena Noite,Crescente,Céu Claro,Dupla,Reta,Sim,1,0,0,0,0,1,0,1,"-7,1677","-34,8855",SPRF-PB,DEL01-PB,UOP01-DEL01-PB
403957.0,2021-12-25,sábado,08:20:00,PB,101,"89,8",JOAO PESSOA,Reação tardia ou ineficiente do condutor,Saída de leito carroçável,Com Vítimas Feridas,Pleno dia,Crescente,Céu Claro,Múltipla,Retorno Regulamentado,Sim,1,0,1,0,0,0,1,1,"-7,1710694","-34,89765372",SPRF-PB,DEL01-PB,UOP02-DEL01-PB
404000.0,2021-12-25,sábado,16:00:00,PB,230,"175,6",CAMPINA GRANDE,Reação tardia ou ineficiente do condutor,Tombamento,Com Vítimas Feridas,Pleno dia,Decrescente,Nublado,Simples,Aclive,Não,3,0,3,0,0,0,3,1,"-7,1775","-36,0247",SPRF-PB,DEL02-PB,UOP02-DEL02-PB
404074.0,2021-12-26,domingo,03:00:00,PB,104,130,CAMPINA GRANDE,Demais falhas mecânicas ou elétricas,Incêndio,Sem Vítimas,Plena Noite,Decrescente,Garoa/Chuvisco,Simples,Reta,Sim,1,0,0,0,0,1,0,1,"-7,29013399","-35,89029705",SPRF-PB,DEL02-PB,UOP03-DEL02-PB
404157.0,2021-12-26,domingo,16:40:00,PB,101,84,BAYEUX,Demais falhas mecânicas ou elétricas,Queda de ocupante de veículo,Com Vítimas Feridas,Pleno dia,Crescente,Céu Claro,Dupla,Reta,Sim,2,0,2,0,0,0,2,1,"-7,13957906","-34,92312806",SPRF-PB,DEL01-PB,UOP01-DEL01-PB
404159.0,2021-12-26,domingo,16:05:00,PB,230,"13,3",CABEDELO,Acessar a via sem observar a presença dos outros veículos,Colisão traseira,Com Vítimas Feridas,Pleno dia,Decrescente,Nublado,Dupla,Reta,Sim,4,0,2,0,0,2,2,3,"-7,0772","-34,8494",SPRF-PB,DEL01-PB,UOP01-DEL01-PB
404397.0,2021-12-27,segunda-feira,18:03:00,PB,104,"132,6",QUEIMADAS,Pedestre cruzava a pista fora da faixa,Atropelamento de Pedestre,Com Vítimas Fatais,Plena Noite,Crescente,Céu Claro,Simples,Reta,Sim,3,1,1,0,0,1,1,3,"-7,304909","-35,892922",SPRF-PB,DEL02-PB,UOP03-DEL02-PB
404437.0,2021-12-28,terça-feira,01:20:00,PB,101,"80,9",SANTA RITA,Animais na Pista,Atropelamento de Animal,Com Vítimas Feridas,Plena Noite,Crescente,Garoa/Chuvisco,Dupla,Curva,Sim,1,0,1,0,0,0,1,1,"-7,11753704","-34,94951428",SPRF-PB,DEL01-PB,UOP01-DEL01-PB
404447.0,2021-12-28,terça-feira,05:30:00,PB,101,115,PEDRAS DE FOGO,Acessar a via sem observar a presença dos outros veículos,Colisão traseira,Sem Vítimas,Amanhecer,Crescente,Céu Claro,Dupla,Interseção de Vias,Sim,3,0,0,0,3,0,0,3,"-7,396321","-34,95577703",SPRF-PB,DEL01-PB,UOP02-DEL01-PB
404714.0,2021-12-29,quarta-feira,18:50:00,PB,230,"87,9",GURINHEM,Acessar a via sem observar a presença dos outros veículos,Colisão transversal,Com Vítimas Fatais,Plena Noite,Decrescente,Nublado,Dupla,Reta,Não,3,1,0,0,1,1,0,3,"-7,1673","-35,3656",SPRF-PB,DEL01-PB,UOP03-DEL01-PB
404766.0,2021-12-30,quinta-feira,04:45:00,PB,230,"126,3",RIACHAO DO BACAMARTE,Demais falhas mecânicas ou elétricas,Incêndio,Sem Vítimas,Amanhecer,Decrescente,Céu Claro,Dupla,Declive,Não,3,0,0,0,3,0,0,1,"-7,2546","-35,6892",SPRF-PB,DEL02-PB,UOP01-DEL02-PB
404782.0,2021-12-30,quinta-feira,09:00:00,PB,230,"20,1",JOAO PESSOA,Condutor deixou de manter distância do veículo da frente,Colisão traseira,Com Vítimas Feridas,Pleno dia,Decrescente,Céu Claro,Dupla,Reta,Sim,2,0,1,0,1,0,1,2,"-7,1337","-34,8544",SPRF-PB,DEL01-PB,UOP01-DEL01-PB
404894.0,2021-12-30,quinta-feira,18:00:00,PB,104,"116,1",LAGOA SECA,Ingestão de álcool pelo condutor,Saída de leito carroçável,Com Vítimas Feridas,Anoitecer,Crescente,Céu Claro,Simples,Curva,Não,1,0,1,0,0,0,1,1,"-7,18022102","-35,86480593",SPRF-PB,DEL02-PB,UOP04-DEL02-PB
404955.0,2021-12-31,sexta-feira,02:20:00,PB,230,19,JOAO PESSOA,Velocidade Incompatível,Saída de leito carroçável,Com Vítimas Feridas,Plena Noite,Crescente,Céu Claro,Dupla,Curva,Sim,3,0,1,0,1,1,1,1,"-7,1281","-34,8466",SPRF-PB,DEL01-PB,UOP01-DEL01-PB
405016.0,2021-12-31,sexta-feira,11:55:00,PB,101,107,ALHANDRA,Ausência de reação do condutor,Colisão traseira,Com Vítimas Feridas,Pleno dia,Crescente,Céu Claro,Dupla,Reta,Não,2,0,1,0,1,0,1,2,"-7,32549201","-34,94709877",SPRF-PB,DEL01-PB,UOP02-DEL01-PB
405911.0,2021-11-24,quarta-feira,17:50:00,PB,230,"119,8",RIACHAO DO BACAMARTE,Animais na Pista,Atropelamento de Animal,Com Vítimas Feridas,Anoitecer,Decrescente,Céu Claro,Dupla,Reta,Não,6,0,1,0,5,0,1,3,"-7,2423","-35,6312",SPRF-PB,DEL02-PB,UOP01-DEL02-PB
406043.0,2021-11-21,domingo,20:20:00,PB,230,350,PATOS,Reação tardia ou ineficiente do condutor,Colisão traseira,Com Vítimas Feridas,Plena Noite,Decrescente,Céu Claro,Simples,Reta,Sim,2,0,0,1,1,0,1,2,"-6,9504","-37,3885",SPRF-PB,DEL03-PB,UOP01-DEL03-PB
406116.0,2021-12-27,segunda-feira,01:50:00,PB,230,"45,7",SANTA RITA,Condutor Dormindo,Colisão traseira,Com Vítimas Feridas,Plena Noite,Decrescente,Chuva,Dupla,Reta,Não,3,0,1,0,2,0,1,2,"-7,1583","-35,0176",SPRF-PB,DEL01-PB,UOP03-DEL01-PB
407043.0,2021-12-31,sexta-feira,22:30:00,PB,230,375,CONDADO,Ultrapassagem Indevida,Colisão frontal,Com Vítimas Feridas,Plena Noite,Crescente,Céu Claro,Simples,Reta,Sim,4,0,2,2,0,0,4,2,"-6,9088","-37,5918",SPRF-PB,DEL03-PB,UOP02-DEL03-PB
407067.0,2021-11-13,sábado,21:00:00,PB,230,8,CABEDELO,Condutor deixou de manter distância do veículo da frente,Colisão traseira,Com Vítimas Feridas,Plena Noite,Decrescente,Céu Claro,Múltipla,Desvio Temporário,Sim,3,0,1,1,1,0,2,2,"-7,0445767","-34,8466158",SPRF-PB,DEL01-PB,UOP01-DEL01-PB
407245.0,2021-11-29,segunda-feira,18:15:00,PB,230,21,JOAO PESSOA,Condutor deixou de manter distância do veículo da frente,Engavetamento,Com Vítimas Feridas,Plena Noite,Crescente,Nublado,Dupla,Reta,Sim,4,0,1,1,2,0,2,3,"-7,1337","-34,8544",SPRF-PB,DEL01-PB,UOP01-DEL01-PB
407944.0,2021-12-13,segunda-feira,06:40:00,PB,230,"23,8",JOAO PESSOA,Ausência de reação do condutor,Colisão traseira,Com Vítimas Feridas,Pleno dia,Decrescente,Céu Claro,Dupla,Viaduto,Sim,2,0,1,0,1,0,1,2,"-7,1657719","-34,86286875",SPRF-PB,DEL01-PB,UOP01-DEL01-PB
408133.0,2021-12-12,domingo,22:30:00,PB,230,"156,6",CAMPINA GRANDE,Ingestão de álcool pelo condutor,Colisão traseira,Com Vítimas Feridas,Plena Noite,Decrescente,Céu Claro,Simples,Declive;Reta,Sim,3,0,3,0,0,0,3,2,"-7,270341","-35,912609",SPRF-PB,DEL02-PB,UOP01-DEL02-PB
408134.0,2021-12-31,sexta-feira,16:30:00,PB,230,501,CAJAZEIRAS,Transitar na contramão,Colisão frontal,Com Vítimas Feridas,Pleno dia,Crescente,Nublado,Simples,Reta,Não,2,0,0,1,0,1,1,2,"-6,899","-38,5159",SPRF-PB,DEL03-PB,UOP03-DEL03-PB
408333.0,2021-12-12,domingo,16:30:00,PB,101,"94,5",CONDE,Velocidade Incompatível,Colisão traseira,Com Vítimas Feridas,Pleno dia,Decrescente,Céu Claro,Dupla,Reta,Não,4,0,2,0,0,2,2,3,"-7,21483297","-34,9117521",SPRF-PB,DEL01-PB,UOP02-DEL01-PB
410147.0,2021-12-06,segunda-feira,10:50:00,PB,230,66,SOBRADO,Transitar na contramão,Atropelamento de Pedestre,Com Vítimas Feridas,Pleno dia,Decrescente,Céu Claro,Dupla,Reta,Não,3,0,0,1,2,0,1,3,"-7,1874","-35,1889",SPRF-PB,DEL01-PB,UOP03-DEL01-PB
411189.0,2021-11-03,quarta-feira,14:30:00,PB,230,19,JOAO PESSOA,Condutor deixou de manter distância do veículo da frente,Colisão traseira,Com Vítimas Feridas,Pleno dia,Decrescente,Sol,Dupla,Reta;Declive,Sim,3,0,2,0,0,1,2,2,"-7,12856221","-34,84722733",SPRF-PB,DEL01-PB,UOP01-DEL01-PB
412742.0,2021-11-27,sábado,18:45:00,PB,101,"82,3",BAYEUX,Ingestão de álcool ou de substâncias psicoativas pelo pedestre,Atropelamento de Pedestre,Com Vítimas Feridas,Plena Noite,Crescente,Nublado,Dupla,Reta,Sim,2,0,1,1,0,0,2,2,"-7,12983639","-34,93565317",SPRF-PB,DEL01-PB,UOP01-DEL01-PB
413490.0,2021-07-17,sábado,09:20:00,PB,101,115,CAAPORA,Acumulo de água sobre o pavimento,Saída de leito carroçável,Com Vítimas Feridas,Pleno dia,Decrescente,Chuva,Dupla,Reta,Não,3,0,1,1,1,0,2,1,"-7,396321","-34,95577703",SPRF-PB,DEL01-PB,UOP02-DEL01-PB
415224.0,2021-12-30,quinta-feira,08:40:00,PB,230,"17,5",JOAO PESSOA,Pista Escorregadia,Tombamento,Com Vítimas Feridas,Pleno dia,Decrescente,Garoa/Chuvisco,Dupla,Reta,Sim,1,0,0,1,0,0,1,1,"-7,1121","-34,8426",SPRF-PB,DEL01-PB,UOP01-DEL01-PB
424111.0,2021-12-26,domingo,05:30:00,PB,230,"447,1",APARECIDA,Ausência de reação do condutor,Saída de leito carroçável,Com Vítimas Feridas,Pleno dia,Decrescente,Chuva,Simples,Curva,Não,2,0,1,1,0,0,2,1,"-6,786","-38,085",SPRF-PB,DEL03-PB,UOP03-DEL03-PB
446921.0,2021-07-03,sábado,19:30:00,PB,361,5,PATOS,Condutor deixou de manter distância do veículo da frente,Colisão traseira,Com Vítimas Feridas,Anoitecer,Decrescente,Chuva,Simples,Declive,Sim,2,0,0,1,0,1,1,2,"-7,0342983","-37,30232718",SPRF-PB,DEL03-PB,UOP01-DEL03-PB
559952.0,2021-10-23,sábado,16:45:00,PB,230,"48,2",SANTA RITA,Avarias e/ou desgaste excessivo no pneu,Tombamento,Com Vítimas Feridas,Pleno dia,Crescente,Céu Claro,Dupla,Reta,Não,2,0,2,0,0,0,2,1,"-7,1776464","-35,04486104",SPRF-PB,DEL01-PB,UOP03-DEL01-PB
576956.0,2021-01-25,segunda-feira,00:40:00,PB,101,85,BAYEUX,Ingestão de álcool pelo condutor,Colisão com objeto,Sem Vítimas,Plena Noite,Crescente,Céu Claro,Dupla,Reta,Sim,2,0,0,0,1,1,0,2,"-7,14090065","-34,92186248",SPRF-PB,DEL01-PB,UOP01-DEL01-PB
576957.0,2021-01-31,domingo,18:10:00,PB,101,87,JOAO PESSOA,Ingestão de álcool pelo condutor,Saída de leito carroçável,Sem Vítimas,Plena Noite,Crescente,Céu Claro,Dupla,Reta,Sim,1,0,0,0,1,0,0,1,"-7,15675752","-34,90710681",SPRF-PB,DEL01-PB,UOP01-DEL01-PB
576970.0,2021-01-12,terça-feira,20:30:00,PB,230,25,JOAO PESSOA,Ingestão de álcool pelo condutor,Colisão transversal,Sem Vítimas,Plena Noite,Crescente,Nublado,Dupla,Reta,Sim,3,0,0,0,2,1,0,3,"-7,17048386","-34,86956477",SPRF-PB,DEL01-PB,UOP01-DEL01-PB
260356.0,2020-01-02,quinta-feira,13:00:00,PB,230,132,CAMPINA GRANDE,Condutor Dormindo,Colisão traseira,Com Vítimas Feridas,Pleno dia,Crescente,Céu Claro,Dupla,Reta,Não,2,0,1,0,1,0,1,2,"-7,2774","-35,7367",SPRF-PB,DEL02-PB,UOP01-DEL02-PB
261324.0,2020-01-07,terça-feira,08:50:00,PB,230,"137,6",CAMPINA GRANDE,Não guardar distância de segurança,Colisão lateral,Com Vítimas Feridas,Pleno dia,Crescente,Céu Claro,Dupla,Declive;Curva,Não,4,0,1,0,3,0,1,2,"-7,2766","-35,7739",SPRF-PB,DEL02-PB,UOP01-DEL02-PB
261417.0,2020-01-07,terça-feira,19:30:00,PB,412,"53,5",SAO JOAO DO CARIRI,Falta de Atenção à Condução,Colisão traseira,Com Vítimas Fatais,Plena Noite,Decrescente,Chuva,Simples,Aclive,Não,6,2,1,2,1,0,3,2,"-7,36929","-36,51078",SPRF-PB,DEL02-PB,UOP02-DEL02-PB
261433.0,2020-01-08,quarta-feira,05:00:00,PB,101,"14,9",MAMANGUAPE,Condutor Dormindo,Saída de leito carroçável,Com Vítimas Feridas,Pleno dia,Decrescente,Céu Claro,Dupla,Reta,Não,2,0,1,0,0,1,1,2,"-6,61713815","-35,13803934",SPRF-PB,DEL01-PB,UOP04-DEL01-PB
261509.0,2020-01-08,quarta-feira,13:15:00,PB,230,"19,3",JOAO PESSOA,Falta de Atenção à Condução,Colisão lateral,Sem Vítimas,Pleno dia,Decrescente,Nublado,Dupla,Declive,Sim,3,0,0,0,1,3,0,4,"-7,1281","-34,8466",SPRF-PB,DEL01-PB,UOP01-DEL01-PB
262085.0,2020-01-11,sábado,08:30:00,PB,101,"110,8",ALHANDRA,Falta de Atenção à Condução,Colisão lateral,Sem Vítimas,Pleno dia,Decrescente,Céu Claro,Dupla,Retorno Regulamentado,Não,3,0,0,0,1,2,0,3,"-7,35255626","-34,94940909",SPRF-PB,DEL01-PB,UOP01-DEL01-PB
262301.0,2020-01-12,domingo,10:50:00,PB,101,88,JOAO PESSOA,Não guardar distância de segurança,Colisão traseira,Com Vítimas Feridas,Pleno dia,Crescente,Céu Claro,Dupla,Reta,Sim,3,0,0,1,1,1,1,3,"-7,16568879","-34,89652818",SPRF-PB,DEL01-PB,UOP01-DEL01-PB
263955.0,2020-01-20,segunda-feira,05:50:00,PB,101,82,BAYEUX,Defeito Mecânico no Veículo,Colisão com objeto estático,Com Vítimas Feridas,Pleno dia,Decrescente,Céu Claro,Dupla,Viaduto,Sim,1,0,1,0,0,0,1,1,"-7,12911","-34,93714",SPRF-PB,DEL01-PB,UOP01-DEL01-PB
264534.0,2020-01-23,quinta-feira,01:15:00,PB,230,"190,4",POCINHOS,Condutor Dormindo,Saída de leito carroçável,Sem Vítimas,Plena Noite,Crescente,Nublado,Simples,Ponte,Não,1,0,0,0,1,0,0,1,"-7,1361","-36,153",SPRF-PB,DEL02-PB,UOP02-DEL02-PB
265022.0,2020-01-25,sábado,09:30:00,PB,361,"23,7",SANTA TERESINHA,Desobediência às normas de trânsito pelo condutor,Colisão frontal,Com Vítimas Fatais,Pleno dia,Decrescente,Nublado,Simples,Viaduto,Não,3,1,0,0,2,0,0,2,"-7,08514847","-37,44811299",SPRF-PB,DEL03-PB,UOP01-DEL03-PB
266039.0,2020-01-30,quinta-feira,17:30:00,PB,230,"152,2",CAMPINA GRANDE,Defeito Mecânico no Veículo,Colisão com objeto estático,Sem Vítimas,Pleno dia,Crescente,Céu Claro,Simples,Reta;Aclive,Sim,2,0,0,0,1,1,0,2,"-7,2688","-35,8837",SPRF-PB,DEL02-PB,UOP01-DEL02-PB
266362.0,2020-02-01,sábado,07:40:00,PB,412,"87,8",SERRA BRANCA,Defeito Mecânico no Veículo,Tombamento,Com Vítimas Feridas,Pleno dia,Decrescente,Sol,Simples,Curva;Declive,Não,3,0,3,0,0,0,3,1,"-7,546424","-36,744965",SPRF-PB,DEL02-PB,UOP02-DEL02-PB
266409.0,2020-02-01,sábado,14:20:00,PB,230,22,JOAO PESSOA,Falta de Atenção à Condução,Colisão traseira,Com Vítimas Feridas,Pleno dia,Crescente,Céu Claro,Dupla,Reta,Não,4,0,2,0,2,0,2,2,"-7,1495","-34,8517",SPRF-PB,DEL01-PB,UOP01-DEL01-PB
266857.0,2020-02-03,segunda-feira,09:30:00,PB,104,"185,9",ALCANTIL,Velocidade Incompatível,Tombamento,Com Vítimas Feridas,Pleno dia,Decrescente,Céu Claro,Simples,Curva,Não,3,0,0,2,0,3,2,4,"-7,68026048","-36,06058259",SPRF-PB,DEL02-PB,UOP03-DEL02-PB
267025.0,2020-02-04,terça-feira,10:50:00,PB,101,101,ALHANDRA,Falta de Atenção à Condução,Colisão traseira,Com Vítimas Feridas,Pleno dia,Crescente,Céu Claro,Dupla,Reta,Não,3,0,1,0,2,0,1,2,"-7,27367006","-34,93816262",SPRF-PB,DEL01-PB,UOP01-DEL01-PB
267096.0,2020-02-04,terça-feira,18:05:00,PB,101,"87,9",JOAO PESSOA,Desobediência às normas de trânsito pelo condutor,Colisão lateral,Sem Vítimas,Plena Noite,Decrescente,Céu Claro,Dupla,Reta,Não,2,0,0,0,2,0,0,2,"-7,1651","-34,8941",SPRF-PB,DEL01-PB,UOP01-DEL01-PB
267227.0,2020-02-05,quarta-feira,08:05:00,PB,101,"91,5",JOAO PESSOA,Não guardar distância de segurança,Colisão traseira,Com Vítimas Feridas,Pleno dia,Crescente,Céu Claro,Dupla,Reta,Sim,3,0,0,1,2,0,1,2,"-7,18826412","-34,90308264",SPRF-PB,DEL01-PB,UOP01-DEL01-PB
267365.0,2020-02-05,quarta-feira,20:30:00,PB,230,"457,4",SOUSA,Condutor Dormindo,Saída de leito carroçável,Com Vítimas Feridas,Plena Noite,Decrescente,Céu Claro,Simples,Reta,Não,1,0,1,0,0,0,1,1,"-6,7784","-38,1731",SPRF-PB,DEL03-PB,UOP03-DEL03-PB
267501.0,2020-02-06,quinta-feira,11:20:00,PB,0,0,QUEIMADAS,Sinalização da via insuficiente ou inadequada,Colisão lateral,Sem Vítimas,Pleno dia,Não Informado,Sol,Simples,Interseção de Vias,Sim,2,0,0,0,2,0,0,2,"-7,36116095","-35,90230617",SPRF-PB,DEL02-PB,UOP01-DEL02-PB
267610.0,2020-02-06,quinta-feira,19:00:00,PB,101,98,CONDE,Desobediência às normas de trânsito pelo condutor,Colisão transversal,Sem Vítimas,Plena Noite,Decrescente,Céu Claro,Dupla,Reta,Sim,6,0,0,0,2,4,0,4,"-7,24692282","-34,93113937",SPRF-PB,DEL01-PB,UOP01-DEL01-PB
268787.0,2020-02-12,quarta-feira,06:30:00,PB,104,"77,9",REMIGIO,Falta de Atenção à Condução,Saída de leito carroçável,Com Vítimas Feridas,Pleno dia,Decrescente,Céu Claro,Simples,Declive,Não,1,0,1,0,0,0,1,1,"-6,91063271","-35,8649079",SPRF-PB,DEL02-PB,UOP04-DEL02-PB