id,data_inversa,dia_semana,horario,uf,br,km,municipio,causa_acidente,tipo_acidente,classificacao_acidente,fase_dia,sentido_via,condicao_metereologica,tipo_pista,tracado_via,uso_solo,pessoas,mortos,feridos_leves,feridos_graves,ilesos,ignorados,feridos,veiculos,latitude,longitude,regional,delegacia,uop
269143.0,2020-02-14,sexta-feira,10:40:00,PB,101,"91,8",JOAO PESSOA,Velocidade Incompatível,Colisão traseira,Com Vítimas Fatais,Pleno dia,Crescente,Céu Claro,Dupla,Reta,Sim,2,1,0,0,0,1,0,2,"-7,18826412","-34,90308264",SPRF-PB,DEL01-PB,UOP01-DEL01-PB
269403.0,2020-02-15,sábado,12:15:00,PB,230,"16,3",JOAO PESSOA,Não guardar distância de segurança,Engavetamento,Com Vítimas Feridas,Pleno dia,Crescente,Céu Claro,Dupla,Declive;Reta,Sim,4,0,1,0,2,2,1,5,"-7,1039","-34,8458",SPRF-PB,DEL01-PB,UOP01-DEL01-PB
269889.0,2020-02-10,segunda-feira,04:15:00,PB,230,"99,9",GURINHEM,Não guardar distância de segurança,Colisão traseira,Com Vítimas Feridas,Plena Noite,Decrescente,Céu Claro,Dupla,Declive,Não,5,0,1,3,1,0,4,2,"-7,1911","-35,4716",SPRF-PB,DEL01-PB,UOP03-DEL01-PB
270819.0,2020-02-21,sexta-feira,20:50:00,PB,101,81,BAYEUX,Falta de Atenção à Condução,Colisão traseira,Com Vítimas Feridas,Plena Noite,Crescente,Céu Claro,Dupla,Rotatória,Sim,4,0,1,0,3,0,1,2,"-7,12681145","-34,94179314",SPRF-PB,DEL01-PB,UOP01-DEL01-PB
270854.0,2020-02-22,sábado,02:00:00,PB,101,"11,3",MAMANGUAPE,Falta de Atenção do Pedestre,Atropelamento de Pedestre,Com Vítimas Feridas,Plena Noite,Crescente,Céu Claro,Dupla,Reta,Sim,2,0,0,1,0,1,1,2,"-6,59256898","-35,14508356",SPRF-PB,DEL01-PB,UOP04-DEL01-PB
272957.0,2020-03-03,terça-feira,02:20:00,PB,230,"114,1",INGA,Condutor Dormindo,Saída de leito carroçável,Com Vítimas Feridas,Plena Noite,Crescente,Nublado,Dupla,Curva,Não,1,0,1,0,0,0,1,1,"-7,2215","-35,5969",SPRF-PB,DEL01-PB,UOP03-DEL01-PB
273041.0,2020-03-03,terça-feira,12:40:00,PB,101,"9,6",MAMANGUAPE,Defeito Mecânico no Veículo,Colisão com objeto estático,Sem Vítimas,Pleno dia,Decrescente,Sol,Dupla,Reta,Não,1,0,0,0,1,0,0,1,"-6,57453301","-35,14429822",SPRF-PB,DEL01-PB,UOP04-DEL01-PB
273168.0,2020-03-04,quarta-feira,08:45:00,PB,230,28,JOAO PESSOA,Velocidade Incompatível,Colisão traseira,Com Vítimas Feridas,Pleno dia,Decrescente,Céu Claro,Múltipla,Reta;Interseção de Vias,Sim,2,0,1,0,1,0,1,2,"-7,1651","-34,8941",SPRF-PB,DEL01-PB,UOP01-DEL01-PB
273393.0,2020-03-05,quinta-feira,13:20:00,PB,101,"97,3",ALHANDRA,Desobediência às normas de trânsito pelo condutor,Colisão traseira,Com Vítimas Feridas,Pleno dia,Crescente,Céu Claro,Dupla,Reta,Sim,3,0,2,0,1,0,2,2,"-7,22098591","-34,91460979",SPRF-PB,DEL01-PB,UOP01-DEL01-PB
274327.0,2020-03-09,segunda-feira,16:30:00,PB,230,"405,7",POMBAL,Desobediência às normas de trânsito pelo condutor,Colisão lateral,Com Vítimas Feridas,Anoitecer,Crescente,Céu Claro,Simples,Reta,Sim,2,0,0,1,1,0,1,2,"-6,7888","-37,7923",SPRF-PB,DEL03-PB,UOP02-DEL03-PB
274368.0,2020-03-09,segunda-feira,18:35:00,PB,101,109,ALHANDRA,Não guardar distância de segurança,Saída de leito carroçável,Com Vítimas Feridas,Plena Noite,Decrescente,Céu Claro,Múltipla,Reta,Sim,2,0,0,1,0,1,1,2,"-7,34361299","-34,94797909",SPRF-PB,DEL01-PB,UOP01-DEL01-PB
274458.0,2020-03-10,terça-feira,10:45:00,PB,230,"39,8",SANTA RITA,Defeito Mecânico no Veículo,Danos eventuais,Sem Vítimas,Pleno dia,Crescente,Sol,Dupla,Aclive,Não,1,0,0,0,1,0,0,1,"-7,1381","-34,9707",SPRF-PB,DEL01-PB,UOP03-DEL01-PB
274987.0,2020-03-12,quinta-feira,22:10:00,PB,230,"200,1",POCINHOS,Ingestão de Álcool,Colisão com objeto estático,Sem Vítimas,Plena Noite,Decrescente,Chuva,Simples,Reta,Não,2,0,0,0,2,0,0,1,"-7,1037","-36,2363",SPRF-PB,DEL02-PB,UOP02-DEL02-PB
275297.0,2020-03-14,sábado,07:45:00,PB,230,"473,3",SOUSA,Desobediência às normas de trânsito pelo condutor,Colisão com objeto estático,Com Vítimas Fatais,Pleno dia,Decrescente,Céu Claro,Simples,Reta,Não,8,1,4,1,2,0,5,4,"-6,8131","-38,31",SPRF-PB,DEL03-PB,UOP03-DEL03-PB
276299.0,2020-03-19,quinta-feira,04:45:00,PB,230,"190,3",POCINHOS,Condutor Dormindo,Colisão com objeto estático,Sem Vítimas,Amanhecer,Decrescente,Nublado,Simples,Reta,Não,1,0,0,0,1,0,0,1,"-7,1361","-36,153",SPRF-PB,DEL02-PB,UOP02-DEL02-PB
277178.0,2020-03-25,quarta-feira,18:00:00,PB,104,"133,5",QUEIMADAS,Avarias e/ou desgaste excessivo no pneu,Colisão frontal,Com Vítimas Feridas,Plena Noite,Decrescente,Chuva,Simples,Reta,Sim,3,0,2,0,1,0,2,2,"-7,31674795","-35,89500926",SPRF-PB,DEL02-PB,UOP03-DEL02-PB
277215.0,2020-03-26,quinta-feira,03:50:00,PB,101,"126,6",CAAPORA,Falta de Atenção do Pedestre,Atropelamento de Pedestre,Com Vítimas Feridas,Plena Noite,Crescente,Nublado,Dupla,Reta,Não,2,0,1,0,1,0,1,2,"-7,48484909","-34,98096868",SPRF-PB,DEL01-PB,UOP01-DEL01-PB
278406.0,2020-03-19,quinta-feira,04:30:00,PB,230,"334,2",PATOS,Restrição de Visibilidade,Saída de leito carroçável,Sem Vítimas,Amanhecer,Decrescente,Chuva,Dupla,Rotatória,Sim,1,0,0,0,1,0,0,1,"-7,018","-37,2589",SPRF-PB,DEL03-PB,UOP01-DEL03-PB
278812.0,2020-04-07,terça-feira,17:15:00,PB,230,"18,8",JOAO PESSOA,Carga excessiva e/ou mal acondicionada,Derramamento de carga,Com Vítimas Feridas,Anoitecer,Crescente,Céu Claro,Dupla,Declive;Curva,Não,2,0,0,1,1,0,1,2,"-7,12638561","-34,84553033",SPRF-PB,DEL01-PB,UOP01-DEL01-PB
278816.0,2020-02-22,sábado,15:45:00,PB,230,"277,1",SANTA LUZIA,Ingestão de Álcool,Colisão frontal,Com Vítimas Feridas,Pleno dia,Decrescente,Céu Claro,Simples,Aclive,Não,3,0,0,1,2,0,1,3,"-6,958539","-36,838003",SPRF-PB,DEL03-PB,UOP01-DEL03-PB
279779.0,2020-02-20,quinta-feira,20:30:00,PB,230,216,SOLEDADE,Defeito Mecânico no Veículo,Colisão transversal,Sem Vítimas,Plena Noite,Crescente,Vento,Dupla,Reta,Sim,2,0,0,0,2,0,0,2,"-7,0562","-36,3681",SPRF-PB,DEL02-PB,UOP02-DEL02-PB
279800.0,2020-04-14,terça-feira,13:20:00,PB,101,"88,9",JOAO PESSOA,Desobediência às normas de trânsito pelo condutor,Colisão traseira,Com Vítimas Feridas,Pleno dia,Crescente,Céu Claro,Dupla,Reta,Sim,4,0,1,0,1,2,1,4,"-7,16470016","-34,89993643",SPRF-PB,DEL01-PB,UOP01-DEL01-PB
281159.0,2020-03-16,segunda-feira,14:15:00,PB,230,"173,1",CAMPINA GRANDE,Ultrapassagem Indevida,Colisão traseira,Com Vítimas Feridas,Pleno dia,Decrescente,Nublado,Simples,Declive,Não,9,0,2,0,5,5,2,11,"-7,1796","-36,0075",SPRF-PB,DEL02-PB,UOP02-DEL02-PB
281195.0,2020-04-24,sexta-feira,10:30:00,PB,230,42,SANTA RITA,Desobediência às normas de trânsito pelo condutor,Engavetamento,Com Vítimas Feridas,Pleno dia,Crescente,Céu Claro,Múltipla,Interseção de Vias;Curva,Não,3,0,1,0,2,0,1,3,"-7,1426","-34,9956",SPRF-PB,DEL01-PB,UOP03-DEL01-PB
281785.0,2020-04-27,segunda-feira,20:15:00,PB,101,112,ALHANDRA,Defeito Mecânico no Veículo,Incêndio,Sem Vítimas,Plena Noite,Decrescente,Céu Claro,Dupla,Aclive;Reta,Não,2,0,0,0,2,0,0,1,"-7,36987092","-34,95429127",SPRF-PB,DEL01-PB,UOP01-DEL01-PB
282247.0,2020-05-01,sexta-feira,02:00:00,PB,101,96,ALHANDRA,Condutor Dormindo,Saída de leito carroçável,Com Vítimas Feridas,Plena Noite,Crescente,Chuva,Simples,Reta,Não,2,0,1,0,1,0,1,1,"-7,230921","-34,921149",SPRF-PB,DEL01-PB,UOP01-DEL01-PB
282672.0,2020-05-03,domingo,19:50:00,PB,230,"223,3",SOLEDADE,Desobediência às normas de trânsito pelo condutor,Colisão frontal,Com Vítimas Fatais,Plena Noite,Crescente,Céu Claro,Simples,Reta,Não,2,1,0,0,0,1,0,2,"-7,0385","-36,4237",SPRF-PB,DEL02-PB,UOP02-DEL02-PB
283483.0,2020-05-08,sexta-feira,18:35:00,PB,230,"155,6",CAMPINA GRANDE,Ingestão de Álcool,Engavetamento,Com Vítimas Feridas,Plena Noite,Crescente,Nublado,Simples,Reta,Sim,8,0,2,0,5,2,2,6,"-7,274415","-35,906603",SPRF-PB,DEL02-PB,UOP01-DEL02-PB
283624.0,2020-05-09,sábado,18:10:00,PB,230,"83,9",CALDAS BRANDAO,Velocidade Incompatível,Colisão traseira,Com Vítimas Feridas,Plena Noite,Decrescente,Céu Claro,Dupla,Interseção de Vias;Reta,Sim,2,0,1,0,1,0,1,2,"-7,16795107","-35,35158777",SPRF-PB,DEL01-PB,UOP03-DEL01-PB
283985.0,2020-05-11,segunda-feira,18:40:00,PB,230,"507,6",CAJAZEIRAS,Desobediência às normas de trânsito pelo condutor,Colisão frontal,Com Vítimas Fatais,Plena Noite,Crescente,Céu Claro,Simples,Curva,Sim,3,1,0,0,1,1,0,3,"-6,8914918","-38,58308315",SPRF-PB,DEL03-PB,UOP03-DEL03-PB
284028.0,2020-05-12,terça-feira,00:31:00,PB,230,"35,8",SANTA RITA,Velocidade Incompatível,Tombamento,Com Vítimas Fatais,Plena Noite,Crescente,Chuva,Dupla,Curva,Sim,5,2,2,0,0,1,2,2,"-7,12367438","-34,94531116",SPRF-PB,DEL01-PB,UOP01-DEL01-PB
284226.0,2020-05-13,quarta-feira,10:25:00,PB,101,"58,3",SANTA RITA,Ingestão de Substâncias Psicoativas,Atropelamento de Pedestre,Com Vítimas Fatais,Pleno dia,Decrescente,Nublado,Dupla,Reta,Não,2,1,0,0,1,0,0,2,"-6,98955898","-35,0712347",SPRF-PB,DEL01-PB,UOP04-DEL01-PB
285122.0,2020-05-18,segunda-feira,15:35:00,PB,101,77,SANTA RITA,Defeito Mecânico no Veículo,Incêndio,Sem Vítimas,Pleno dia,Decrescente,Céu Claro,Dupla,Reta,Não,2,0,0,0,1,1,0,2,"-7,09947194","-34,96574283",SPRF-PB,DEL01-PB,UOP04-DEL01-PB
285525.0,2020-05-21,quinta-feira,10:15:00,PB,230,25,JOAO PESSOA,Falta de Atenção à Condução,Colisão transversal,Com Vítimas Feridas,Pleno dia,Crescente,Céu Claro,Simples,Viaduto,Sim,4,0,1,0,2,1,1,3,"-7,1707","-34,8684",SPRF-PB,DEL01-PB,UOP01-DEL01-PB
286193.0,2020-05-24,domingo,21:40:00,PB,101,"62,9",SANTA RITA,Carga excessiva e/ou mal acondicionada,Incêndio,Sem Vítimas,Plena Noite,Decrescente,Chuva,Dupla,Declive;Curva,Não,1,0,0,0,1,0,0,1,"-7,01841896","-35,06178838",SPRF-PB,DEL01-PB,UOP04-DEL01-PB
286211.0,2020-05-24,domingo,22:00:00,PB,116,9,CACHOEIRA DOS INDIOS,Velocidade Incompatível,Saída de leito carroçável,Com Vítimas Feridas,Plena Noite,Decrescente,Chuva,Simples,Curva;Declive,Não,2,0,0,2,0,0,2,1,"-6,970903","-38,734009",SPRF-CE,DEL05-CE,UOP03-DEL05-CE
286804.0,2020-05-28,quinta-feira,13:05:00,PB,230,145,CAMPINA GRANDE,Falta de Atenção à Condução,Tombamento,Com Vítimas Feridas,Pleno dia,Decrescente,Céu Claro,Dupla,Curva;Aclive;Rotatória,Não,2,0,1,0,0,2,1,3,"-7,2512","-35,8399",SPRF-PB,DEL02-PB,UOP01-DEL02-PB
286903.0,2020-05-29,sexta-feira,00:30:00,PB,101,"100,3",CONDE,Falta de Atenção à Condução,Saída de leito carroçável,Sem Vítimas,Plena Noite,Decrescente,Nublado,Dupla,Reta;Aclive,Não,1,0,0,0,1,0,0,1,"-7,26469806","-34,93677965",SPRF-PB,DEL01-PB,UOP01-DEL01-PB
286996.0,2020-05-29,sexta-feira,15:50:00,PB,101,105,ALHANDRA,Falta de Atenção à Condução,Colisão traseira,Com Vítimas Feridas,Pleno dia,Crescente,Céu Claro,Simples,Reta,Não,2,0,1,0,1,0,1,2,"-7,30814609","-34,94344185",SPRF-PB,DEL01-PB,UOP01-DEL01-PB
287174.0,2020-05-30,sábado,15:40:00,PB,101,"123,5",CAAPORA,Defeito Mecânico no Veículo,Saída de leito carroçável,Com Vítimas Feridas,Pleno dia,Crescente,Sol,Dupla,Aclive;Reta,Não,2,0,1,0,0,1,1,2,"-7,45909075","-34,98049935",SPRF-PB,DEL01-PB,UOP01-DEL01-PB
287744.0,2020-06-02,terça-feira,13:08:00,PB,104,93,ESPERANCA,Falta de Atenção à Condução,Colisão traseira,Sem Vítimas,Pleno dia,Decrescente,Nublado,Simples,Reta;Declive,Não,2,0,0,0,1,1,0,2,"-6,99505412","-35,83569282",SPRF-PB,DEL02-PB,UOP04-DEL02-PB
288005.0,2020-06-04,quinta-feira,04:20:00,PB,230,"114,3",INGA,Condutor Dormindo,Saída de leito carroçável,Com Vítimas Feridas,Plena Noite,Decrescente,Céu Claro,Dupla,Reta,Não,1,0,0,1,0,0,1,1,"-7,2215","-35,5969",SPRF-PB,DEL01-PB,UOP03-DEL01-PB
288047.0,2020-06-04,quinta-feira,09:40:00,PB,101,"89,2",JOAO PESSOA,Carga excessiva e/ou mal acondicionada,Derramamento de carga,Com Vítimas Feridas,Pleno dia,Decrescente,Sol,Dupla,Reta,Sim,2,0,1,0,0,1,1,2,"-7,1758894","-34,8987245",SPRF-PB,DEL01-PB,UOP01-DEL01-PB
288629.0,2020-06-07,domingo,06:41:00,PB,230,137,CAMPINA GRANDE,Condutor Dormindo,Saída de leito carroçável,Com Vítimas Feridas,Pleno dia,Decrescente,Céu Claro,Dupla,Reta,Não,2,0,1,0,0,1,1,2,"-7,2766","-35,7739",SPRF-PB,DEL02-PB,UOP01-DEL02-PB
288837.0,2020-06-08,segunda-feira,07:45:00,PB,230,22,JOAO PESSOA,Não guardar distância de segurança,Engavetamento,Com Vítimas Feridas,Pleno dia,Decrescente,Céu Claro,Dupla,Reta,Sim,6,0,1,0,5,0,1,6,"-7,1495","-34,8517",SPRF-PB,DEL01-PB,UOP01-DEL01-PB
288912.0,2020-06-08,segunda-feira,13:45:00,PB,230,"17,9",JOAO PESSOA,Não guardar distância de segurança,Colisão traseira,Sem Vítimas,Pleno dia,Crescente,Sol,Dupla,Declive;Reta,Sim,2,0,0,0,2,0,0,2,"-7,1121","-34,8426",SPRF-PB,DEL01-PB,UOP01-DEL01-PB
289409.0,2020-06-11,quinta-feira,05:40:00,PB,101,69,SANTA RITA,Condutor Dormindo,Saída de leito carroçável,Sem Vítimas,Amanhecer,Crescente,Garoa/Chuvisco,Dupla,Reta,Não,2,0,0,0,1,1,0,2,"-7,06071589","-35,01964495",SPRF-PB,DEL01-PB,UOP04-DEL01-PB
289589.0,2020-06-12,sexta-feira,09:35:00,PB,230,21,JOAO PESSOA,Não guardar distância de segurança,Engavetamento,Com Vítimas Feridas,Pleno dia,Decrescente,Céu Claro,Dupla,Reta,Não,5,0,1,0,4,0,1,4,"-7,1415","-34,8519",SPRF-PB,DEL01-PB,UOP01-DEL01-PB
289720.0,2020-06-12,sexta-feira,22:20:00,PB,230,"248,9",JUAZEIRINHO,Ingestão de Álcool,Colisão frontal,Com Vítimas Fatais,Plena Noite,Decrescente,Nublado,Simples,Reta,Não,3,1,0,0,1,1,0,3,"-7,0686","-36,6346",SPRF-PB,DEL02-PB,UOP02-DEL02-PB
289733.0,2020-06-12,sexta-feira,20:25:00,PB,0,0,POMBAL,Velocidade Incompatível,Colisão com objeto estático,Sem Vítimas,Plena Noite,Não Informado,Ignorado,Simples,Reta,Sim,5,0,0,0,4,1,0,3,"-6,767634","-37,792267",SPRF-PB,DEL03-PB,UOP02-DEL03-PB
289930.0,2020-06-14,domingo,06:50:00,PB,116,2,CACHOEIRA DOS INDIOS,Falta de Atenção à Condução,Colisão transversal,Sem Vítimas,Pleno dia,Crescente,Sol,Simples,Reta,Não,3,0,0,0,1,2,0,3,"-6,91418","-38,728508",SPRF-CE,DEL05-CE,UOP03-DEL05-CE
290187.0,2020-06-15,segunda-feira,18:20:00,PB,101,"82,2",BAYEUX,Restrição de Visibilidade,Colisão transversal,Com Vítimas Feridas,Plena Noite,Crescente,Céu Claro,Dupla,Reta,Sim,4,0,2,0,1,1,2,3,"-7,12911","-34,93714",SPRF-PB,DEL01-PB,UOP01-DEL01-PB
290793.0,2020-06-19,sexta-feira,11:45:00,PB,101,"122,4",CAAPORA,Falta de Atenção à Condução,Saída de leito carroçável,Sem Vítimas,Pleno dia,Crescente,Chuva,Dupla,Declive;Reta,Não,2,0,0,0,1,2,0,3,"-7,45038197","-34,97994215",SPRF-PB,DEL01-PB,UOP02-DEL01-PB
290900.0,2020-06-19,sexta-feira,18:00:00,PB,230,"268,2",JUNCO DO SERIDO,Desobediência às normas de trânsito pelo condutor,Colisão frontal,Com Vítimas Feridas,Anoitecer,Decrescente,Chuva,Simples,Reta,Não,5,0,1,1,1,2,2,3,"-6,9674","-36,764",SPRF-PB,DEL03-PB,UOP01-DEL03-PB
291312.0,2020-06-21,domingo,22:15:00,PB,101,"12,9",MAMANGUAPE,Defeito Mecânico no Veículo,Colisão com objeto estático,Sem Vítimas,Plena Noite,Decrescente,Céu Claro,Dupla,Curva;Declive,Não,2,0,0,0,1,1,0,2,"-6,60110408","-35,14339905",SPRF-PB,DEL01-PB,UOP04-DEL01-PB
291499.0,2020-06-22,segunda-feira,22:45:00,PB,101,108,ALHANDRA,Não guardar distância de segurança,Colisão lateral,Com Vítimas Feridas,Plena Noite,Crescente,Céu Claro,Múltipla,Reta,Não,2,0,1,0,0,1,1,2,"-7,33454898","-34,94758056",SPRF-PB,DEL01-PB,UOP02-DEL01-PB
291555.0,2020-06-23,terça-feira,11:00:00,PB,101,"86,7",BAYEUX,Não guardar distância de segurança,Colisão traseira,Com Vítimas Feridas,Pleno dia,Decrescente,Céu Claro,Dupla,Reta,Sim,2,0,1,0,1,0,1,2,"-7,15118983","-34,91012184",SPRF-PB,DEL01-PB,UOP01-DEL01-PB
291653.0,2020-06-24,quarta-feira,01:00:00,PB,230,"38,5",SANTA RITA,Deficiência ou não Acionamento do Sistema de Iluminação/Sinalização do Veículo,Colisão traseira,Com Vítimas Feridas,Plena Noite,Decrescente,Céu Claro,Dupla,Aclive,Não,2,0,1,0,0,1,1,2,"-7,1414","-34,9778",SPRF-PB,DEL01-PB,UOP03-DEL01-PB
291964.0,2020-06-25,quinta-feira,22:30:00,PB,230,"275,5",SANTA LUZIA,Falta de Atenção à Condução,Tombamento,Com Vítimas Feridas,Plena Noite,Crescente,Céu Claro,Simples,Curva,Não,2,0,1,0,0,1,1,2,"-6,954","-36,8259",SPRF-PB,DEL03-PB,UOP01-DEL03-PB
292163.0,2020-06-26,sexta-feira,22:10:00,PB,230,"49,5",SANTA RITA,Sinalização da via insuficiente ou inadequada,Tombamento,Com Vítimas Feridas,Plena Noite,Decrescente,Nublado,Dupla,Em Obras;Reta,Não,1,0,1,0,0,0,1,1,"-7,18401336","-35,05368233",SPRF-PB,DEL01-PB,UOP03-DEL01-PB
293044.0,2020-07-02,quinta-feira,04:45:00,PB,230,"84,3",CALDAS BRANDAO,Falta de Atenção à Condução,Colisão traseira,Com Vítimas Feridas,Amanhecer,Crescente,Céu Claro,Dupla,Interseção de Vias,Não,3,0,1,0,0,2,1,3,"-7,16571491","-35,35465837",SPRF-PB,DEL01-PB,UOP03-DEL01-PB
293269.0,2020-07-03,sexta-feira,14:00:00,PB,230,204,SOLEDADE,Falta de Atenção à Condução,Colisão lateral,Com Vítimas Feridas,Pleno dia,Decrescente,Céu Claro,Simples,Reta,Não,6,0,1,0,3,2,1,4,"-7,0932","-36,2743",SPRF-PB,DEL02-PB,UOP02-DEL02-PB
293385.0,2020-07-04,sábado,04:45:00,PB,230,155,CAMPINA GRANDE,Desobediência às normas de trânsito pelo condutor,Colisão frontal,Com Vítimas Feridas,Amanhecer,Crescente,Céu Claro,Simples,Reta,Sim,3,0,0,1,2,0,1,3,"-7,2748","-35,9058",SPRF-PB,DEL02-PB,UOP01-DEL02-PB
294071.0,2020-07-07,terça-feira,14:20:00,PB,230,176,POCINHOS,Desobediência às normas de trânsito pelo condutor,Colisão transversal,Com Vítimas Feridas,Pleno dia,Crescente,Céu Claro,Simples,Declive,Não,3,0,0,1,1,1,1,3,"-7,1733","-36,0333",SPRF-PB,DEL02-PB,UOP02-DEL02-PB
294699.0,2020-07-10,sexta-feira,23:40:00,PB,101,"118,2",CAAPORA,Deficiência ou não Acionamento do Sistema de Iluminação/Sinalização do Veículo,Colisão traseira,Com Vítimas Feridas,Plena Noite,Decrescente,Céu Claro,Dupla,Reta;Aclive,Não,5,0,1,2,1,1,3,3,"-7,424027","-34,963537",SPRF-PB,DEL01-PB,UOP02-DEL01-PB
294800.0,2020-07-11,sábado,14:20:00,PB,101,68,SANTA RITA,Falta de Atenção à Condução,Colisão traseira,Com Vítimas Feridas,Pleno dia,Decrescente,Chuva,Dupla,Reta,Não,5,0,1,0,3,1,1,4,"-7,05686225","-35,02780412",SPRF-PB,DEL01-PB,UOP04-DEL01-PB
294828.0,2020-07-11,sábado,18:41:00,PB,101,"93,9",JOAO PESSOA,Ingestão de Álcool,Colisão lateral,Com Vítimas Fatais,Anoitecer,Decrescente,Chuva,Dupla,Reta,Não,3,1,1,0,1,0,1,2,"-7,205825","-34,90879",SPRF-PB,DEL01-PB,UOP02-DEL01-PB
295742.0,2020-07-16,quinta-feira,18:13:00,PB,104,20,CUITE,Desobediência às normas de trânsito pelo condutor,Colisão frontal,Com Vítimas Fatais,Anoitecer,Decrescente,Céu Claro,Simples,Reta,Não,3,1,0,0,2,0,0,2,"-6,56635711","-36,13582142",SPRF-PB,DEL02-PB,UOP04-DEL02-PB
295849.0,2020-07-17,sexta-feira,10:20:00,PB,361,28,SANTA TERESINHA,Falta de Atenção à Condução,Colisão transversal,Com Vítimas Fatais,Pleno dia,Crescente,Céu Claro,Simples,Reta,Não,2,1,0,0,0,1,0,2,"-7,08911892","-37,492119",SPRF-PB,DEL03-PB,UOP01-DEL03-PB
295987.0,2020-07-17,sexta-feira,18:50:00,PB,230,296,SANTA LUZIA,Desobediência às normas de trânsito pelo condutor,Saída de leito carroçável,Sem Vítimas,Plena Noite,Crescente,Céu Claro,Simples,Reta,Não,3,0,0,0,2,1,0,3,"-6,8907","-36,9481",SPRF-PB,DEL03-PB,UOP01-DEL03-PB
296811.0,2020-07-22,quarta-feira,06:00:00,PB,230,275,SANTA LUZIA,Carga excessiva e/ou mal acondicionada,Tombamento,Sem Vítimas,Amanhecer,Crescente,Céu Claro,Simples,Curva,Não,2,0,0,0,1,1,0,2,"-6,953298","-36,821634",SPRF-PB,DEL03-PB,UOP01-DEL03-PB
296936.0,2020-07-22,quarta-feira,20:10:00,PB,101,"81,5",BAYEUX,Desobediência às normas de trânsito pelo condutor,Colisão traseira,Com Vítimas Feridas,Plena Noite,Crescente,Céu Claro,Simples,Reta,Não,5,0,3,0,1,1,3,3,"-7,12508575","-34,94513217",SPRF-PB,DEL01-PB,UOP01-DEL01-PB
297090.0,2020-07-23,quinta-feira,18:30:00,PB,104,"96,2",ESPERANCA,Falta de Atenção do Pedestre,Atropelamento de Pedestre,Com Vítimas Fatais,Plena Noite,Decrescente,Céu Claro,Simples,Reta,Sim,2,1,0,0,1,0,0,2,"-7,01186036","-35,85589407",SPRF-PB,DEL02-PB,UOP04-DEL02-PB
297129.0,2020-07-24,sexta-feira,03:45:00,PB,230,35,BAYEUX,Falta de Atenção à Condução,Saída de leito carroçável,Sem Vítimas,Plena Noite,Crescente,Céu Claro,Múltipla,Declive,Sim,2,0,0,0,1,1,0,2,"-7,1268","-34,9412",SPRF-PB,DEL01-PB,UOP01-DEL01-PB
297154.0,2020-07-24,sexta-feira,08:25:00,PB,101,82,BAYEUX,Falta de Atenção à Condução,Colisão lateral,Sem Vítimas,Pleno dia,Crescente,Céu Claro,Dupla,Reta,Sim,4,0,0,0,3,1,0,3,"-7,12911","-34,93714",SPRF-PB,DEL01-PB,UOP01-DEL01-PB
297894.0,2020-07-27,segunda-feira,15:40:00,PB,230,"463,3",SOUSA,Não guardar distância de segurança,Colisão traseira,Com Vítimas Feridas,Pleno dia,Crescente,Nublado,Simples,Reta,Sim,4,0,1,2,1,0,3,2,"-6,778789","-38,240791",SPRF-PB,DEL03-PB,UOP03-DEL03-PB
297929.0,2020-07-27,segunda-feira,19:50:00,PB,101,"88,8",JOAO PESSOA,Defeito Mecânico no Veículo,Danos eventuais,Sem Vítimas,Plena Noite,Crescente,Nublado,Dupla,Reta,Sim,2,0,0,0,1,2,0,3,"-7,16470016","-34,89993643",SPRF-PB,DEL01-PB,UOP02-DEL01-PB
298008.0,2020-06-30,terça-feira,05:35:00,PB,0,0,JOAO PESSOA,Pista Escorregadia,Colisão com objeto estático,Com Vítimas Feridas,Amanhecer,Não Informado,Nublado,Simples,Declive,Sim,6,0,1,0,3,2,1,3,"-7,16436128","-34,9023083",SPRF-PB,DEL01-PB,UOP01-DEL01-PB
298341.0,2020-07-30,quinta-feira,13:15:00,PB,101,"87,9",JOAO PESSOA,Falta de Atenção à Condução,Colisão lateral,Com Vítimas Feridas,Pleno dia,Decrescente,Céu Claro,Dupla,Curva,Não,2,0,0,1,1,0,1,2,"-7,16470016","-34,89993643",SPRF-PB,DEL01-PB,UOP01-DEL01-PB
298345.0,2020-07-29,quarta-feira,19:30:00,PB,230,124,RIACHAO DO BACAMARTE,Falta de Atenção à Condução,Saída de leito carroçável,Sem Vítimas,Plena Noite,Decrescente,Nublado,Dupla,Declive,Não,1,0,0,0,1,0,0,1,"-7,2465","-35,6751",SPRF-PB,DEL02-PB,UOP01-DEL02-PB
298517.0,2020-07-31,sexta-feira,10:00:00,PB,230,17,JOAO PESSOA,Defeito Mecânico no Veículo,Colisão frontal,Com Vítimas Feridas,Pleno dia,Decrescente,Nublado,Dupla,Aclive,Sim,7,0,2,0,5,0,2,6,"-7,1121","-34,8426",SPRF-PB,DEL01-PB,UOP01-DEL01-PB
299527.0,2020-08-05,quarta-feira,06:45:00,PB,101,"83,1",BAYEUX,Falta de Atenção à Condução,Colisão traseira,Com Vítimas Feridas,Pleno dia,Crescente,Nublado,Dupla,Reta,Sim,3,0,0,2,1,0,2,2,"-7,1337703","-34,92963914",SPRF-PB,DEL01-PB,UOP01-DEL01-PB