id,data_inversa,dia_semana,horario,uf,br,km,municipio,causa_acidente,tipo_acidente,classificacao_acidente,fase_dia,sentido_via,condicao_metereologica,tipo_pista,tracado_via,uso_solo,pessoas,mortos,feridos_leves,feridos_graves,ilesos,ignorados,feridos,veiculos,latitude,longitude,regional,delegacia,uop
262233.0,2020-01-11,sábado,23:00:00,PB,230,"23,9",JOAO PESSOA,Falta de Atenção à Condução,Saída de leito carroçável,Com Vítimas Feridas,Plena Noite,Crescente,Céu Claro,Dupla,Reta,Sim,1,0,1,0,0,0,1,1,"-7,1562","-34,8574",SPRF-PB,DEL01-PB,UOP01-DEL01-PB
262305.0,2020-01-12,domingo,10:00:00,PB,230,"219,8",SOLEDADE,Defeito Mecânico no Veículo,Capotamento,Com Vítimas Feridas,Pleno dia,Decrescente,Sol,Simples,Reta,Não,4,0,1,1,2,0,2,1,"-7,0463","-36,3909",SPRF-PB,DEL02-PB,UOP02-DEL02-PB
262447.0,2020-01-12,domingo,22:00:00,PB,230,"4,8",CABEDELO,Sinalização da via insuficiente ou inadequada,Colisão com objeto estático,Com Vítimas Feridas,Plena Noite,Crescente,Céu Claro,Dupla,Desvio Temporário,Sim,1,0,0,1,0,0,1,1,"-7,008728","-34,83072",SPRF-PB,DEL01-PB,UOP01-DEL01-PB
262480.0,2020-01-13,segunda-feira,02:00:00,PB,230,296,SANTA LUZIA,Condutor Dormindo,Saída de leito carroçável,Sem Vítimas,Plena Noite,Crescente,Céu Claro,Simples,Reta,Não,1,0,0,0,1,0,0,1,"-6,8907","-36,9481",SPRF-PB,DEL03-PB,UOP01-DEL03-PB
262503.0,2020-01-13,segunda-feira,08:00:00,PB,230,"508,3",CAJAZEIRAS,Desobediência às normas de trânsito pelo condutor,Colisão traseira,Com Vítimas Feridas,Pleno dia,Crescente,Céu Claro,Simples,Reta,Não,2,0,0,1,1,0,1,2,"-6,89046927","-38,5890913",SPRF-PB,DEL03-PB,UOP03-DEL03-PB
262611.0,2020-01-13,segunda-feira,15:30:00,PB,230,"335,8",PATOS,Falta de Atenção do Pedestre,Atropelamento de Pedestre,Com Vítimas Fatais,Pleno dia,Crescente,Céu Claro,Simples,Reta,Sim,2,1,0,0,1,0,0,2,"-7,0128","-37,2644",SPRF-PB,DEL03-PB,UOP01-DEL03-PB
262621.0,2020-01-13,segunda-feira,14:20:00,PB,230,"237,8",JUAZEIRINHO,Falta de Atenção à Condução,Saída de leito carroçável,Com Vítimas Feridas,Pleno dia,Crescente,Céu Claro,Simples,Curva,Não,1,0,1,0,0,0,1,1,"-7,05285295","-36,54808044",SPRF-PB,DEL02-PB,UOP02-DEL02-PB
262687.0,2020-01-13,segunda-feira,22:00:00,PB,230,27,JOAO PESSOA,Falta de Atenção à Condução,Colisão traseira,Com Vítimas Feridas,Plena Noite,Crescente,Céu Claro,Dupla,Reta,Sim,3,0,0,2,0,1,2,2,"-7,1677","-34,8855",SPRF-PB,DEL01-PB,UOP01-DEL01-PB
262808.0,2020-01-14,terça-feira,16:45:00,PB,361,1,PATOS,Desobediência às normas de trânsito pelo condutor,Atropelamento de Pedestre,Com Vítimas Feridas,Pleno dia,Crescente,Céu Claro,Simples,Reta,Sim,4,0,1,1,2,0,2,3,"-7,02239904","-37,26888498",SPRF-PB,DEL03-PB,UOP01-DEL03-PB
262872.0,2020-01-14,terça-feira,19:30:00,PB,230,461,SOUSA,Desobediência às normas de trânsito pelo condutor,Tombamento,Com Vítimas Feridas,Plena Noite,Decrescente,Céu Claro,Simples,Reta,Sim,1,0,1,0,0,0,1,1,"-6,7753","-38,2061",SPRF-PB,DEL03-PB,UOP03-DEL03-PB
262886.0,2020-01-15,quarta-feira,06:35:00,PB,101,84,BAYEUX,Não guardar distância de segurança,Colisão traseira,Com Vítimas Feridas,Pleno dia,Crescente,Céu Claro,Dupla,Reta,Não,2,0,1,0,1,0,1,2,"-7,13957906","-34,92312806",SPRF-PB,DEL01-PB,UOP01-DEL01-PB
262946.0,2020-01-15,quarta-feira,10:20:00,PB,104,"81,9",REMIGIO,Velocidade Incompatível,Engavetamento,Sem Vítimas,Pleno dia,Decrescente,Céu Claro,Simples,Reta,Não,3,0,0,0,2,1,0,3,"-6,93077472","-35,8356868",SPRF-PB,DEL02-PB,UOP04-DEL02-PB
263052.0,2020-01-16,quinta-feira,04:55:00,PB,230,"310,8",SAO MAMEDE,Animais na Pista,Atropelamento de Animal,Com Vítimas Feridas,Amanhecer,Decrescente,Céu Claro,Simples,Reta,Não,4,0,2,1,1,0,3,1,"-6,928011","-37,072371",SPRF-PB,DEL03-PB,UOP01-DEL03-PB
263056.0,2020-01-16,quinta-feira,05:54:00,PB,101,88,JOAO PESSOA,Pista Escorregadia,Tombamento,Com Vítimas Feridas,Pleno dia,Decrescente,Céu Claro,Simples,Curva;Interseção de Vias;Viaduto,Sim,2,0,2,0,0,0,2,1,"-7,16470016","-34,89993643",SPRF-PB,DEL01-PB,UOP01-DEL01-PB
263072.0,2020-01-16,quinta-feira,07:40:00,PB,230,464,SOUSA,Não guardar distância de segurança,Colisão traseira,Com Vítimas Feridas,Pleno dia,Decrescente,Céu Claro,Simples,Reta,Sim,4,0,1,0,3,0,1,3,"-6,7791","-38,2438",SPRF-PB,DEL03-PB,UOP03-DEL03-PB
263106.0,2020-01-16,quinta-feira,09:15:00,PB,230,22,JOAO PESSOA,Não guardar distância de segurança,Engavetamento,Com Vítimas Feridas,Pleno dia,Crescente,Céu Claro,Dupla,Reta,Não,4,0,1,0,3,0,1,3,"-7,1495","-34,8517",SPRF-PB,DEL01-PB,UOP01-DEL01-PB
263153.0,2020-01-16,quinta-feira,14:00:00,PB,230,"333,8",PATOS,Não guardar distância de segurança,Colisão traseira,Sem Vítimas,Pleno dia,Crescente,Sol,Simples,Reta,Sim,2,0,0,0,2,0,0,2,"-7,0193","-37,2493",SPRF-PB,DEL03-PB,UOP01-DEL03-PB
263218.0,2020-01-16,quinta-feira,20:40:00,PB,230,"381,5",CONDADO,Desobediência às normas de trânsito pelo condutor,Colisão frontal,Sem Vítimas,Plena Noite,Crescente,Céu Claro,Simples,Curva,Não,2,0,0,0,2,0,0,2,"-6,9127","-37,6432",SPRF-PB,DEL03-PB,UOP02-DEL03-PB
263256.0,2020-01-17,sexta-feira,03:30:00,PB,361,"70,8",OLHO DAGUA,Ingestão de Álcool,Tombamento,Com Vítimas Feridas,Plena Noite,Crescente,Céu Claro,Simples,Reta,Não,1,0,0,1,0,0,1,1,"-7,19693595","-37,80719699",SPRF-PB,DEL03-PB,UOP01-DEL03-PB
263277.0,2020-01-17,sexta-feira,07:20:00,PB,230,13,CABEDELO,Falta de Atenção à Condução,Queda de ocupante de veículo,Com Vítimas Feridas,Pleno dia,Decrescente,Chuva,Dupla,Curva,Sim,1,0,1,0,0,0,1,1,"-7,0772","-34,8494",SPRF-PB,DEL01-PB,UOP01-DEL01-PB
263314.0,2020-01-17,sexta-feira,07:20:00,PB,104,"173,7",BARRA DE SANTANA,Falta de Atenção à Condução,Colisão transversal,Com Vítimas Feridas,Pleno dia,Decrescente,Céu Claro,Simples,Declive,Não,2,0,1,0,1,0,1,2,"-7,60324293","-36,04843316",SPRF-PB,DEL02-PB,UOP03-DEL02-PB
263403.0,2020-01-17,sexta-feira,17:00:00,PB,230,20,JOAO PESSOA,Não guardar distância de segurança,Colisão traseira,Com Vítimas Feridas,Pleno dia,Decrescente,Céu Claro,Dupla,Viaduto,Não,2,0,1,0,1,0,1,2,"-7,1337","-34,8544",SPRF-PB,DEL01-PB,UOP01-DEL01-PB
263410.0,2020-01-17,sexta-feira,17:30:00,PB,230,"14,7",CABEDELO,Não guardar distância de segurança,Colisão traseira,Com Vítimas Feridas,Anoitecer,Crescente,Céu Claro,Dupla,Reta,Sim,3,0,2,0,1,0,2,2,"-7,0844","-34,8488",SPRF-PB,DEL01-PB,UOP01-DEL01-PB
263425.0,2020-01-17,sexta-feira,18:00:00,PB,104,"130,4",CAMPINA GRANDE,Desobediência às normas de trânsito pelo condutor,Colisão frontal,Com Vítimas Feridas,Anoitecer,Decrescente,Céu Claro,Simples,Reta,Não,2,0,0,1,1,0,1,2,"-7,28563669","-35,88963032",SPRF-PB,DEL02-PB,UOP01-DEL02-PB
263451.0,2020-01-17,sexta-feira,19:30:00,PB,230,"56,2",CRUZ DO ESPIRITO SANTO,Falta de Atenção à Condução,Colisão traseira,Com Vítimas Feridas,Plena Noite,Decrescente,Céu Claro,Dupla,Reta,Não,2,0,0,1,0,1,1,2,"-7,2028","-35,1125",SPRF-PB,DEL01-PB,UOP03-DEL01-PB
263482.0,2020-01-17,sexta-feira,23:40:00,PB,230,"88,1",GURINHEM,Ingestão de Álcool,Tombamento,Com Vítimas Feridas,Plena Noite,Decrescente,Céu Claro,Dupla,Reta,Sim,1,0,1,0,0,0,1,1,"-7,1722","-35,388955",SPRF-PB,DEL01-PB,UOP03-DEL01-PB
263532.0,2020-01-18,sábado,07:57:00,PB,230,"23,9",JOAO PESSOA,Avarias e/ou desgaste excessivo no pneu,Queda de ocupante de veículo,Com Vítimas Feridas,Pleno dia,Decrescente,Nublado,Dupla,Reta,Sim,1,0,1,0,0,0,1,1,"-7,1562","-34,8574",SPRF-PB,DEL01-PB,UOP01-DEL01-PB
263562.0,2020-01-18,sábado,11:20:00,PB,230,"154,5",CAMPINA GRANDE,Desobediência às normas de trânsito pelo condutor,Colisão lateral,Com Vítimas Feridas,Pleno dia,Decrescente,Céu Claro,Simples,Reta,Sim,2,0,0,1,1,0,1,2,"-7,2777","-35,8985",SPRF-PB,DEL02-PB,UOP01-DEL02-PB
263618.0,2020-01-18,sábado,17:15:00,PB,101,"89,8",JOAO PESSOA,Falta de Atenção à Condução,Colisão transversal,Com Vítimas Feridas,Pleno dia,Decrescente,Nublado,Dupla,Retorno Regulamentado,Sim,2,0,1,0,1,0,1,2,"-7,17825459","-34,89965916",SPRF-PB,DEL01-PB,UOP01-DEL01-PB
263734.0,2020-01-19,domingo,05:39:00,PB,230,28,JOAO PESSOA,Falta de Atenção à Condução,Colisão com objeto estático,Sem Vítimas,Pleno dia,Crescente,Céu Claro,Dupla,Reta,Não,1,0,0,0,0,1,0,1,"-7,1677","-34,8855",SPRF-PB,DEL01-PB,UOP01-DEL01-PB
263789.0,2020-01-19,domingo,13:30:00,PB,104,186,ALCANTIL,Defeito Mecânico no Veículo,Tombamento,Com Vítimas Feridas,Pleno dia,Crescente,Céu Claro,Simples,Declive;Curva,Não,2,0,1,0,1,0,1,1,"-7,68863293","-36,06166381",SPRF-PB,DEL02-PB,UOP03-DEL02-PB
263851.0,2020-01-19,domingo,17:50:00,PB,230,"335,2",PATOS,Desobediência às normas de trânsito pelo condutor,Colisão traseira,Com Vítimas Feridas,Pleno dia,Decrescente,Céu Claro,Simples,Declive,Sim,3,0,1,0,0,2,1,2,"-7,0128","-37,2644",SPRF-PB,DEL03-PB,UOP01-DEL03-PB
263856.0,2020-01-19,domingo,19:15:00,PB,230,25,JOAO PESSOA,Ingestão de Álcool,Colisão com objeto estático,Com Vítimas Feridas,Plena Noite,Crescente,Céu Claro,Múltipla,Reta,Sim,1,0,1,0,0,0,1,1,"-7,1707","-34,8684",SPRF-PB,DEL01-PB,UOP01-DEL01-PB
263871.0,2020-01-19,domingo,17:15:00,PB,230,"437,6",SAO DOMINGOS,Desobediência às normas de trânsito pelo condutor,Colisão transversal,Sem Vítimas,Anoitecer,Decrescente,Nublado,Simples,Reta,Não,3,0,0,0,2,1,0,3,"-6,7571","-38,0011",SPRF-PB,DEL03-PB,UOP02-DEL03-PB
263919.0,2020-01-19,domingo,20:30:00,PB,412,"144,9",MONTEIRO,Desobediência às normas de trânsito pelo condutor,Saída de leito carroçável,Com Vítimas Feridas,Plena Noite,Crescente,Céu Claro,Simples,Reta,Sim,1,0,0,1,0,0,1,1,"-7,891878","-37,111336",SPRF-PB,DEL02-PB,UOP02-DEL02-PB
263951.0,2020-01-20,segunda-feira,04:30:00,PB,230,"164,4",CAMPINA GRANDE,Desobediência às normas de trânsito pelo condutor,Colisão traseira,Sem Vítimas,Amanhecer,Decrescente,Céu Claro,Simples,Aclive,Sim,2,0,0,0,1,1,0,2,"-7,2128","-35,9499",SPRF-PB,DEL02-PB,UOP01-DEL02-PB
263956.0,2020-01-20,segunda-feira,05:45:00,PB,230,148,CAMPINA GRANDE,Desobediência às normas de trânsito pelo condutor,Colisão transversal,Sem Vítimas,Amanhecer,Decrescente,Céu Claro,Dupla,Rotatória,Sim,2,0,0,0,2,0,0,2,"-7,238","-35,8656",SPRF-PB,DEL02-PB,UOP01-DEL02-PB
264008.0,2020-01-20,segunda-feira,10:30:00,PB,101,84,BAYEUX,Não guardar distância de segurança,Engavetamento,Com Vítimas Feridas,Pleno dia,Crescente,Céu Claro,Dupla,Reta,Sim,4,0,0,1,3,0,1,3,"-7,13957906","-34,92312806",SPRF-PB,DEL01-PB,UOP01-DEL01-PB
264029.0,2020-01-20,segunda-feira,12:26:00,PB,101,83,BAYEUX,Falta de Atenção à Condução,Colisão traseira,Com Vítimas Feridas,Pleno dia,Crescente,Céu Claro,Dupla,Reta,Sim,3,0,2,0,0,1,2,2,"-7,1337703","-34,92963914",SPRF-PB,DEL01-PB,UOP01-DEL01-PB
264103.0,2020-01-20,segunda-feira,19:20:00,PB,101,"86,5",JOAO PESSOA,Falta de Atenção à Condução,Colisão lateral,Com Vítimas Feridas,Plena Noite,Crescente,Céu Claro,Dupla,Reta,Sim,2,0,0,2,0,0,2,2,"-7,15118983","-34,91012184",SPRF-PB,DEL01-PB,UOP01-DEL01-PB
264248.0,2020-01-21,terça-feira,16:15:00,PB,101,"88,8",JOAO PESSOA,Condutor Dormindo,Tombamento,Com Vítimas Feridas,Pleno dia,Crescente,Nublado,Dupla,Interseção de Vias,Sim,2,0,2,0,0,0,2,1,"-7,16928098","-34,89721298",SPRF-PB,DEL01-PB,UOP01-DEL01-PB
264272.0,2020-01-21,terça-feira,17:20:00,PB,104,"108,8",SAO SEBASTIAO DE LAGOA DE  ROCA,Pista Escorregadia,Saída de leito carroçável,Com Vítimas Feridas,Pleno dia,Decrescente,Nublado,Simples,Aclive,Não,1,0,0,1,0,0,1,1,"-7,11161678","-35,86768356",SPRF-PB,DEL02-PB,UOP04-DEL02-PB
264316.0,2020-01-21,terça-feira,22:20:00,PB,230,"155,9",CAMPINA GRANDE,Falta de Atenção à Condução,Colisão frontal,Sem Vítimas,Plena Noite,Crescente,Nublado,Simples,Reta,Sim,3,0,0,0,3,0,0,3,"-7,2693","-35,9138",SPRF-PB,DEL02-PB,UOP01-DEL02-PB
264611.0,2020-01-23,quinta-feira,11:30:00,PB,230,"124,8",RIACHAO DO BACAMARTE,Falta de Atenção à Condução,Capotamento,Com Vítimas Feridas,Pleno dia,Decrescente,Chuva,Dupla,Curva,Não,2,0,1,0,1,0,1,1,"-7,2465","-35,6751",SPRF-PB,DEL02-PB,UOP01-DEL02-PB
264782.0,2020-01-24,sexta-feira,10:40:00,PB,230,21,JOAO PESSOA,Falta de Atenção à Condução,Colisão lateral,Com Vítimas Feridas,Pleno dia,Decrescente,Céu Claro,Dupla,Reta,Sim,3,0,1,0,1,1,1,2,"-7,1415","-34,8519",SPRF-PB,DEL01-PB,UOP01-DEL01-PB
264808.0,2020-01-24,sexta-feira,11:30:00,PB,230,"282,5",SANTA LUZIA,Não guardar distância de segurança,Engavetamento,Sem Vítimas,Pleno dia,Decrescente,Céu Claro,Simples,Aclive,Não,3,0,0,0,3,0,0,3,"-6,9203","-36,8532",SPRF-PB,DEL03-PB,UOP01-DEL03-PB
264871.0,2020-01-24,sexta-feira,18:45:00,PB,230,"105,9",INGA,Defeito na Via,Tombamento,Com Vítimas Fatais,Plena Noite,Crescente,Céu Claro,Dupla,Curva,Não,4,1,0,1,2,0,1,2,"-7,2083","-35,5318",SPRF-PB,DEL01-PB,UOP03-DEL01-PB
264956.0,2020-01-25,sábado,06:30:00,PB,230,19,JOAO PESSOA,Ingestão de Álcool,Colisão lateral,Sem Vítimas,Pleno dia,Decrescente,Sol,Dupla,Curva,Sim,3,0,0,0,3,0,0,3,"-7,1281","-34,8466",SPRF-PB,DEL01-PB,UOP01-DEL01-PB
264959.0,2020-01-25,sábado,07:25:00,PB,230,"20,2",JOAO PESSOA,Pista Escorregadia,Tombamento,Com Vítimas Feridas,Pleno dia,Decrescente,Nublado,Dupla,Reta,Sim,2,0,2,0,0,0,2,1,"-7,1415","-34,8519",SPRF-PB,DEL01-PB,UOP01-DEL01-PB
265017.0,2020-01-25,sábado,11:15:00,PB,230,139,CAMPINA GRANDE,Falta de Atenção à Condução,Colisão com objeto estático,Com Vítimas Feridas,Pleno dia,Crescente,Nublado,Dupla,Curva,Não,2,0,1,0,1,0,1,1,"-7,26847147","-35,79728018",SPRF-PB,DEL02-PB,UOP01-DEL02-PB
265034.0,2020-01-25,sábado,13:20:00,PB,101,"7,9",MAMANGUAPE,Desobediência às normas de trânsito pelo condutor,Colisão com objeto estático,Com Vítimas Feridas,Pleno dia,Decrescente,Céu Claro,Dupla,Reta,Não,1,0,0,1,0,0,1,1,"-6,55994553","-35,13580041",SPRF-PB,DEL01-PB,UOP04-DEL01-PB
265091.0,2020-01-25,sábado,19:10:00,PB,230,334,PATOS,Desobediência às normas de trânsito pelo condutor,Colisão traseira,Com Vítimas Feridas,Plena Noite,Decrescente,Céu Claro,Dupla,Rotatória,Não,2,0,1,0,1,0,1,2,"-7,018","-37,2589",SPRF-PB,DEL03-PB,UOP01-DEL03-PB
265129.0,2020-01-25,sábado,21:30:00,PB,230,"406,7",POMBAL,Desobediência às normas de trânsito pelo condutor,Colisão frontal,Com Vítimas Feridas,Plena Noite,Crescente,Céu Claro,Simples,Interseção de Vias,Sim,2,0,2,0,0,0,2,2,"-6,7842","-37,7987",SPRF-PB,DEL03-PB,UOP02-DEL03-PB
265312.0,2020-01-26,domingo,19:20:00,PB,230,"82,6",CALDAS BRANDAO,Ingestão de Álcool,Tombamento,Com Vítimas Feridas,Plena Noite,Decrescente,Céu Claro,Simples,Reta,Sim,1,0,0,1,0,0,1,1,"-7,1727","-35,3284",SPRF-PB,DEL01-PB,UOP03-DEL01-PB
265365.0,2020-01-27,segunda-feira,00:05:00,PB,361,"5,1",PATOS,Restrição de Visibilidade,Queda de ocupante de veículo,Com Vítimas Feridas,Plena Noite,Crescente,Céu Claro,Simples,Reta,Sim,2,0,1,0,0,1,1,2,"-7,0342983","-37,30232718",SPRF-PB,DEL03-PB,UOP01-DEL03-PB
265422.0,2020-01-27,segunda-feira,09:00:00,PB,230,19,JOAO PESSOA,Mal Súbito,Colisão com objeto estático,Com Vítimas Feridas,Pleno dia,Decrescente,Céu Claro,Dupla,Reta,Sim,1,0,1,0,0,0,1,1,"-7,1281","-34,8466",SPRF-PB,DEL01-PB,UOP01-DEL01-PB
265467.0,2020-01-27,segunda-feira,10:10:00,PB,230,1,PATOS,Falta de Atenção à Condução,Colisão transversal,Sem Vítimas,Pleno dia,Decrescente,Céu Claro,Simples,Reta,Sim,2,0,0,0,2,0,0,2,"-7,009594","-37,294067",SPRF-PB,DEL03-PB,UOP01-DEL03-PB
265497.0,2020-01-27,segunda-feira,15:32:00,PB,230,"8,7",CABEDELO,Desobediência às normas de trânsito pelo condutor,Colisão transversal,Com Vítimas Feridas,Pleno dia,Decrescente,Céu Claro,Simples,Reta,Sim,2,0,0,1,1,0,1,2,"-7,0355","-34,8429",SPRF-PB,DEL01-PB,UOP01-DEL01-PB
265559.0,2020-01-27,segunda-feira,22:25:00,PB,230,"46,2",SANTA RITA,Ingestão de Álcool,Queda de ocupante de veículo,Com Vítimas Feridas,Plena Noite,Decrescente,Céu Claro,Dupla,Reta,Não,1,0,1,0,0,0,1,1,"-7,1635","-35,025",SPRF-PB,DEL01-PB,UOP03-DEL01-PB
265585.0,2020-01-28,terça-feira,05:00:00,PB,230,237,JUAZEIRINHO,Ingestão de Álcool,Saída de leito carroçável,Com Vítimas Feridas,Amanhecer,Crescente,Sol,Simples,Curva,Não,1,0,0,1,0,0,1,1,"-7,0516","-36,5438",SPRF-PB,DEL02-PB,UOP02-DEL02-PB
265655.0,2020-01-28,terça-feira,13:55:00,PB,230,"154,7",CAMPINA GRANDE,Desobediência às normas de trânsito pelo condutor,Tombamento,Com Vítimas Feridas,Pleno dia,Crescente,Sol,Simples,Reta,Sim,2,0,1,0,0,1,1,2,"-7,277431","-35,899199",SPRF-PB,DEL02-PB,UOP01-DEL02-PB
265775.0,2020-01-29,quarta-feira,08:15:00,PB,230,20,JOAO PESSOA,Falta de Atenção à Condução,Queda de ocupante de veículo,Com Vítimas Feridas,Pleno dia,Decrescente,Nublado,Dupla,Interseção de Vias,Sim,2,0,1,0,0,1,1,1,"-7,1337","-34,8544",SPRF-PB,DEL01-PB,UOP01-DEL01-PB
266041.0,2020-01-30,quinta-feira,18:00:00,PB,230,20,JOAO PESSOA,Falta de Atenção à Condução,Engavetamento,Com Vítimas Feridas,Plena Noite,Decrescente,Céu Claro,Dupla,Reta,Não,3,0,2,0,1,0,2,3,"-7,1337","-34,8544",SPRF-PB,DEL01-PB,UOP01-DEL01-PB
266163.0,2020-01-31,sexta-feira,11:50:00,PB,230,20,JOAO PESSOA,Falta de Atenção do Pedestre,Atropelamento de Pedestre,Com Vítimas Feridas,Pleno dia,Crescente,Céu Claro,Dupla,Reta,Não,2,0,0,1,1,0,1,2,"-7,1337","-34,8544",SPRF-PB,DEL01-PB,UOP01-DEL01-PB
266428.0,2020-02-01,sábado,15:40:00,PB,101,97,ALHANDRA,Falta de Atenção à Condução,Saída de leito carroçável,Com Vítimas Feridas,Pleno dia,Crescente,Nublado,Dupla,Reta,Sim,3,0,1,1,1,0,2,1,"-7,23846306","-34,9268519",SPRF-PB,DEL01-PB,UOP01-DEL01-PB
266476.0,2020-02-01,sábado,18:20:00,PB,230,"162,2",CAMPINA GRANDE,Ingestão de Álcool,Colisão frontal,Com Vítimas Feridas,Plena Noite,Crescente,Garoa/Chuvisco,Simples,Curva,Não,3,0,1,0,1,1,1,3,"-7,2277","-35,9439",SPRF-PB,DEL02-PB,UOP01-DEL02-PB
266497.0,2020-02-01,sábado,20:40:00,PB,230,"406,7",POMBAL,Desobediência às normas de trânsito pelo condutor,Colisão traseira,Com Vítimas Feridas,Plena Noite,Crescente,Nublado,Simples,Aclive;Reta,Sim,2,0,0,1,1,0,1,2,"-6,7842","-37,7987",SPRF-PB,DEL03-PB,UOP02-DEL03-PB
266612.0,2020-02-02,domingo,12:55:00,PB,230,"100,1",GURINHEM,Objeto estático sobre o leito carroçável,Colisão com objeto estático,Com Vítimas Feridas,Pleno dia,Crescente,Chuva,Dupla,Curva,Não,2,0,2,0,0,0,2,1,"-7,1933","-35,4805",SPRF-PB,DEL01-PB,UOP03-DEL01-PB
266682.0,2020-02-02,domingo,18:50:00,PB,101,"85,2",BAYEUX,Falta de Atenção do Pedestre,Atropelamento de Pedestre,Com Vítimas Fatais,Plena Noite,Decrescente,Nublado,Dupla,Reta,Sim,2,1,0,0,1,0,0,2,"-7,146246","-34,91555",SPRF-PB,DEL01-PB,UOP01-DEL01-PB
266756.0,2020-02-02,domingo,23:40:00,PB,101,"83,6",BAYEUX,Falta de Atenção do Pedestre,Atropelamento de Pedestre,Com Vítimas Feridas,Plena Noite,Decrescente,Céu Claro,Dupla,Reta,Sim,2,0,0,1,1,0,1,2,"-7,1337703","-34,92963914",SPRF-PB,DEL01-PB,UOP01-DEL01-PB
266827.0,2020-02-03,segunda-feira,07:46:00,PB,230,18,JOAO PESSOA,Pista Escorregadia,Queda de ocupante de veículo,Com Vítimas Feridas,Pleno dia,Decrescente,Chuva,Dupla,Curva,Sim,2,0,2,0,0,0,2,1,"-7,1198","-34,8453",SPRF-PB,DEL01-PB,UOP01-DEL01-PB
267042.0,2020-02-04,terça-feira,13:30:00,PB,230,21,JOAO PESSOA,Falta de Atenção à Condução,Colisão lateral,Com Vítimas Feridas,Pleno dia,Decrescente,Céu Claro,Dupla,Reta,Sim,3,0,2,0,1,0,2,2,"-7,1415","-34,8519",SPRF-PB,DEL01-PB,UOP01-DEL01-PB
267056.0,2020-01-30,quinta-feira,13:05:00,PB,230,"17,9",JOAO PESSOA,Falta de Atenção à Condução,Colisão com objeto estático,Com Vítimas Feridas,Pleno dia,Crescente,Sol,Dupla,Reta,Sim,4,0,2,0,1,1,2,4,"-7,120945","-34,84525323",SPRF-PB,DEL01-PB,UOP01-DEL01-PB
267079.0,2020-02-04,terça-feira,17:24:00,PB,230,"16,3",JOAO PESSOA,Não guardar distância de segurança,Colisão traseira,Com Vítimas Feridas,Pleno dia,Crescente,Céu Claro,Dupla,Declive,Não,2,0,1,0,1,0,1,2,"-7,1039","-34,8458",SPRF-PB,DEL01-PB,UOP01-DEL01-PB
267214.0,2020-02-05,quarta-feira,07:15:00,PB,101,"89,6",JOAO PESSOA,Desobediência às normas de trânsito pelo condutor,Colisão transversal,Com Vítimas Feridas,Pleno dia,Crescente,Sol,Dupla,Reta;Interseção de Vias;Retorno Regulamentado,Sim,3,0,2,0,1,0,2,2,"-7,1710694","-34,89765372",SPRF-PB,DEL01-PB,UOP01-DEL01-PB
267316.0,2020-02-05,quarta-feira,16:30:00,PB,230,18,JOAO PESSOA,Ingestão de álcool e/ou substâncias psicoativas pelo pedestre,Tombamento,Com Vítimas Feridas,Pleno dia,Decrescente,Céu Claro,Dupla,Reta,Sim,2,0,1,1,0,0,2,1,"-7,13119997","-34,85218498",SPRF-PB,DEL01-PB,UOP01-DEL01-PB
267357.0,2020-02-05,quarta-feira,20:00:00,PB,101,"86,1",JOAO PESSOA,Animais na Pista,Atropelamento de Animal,Com Vítimas Feridas,Plena Noite,Crescente,Nublado,Múltipla,Retorno Regulamentado;Reta;Aclive,Sim,2,0,1,1,0,0,2,1,"-7,15118983","-34,91012184",SPRF-PB,DEL01-PB,UOP01-DEL01-PB
267491.0,2020-02-06,quinta-feira,11:30:00,PB,230,"85,6",CALDAS BRANDAO,Falta de Atenção à Condução,Capotamento,Com Vítimas Feridas,Pleno dia,Decrescente,Céu Claro,Dupla,Reta,Não,3,0,3,0,0,0,3,1,"-7,1652","-35,3534",SPRF-PB,DEL01-PB,UOP03-DEL01-PB
267644.0,2020-02-08,sábado,00:01:00,PB,230,5,CABEDELO,Ingestão de álcool e/ou substâncias psicoativas pelo pedestre,Saída de leito carroçável,Com Vítimas Feridas,Plena Noite,Crescente,Céu Claro,Dupla,Reta,Sim,2,0,0,2,0,0,2,1,"-7,01","-34,8312",SPRF-PB,DEL01-PB,UOP01-DEL01-PB
267731.0,2020-02-07,sexta-feira,11:15:00,PB,230,"164,4",CAMPINA GRANDE,Desobediência às normas de trânsito pelo condutor,Colisão transversal,Com Vítimas Feridas,Pleno dia,Crescente,Céu Claro,Simples,Reta,Sim,2,0,1,0,1,0,1,2,"-7,21313608","-35,94945431",SPRF-PB,DEL02-PB,UOP01-DEL02-PB
267810.0,2020-02-07,sexta-feira,17:35:00,PB,230,"19,9",JOAO PESSOA,Desobediência às normas de trânsito pelo condutor,Atropelamento de Pedestre,Com Vítimas Feridas,Pleno dia,Decrescente,Nublado,Dupla,Interseção de Vias,Sim,3,0,2,1,0,0,3,2,"-7,137345","-34,85378265",SPRF-PB,DEL01-PB,UOP01-DEL01-PB
267825.0,2020-02-07,sexta-feira,18:10:00,PB,230,49,SANTA RITA,Condutor Dormindo,Saída de leito carroçável,Com Vítimas Feridas,Anoitecer,Crescente,Céu Claro,Dupla,Reta,Não,4,0,1,2,1,0,3,2,"-7,1803","-35,0485",SPRF-PB,DEL01-PB,UOP03-DEL01-PB