id,data_inversa,dia_semana,horario,uf,br,km,municipio,causa_acidente,tipo_acidente,classificacao_acidente,fase_dia,sentido_via,condicao_metereologica,tipo_pista,tracado_via,uso_solo,pessoas,mortos,feridos_leves,feridos_graves,ilesos,ignorados,feridos,veiculos,latitude,longitude,regional,delegacia,uop
267828.0,2020-02-07,sexta-feira,18:20:00,PB,101,108,ALHANDRA,Falta de Atenção à Condução,Queda de ocupante de veículo,Com Vítimas Feridas,Plena Noite,Crescente,Céu Claro,Dupla,Reta;Interseção de Vias,Sim,1,0,1,0,0,0,1,1,"-7,33454898","-34,94758056",SPRF-PB,DEL01-PB,UOP01-DEL01-PB
267886.0,2020-02-07,sexta-feira,21:50:00,PB,104,"106,6",SAO SEBASTIAO DE LAGOA DE  ROCA,Desobediência às normas de trânsito pelo condutor,Colisão transversal,Com Vítimas Feridas,Plena Noite,Crescente,Céu Claro,Simples,Aclive;Reta,Sim,2,0,0,1,1,0,1,2,"-7,09569811","-35,86106094",SPRF-PB,DEL02-PB,UOP04-DEL02-PB
267975.0,2020-02-08,sábado,10:15:00,PB,230,"15,2",JOAO PESSOA,Não guardar distância de segurança,Colisão traseira,Com Vítimas Feridas,Pleno dia,Decrescente,Céu Claro,Dupla,Declive,Sim,3,0,2,0,1,0,2,2,"-7,093","-34,8482",SPRF-PB,DEL01-PB,UOP01-DEL01-PB
268053.0,2020-02-08,sábado,19:00:00,PB,427,"37,6",POMBAL,Desobediência às normas de trânsito pelo condutor,Colisão transversal,Com Vítimas Feridas,Plena Noite,Decrescente,Nublado,Simples,Reta,Sim,4,0,1,0,0,3,1,3,"-6,76405124","-37,78910384",SPRF-PB,DEL03-PB,UOP02-DEL03-PB
268115.0,2020-02-08,sábado,23:50:00,PB,230,"156,6",CAMPINA GRANDE,Animais na Pista,Atropelamento de Animal,Com Vítimas Feridas,Plena Noite,Crescente,Céu Claro,Simples,Reta,Sim,1,0,1,0,0,0,1,1,"-7,2693","-35,9138",SPRF-PB,DEL02-PB,UOP01-DEL02-PB
268121.0,2020-02-09,domingo,01:30:00,PB,230,28,JOAO PESSOA,Velocidade Incompatível,Saída de leito carroçável,Sem Vítimas,Plena Noite,Crescente,Nevoeiro/Neblina,Dupla,Curva,Sim,1,0,0,0,1,0,0,1,"-7,1651","-34,8941",SPRF-PB,DEL01-PB,UOP01-DEL01-PB
268233.0,2020-02-09,domingo,16:00:00,PB,230,462,SOUSA,Ingestão de Álcool,Colisão traseira,Sem Vítimas,Pleno dia,Crescente,Nublado,Simples,Interseção de Vias,Sim,2,0,0,0,2,0,0,2,"-6,7785318","-38,22917104",SPRF-PB,DEL03-PB,UOP03-DEL03-PB
268239.0,2020-02-09,domingo,16:30:00,PB,230,"72,9",SOBRADO,Falta de Atenção à Condução,Tombamento,Com Vítimas Feridas,Pleno dia,Decrescente,Céu Claro,Dupla,Reta,Não,1,0,0,1,0,0,1,1,"-7,1907","-35,2418",SPRF-PB,DEL01-PB,UOP03-DEL01-PB
268262.0,2020-02-09,domingo,18:00:00,PB,230,"62,1",CRUZ DO ESPIRITO SANTO,Desobediência às normas de trânsito pelo condutor,Tombamento,Com Vítimas Feridas,Anoitecer,Decrescente,Céu Claro,Dupla,Reta,Não,1,0,1,0,0,0,1,1,"-7,202","-35,1574",SPRF-PB,DEL01-PB,UOP03-DEL01-PB
268298.0,2020-02-09,domingo,19:30:00,PB,412,"74,1",SERRA BRANCA,Ingestão de Álcool,Colisão transversal,Sem Vítimas,Plena Noite,Crescente,Céu Claro,Simples,Interseção de Vias,Não,2,0,0,0,2,0,0,2,"-7,489012","-36,650635",SPRF-PB,DEL02-PB,UOP02-DEL02-PB
268306.0,2020-02-09,domingo,20:00:00,PB,230,"319,1",SAO MAMEDE,Ingestão de Álcool,Colisão traseira,Com Vítimas Fatais,Plena Noite,Decrescente,Céu Claro,Simples,Reta,Não,3,1,2,0,0,0,2,2,"-6,9632","-37,1402",SPRF-PB,DEL03-PB,UOP01-DEL03-PB
268344.0,2020-02-10,segunda-feira,03:30:00,PB,230,"99,9",GURINHEM,Animais na Pista,Atropelamento de Animal,Com Vítimas Fatais,Plena Noite,Decrescente,Céu Claro,Dupla,Declive,Não,2,1,0,1,0,0,1,2,"-7,1978995437","-35,4894200061",SPRF-PB,DEL01-PB,UOP03-DEL01-PB
268401.0,2020-02-10,segunda-feira,09:00:00,PB,104,"139,9",QUEIMADAS,Desobediência às normas de trânsito pelo condutor,Tombamento,Com Vítimas Feridas,Pleno dia,Decrescente,Céu Claro,Simples,Reta,Sim,2,0,1,0,1,0,1,2,"-7,36948311","-35,89979635",SPRF-PB,DEL02-PB,UOP03-DEL02-PB
268453.0,2020-02-10,segunda-feira,16:00:00,PB,230,"23,8",JOAO PESSOA,Não guardar distância de segurança,Colisão traseira,Com Vítimas Feridas,Pleno dia,Decrescente,Sol,Dupla,Reta,Sim,4,0,1,0,3,0,1,4,"-7,1562","-34,8574",SPRF-PB,DEL01-PB,UOP01-DEL01-PB
268462.0,2020-02-10,segunda-feira,17:05:00,PB,230,158,CAMPINA GRANDE,Desobediência às normas de trânsito pelo condutor,Colisão lateral,Com Vítimas Feridas,Pleno dia,Decrescente,Céu Claro,Simples,Reta,Não,3,0,1,0,1,1,1,3,"-7,2582","-35,9267",SPRF-PB,DEL02-PB,UOP01-DEL02-PB
268514.0,2020-02-10,segunda-feira,19:30:00,PB,104,"72,9",REMIGIO,Defeito Mecânico no Veículo,Saída de leito carroçável,Com Vítimas Feridas,Plena Noite,Crescente,Céu Claro,Simples,Reta,Não,1,0,1,0,0,0,1,1,"-6,89526235","-35,89763403",SPRF-PB,DEL02-PB,UOP04-DEL02-PB
268534.0,2020-02-11,terça-feira,05:35:00,PB,230,28,JOAO PESSOA,Velocidade Incompatível,Tombamento,Com Vítimas Feridas,Pleno dia,Crescente,Nublado,Múltipla,Curva,Sim,3,0,1,1,0,1,2,2,"-7,16630038","-34,89944458",SPRF-PB,DEL01-PB,UOP01-DEL01-PB
268560.0,2020-02-11,terça-feira,08:15:00,PB,230,23,JOAO PESSOA,Falta de Atenção à Condução,Colisão traseira,Com Vítimas Feridas,Pleno dia,Decrescente,Céu Claro,Dupla,Reta;Viaduto;Declive,Sim,5,0,2,0,3,0,2,3,"-7,1562","-34,8574",SPRF-PB,DEL01-PB,UOP01-DEL01-PB
268686.0,2020-02-03,segunda-feira,05:50:00,PB,101,84,BAYEUX,Não guardar distância de segurança,Colisão traseira,Sem Vítimas,Pleno dia,Crescente,Sol,Dupla,Reta,Sim,3,0,0,0,2,1,0,3,"-7,13957906","-34,92312806",SPRF-PB,DEL01-PB,UOP01-DEL01-PB
268909.0,2020-02-13,quinta-feira,00:45:00,PB,101,"85,6",BAYEUX,Falta de Atenção à Condução,Colisão traseira,Sem Vítimas,Plena Noite,Crescente,Céu Claro,Múltipla,Reta;Retorno Regulamentado,Sim,2,0,0,0,1,1,0,2,"-7,14887414","-34,91274834",SPRF-PB,DEL01-PB,UOP01-DEL01-PB
268946.0,2020-02-13,quinta-feira,08:35:00,PB,101,"58,3",SANTA RITA,Avarias e/ou desgaste excessivo no pneu,Saída de leito carroçável,Com Vítimas Feridas,Pleno dia,Crescente,Chuva,Dupla,Reta,Não,1,0,1,0,0,0,1,1,"-6,98564991","-35,07334684",SPRF-PB,DEL01-PB,UOP04-DEL01-PB
268966.0,2020-02-13,quinta-feira,11:00:00,PB,230,"124,7",MASSARANDUBA,Velocidade Incompatível,Saída de leito carroçável,Com Vítimas Feridas,Pleno dia,Decrescente,Chuva,Simples,Curva,Não,2,0,2,0,0,0,2,1,"-7,2465","-35,6751",SPRF-PB,DEL02-PB,UOP01-DEL02-PB
269065.0,2020-02-13,quinta-feira,20:40:00,PB,427,"22,9",PAULISTA,Falta de Atenção à Condução,Colisão frontal,Com Vítimas Feridas,Plena Noite,Crescente,Céu Claro,Simples,Curva,Não,2,0,0,2,0,0,2,2,"-6,72655999","-37,667669",SPRF-PB,DEL03-PB,UOP02-DEL03-PB
269171.0,2020-02-14,sexta-feira,13:40:00,PB,230,"14,8",CABEDELO,Falta de Atenção à Condução,Colisão com objeto estático,Com Vítimas Feridas,Pleno dia,Crescente,Céu Claro,Dupla,Reta,Sim,1,0,0,1,0,0,1,1,"-7,0844","-34,8488",SPRF-PB,DEL01-PB,UOP01-DEL01-PB
269223.0,2020-02-14,sexta-feira,17:40:00,PB,230,27,JOAO PESSOA,Falta de Atenção à Condução,Tombamento,Com Vítimas Feridas,Anoitecer,Crescente,Nublado,Dupla,Reta,Sim,2,0,0,2,0,0,2,1,"-7,1677","-34,8855",SPRF-PB,DEL01-PB,UOP01-DEL01-PB
269246.0,2020-02-14,sexta-feira,18:50:00,PB,230,"312,1",SAO MAMEDE,Animais na Pista,Atropelamento de Animal,Com Vítimas Feridas,Plena Noite,Crescente,Céu Claro,Simples,Reta,Sim,3,0,1,0,2,0,1,2,"-6,9286","-37,0745",SPRF-PB,DEL03-PB,UOP01-DEL03-PB
269379.0,2020-02-15,sábado,10:00:00,PB,230,"12,4",CABEDELO,Falta de Atenção à Condução,Colisão traseira,Com Vítimas Feridas,Pleno dia,Decrescente,Sol,Dupla,Reta,Sim,3,0,1,1,0,1,2,3,"-7,068","-34,85",SPRF-PB,DEL01-PB,UOP01-DEL01-PB
269430.0,2020-02-15,sábado,16:25:00,PB,230,"27,9",JOAO PESSOA,Ingestão de Álcool,Colisão com objeto estático,Com Vítimas Feridas,Pleno dia,Decrescente,Céu Claro,Simples,Curva,Sim,1,0,1,0,0,0,1,1,"-7,1677","-34,8855",SPRF-PB,DEL01-PB,UOP01-DEL01-PB
269452.0,2020-02-15,sábado,18:20:00,PB,230,"445,3",APARECIDA,Não guardar distância de segurança,Colisão lateral,Com Vítimas Feridas,Plena Noite,Crescente,Chuva,Simples,Reta,Sim,2,0,0,1,1,0,1,2,"-6,7856","-38,0652",SPRF-PB,DEL03-PB,UOP03-DEL03-PB
269487.0,2020-02-15,sábado,21:40:00,PB,101,"89,5",JOAO PESSOA,Falta de Atenção à Condução,Colisão transversal,Com Vítimas Feridas,Plena Noite,Crescente,Nublado,Dupla,Retorno Regulamentado,Sim,5,0,2,2,1,0,4,3,"-7,17813188","-34,89968443",SPRF-PB,DEL01-PB,UOP01-DEL01-PB
269491.0,2020-02-15,sábado,21:35:00,PB,101,86,BAYEUX,Desobediência às normas de trânsito pelo condutor,Colisão traseira,Sem Vítimas,Plena Noite,Crescente,Céu Claro,Dupla,Reta,Não,3,0,0,0,3,0,0,2,"-7,13957906","-34,92312806",SPRF-PB,DEL01-PB,UOP01-DEL01-PB
269533.0,2020-02-16,domingo,02:10:00,PB,230,"0,7",CABEDELO,Ingestão de Álcool,Tombamento,Com Vítimas Feridas,Plena Noite,Crescente,Céu Claro,Simples,Curva,Sim,1,0,0,1,0,0,1,1,"-6,9711","-34,8382",SPRF-PB,DEL01-PB,UOP01-DEL01-PB
269579.0,2020-02-16,domingo,07:10:00,PB,230,"45,3",SANTA RITA,Falta de Atenção à Condução,Saída de leito carroçável,Sem Vítimas,Pleno dia,Crescente,Sol,Dupla,Reta,Não,1,0,0,0,0,1,0,1,"-7,1583","-35,0176",SPRF-PB,DEL01-PB,UOP03-DEL01-PB
269594.0,2020-02-16,domingo,10:00:00,PB,230,"146,3",CAMPINA GRANDE,Desobediência às normas de trânsito pelo condutor,Colisão traseira,Sem Vítimas,Pleno dia,Crescente,Céu Claro,Dupla,Reta,Sim,2,0,0,0,1,1,0,2,"-7,2468","-35,8484",SPRF-PB,DEL02-PB,UOP01-DEL02-PB
269733.0,2020-02-16,domingo,22:35:00,PB,104,"118,1",LAGOA SECA,Desobediência às normas de trânsito pelo pedestre,Atropelamento de Pedestre,Com Vítimas Feridas,Plena Noite,Decrescente,Céu Claro,Simples,Reta,Sim,2,0,1,0,1,0,1,2,"-7,19637839","-35,87571339",SPRF-PB,DEL02-PB,UOP04-DEL02-PB
269793.0,2020-02-17,segunda-feira,06:55:00,PB,101,"82,8",BAYEUX,Não guardar distância de segurança,Colisão traseira,Sem Vítimas,Pleno dia,Crescente,Céu Claro,Dupla,Declive,Sim,2,0,0,0,2,0,0,2,"-7,12911","-34,93714",SPRF-PB,DEL01-PB,UOP01-DEL01-PB
269820.0,2020-02-17,segunda-feira,07:55:00,PB,230,"117,2",INGA,Falta de Atenção à Condução,Colisão lateral,Com Vítimas Feridas,Pleno dia,Decrescente,Chuva,Dupla,Interseção de Vias;Reta,Não,3,0,0,1,0,2,1,2,"-7,2393","-35,6128",SPRF-PB,DEL02-PB,UOP01-DEL02-PB
269876.0,2020-02-17,segunda-feira,13:20:00,PB,230,61,CRUZ DO ESPIRITO SANTO,Condutor Dormindo,Saída de leito carroçável,Com Vítimas Feridas,Pleno dia,Crescente,Sol,Dupla,Curva,Não,1,0,1,0,0,0,1,1,"-7,20548237","-35,14799456",SPRF-PB,DEL01-PB,UOP03-DEL01-PB
269985.0,2020-02-18,terça-feira,01:00:00,PB,101,"83,8",BAYEUX,Condutor Dormindo,Queda de ocupante de veículo,Com Vítimas Feridas,Plena Noite,Crescente,Nublado,Dupla,Reta,Sim,1,0,0,1,0,0,1,1,"-7,1337703","-34,92963914",SPRF-PB,DEL01-PB,UOP01-DEL01-PB
270016.0,2020-02-18,terça-feira,08:15:00,PB,230,17,JOAO PESSOA,Falta de Atenção à Condução,Colisão lateral,Com Vítimas Feridas,Pleno dia,Crescente,Sol,Múltipla,Reta,Sim,3,0,1,0,2,0,1,2,"-7,1121","-34,8426",SPRF-PB,DEL01-PB,UOP01-DEL01-PB
270019.0,2020-02-18,terça-feira,07:50:00,PB,230,"214,3",SOLEDADE,Falta de Atenção à Condução,Colisão transversal,Com Vítimas Feridas,Pleno dia,Crescente,Sol,Simples,Reta,Não,2,0,0,1,1,0,1,2,"-7,0622","-36,3543",SPRF-PB,DEL02-PB,UOP02-DEL02-PB
270022.0,2020-02-18,terça-feira,08:20:00,PB,230,"50,2",SANTA RITA,Condutor Dormindo,Saída de leito carroçável,Com Vítimas Feridas,Pleno dia,Decrescente,Céu Claro,Dupla,Reta,Não,1,0,1,0,0,0,1,1,"-7,1846","-35,0544",SPRF-PB,DEL01-PB,UOP03-DEL01-PB
270101.0,2020-02-18,terça-feira,16:19:00,PB,230,18,JOAO PESSOA,Falta de Atenção à Condução,Engavetamento,Com Vítimas Feridas,Pleno dia,Decrescente,Céu Claro,Dupla,Reta,Não,5,0,1,0,1,3,1,5,"-7,1214891","-34,8443079",SPRF-PB,DEL01-PB,UOP01-DEL01-PB
270185.0,2020-02-19,quarta-feira,07:40:00,PB,230,"24,4",JOAO PESSOA,Desobediência às normas de trânsito pelo condutor,Colisão lateral,Com Vítimas Feridas,Pleno dia,Decrescente,Sol,Dupla,Curva,Sim,2,0,1,0,1,0,1,2,"-7,1637","-34,8618",SPRF-PB,DEL01-PB,UOP01-DEL01-PB
270206.0,2020-02-19,quarta-feira,09:20:00,PB,230,"67,4",SOBRADO,Defeito Mecânico no Veículo,Incêndio,Sem Vítimas,Pleno dia,Crescente,Nublado,Dupla,Reta,Não,1,0,0,0,1,0,0,1,"-7,1856","-35,1989",SPRF-PB,DEL01-PB,UOP03-DEL01-PB
270288.0,2020-02-19,quarta-feira,18:30:00,PB,230,153,CAMPINA GRANDE,Ingestão de Álcool,Colisão lateral,Com Vítimas Feridas,Plena Noite,Decrescente,Céu Claro,Dupla,Interseção de Vias,Sim,2,0,1,0,1,0,1,2,"-7,2763","-35,8887",SPRF-PB,DEL02-PB,UOP01-DEL02-PB
270312.0,2020-02-19,quarta-feira,19:45:00,PB,101,12,MAMANGUAPE,Ingestão de Álcool,Queda de ocupante de veículo,Com Vítimas Feridas,Plena Noite,Decrescente,Céu Claro,Dupla,Curva,Sim,1,0,1,0,0,0,1,1,"-6,60110408","-35,14339905",SPRF-PB,DEL01-PB,UOP04-DEL01-PB
270328.0,2020-02-19,quarta-feira,21:40:00,PB,101,"84,9",JOAO PESSOA,Falta de Atenção à Condução,Tombamento,Com Vítimas Feridas,Plena Noite,Decrescente,Chuva,Dupla,Reta,Sim,1,0,1,0,0,0,1,1,"-7,14","-34,91352",SPRF-PB,DEL01-PB,UOP01-DEL01-PB
270356.0,2020-02-20,quinta-feira,03:25:00,PB,101,"101,9",ALHANDRA,Falta de Atenção à Condução,Colisão com objeto estático,Com Vítimas Feridas,Plena Noite,Decrescente,Nublado,Dupla,Curva,Não,2,0,2,0,0,0,2,1,"-7,27367006","-34,93816262",SPRF-PB,DEL01-PB,UOP01-DEL01-PB
270365.0,2020-02-20,quinta-feira,06:15:00,PB,230,"55,3",CRUZ DO ESPIRITO SANTO,Defeito Mecânico no Veículo,Tombamento,Com Vítimas Feridas,Pleno dia,Decrescente,Nublado,Dupla,Reta,Não,2,0,2,0,0,0,2,1,"-7,2014","-35,0943",SPRF-PB,DEL01-PB,UOP03-DEL01-PB
270434.0,2020-02-20,quinta-feira,11:00:00,PB,230,"406,8",POMBAL,Falta de Atenção à Condução,Colisão lateral,Com Vítimas Feridas,Pleno dia,Crescente,Céu Claro,Simples,Reta,Sim,2,0,0,1,1,0,1,2,"-6,7842","-37,7987",SPRF-PB,DEL03-PB,UOP02-DEL03-PB
270527.0,2020-02-20,quinta-feira,18:00:00,PB,230,"498,1",CAJAZEIRAS,Pista Escorregadia,Saída de leito carroçável,Com Vítimas Feridas,Plena Noite,Decrescente,Chuva,Simples,Reta,Não,2,0,2,0,0,0,2,1,"-6,900493","-38,503841",SPRF-PB,DEL03-PB,UOP03-DEL03-PB
270541.0,2020-02-20,quinta-feira,20:40:00,PB,101,83,BAYEUX,Defeito Mecânico no Veículo,Colisão com objeto em movimento,Com Vítimas Feridas,Plena Noite,Decrescente,Garoa/Chuvisco,Dupla,Reta,Sim,2,0,1,0,0,1,1,2,"-7,1337703","-34,92963914",SPRF-PB,DEL01-PB,UOP01-DEL01-PB
270591.0,2020-01-25,sábado,09:30:00,PB,230,27,JOAO PESSOA,Ingestão de Álcool,Colisão traseira,Sem Vítimas,Pleno dia,Crescente,Céu Claro,Dupla,Reta,Não,2,0,0,0,1,1,0,2,"-7,16470016","-34,89993643",SPRF-PB,DEL01-PB,UOP01-DEL01-PB
270610.0,2020-02-21,sexta-feira,07:45:00,PB,230,"22,2",JOAO PESSOA,Não guardar distância de segurança,Colisão traseira,Com Vítimas Feridas,Pleno dia,Decrescente,Sol,Dupla,Reta,Sim,3,0,2,0,1,0,2,2,"-7,1495","-34,8517",SPRF-PB,DEL01-PB,UOP01-DEL01-PB
270701.0,2020-02-21,sexta-feira,13:40:00,PB,230,"160,6",CAMPINA GRANDE,Não guardar distância de segurança,Colisão lateral,Com Vítimas Feridas,Pleno dia,Decrescente,Céu Claro,Simples,Retorno Regulamentado,Sim,2,0,1,0,1,0,1,2,"-7,2582","-35,9267",SPRF-PB,DEL02-PB,UOP01-DEL02-PB
270718.0,2020-02-21,sexta-feira,14:50:00,PB,230,"117,3",INGA,Falta de Atenção à Condução,Colisão traseira,Com Vítimas Feridas,Pleno dia,Crescente,Nublado,Dupla,Retorno Regulamentado;Reta;Declive,Não,3,0,2,0,1,0,2,2,"-7,2393","-35,6128",SPRF-PB,DEL02-PB,UOP01-DEL02-PB
270732.0,2020-02-21,sexta-feira,16:37:00,PB,230,25,JOAO PESSOA,Falta de Atenção à Condução,Colisão lateral,Com Vítimas Feridas,Pleno dia,Crescente,Céu Claro,Simples,Reta,Sim,2,0,1,0,1,0,1,2,"-7,1707","-34,8684",SPRF-PB,DEL01-PB,UOP01-DEL01-PB
270754.0,2020-02-21,sexta-feira,16:55:00,PB,230,119,RIACHAO DO BACAMARTE,Avarias e/ou desgaste excessivo no pneu,Queda de ocupante de veículo,Com Vítimas Feridas,Pleno dia,Decrescente,Nublado,Dupla,Reta,Não,2,0,1,0,1,0,1,1,"-7,2423","-35,6312",SPRF-PB,DEL02-PB,UOP01-DEL02-PB
270772.0,2020-02-21,sexta-feira,19:00:00,PB,101,"83,4",BAYEUX,Falta de Atenção à Condução,Colisão traseira,Sem Vítimas,Plena Noite,Decrescente,Céu Claro,Dupla,Viaduto,Sim,8,0,0,0,8,0,0,2,"-7,1337703","-34,92963914",SPRF-PB,DEL01-PB,UOP01-DEL01-PB
270803.0,2020-02-21,sexta-feira,19:40:00,PB,230,3,CABEDELO,Velocidade Incompatível,Atropelamento de Animal,Com Vítimas Feridas,Plena Noite,Crescente,Céu Claro,Dupla,Reta,Não,4,0,0,1,1,2,1,3,"-6,9915","-34,8287",SPRF-PB,DEL01-PB,UOP01-DEL01-PB
270834.0,2020-02-22,sábado,00:15:00,PB,230,"213,7",SOLEDADE,Condutor Dormindo,Colisão com objeto estático,Sem Vítimas,Plena Noite,Crescente,Céu Claro,Simples,Reta,Não,1,0,0,0,1,0,0,1,"-7,0705","-36,348",SPRF-PB,DEL02-PB,UOP02-DEL02-PB
270890.0,2020-02-22,sábado,06:40:00,PB,230,"89,8",GURINHEM,Falta de Atenção à Condução,Colisão lateral,Com Vítimas Feridas,Pleno dia,Crescente,Céu Claro,Dupla,Reta,Sim,2,0,1,0,1,0,1,2,"-7,1708","-35,3831",SPRF-PB,DEL01-PB,UOP03-DEL01-PB
270925.0,2020-02-22,sábado,11:05:00,PB,101,"57,1",SANTA RITA,Avarias e/ou desgaste excessivo no pneu,Saída de leito carroçável,Com Vítimas Feridas,Pleno dia,Decrescente,Sol,Dupla,Reta,Não,4,0,4,0,0,0,4,1,"-6,978667","-35,077235",SPRF-PB,DEL01-PB,UOP04-DEL01-PB
270934.0,2020-02-22,sábado,11:40:00,PB,101,"83,8",BAYEUX,Desobediência às normas de trânsito pelo condutor,Engavetamento,Sem Vítimas,Pleno dia,Crescente,Nublado,Dupla,Reta,Sim,3,0,0,0,3,0,0,3,"-7,1337703","-34,92963914",SPRF-PB,DEL01-PB,UOP01-DEL01-PB
271014.0,2020-02-22,sábado,15:30:00,PB,101,"120,3",CAAPORA,Defeito na Via,Colisão com objeto estático,Com Vítimas Feridas,Pleno dia,Decrescente,Céu Claro,Dupla,Reta,Não,2,0,1,0,1,0,1,1,"-7,43522578","-34,9727831",SPRF-PB,DEL01-PB,UOP01-DEL01-PB
271086.0,2020-02-22,sábado,21:35:00,PB,230,"161,1",CAMPINA GRANDE,Não guardar distância de segurança,Colisão traseira,Com Vítimas Feridas,Plena Noite,Crescente,Céu Claro,Simples,Reta,Não,2,0,2,0,0,0,2,2,"-7,2361","-35,941",SPRF-PB,DEL02-PB,UOP01-DEL02-PB
271159.0,2020-02-23,domingo,05:00:00,PB,101,77,SANTA RITA,Falta de Atenção à Condução,Saída de leito carroçável,Com Vítimas Feridas,Amanhecer,Crescente,Céu Claro,Dupla,Reta,Sim,2,0,1,1,0,0,2,1,"-7,09947194","-34,96574283",SPRF-PB,DEL01-PB,UOP04-DEL01-PB
271184.0,2020-02-23,domingo,09:00:00,PB,101,100,ALHANDRA,Ingestão de Álcool,Colisão traseira,Com Vítimas Feridas,Pleno dia,Decrescente,Céu Claro,Dupla,Reta,Não,3,0,2,0,1,0,2,2,"-7,26469806","-34,93677965",SPRF-PB,DEL01-PB,UOP01-DEL01-PB
271191.0,2020-02-23,domingo,10:00:00,PB,230,"9,2",CABEDELO,Velocidade Incompatível,Colisão traseira,Com Vítimas Feridas,Pleno dia,Decrescente,Sol,Simples,Em Obras;Reta,Sim,3,0,2,1,0,0,3,2,"-7,0355","-34,8429",SPRF-PB,DEL01-PB,UOP01-DEL01-PB
271308.0,2020-02-23,domingo,19:50:00,PB,230,24,JOAO PESSOA,Defeito na Via,Tombamento,Com Vítimas Feridas,Plena Noite,Decrescente,Céu Claro,Dupla,Interseção de Vias,Sim,1,0,1,0,0,0,1,1,"-7,16621522","-34,86299336",SPRF-PB,DEL01-PB,UOP01-DEL01-PB
271405.0,2020-02-24,segunda-feira,10:10:00,PB,230,"72,3",SOBRADO,Falta de Atenção à Condução,Saída de leito carroçável,Com Vítimas Feridas,Pleno dia,Decrescente,Céu Claro,Simples,Reta,Não,1,0,0,1,0,0,1,1,"-7,1907","-35,2418",SPRF-PB,DEL01-PB,UOP03-DEL01-PB
271444.0,2020-02-24,segunda-feira,15:00:00,PB,101,91,JOAO PESSOA,Falta de Atenção à Condução,Colisão traseira,Com Vítimas Feridas,Pleno dia,Crescente,Céu Claro,Dupla,Reta,Sim,1,0,1,0,0,0,1,1,"-7,18826412","-34,90308264",SPRF-PB,DEL01-PB,UOP01-DEL01-PB
271483.0,2020-02-24,segunda-feira,19:18:00,PB,101,"6,1",MATARACA,Velocidade Incompatível,Colisão com objeto estático,Com Vítimas Feridas,Plena Noite,Decrescente,Céu Claro,Simples,Interseção de Vias,Não,1,0,1,0,0,0,1,1,"-6,5546664","-35,12959232",SPRF-PB,DEL01-PB,UOP04-DEL01-PB
271653.0,2020-02-25,terça-feira,18:30:00,PB,230,22,JOAO PESSOA,Falta de Atenção à Condução,Tombamento,Com Vítimas Feridas,Plena Noite,Crescente,Céu Claro,Dupla,Reta,Sim,1,0,1,0,0,0,1,1,"-7,1495","-34,8517",SPRF-PB,DEL01-PB,UOP01-DEL01-PB
271682.0,2020-02-25,terça-feira,20:00:00,PB,230,"14,5",CABEDELO,Desobediência às normas de trânsito pelo condutor,Colisão frontal,Com Vítimas Feridas,Plena Noite,Decrescente,Céu Claro,Simples,Reta,Sim,2,0,0,2,0,0,2,2,"-7,0844","-34,8488",SPRF-PB,DEL01-PB,UOP01-DEL01-PB
271782.0,2020-02-26,quarta-feira,10:40:00,PB,230,38,SANTA RITA,Falta de Atenção à Condução,Colisão lateral,Com Vítimas Feridas,Pleno dia,Crescente,Céu Claro,Dupla,Reta,Sim,5,0,1,0,4,0,1,3,"-7,1341","-34,962",SPRF-PB,DEL01-PB,UOP03-DEL01-PB
271794.0,2020-02-26,quarta-feira,11:20:00,PB,101,88,JOAO PESSOA,Pista Escorregadia,Tombamento,Com Vítimas Feridas,Pleno dia,Decrescente,Céu Claro,Dupla,Interseção de Vias;Curva,Não,2,0,1,1,0,0,2,1,"-7,16470016","-34,89993643",SPRF-PB,DEL01-PB,UOP01-DEL01-PB
271833.0,2020-02-26,quarta-feira,14:20:00,PB,230,"19,5",JOAO PESSOA,Avarias e/ou desgaste excessivo no pneu,Tombamento,Com Vítimas Feridas,Pleno dia,Crescente,Sol,Dupla,Reta,Sim,2,0,2,0,0,0,2,1,"-7,1281","-34,8466",SPRF-PB,DEL01-PB,UOP01-DEL01-PB
271893.0,2020-02-26,quarta-feira,19:00:00,PB,101,"94,5",JOAO PESSOA,Defeito Mecânico no Veículo,Tombamento,Com Vítimas Feridas,Plena Noite,Crescente,Nublado,Dupla,Aclive,Não,2,0,2,0,0,0,2,1,"-7,21483297","-34,9117521",SPRF-PB,DEL01-PB,UOP01-DEL01-PB
271916.0,2020-02-26,quarta-feira,20:25:00,PB,230,40,SANTA RITA,Avarias e/ou desgaste excessivo no pneu,Queda de ocupante de veículo,Com Vítimas Feridas,Plena Noite,Decrescente,Céu Claro,Dupla,Declive,Sim,1,0,1,0,0,0,1,1,"-7,1381","-34,9707",SPRF-PB,DEL01-PB,UOP03-DEL01-PB
271917.0,2020-02-26,quarta-feira,20:40:00,PB,101,43,MAMANGUAPE,Defeito Mecânico no Veículo,Incêndio,Sem Vítimas,Plena Noite,Crescente,Céu Claro,Dupla,Reta,Sim,1,0,0,0,0,1,0,1,"-6,865561","-35,133374",SPRF-PB,DEL01-PB,UOP04-DEL01-PB
271919.0,2020-02-26,quarta-feira,21:10:00,PB,230,12,CABEDELO,Avarias e/ou desgaste excessivo no pneu,Colisão lateral,Com Vítimas Feridas,Plena Noite,Decrescente,Céu Claro,Dupla,Reta,Sim,2,0,1,0,1,0,1,2,"-7,068","-34,85",SPRF-PB,DEL01-PB,UOP01-DEL01-PB