id,data_inversa,dia_semana,horario,uf,br,km,municipio,causa_acidente,tipo_acidente,classificacao_acidente,fase_dia,sentido_via,condicao_metereologica,tipo_pista,tracado_via,uso_solo,pessoas,mortos,feridos_leves,feridos_graves,ilesos,ignorados,feridos,veiculos,latitude,longitude,regional,delegacia,uop
271944.0,2020-02-26,quarta-feira,22:45:00,PB,230,"466,4",SOUSA,Não guardar distância de segurança,Colisão traseira,Com Vítimas Feridas,Plena Noite,Crescente,Nublado,Simples,Reta,Sim,3,0,1,0,0,2,1,3,"-6,781639","-38,269248",SPRF-PB,DEL03-PB,UOP03-DEL03-PB
271950.0,2020-02-27,quinta-feira,03:00:00,PB,101,90,JOAO PESSOA,Falta de Atenção do Pedestre,Atropelamento de Pedestre,Com Vítimas Feridas,Plena Noite,Decrescente,Céu Claro,Dupla,Reta,Sim,3,0,2,1,0,0,3,2,"-7,179652","-34,900417",SPRF-PB,DEL01-PB,UOP01-DEL01-PB
271984.0,2020-02-27,quinta-feira,08:51:00,PB,230,"18,2",JOAO PESSOA,Não guardar distância de segurança,Colisão traseira,Com Vítimas Feridas,Pleno dia,Decrescente,Céu Claro,Dupla,Reta,Sim,2,0,0,1,1,0,1,2,"-7,1198","-34,8453",SPRF-PB,DEL01-PB,UOP01-DEL01-PB
272027.0,2020-02-27,quinta-feira,12:30:00,PB,230,"166,8",CAMPINA GRANDE,Ingestão de Álcool,Atropelamento de Pedestre,Com Vítimas Fatais,Pleno dia,Crescente,Céu Claro,Simples,Curva,Sim,2,1,0,0,0,1,0,2,"-7,1557669","-36,0908256",SPRF-PB,DEL02-PB,UOP02-DEL02-PB
272094.0,2020-02-27,quinta-feira,19:00:00,PB,230,350,PATOS,Ingestão de Álcool,Colisão traseira,Sem Vítimas,Plena Noite,Crescente,Céu Claro,Simples,Reta,Não,2,0,0,0,2,0,0,2,"-6,9504","-37,3885",SPRF-PB,DEL03-PB,UOP01-DEL03-PB
272121.0,2020-02-28,sexta-feira,07:00:00,PB,230,27,JOAO PESSOA,Defeito Mecânico no Veículo,Incêndio,Sem Vítimas,Pleno dia,Decrescente,Céu Claro,Dupla,Curva,Sim,1,0,0,0,1,0,0,1,"-7,1677","-34,8855",SPRF-PB,DEL01-PB,UOP01-DEL01-PB
272129.0,2020-02-28,sexta-feira,07:40:00,PB,230,"21,1",JOAO PESSOA,Velocidade Incompatível,Colisão traseira,Com Vítimas Feridas,Pleno dia,Decrescente,Céu Claro,Dupla,Reta,Sim,3,0,1,0,1,1,1,2,"-7,1415","-34,8519",SPRF-PB,DEL01-PB,UOP01-DEL01-PB
272299.0,2020-02-29,sábado,04:15:00,PB,101,89,JOAO PESSOA,Ingestão de Álcool,Saída de leito carroçável,Com Vítimas Feridas,Amanhecer,Crescente,Garoa/Chuvisco,Dupla,Reta,Sim,1,0,0,1,0,0,1,1,"-7,1710694","-34,89765372",SPRF-PB,DEL01-PB,UOP01-DEL01-PB
272431.0,2020-02-29,sábado,19:28:00,PB,101,89,JOAO PESSOA,Falta de Atenção à Condução,Colisão transversal,Com Vítimas Feridas,Plena Noite,Decrescente,Céu Claro,Dupla,Reta,Sim,4,0,2,0,2,0,2,2,"-7,1710694","-34,89765372",SPRF-PB,DEL01-PB,UOP01-DEL01-PB
272477.0,2020-02-29,sábado,22:30:00,PB,101,87,JOAO PESSOA,Velocidade Incompatível,Colisão com objeto estático,Sem Vítimas,Plena Noite,Decrescente,Céu Claro,Dupla,Interseção de Vias,Sim,1,0,0,0,1,0,0,1,"-7,15886802","-34,90628504",SPRF-PB,DEL01-PB,UOP01-DEL01-PB
272489.0,2020-02-29,sábado,22:50:00,PB,230,"482,1",MARIZOPOLIS,Ingestão de Álcool,Atropelamento de Pedestre,Com Vítimas Fatais,Plena Noite,Crescente,Nublado,Simples,Declive,Não,2,1,0,0,1,0,0,2,"-6,75751385","-38,29147339",SPRF-PB,DEL03-PB,UOP03-DEL03-PB
272572.0,2020-03-01,domingo,12:45:00,PB,101,"83,5",BAYEUX,Falta de Atenção à Condução,Tombamento,Com Vítimas Feridas,Pleno dia,Decrescente,Nublado,Dupla,Reta,Sim,1,0,0,1,0,0,1,1,"-7,1337703","-34,92963914",SPRF-PB,DEL01-PB,UOP01-DEL01-PB
272585.0,2020-03-01,domingo,13:00:00,PB,230,37,SANTA RITA,Falta de Atenção à Condução,Saída de leito carroçável,Com Vítimas Feridas,Pleno dia,Decrescente,Céu Claro,Dupla,Reta,Sim,3,0,2,1,0,0,3,1,"-7,1293","-34,9536",SPRF-PB,DEL01-PB,UOP03-DEL01-PB
272613.0,2020-03-01,domingo,15:15:00,PB,101,"61,8",SANTA RITA,Desobediência às normas de trânsito pelo condutor,Colisão transversal,Com Vítimas Feridas,Pleno dia,Crescente,Nublado,Dupla,Reta,Não,2,0,1,0,0,1,1,2,"-7,00949401","-35,06072329",SPRF-PB,DEL01-PB,UOP04-DEL01-PB
272676.0,2020-03-01,domingo,19:45:00,PB,101,88,JOAO PESSOA,Pista Escorregadia,Tombamento,Com Vítimas Feridas,Plena Noite,Crescente,Chuva,Dupla,Curva,Sim,1,0,1,0,0,0,1,1,"-7,16470016","-34,89993643",SPRF-PB,DEL01-PB,UOP01-DEL01-PB
272715.0,2020-03-01,domingo,22:35:00,PB,230,"28,1",JOAO PESSOA,Ingestão de Álcool,Colisão com objeto estático,Com Vítimas Feridas,Plena Noite,Decrescente,Nublado,Simples,Viaduto,Sim,2,0,1,1,0,0,2,1,"-7,1651","-34,8941",SPRF-PB,DEL01-PB,UOP01-DEL01-PB
272734.0,2020-03-02,segunda-feira,01:58:00,PB,230,45,SANTA RITA,Animais na Pista,Saída de leito carroçável,Com Vítimas Feridas,Plena Noite,Decrescente,Chuva,Dupla,Reta,Não,2,0,1,1,0,0,2,1,"-7,1583","-35,0176",SPRF-PB,DEL01-PB,UOP03-DEL01-PB
272776.0,2020-03-02,segunda-feira,06:40:00,PB,230,124,RIACHAO DO BACAMARTE,Falta de Atenção do Pedestre,Atropelamento de Pedestre,Com Vítimas Feridas,Amanhecer,Crescente,Céu Claro,Dupla,Aclive,Não,2,0,0,1,0,1,1,2,"-7,2465","-35,6751",SPRF-PB,DEL02-PB,UOP01-DEL02-PB
272855.0,2020-03-02,segunda-feira,14:10:00,PB,101,"110,1",ALHANDRA,Desobediência às normas de trânsito pelo condutor,Colisão traseira,Com Vítimas Feridas,Pleno dia,Crescente,Sol,Dupla,Interseção de Vias,Sim,2,0,1,0,1,0,1,2,"-7,35255626","-34,94940909",SPRF-PB,DEL01-PB,UOP01-DEL01-PB
272992.0,2020-03-03,terça-feira,09:42:00,PB,230,"4,3",CABEDELO,Falta de Atenção à Condução,Tombamento,Com Vítimas Feridas,Pleno dia,Crescente,Nublado,Simples,Em Obras;Desvio Temporário;Reta,Sim,1,0,1,0,0,0,1,1,"-7,0004","-34,8284",SPRF-PB,DEL01-PB,UOP01-DEL01-PB
273058.0,2020-03-03,terça-feira,14:50:00,PB,230,"165,5",CAMPINA GRANDE,Velocidade Incompatível,Colisão traseira,Com Vítimas Fatais,Pleno dia,Crescente,Céu Claro,Simples,Curva,Não,2,1,0,0,1,0,0,2,"-7,20525951","-35,95125675",SPRF-PB,DEL02-PB,UOP02-DEL02-PB
273188.0,2020-03-04,quarta-feira,10:00:00,PB,230,12,CABEDELO,Falta de Atenção à Condução,Colisão traseira,Com Vítimas Feridas,Pleno dia,Decrescente,Céu Claro,Dupla,Reta,Sim,2,0,1,0,1,0,1,2,"-7,068","-34,85",SPRF-PB,DEL01-PB,UOP01-DEL01-PB
273289.0,2020-03-04,quarta-feira,22:00:00,PB,230,"163,8",CAMPINA GRANDE,Animais na Pista,Atropelamento de Animal,Com Vítimas Feridas,Plena Noite,Crescente,Céu Claro,Simples,Reta;Declive,Sim,2,0,2,0,0,0,2,1,"-7,2198","-35,9443",SPRF-PB,DEL02-PB,UOP01-DEL02-PB
273322.0,2020-03-05,quinta-feira,06:50:00,PB,230,"23,9",JOAO PESSOA,Não guardar distância de segurança,Colisão traseira,Com Vítimas Feridas,Pleno dia,Decrescente,Sol,Dupla,Aclive;Viaduto,Sim,2,0,1,0,1,0,1,2,"-7,1562","-34,8574",SPRF-PB,DEL01-PB,UOP01-DEL01-PB
273328.0,2020-03-05,quinta-feira,07:45:00,PB,101,84,BAYEUX,Avarias e/ou desgaste excessivo no pneu,Tombamento,Com Vítimas Feridas,Pleno dia,Crescente,Sol,Dupla,Reta,Sim,2,0,2,0,0,0,2,1,"-7,13957906","-34,92312806",SPRF-PB,DEL01-PB,UOP01-DEL01-PB
273391.0,2020-03-05,quinta-feira,14:15:00,PB,230,"24,7",JOAO PESSOA,Falta de Atenção à Condução,Colisão com objeto estático,Com Vítimas Feridas,Pleno dia,Crescente,Céu Claro,Dupla,Reta,Sim,1,0,1,0,0,0,1,1,"-7,1637","-34,8618",SPRF-PB,DEL01-PB,UOP01-DEL01-PB
273405.0,2020-02-07,sexta-feira,20:00:00,PB,230,"250,3",JUAZEIRINHO,Ingestão de Álcool,Colisão frontal,Sem Vítimas,Plena Noite,Crescente,Nublado,Simples,Reta,Não,6,0,0,0,5,1,0,2,"-7,0593","-36,652",SPRF-PB,DEL03-PB,UOP01-DEL03-PB
273418.0,2020-03-05,quinta-feira,17:50:00,PB,101,83,BAYEUX,Defeito Mecânico no Veículo,Queda de ocupante de veículo,Com Vítimas Feridas,Plena Noite,Crescente,Céu Claro,Dupla,Reta,Não,2,0,2,0,0,0,2,1,"-7,1337703","-34,92963914",SPRF-PB,DEL01-PB,UOP01-DEL01-PB
273452.0,2020-03-05,quinta-feira,17:15:00,PB,230,"1,2",CABEDELO,Falta de Atenção à Condução,Colisão lateral,Com Vítimas Feridas,Plena Noite,Decrescente,Céu Claro,Simples,Reta,Sim,2,0,1,0,1,0,1,2,"-6,9753","-34,8318",SPRF-PB,DEL01-PB,UOP01-DEL01-PB
273528.0,2020-03-06,sexta-feira,07:00:00,PB,230,"158,9",CAMPINA GRANDE,Não guardar distância de segurança,Colisão traseira,Com Vítimas Feridas,Pleno dia,Crescente,Sol,Simples,Reta,Sim,4,0,1,0,2,1,1,2,"-7,255709","-35,929519",SPRF-PB,DEL02-PB,UOP01-DEL02-PB
273691.0,2020-03-06,sexta-feira,21:40:00,PB,104,"112,6",LAGOA SECA,Ingestão de Álcool,Atropelamento de Pedestre,Sem Vítimas,Plena Noite,Crescente,Céu Claro,Simples,Reta,Sim,1,0,0,0,1,0,0,1,"-7,1450288","-35,85692679",SPRF-PB,DEL02-PB,UOP04-DEL02-PB
273724.0,2020-03-07,sábado,01:20:00,PB,230,140,CAMPINA GRANDE,Animais na Pista,Atropelamento de Animal,Com Vítimas Feridas,Plena Noite,Crescente,Céu Claro,Dupla,Reta,Não,2,0,1,0,1,0,1,1,"-7,268","-35,7991",SPRF-PB,DEL02-PB,UOP01-DEL02-PB
273787.0,2020-03-07,sábado,10:20:00,PB,101,107,ALHANDRA,Ingestão de Álcool,Colisão com objeto estático,Com Vítimas Feridas,Pleno dia,Crescente,Céu Claro,Dupla,Reta,Não,2,0,2,0,0,0,2,1,"-7,32549201","-34,94709877",SPRF-PB,DEL01-PB,UOP01-DEL01-PB
273821.0,2020-03-07,sábado,13:40:00,PB,230,"47,9",SANTA RITA,Defeito Mecânico no Veículo,Saída de leito carroçável,Com Vítimas Feridas,Pleno dia,Crescente,Céu Claro,Dupla,Reta,Não,1,0,0,1,0,0,1,1,"-7,1685","-35,032",SPRF-PB,DEL01-PB,UOP03-DEL01-PB
273907.0,2020-03-07,sábado,20:40:00,PB,361,4,PATOS,Falta de Atenção à Condução,Queda de ocupante de veículo,Com Vítimas Feridas,Plena Noite,Decrescente,Céu Claro,Simples,Reta,Sim,1,0,0,1,0,0,1,1,"-7,03208047","-37,29365088",SPRF-PB,DEL03-PB,UOP01-DEL03-PB
273932.0,2020-03-08,domingo,00:20:00,PB,101,"97,8",ALHANDRA,Velocidade Incompatível,Colisão com objeto estático,Com Vítimas Feridas,Plena Noite,Decrescente,Nublado,Dupla,Reta,Sim,4,0,2,2,0,0,4,1,"-7,2436676","-34,92961518",SPRF-PB,DEL01-PB,UOP01-DEL01-PB
274075.0,2020-03-08,domingo,16:00:00,PB,104,"112,5",LAGOA SECA,Desobediência às normas de trânsito pelo condutor,Colisão transversal,Com Vítimas Feridas,Pleno dia,Decrescente,Sol,Simples,Interseção de Vias,Sim,8,0,2,0,6,0,2,2,"-7,1450288","-35,85692679",SPRF-PB,DEL02-PB,UOP04-DEL02-PB
274142.0,2020-03-08,domingo,20:30:00,PB,405,"5,3",UIRAUNA,Ingestão de Álcool,Colisão com objeto estático,Com Vítimas Feridas,Plena Noite,Crescente,Nublado,Simples,Interseção de Vias,Não,1,0,0,1,0,0,1,1,"-6,494732","-38,394413",SPRF-PB,DEL03-PB,UOP03-DEL03-PB
274147.0,2020-03-08,domingo,20:50:00,PB,104,"87,5",REMIGIO,Desobediência às normas de trânsito pelo condutor,Colisão frontal,Com Vítimas Feridas,Plena Noite,Decrescente,Céu Claro,Simples,Reta,Sim,2,0,1,0,1,0,1,2,"-6,96481008","-35,79803462",SPRF-PB,DEL02-PB,UOP04-DEL02-PB
274184.0,2020-03-08,domingo,20:50:00,PB,230,"458,9",SOUSA,Ingestão de Álcool,Colisão transversal,Com Vítimas Feridas,Plena Noite,Crescente,Garoa/Chuvisco,Simples,Interseção de Vias,Não,4,0,2,2,0,0,4,2,"-6,7774","-38,1808",SPRF-PB,DEL03-PB,UOP03-DEL03-PB
274225.0,2020-03-09,segunda-feira,07:15:00,PB,230,"375,7",CONDADO,Agressão Externa,Colisão com objeto estático,Com Vítimas Feridas,Pleno dia,Decrescente,Céu Claro,Simples,Reta,Sim,3,0,2,0,0,1,2,2,"-6,9088","-37,5918",SPRF-PB,DEL03-PB,UOP02-DEL03-PB
274229.0,2020-03-09,segunda-feira,07:30:00,PB,101,20,MAMANGUAPE,Velocidade Incompatível,Saída de leito carroçável,Com Vítimas Feridas,Pleno dia,Decrescente,Céu Claro,Dupla,Curva;Declive,Não,4,0,4,0,0,0,4,1,"-6,66323695","-35,1143428",SPRF-PB,DEL01-PB,UOP04-DEL01-PB
274230.0,2020-03-09,segunda-feira,07:32:00,PB,230,20,JOAO PESSOA,Falta de Atenção à Condução,Colisão traseira,Com Vítimas Feridas,Pleno dia,Decrescente,Sol,Dupla,Reta,Sim,2,0,1,0,1,0,1,2,"-7,1337","-34,8544",SPRF-PB,DEL01-PB,UOP01-DEL01-PB
274248.0,2020-03-09,segunda-feira,09:00:00,PB,230,11,CABEDELO,Falta de Atenção à Condução,Colisão traseira,Com Vítimas Feridas,Pleno dia,Crescente,Céu Claro,Dupla,Reta,Sim,2,0,1,0,0,1,1,2,"-7,0596","-34,8506",SPRF-PB,DEL01-PB,UOP01-DEL01-PB
274305.0,2020-03-09,segunda-feira,12:00:00,PB,230,"71,3",SOBRADO,Defeito na Via,Tombamento,Com Vítimas Feridas,Pleno dia,Crescente,Sol,Dupla,Reta,Não,1,0,1,0,0,0,1,1,"-7,1901675","-35,24987143",SPRF-PB,DEL01-PB,UOP03-DEL01-PB
274324.0,2020-03-09,segunda-feira,15:30:00,PB,104,"107,3",SAO SEBASTIAO DE LAGOA DE  ROCA,Desobediência às normas de trânsito pelo condutor,Colisão transversal,Com Vítimas Feridas,Pleno dia,Decrescente,Sol,Simples,Reta,Sim,2,0,0,1,1,0,1,2,"-7,10299395","-35,8661241",SPRF-PB,DEL02-PB,UOP04-DEL02-PB
274380.0,2020-03-09,segunda-feira,18:30:00,PB,230,"238,9",JUAZEIRINHO,Ingestão de Álcool,Colisão traseira,Com Vítimas Feridas,Plena Noite,Crescente,Céu Claro,Simples,Reta,Não,2,0,0,1,0,1,1,2,"-7,0543","-36,5494",SPRF-PB,DEL02-PB,UOP02-DEL02-PB
274422.0,2020-01-15,quarta-feira,20:04:00,PB,230,"17,5",JOAO PESSOA,Não guardar distância de segurança,Colisão com objeto estático,Com Vítimas Feridas,Plena Noite,Crescente,Céu Claro,Dupla,Retorno Regulamentado,Sim,3,0,1,0,2,0,1,2,"-7,11827333","-34,84420365",SPRF-PB,DEL01-PB,UOP01-DEL01-PB
274443.0,2020-03-10,terça-feira,09:00:00,PB,104,133,QUEIMADAS,Falta de Atenção à Condução,Colisão traseira,Com Vítimas Feridas,Pleno dia,Decrescente,Céu Claro,Simples,Reta,Sim,4,0,1,0,3,0,1,3,"-7,31674795","-35,89500926",SPRF-PB,DEL02-PB,UOP03-DEL02-PB
274470.0,2020-03-10,terça-feira,11:45:00,PB,230,"17,4",JOAO PESSOA,Desobediência às normas de trânsito pelo condutor,Colisão lateral,Com Vítimas Feridas,Pleno dia,Crescente,Sol,Dupla,Reta,Sim,3,0,2,0,1,0,2,2,"-7,1121","-34,8426",SPRF-PB,DEL01-PB,UOP01-DEL01-PB
274636.0,2020-03-11,quarta-feira,05:10:00,PB,230,160,CAMPINA GRANDE,Falta de Atenção à Condução,Colisão transversal,Com Vítimas Feridas,Amanhecer,Decrescente,Céu Claro,Simples,Reta,Não,2,0,1,1,0,0,2,2,"-7,24378955","-35,93752384",SPRF-PB,DEL02-PB,UOP01-DEL02-PB
274673.0,2020-03-11,quarta-feira,09:10:00,PB,101,78,SANTA RITA,Velocidade Incompatível,Saída de leito carroçável,Com Vítimas Feridas,Pleno dia,Crescente,Sol,Dupla,Reta,Não,1,0,0,1,0,0,1,1,"-7,10808295","-34,96293885",SPRF-PB,DEL01-PB,UOP04-DEL01-PB
274838.0,2020-03-12,quinta-feira,05:55:00,PB,101,124,CAAPORA,Velocidade Incompatível,Saída de leito carroçável,Sem Vítimas,Amanhecer,Crescente,Chuva,Dupla,Aclive;Curva,Não,1,0,0,0,0,1,0,1,"-7,46746892","-34,9772648",SPRF-PB,DEL01-PB,UOP01-DEL01-PB
274913.0,2020-03-12,quinta-feira,16:40:00,PB,101,112,PEDRAS DE FOGO,Pista Escorregadia,Saída de leito carroçável,Com Vítimas Feridas,Anoitecer,Decrescente,Chuva,Dupla,Rotatória,Não,4,0,4,0,0,0,4,1,"-7,36987092","-34,95429127",SPRF-PB,DEL01-PB,UOP01-DEL01-PB
274981.0,2020-03-12,quinta-feira,22:50:00,PB,230,"2,9",CABEDELO,Falta de Atenção à Condução,Colisão lateral,Com Vítimas Feridas,Plena Noite,Crescente,Chuva,Dupla,Reta,Sim,3,0,1,1,1,0,2,2,"-6,9837","-34,8295",SPRF-PB,DEL01-PB,UOP01-DEL01-PB
274995.0,2020-03-13,sexta-feira,01:10:00,PB,101,"38,9",MAMANGUAPE,Ingestão de Álcool,Colisão com objeto estático,Com Vítimas Feridas,Plena Noite,Decrescente,Chuva,Simples,Interseção de Vias,Sim,1,0,1,0,0,0,1,1,"-6,84219492","-35,13599396",SPRF-PB,DEL01-PB,UOP04-DEL01-PB
275050.0,2020-03-13,sexta-feira,09:30:00,PB,101,"23,5",RIO TINTO,Avarias e/ou desgaste excessivo no pneu,Tombamento,Com Vítimas Feridas,Pleno dia,Decrescente,Nublado,Dupla,Curva,Não,2,0,2,0,0,0,2,1,"-6,69006397","-35,11528625",SPRF-PB,DEL01-PB,UOP04-DEL01-PB
275096.0,2020-03-13,sexta-feira,13:25:00,PB,101,"104,9",ALHANDRA,Pista Escorregadia,Saída de leito carroçável,Sem Vítimas,Pleno dia,Crescente,Chuva,Dupla,Reta,Não,1,0,0,0,1,0,0,1,"-7,30029088","-34,93888622",SPRF-PB,DEL01-PB,UOP01-DEL01-PB
275139.0,2020-03-13,sexta-feira,17:00:00,PB,230,"136,5",CAMPINA GRANDE,Condutor Dormindo,Saída de leito carroçável,Com Vítimas Feridas,Pleno dia,Crescente,Nublado,Dupla,Reta,Não,3,0,3,0,0,0,3,1,"-7,276003","-35,777997",SPRF-PB,DEL02-PB,UOP01-DEL02-PB
275299.0,2020-03-14,sábado,10:10:00,PB,230,"148,2",CAMPINA GRANDE,Falta de Atenção à Condução,Colisão lateral,Com Vítimas Feridas,Pleno dia,Crescente,Nublado,Dupla,Reta,Sim,2,0,1,1,0,0,2,2,"-7,238","-35,8656",SPRF-PB,DEL02-PB,UOP01-DEL02-PB
275309.0,2020-03-14,sábado,11:25:00,PB,101,88,JOAO PESSOA,Falta de Atenção à Condução,Tombamento,Com Vítimas Feridas,Pleno dia,Crescente,Sol,Dupla,Reta,Sim,3,0,2,0,0,1,2,2,"-7,16470016","-34,89993643",SPRF-PB,DEL01-PB,UOP01-DEL01-PB
275315.0,2020-03-14,sábado,05:45:00,PB,230,22,JOAO PESSOA,Falta de Atenção à Condução,Tombamento,Com Vítimas Feridas,Pleno dia,Crescente,Nublado,Dupla,Reta,Sim,1,0,1,0,0,0,1,1,"-7,1495","-34,8517",SPRF-PB,DEL01-PB,UOP01-DEL01-PB
275463.0,2020-03-14,sábado,23:20:00,PB,101,"81,5",BAYEUX,Desobediência às normas de trânsito pelo condutor,Colisão traseira,Sem Vítimas,Plena Noite,Crescente,Céu Claro,Dupla,Reta,Não,2,0,0,0,0,2,0,2,"-7,12508575","-34,94513217",SPRF-PB,DEL01-PB,UOP01-DEL01-PB
275542.0,2020-03-15,domingo,15:20:00,PB,101,"105,9",ALHANDRA,Ingestão de Álcool,Saída de leito carroçável,Com Vítimas Feridas,Pleno dia,Crescente,Nublado,Dupla,Reta;Aclive,Não,2,0,1,0,1,0,1,2,"-7,31747224","-34,9467284",SPRF-PB,DEL01-PB,UOP01-DEL01-PB
275544.0,2020-03-15,domingo,16:00:00,PB,101,105,ALHANDRA,Velocidade Incompatível,Colisão traseira,Com Vítimas Feridas,Pleno dia,Crescente,Chuva,Dupla,Curva,Não,6,0,2,1,3,0,3,3,"-7,30814609","-34,94344185",SPRF-PB,DEL01-PB,UOP01-DEL01-PB
275563.0,2020-03-15,domingo,17:20:00,PB,230,"44,1",SANTA RITA,Falta de Atenção à Condução,Colisão traseira,Sem Vítimas,Anoitecer,Decrescente,Chuva,Dupla,Reta,Não,3,0,0,0,2,1,0,2,"-7,1531","-35,0102",SPRF-PB,DEL01-PB,UOP03-DEL01-PB
275572.0,2020-03-15,domingo,17:40:00,PB,101,120,CAAPORA,Ingestão de Álcool,Colisão lateral,Com Vítimas Feridas,Plena Noite,Decrescente,Céu Claro,Dupla,Reta,Não,5,0,2,0,2,1,2,2,"-7,43522578","-34,9727831",SPRF-PB,DEL01-PB,UOP01-DEL01-PB
275610.0,2020-03-15,domingo,18:20:00,PB,230,478,MARIZOPOLIS,Desobediência às normas de trânsito pelo pedestre,Atropelamento de Pedestre,Com Vítimas Feridas,Anoitecer,Crescente,Chuva,Simples,Reta,Sim,2,0,0,1,0,1,1,2,"-6,8435","-38,341029",SPRF-PB,DEL03-PB,UOP03-DEL03-PB
275636.0,2020-03-15,domingo,22:00:00,PB,230,15,JOAO PESSOA,Ingestão de Álcool,Queda de ocupante de veículo,Com Vítimas Feridas,Plena Noite,Crescente,Nublado,Dupla,Reta,Sim,1,0,1,0,0,0,1,1,"-7,093","-34,8482",SPRF-PB,DEL01-PB,UOP01-DEL01-PB
275649.0,2020-03-15,domingo,23:10:00,PB,230,"19,8",JOAO PESSOA,Ingestão de Álcool,Colisão com objeto estático,Sem Vítimas,Plena Noite,Crescente,Céu Claro,Dupla,Curva,Sim,1,0,0,0,1,0,0,1,"-7,1281","-34,8466",SPRF-PB,DEL01-PB,UOP01-DEL01-PB
275795.0,2020-03-16,segunda-feira,15:45:00,PB,116,"3,5",CACHOEIRA DOS INDIOS,Defeito Mecânico no Veículo,Colisão com objeto estático,Com Vítimas Feridas,Pleno dia,Crescente,Nublado,Simples,Curva,Não,3,0,2,0,1,0,2,1,"-6,927063","-38,727321",SPRF-CE,DEL05-CE,UOP03-DEL05-CE
275918.0,2020-03-17,terça-feira,06:50:00,PB,104,"105,9",ESPERANCA,Pista Escorregadia,Colisão frontal,Com Vítimas Fatais,Pleno dia,Crescente,Sol,Simples,Reta,Não,2,1,0,0,1,0,0,2,"-7,08938993","-35,85454407",SPRF-PB,DEL02-PB,UOP04-DEL02-PB
275953.0,2020-03-17,terça-feira,11:50:00,PB,230,"160,3",CAMPINA GRANDE,Não guardar distância de segurança,Colisão traseira,Sem Vítimas,Pleno dia,Decrescente,Céu Claro,Simples,Reta,Sim,2,0,0,0,2,0,0,2,"-7,2436","-35,9375",SPRF-PB,DEL02-PB,UOP01-DEL02-PB
275967.0,2020-03-17,terça-feira,14:00:00,PB,230,345,PATOS,Falta de Atenção do Pedestre,Saída de leito carroçável,Com Vítimas Feridas,Pleno dia,Crescente,Sol,Simples,Reta;Declive,Não,1,0,1,0,0,0,1,1,"-6,9738","-37,3462",SPRF-PB,DEL03-PB,UOP01-DEL03-PB
276132.0,2020-03-18,quarta-feira,12:10:00,PB,101,"84,2",BAYEUX,Desobediência às normas de trânsito pelo condutor,Colisão transversal,Sem Vítimas,Pleno dia,Decrescente,Sol,Simples,Interseção de Vias,Sim,2,0,0,0,2,0,0,2,"-7,13957906","-34,92312806",SPRF-PB,DEL01-PB,UOP01-DEL01-PB
276244.0,2020-03-18,quarta-feira,21:30:00,PB,230,23,JOAO PESSOA,Avarias e/ou desgaste excessivo no pneu,Queda de ocupante de veículo,Com Vítimas Feridas,Plena Noite,Crescente,Céu Claro,Dupla,Aclive,Sim,2,0,1,0,1,0,1,1,"-7,13519755","-34,79318082",SPRF-PB,DEL01-PB,UOP01-DEL01-PB
276248.0,2020-03-18,quarta-feira,21:50:00,PB,104,"128,8",CAMPINA GRANDE,Desobediência às normas de trânsito pelo condutor,Colisão transversal,Com Vítimas Feridas,Plena Noite,Decrescente,Garoa/Chuvisco,Simples,Retorno Regulamentado,Sim,2,0,0,1,1,0,1,2,"-7,27903847","-35,8887291",SPRF-PB,DEL02-PB,UOP01-DEL02-PB
276301.0,2020-03-19,quinta-feira,05:55:00,PB,101,81,BAYEUX,Defeito Mecânico no Veículo,Saída de leito carroçável,Sem Vítimas,Pleno dia,Crescente,Nublado,Dupla,Aclive;Reta,Sim,1,0,0,0,1,0,0,1,"-7,12508575","-34,94513217",SPRF-PB,DEL01-PB,UOP01-DEL01-PB
276361.0,2020-03-19,quinta-feira,10:35:00,PB,230,"142,9",CAMPINA GRANDE,Mal Súbito,Queda de ocupante de veículo,Com Vítimas Feridas,Pleno dia,Crescente,Céu Claro,Dupla,Aclive;Reta,Não,1,0,1,0,0,0,1,1,"-7,2573","-35,8131",SPRF-PB,DEL02-PB,UOP01-DEL02-PB
276449.0,2020-03-19,quinta-feira,22:00:00,PB,361,"5,8",PATOS,Ingestão de álcool e/ou substâncias psicoativas pelo pedestre,Tombamento,Com Vítimas Feridas,Plena Noite,Crescente,Céu Claro,Simples,Reta,Sim,3,0,2,0,1,0,2,2,"-7,0342983","-37,30232718",SPRF-PB,DEL03-PB,UOP01-DEL03-PB
276528.0,2020-03-20,sexta-feira,11:32:00,PB,230,"21,5",JOAO PESSOA,Velocidade Incompatível,Colisão traseira,Com Vítimas Feridas,Pleno dia,Decrescente,Céu Claro,Dupla,Em Obras;Curva,Sim,2,0,1,0,1,0,1,2,"-7,1415","-34,8519",SPRF-PB,DEL01-PB,UOP01-DEL01-PB
276555.0,2020-03-20,sexta-feira,15:05:00,PB,230,4,CABEDELO,Desobediência às normas de trânsito pelo condutor,Colisão transversal,Com Vítimas Feridas,Pleno dia,Crescente,Sol,Simples,Desvio Temporário;Reta,Sim,2,0,1,0,1,0,1,2,"-7,00557254","-34,82956323",SPRF-PB,DEL01-PB,UOP01-DEL01-PB
276563.0,2020-03-20,sexta-feira,15:30:00,PB,101,86,JOAO PESSOA,Falta de Atenção à Condução,Colisão lateral,Com Vítimas Feridas,Pleno dia,Crescente,Céu Claro,Dupla,Reta,Sim,2,0,1,0,1,0,1,2,"-7,15118983","-34,91012184",SPRF-PB,DEL01-PB,UOP01-DEL01-PB