id,data_inversa,dia_semana,horario,uf,br,km,municipio,causa_acidente,tipo_acidente,classificacao_acidente,fase_dia,sentido_via,condicao_metereologica,tipo_pista,tracado_via,uso_solo,pessoas,mortos,feridos_leves,feridos_graves,ilesos,ignorados,feridos,veiculos,latitude,longitude,regional,delegacia,uop
276653.0,2020-03-21,sábado,02:00:00,PB,101,78,SANTA RITA,Desobediência às normas de trânsito pelo condutor,Colisão frontal,Com Vítimas Feridas,Plena Noite,Crescente,Céu Claro,Dupla,Reta,Não,4,0,3,1,0,0,4,2,"-7,10808295","-34,96293885",SPRF-PB,DEL01-PB,UOP04-DEL01-PB
276719.0,2020-03-21,sábado,15:40:00,PB,230,20,JOAO PESSOA,Desobediência às normas de trânsito pelo condutor,Colisão transversal,Com Vítimas Feridas,Pleno dia,Decrescente,Sol,Dupla,Curva,Sim,2,0,1,0,1,0,1,2,"-7,1337","-34,8544",SPRF-PB,DEL01-PB,UOP01-DEL01-PB
276742.0,2020-03-21,sábado,18:07:00,PB,230,"68,6",SOBRADO,Falta de Atenção à Condução,Colisão traseira,Com Vítimas Feridas,Plena Noite,Decrescente,Céu Claro,Dupla,Reta,Não,2,0,0,1,0,1,1,2,"-7,1873","-35,2065",SPRF-PB,DEL01-PB,UOP03-DEL01-PB
276824.0,2020-03-22,domingo,11:15:00,PB,230,"142,2",CAMPINA GRANDE,Defeito Mecânico no Veículo,Tombamento,Com Vítimas Feridas,Pleno dia,Crescente,Nublado,Dupla,Aclive;Reta,Não,2,0,2,0,0,0,2,1,"-7,255882","-35,820907",SPRF-PB,DEL02-PB,UOP01-DEL02-PB
276862.0,2020-03-22,domingo,18:40:00,PB,101,"95,2",CONDE,Falta de Atenção à Condução,Colisão com objeto estático,Com Vítimas Feridas,Plena Noite,Decrescente,Céu Claro,Múltipla,Reta,Não,1,0,1,0,0,0,1,1,"-7,22379403","-34,91488195",SPRF-PB,DEL01-PB,UOP01-DEL01-PB
276918.0,2020-03-22,domingo,22:30:00,PB,230,179,POCINHOS,Desobediência às normas de trânsito pelo condutor,Saída de leito carroçável,Com Vítimas Feridas,Plena Noite,Decrescente,Céu Claro,Simples,Reta,Não,2,0,1,0,0,1,1,1,"-7,1663","-36,0578",SPRF-PB,DEL02-PB,UOP02-DEL02-PB
277020.0,2020-03-24,terça-feira,06:00:00,PB,230,"191,7",POCINHOS,Não guardar distância de segurança,Colisão frontal,Com Vítimas Feridas,Amanhecer,Decrescente,Nublado,Simples,Reta,Não,2,0,2,0,0,0,2,2,"-7,1331","-36,1616",SPRF-PB,DEL02-PB,UOP02-DEL02-PB
277065.0,2020-03-05,quinta-feira,09:20:00,PB,230,476,MARIZOPOLIS,Falta de Atenção à Condução,Colisão transversal,Sem Vítimas,Pleno dia,Crescente,Céu Claro,Simples,Rotatória,Não,2,0,0,0,2,0,0,2,"-6,8298","-38,3177",SPRF-PB,DEL03-PB,UOP03-DEL03-PB
277070.0,2020-03-24,terça-feira,15:45:00,PB,101,78,SANTA RITA,Desobediência às normas de trânsito pelo condutor,Colisão com objeto estático,Com Vítimas Feridas,Pleno dia,Decrescente,Céu Claro,Dupla,Reta,Não,2,0,0,2,0,0,2,1,"-7,10808295","-34,96293885",SPRF-PB,DEL01-PB,UOP04-DEL01-PB
277082.0,2020-03-24,terça-feira,17:45:00,PB,230,25,JOAO PESSOA,Não guardar distância de segurança,Colisão lateral,Com Vítimas Feridas,Anoitecer,Decrescente,Céu Claro,Dupla,Reta,Sim,2,0,2,0,0,0,2,2,"-7,1707","-34,8684",SPRF-PB,DEL01-PB,UOP01-DEL01-PB
277206.0,2020-03-25,quarta-feira,20:55:00,PB,405,"51,8",MARIZOPOLIS,Fenômenos da Natureza,Saída de leito carroçável,Com Vítimas Feridas,Plena Noite,Crescente,Chuva,Simples,Curva;Declive,Sim,2,0,2,0,0,0,2,1,"-6,845396","-38,360341",SPRF-PB,DEL03-PB,UOP03-DEL03-PB
277216.0,2020-03-26,quinta-feira,02:00:00,PB,104,"90,6",ESPERANCA,Condutor Dormindo,Colisão com objeto estático,Sem Vítimas,Plena Noite,Decrescente,Céu Claro,Dupla,Reta,Sim,1,0,0,0,0,1,0,1,"-6,97533024","-35,81785095",SPRF-PB,DEL02-PB,UOP04-DEL02-PB
277293.0,2020-03-26,quinta-feira,17:30:00,PB,427,0,PAULISTA,Falta de Atenção à Condução,Colisão traseira,Com Vítimas Feridas,Anoitecer,Crescente,Céu Claro,Simples,Curva,Não,3,0,1,0,2,0,1,2,"-6,652994","-37,499153",SPRF-PB,DEL03-PB,UOP02-DEL03-PB
277327.0,2020-03-16,segunda-feira,06:30:00,PB,230,136,CAMPINA GRANDE,Pista Escorregadia,Saída de leito carroçável,Com Vítimas Fatais,Pleno dia,Crescente,Garoa/Chuvisco,Dupla,Curva,Não,3,1,1,0,0,1,1,3,"-7,2818","-35,7675",SPRF-PB,DEL02-PB,UOP01-DEL02-PB
277347.0,2020-03-27,sexta-feira,13:20:00,PB,230,"130,6",CAMPINA GRANDE,Velocidade Incompatível,Colisão com objeto estático,Com Vítimas Feridas,Pleno dia,Crescente,Nublado,Dupla,Curva,Não,2,0,2,0,0,0,2,1,"-7,277617","-35,732525",SPRF-PB,DEL02-PB,UOP01-DEL02-PB
277533.0,2020-03-29,domingo,00:01:00,PB,101,22,MAMANGUAPE,Ingestão de álcool e/ou substâncias psicoativas pelo pedestre,Colisão com objeto estático,Com Vítimas Feridas,Plena Noite,Crescente,Céu Claro,Dupla,Reta,Não,2,0,2,0,0,0,2,1,"-6,68108401","-35,11407491",SPRF-PB,DEL01-PB,UOP04-DEL01-PB
277624.0,2020-03-29,domingo,17:50:00,PB,104,"134,9",QUEIMADAS,Defeito Mecânico no Veículo,Colisão frontal,Com Vítimas Feridas,Anoitecer,Decrescente,Chuva,Simples,Reta,Não,7,0,0,5,2,0,5,2,"-7,325663","-35,896521",SPRF-PB,DEL02-PB,UOP03-DEL02-PB
277656.0,2020-03-29,domingo,20:20:00,PB,230,243,JUAZEIRINHO,Desobediência às normas de trânsito pelo condutor,Colisão lateral,Com Vítimas Feridas,Plena Noite,Decrescente,Garoa/Chuvisco,Simples,Reta,Sim,2,0,0,1,0,1,1,2,"-7,0689","-36,5893",SPRF-PB,DEL02-PB,UOP02-DEL02-PB
277679.0,2020-03-30,segunda-feira,04:40:00,PB,101,"1,4",MATARACA,Velocidade Incompatível,Colisão com objeto estático,Com Vítimas Feridas,Amanhecer,Decrescente,Chuva,Dupla,Reta,Não,2,0,1,0,1,0,1,1,"-6,51423092","-35,11133633",SPRF-PB,DEL01-PB,UOP04-DEL01-PB
277689.0,2020-03-30,segunda-feira,07:45:00,PB,101,"35,7",MAMANGUAPE,Avarias e/ou desgaste excessivo no pneu,Colisão com objeto estático,Com Vítimas Feridas,Pleno dia,Crescente,Chuva,Dupla,Reta,Não,3,0,1,0,0,2,1,1,"-6,79401305","-35,13707183",SPRF-PB,DEL01-PB,UOP04-DEL01-PB
277798.0,2020-03-31,terça-feira,06:00:00,PB,101,108,ALHANDRA,Velocidade Incompatível,Saída de leito carroçável,Com Vítimas Feridas,Pleno dia,Decrescente,Chuva,Dupla,Reta,Sim,1,0,1,0,0,0,1,1,"-7,33454898","-34,94758056",SPRF-PB,DEL01-PB,UOP01-DEL01-PB
277812.0,2020-03-31,terça-feira,08:40:00,PB,230,"130,6",CAMPINA GRANDE,Velocidade Incompatível,Colisão com objeto estático,Com Vítimas Feridas,Pleno dia,Crescente,Nublado,Dupla,Aclive;Curva,Não,2,0,2,0,0,0,2,1,"-7,277615","-35,731835",SPRF-PB,DEL02-PB,UOP01-DEL02-PB
277837.0,2020-03-31,terça-feira,14:15:00,PB,230,20,JOAO PESSOA,Falta de Atenção à Condução,Queda de ocupante de veículo,Com Vítimas Feridas,Pleno dia,Crescente,Nublado,Dupla,Reta,Não,1,0,1,0,0,0,1,1,"-7,1337","-34,8544",SPRF-PB,DEL01-PB,UOP01-DEL01-PB
277858.0,2020-03-31,terça-feira,16:00:00,PB,116,"9,3",CACHOEIRA DOS INDIOS,Velocidade Incompatível,Saída de leito carroçável,Com Vítimas Feridas,Pleno dia,Decrescente,Chuva,Simples,Declive;Curva,Não,1,0,1,0,0,0,1,1,"-6,970903","-38,734009",SPRF-CE,DEL05-CE,UOP03-DEL05-CE
277863.0,2020-03-31,terça-feira,17:55:00,PB,230,17,JOAO PESSOA,Desobediência às normas de trânsito pelo condutor,Colisão lateral,Sem Vítimas,Plena Noite,Crescente,Céu Claro,Dupla,Retorno Regulamentado,Sim,3,0,0,0,3,0,0,3,"-7,11831009","-34,8442018",SPRF-PB,DEL01-PB,UOP01-DEL01-PB
277867.0,2020-03-31,terça-feira,18:45:00,PB,230,27,JOAO PESSOA,Desobediência às normas de trânsito pelo condutor,Colisão transversal,Com Vítimas Feridas,Plena Noite,Decrescente,Nublado,Dupla,Reta,Sim,2,0,2,0,0,0,2,2,"-7,1677","-34,8855",SPRF-PB,DEL01-PB,UOP01-DEL01-PB
278022.0,2020-04-01,quarta-feira,21:15:00,PB,230,"26,7",JOAO PESSOA,Animais na Pista,Atropelamento de Animal,Com Vítimas Feridas,Plena Noite,Crescente,Céu Claro,Dupla,Reta,Não,1,0,0,1,0,0,1,1,"-7,1693","-34,8782",SPRF-PB,DEL01-PB,UOP01-DEL01-PB
278066.0,2020-04-02,quinta-feira,12:05:00,PB,101,11,MAMANGUAPE,Defeito na Via,Colisão com objeto estático,Com Vítimas Feridas,Pleno dia,Crescente,Chuva,Dupla,Curva,Sim,4,0,4,0,0,0,4,1,"-6,59256898","-35,14508356",SPRF-PB,DEL01-PB,UOP04-DEL01-PB
278133.0,2020-04-02,quinta-feira,19:30:00,PB,361,"82,6",PIANCO,Ingestão de Álcool,Colisão transversal,Com Vítimas Feridas,Plena Noite,Decrescente,Céu Claro,Simples,Reta,Sim,3,0,1,0,2,0,1,2,"-7,18842343","-37,91178106",SPRF-PB,DEL03-PB,UOP01-DEL03-PB
278134.0,2020-04-02,quinta-feira,20:30:00,PB,101,"6,9",MAMANGUAPE,Ingestão de Álcool,Colisão com objeto estático,Com Vítimas Feridas,Plena Noite,Decrescente,Céu Claro,Dupla,Reta,Não,2,0,1,1,0,0,2,1,"-6,55395097","-35,12900895",SPRF-PB,DEL01-PB,UOP04-DEL01-PB
278147.0,2020-04-03,sexta-feira,00:30:00,PB,230,"5,8",CABEDELO,Ingestão de Álcool,Saída de leito carroçável,Com Vítimas Fatais,Plena Noite,Crescente,Nublado,Dupla,Interseção de Vias,Sim,1,1,0,0,0,0,0,1,"-7,016727","-34,8343",SPRF-PB,DEL01-PB,UOP01-DEL01-PB
278222.0,2020-04-03,sexta-feira,14:45:00,PB,230,"158,6",CAMPINA GRANDE,Desobediência às normas de trânsito pelo condutor,Colisão lateral,Com Vítimas Feridas,Pleno dia,Decrescente,Céu Claro,Simples,Reta,Sim,2,0,1,0,1,0,1,2,"-7,2582","-35,9267",SPRF-PB,DEL02-PB,UOP01-DEL02-PB
278230.0,2020-04-03,sexta-feira,16:15:00,PB,230,24,JOAO PESSOA,Falta de Atenção à Condução,Colisão traseira,Com Vítimas Feridas,Pleno dia,Decrescente,Nublado,Dupla,Viaduto;Reta,Sim,2,0,1,0,1,0,1,2,"-7,1637","-34,8618",SPRF-PB,DEL01-PB,UOP01-DEL01-PB
278277.0,2020-04-03,sexta-feira,22:00:00,PB,230,"10,3",CABEDELO,Avarias e/ou desgaste excessivo no pneu,Tombamento,Com Vítimas Feridas,Plena Noite,Decrescente,Nublado,Dupla,Curva,Sim,2,0,2,0,0,0,2,1,"-7,0514","-34,8499",SPRF-PB,DEL01-PB,UOP01-DEL01-PB
278279.0,2020-04-03,sexta-feira,22:00:00,PB,230,"17,2",JOAO PESSOA,Ingestão de Álcool,Colisão traseira,Sem Vítimas,Plena Noite,Crescente,Nublado,Múltipla,Curva,Sim,2,0,0,0,2,0,0,2,"-7,1121","-34,8426",SPRF-PB,DEL01-PB,UOP01-DEL01-PB
278328.0,2020-04-04,sábado,08:30:00,PB,230,"45,1",SANTA RITA,Ingestão de Álcool,Saída de leito carroçável,Com Vítimas Feridas,Pleno dia,Decrescente,Céu Claro,Dupla,Reta,Não,1,0,1,0,0,0,1,1,"-7,1583","-35,0176",SPRF-PB,DEL01-PB,UOP03-DEL01-PB
278401.0,2020-04-04,sábado,20:00:00,PB,361,4,PATOS,Pista Escorregadia,Queda de ocupante de veículo,Com Vítimas Feridas,Plena Noite,Crescente,Garoa/Chuvisco,Simples,Reta,Sim,1,0,1,0,0,0,1,1,"-7,03208047","-37,29365088",SPRF-PB,DEL03-PB,UOP01-DEL03-PB
278487.0,2020-04-05,domingo,10:15:00,PB,230,15,CABEDELO,Velocidade Incompatível,Colisão com objeto estático,Com Vítimas Feridas,Pleno dia,Crescente,Céu Claro,Dupla,Viaduto,Sim,2,0,1,1,0,0,2,1,"-7,093","-34,8482",SPRF-PB,DEL01-PB,UOP01-DEL01-PB
278513.0,2020-04-05,domingo,15:30:00,PB,361,"58,7",OLHO DAGUA,Ingestão de Álcool,Colisão com objeto estático,Com Vítimas Fatais,Pleno dia,Decrescente,Céu Claro,Simples,Ponte,Não,5,4,1,0,0,0,1,1,"-7,18678818","-37,71266379",SPRF-PB,DEL03-PB,UOP01-DEL03-PB
278514.0,2020-04-05,domingo,15:50:00,PB,230,"55,9",SANTA RITA,Condutor Dormindo,Saída de leito carroçável,Com Vítimas Feridas,Pleno dia,Decrescente,Sol,Dupla,Reta,Não,3,0,3,0,0,0,3,1,"-7,2014","-35,0943",SPRF-PB,DEL01-PB,UOP03-DEL01-PB
278533.0,2020-04-05,domingo,16:30:00,PB,101,77,SANTA RITA,Mal Súbito,Saída de leito carroçável,Com Vítimas Feridas,Pleno dia,Crescente,Céu Claro,Dupla,Reta,Não,1,0,1,0,0,0,1,1,"-7,09947194","-34,96574283",SPRF-PB,DEL01-PB,UOP04-DEL01-PB
278568.0,2020-04-06,segunda-feira,00:15:00,PB,101,38,MAMANGUAPE,Ingestão de Álcool,Colisão com objeto estático,Com Vítimas Feridas,Plena Noite,Crescente,Céu Claro,Dupla,Reta,Não,1,0,1,0,0,0,1,1,"-6,82073498","-35,13858694",SPRF-PB,DEL01-PB,UOP04-DEL01-PB
278569.0,2020-04-06,segunda-feira,03:30:00,PB,101,87,JOAO PESSOA,Falta de Atenção à Condução,Saída de leito carroçável,Sem Vítimas,Plena Noite,Decrescente,Nublado,Dupla,Curva,Não,1,0,0,0,0,1,0,1,"-7,15886802","-34,90628504",SPRF-PB,DEL01-PB,UOP01-DEL01-PB
278586.0,2020-04-05,domingo,21:50:00,PB,230,"159,5",CAMPINA GRANDE,Ingestão de Álcool,Colisão transversal,Com Vítimas Feridas,Plena Noite,Crescente,Nublado,Simples,Reta;Rotatória,Sim,3,0,1,0,2,0,1,2,"-7,252","-35,9334",SPRF-PB,DEL02-PB,UOP01-DEL02-PB
278640.0,2020-03-20,sexta-feira,19:20:00,PB,230,458,SOUSA,Velocidade Incompatível,Colisão lateral,Com Vítimas Feridas,Plena Noite,Crescente,Nublado,Simples,Reta,Não,4,0,3,0,1,0,3,2,"-6,7774","-38,1808",SPRF-PB,DEL03-PB,UOP03-DEL03-PB
278759.0,2020-04-07,terça-feira,09:00:00,PB,101,"60,8",SANTA RITA,Falta de Atenção à Condução,Atropelamento de Pedestre,Com Vítimas Feridas,Pleno dia,Decrescente,Céu Claro,Dupla,Aclive,Não,2,0,1,0,0,1,1,2,"-7,00141407","-35,06459811",SPRF-PB,DEL01-PB,UOP04-DEL01-PB
278841.0,2020-02-09,domingo,23:15:00,PB,230,3,CABEDELO,Ingestão de Álcool,Colisão lateral,Sem Vítimas,Plena Noite,Crescente,Garoa/Chuvisco,Dupla,Reta,Sim,5,0,0,0,1,4,0,3,"-6,9915","-34,8287",SPRF-PB,DEL01-PB,UOP01-DEL01-PB
278963.0,2020-04-08,quarta-feira,20:30:00,PB,230,19,JOAO PESSOA,Animais na Pista,Atropelamento de Animal,Com Vítimas Feridas,Plena Noite,Crescente,Céu Claro,Dupla,Aclive;Curva,Sim,1,0,1,0,0,0,1,1,"-7,1281","-34,8466",SPRF-PB,DEL01-PB,UOP01-DEL01-PB
279095.0,2020-04-09,quinta-feira,17:40:00,PB,230,40,SANTA RITA,Falta de Atenção do Pedestre,Atropelamento de Pedestre,Com Vítimas Fatais,Anoitecer,Crescente,Nublado,Dupla,Reta,Não,2,1,0,0,1,0,0,2,"-7,141947","-34,992569",SPRF-PB,DEL01-PB,UOP03-DEL01-PB
279097.0,2020-04-09,quinta-feira,18:00:00,PB,230,"42,7",SANTA RITA,Defeito na Via,Tombamento,Com Vítimas Feridas,Anoitecer,Crescente,Céu Claro,Dupla,Reta;Em Obras,Não,2,0,1,1,0,0,2,1,"-7,1426","-34,9956",SPRF-PB,DEL01-PB,UOP03-DEL01-PB
279177.0,2020-04-10,sexta-feira,03:00:00,PB,230,"7,7",CABEDELO,Falta de Atenção à Condução,Colisão com objeto estático,Com Vítimas Feridas,Plena Noite,Crescente,Chuva,Dupla,Reta,Sim,1,0,1,0,0,0,1,1,"-7,026","-34,8385",SPRF-PB,DEL01-PB,UOP01-DEL01-PB
279182.0,2020-04-10,sexta-feira,06:00:00,PB,104,131,CAMPINA GRANDE,Falta de Atenção à Condução,Saída de leito carroçável,Sem Vítimas,Pleno dia,Decrescente,Céu Claro,Simples,Interseção de Vias,Não,1,0,0,0,0,1,0,1,"-7,30787596","-35,89344027",SPRF-PB,DEL02-PB,UOP03-DEL02-PB
279305.0,2020-04-11,sábado,07:20:00,PB,230,25,JOAO PESSOA,Falta de Atenção à Condução,Tombamento,Com Vítimas Feridas,Pleno dia,Crescente,Céu Claro,Múltipla,Viaduto;Interseção de Vias;Reta,Sim,1,0,1,0,0,0,1,1,"-7,1707","-34,8684",SPRF-PB,DEL01-PB,UOP01-DEL01-PB
279335.0,2020-04-11,sábado,11:18:00,PB,230,"169,8",CAMPINA GRANDE,Desobediência às normas de trânsito pelo condutor,Colisão transversal,Com Vítimas Feridas,Pleno dia,Decrescente,Sol,Simples,Curva,Sim,3,0,2,0,1,0,2,2,"-7,1853","-35,9764",SPRF-PB,DEL02-PB,UOP02-DEL02-PB
279375.0,2020-04-11,sábado,18:10:00,PB,230,"263,9",JUNCO DO SERIDO,Animais na Pista,Atropelamento de Animal,Sem Vítimas,Plena Noite,Decrescente,Céu Claro,Simples,Reta,Não,1,0,0,0,1,0,0,1,"-6,984","-36,7279",SPRF-PB,DEL03-PB,UOP01-DEL03-PB
279459.0,2020-04-12,domingo,08:00:00,PB,230,407,POMBAL,Falta de Atenção à Condução,Colisão frontal,Com Vítimas Feridas,Pleno dia,Crescente,Céu Claro,Simples,Reta,Sim,2,0,0,1,0,1,1,2,"-6,7733","-37,798",SPRF-PB,DEL03-PB,UOP02-DEL03-PB
279604.0,2020-04-13,segunda-feira,01:30:00,PB,230,489,CAJAZEIRAS,Animais na Pista,Atropelamento de Animal,Com Vítimas Feridas,Plena Noite,Decrescente,Céu Claro,Simples,Reta,Não,1,0,0,1,0,0,1,1,"-6,8675","-38,4144",SPRF-PB,DEL03-PB,UOP03-DEL03-PB
279617.0,2020-04-13,segunda-feira,07:00:00,PB,230,23,JOAO PESSOA,Defeito Mecânico no Veículo,Tombamento,Com Vítimas Feridas,Pleno dia,Decrescente,Céu Claro,Dupla,Reta,Sim,2,0,2,0,0,0,2,1,"-7,1562","-34,8574",SPRF-PB,DEL01-PB,UOP01-DEL01-PB
279648.0,2020-04-13,segunda-feira,11:00:00,PB,104,166,BARRA DE SANTANA,Defeito Mecânico no Veículo,Incêndio,Sem Vítimas,Pleno dia,Crescente,Céu Claro,Simples,Declive,Não,1,0,0,0,1,0,0,1,"-7,56253597","-36,00840527",SPRF-PB,DEL02-PB,UOP03-DEL02-PB
279740.0,2020-04-13,segunda-feira,21:30:00,PB,230,"138,2",CAMPINA GRANDE,Falta de Atenção do Pedestre,Atropelamento de Pedestre,Com Vítimas Feridas,Plena Noite,Decrescente,Céu Claro,Dupla,Reta,Não,2,0,1,1,0,0,2,2,"-7,27605859","-35,77843666",SPRF-PB,DEL02-PB,UOP01-DEL02-PB
279808.0,2020-04-14,terça-feira,13:00:00,PB,361,"6,7",PATOS,Desobediência às normas de trânsito pelo condutor,Colisão transversal,Com Vítimas Feridas,Pleno dia,Crescente,Céu Claro,Simples,Interseção de Vias,Sim,2,0,1,0,1,0,1,2,"-7,03594312","-37,31112598",SPRF-PB,DEL03-PB,UOP01-DEL03-PB
279826.0,2020-04-14,terça-feira,17:45:00,PB,230,"89,3",GURINHEM,Desobediência às normas de trânsito pelo condutor,Colisão transversal,Com Vítimas Feridas,Anoitecer,Decrescente,Céu Claro,Dupla,Retorno Regulamentado,Sim,2,0,0,2,0,0,2,2,"-7,1708","-35,3831",SPRF-PB,DEL01-PB,UOP03-DEL01-PB
279911.0,2020-04-15,quarta-feira,11:14:00,PB,104,"132,7",CAMPINA GRANDE,Falta de Atenção à Condução,Colisão transversal,Sem Vítimas,Pleno dia,Crescente,Céu Claro,Simples,Reta,Sim,4,0,0,0,4,0,0,2,"-7,31674795","-35,89500926",SPRF-PB,DEL02-PB,UOP03-DEL02-PB
279966.0,2020-04-15,quarta-feira,18:45:00,PB,230,159,CAMPINA GRANDE,Desobediência às normas de trânsito pelo condutor,Colisão transversal,Com Vítimas Feridas,Plena Noite,Crescente,Céu Claro,Simples,Interseção de Vias,Sim,3,0,1,0,2,0,1,2,"-7,252","-35,9334",SPRF-PB,DEL02-PB,UOP01-DEL02-PB
280043.0,2020-04-16,quinta-feira,09:40:00,PB,230,"77,5",SOBRADO,Desobediência às normas de trânsito pelo condutor,Colisão traseira,Com Vítimas Feridas,Pleno dia,Decrescente,Nublado,Dupla,Reta,Não,3,0,2,0,1,0,2,2,"-7,1869","-35,2871",SPRF-PB,DEL01-PB,UOP03-DEL01-PB
280049.0,2020-04-16,quinta-feira,10:20:00,PB,101,113,ALHANDRA,Pista Escorregadia,Colisão com objeto estático,Com Vítimas Feridas,Pleno dia,Crescente,Chuva,Dupla,Declive;Curva,Não,2,0,1,0,1,0,1,1,"-7,36122197","-34,95184711",SPRF-PB,DEL01-PB,UOP01-DEL01-PB
280073.0,2020-04-16,quinta-feira,14:40:00,PB,101,88,JOAO PESSOA,Pista Escorregadia,Saída de leito carroçável,Sem Vítimas,Pleno dia,Crescente,Chuva,Dupla,Curva,Sim,1,0,0,0,1,0,0,1,"-7,16470016","-34,89993643",SPRF-PB,DEL01-PB,UOP01-DEL01-PB
280077.0,2020-04-16,quinta-feira,12:30:00,PB,104,"177,9",BARRA DE SANTANA,Velocidade Incompatível,Saída de leito carroçável,Com Vítimas Feridas,Pleno dia,Decrescente,Chuva,Simples,Curva;Declive,Não,1,0,1,0,0,0,1,1,"-7,62195806","-36,07712437",SPRF-PB,DEL02-PB,UOP03-DEL02-PB
280140.0,2020-04-16,quinta-feira,22:45:00,PB,230,"2,7",CABEDELO,Desobediência às normas de trânsito pelo condutor,Colisão traseira,Com Vítimas Fatais,Plena Noite,Decrescente,Céu Claro,Dupla,Reta,Sim,3,1,0,0,2,0,0,3,"-6,9915","-34,8287",SPRF-PB,DEL01-PB,UOP01-DEL01-PB
280166.0,2020-04-17,sexta-feira,07:30:00,PB,101,29,MAMANGUAPE,Desobediência às normas de trânsito pelo condutor,Colisão traseira,Com Vítimas Feridas,Pleno dia,Crescente,Sol,Dupla,Reta,Não,3,0,0,1,2,0,1,3,"-6,74032319","-35,13146581",SPRF-PB,DEL01-PB,UOP04-DEL01-PB
280195.0,2020-04-17,sexta-feira,06:00:00,PB,361,"58,8",OLHO DAGUA,Falta de Atenção à Condução,Tombamento,Com Vítimas Fatais,Amanhecer,Crescente,Céu Claro,Simples,Curva,Não,3,1,1,0,0,1,1,2,"-7,18678818","-37,71266379",SPRF-PB,DEL03-PB,UOP01-DEL03-PB
280259.0,2020-04-17,sexta-feira,17:50:00,PB,104,"98,5",ESPERANCA,Desobediência às normas de trânsito pelo condutor,Colisão frontal,Sem Vítimas,Anoitecer,Crescente,Chuva,Simples,Reta,Não,3,0,0,0,3,0,0,2,"-7,02803215","-35,85657159",SPRF-PB,DEL02-PB,UOP04-DEL02-PB
280357.0,2020-04-18,sábado,11:20:00,PB,230,"335,9",PATOS,Desobediência às normas de trânsito pelo condutor,Colisão transversal,Com Vítimas Feridas,Pleno dia,Crescente,Céu Claro,Simples,Reta,Sim,2,0,1,0,1,0,1,2,"-7,0128","-37,2644",SPRF-PB,DEL03-PB,UOP01-DEL03-PB
280444.0,2020-04-18,sábado,21:00:00,PB,230,153,CAMPINA GRANDE,Restrição de Visibilidade,Saída de leito carroçável,Com Vítimas Feridas,Plena Noite,Crescente,Nublado,Simples,Reta,Não,1,0,1,0,0,0,1,1,"-7,2763","-35,8887",SPRF-PB,DEL02-PB,UOP01-DEL02-PB
280451.0,2020-04-18,sábado,21:15:00,PB,230,12,CABEDELO,Ingestão de Álcool,Tombamento,Sem Vítimas,Plena Noite,Decrescente,Céu Claro,Dupla,Reta,Sim,1,0,0,0,1,0,0,1,"-7,068","-34,85",SPRF-PB,DEL01-PB,UOP01-DEL01-PB
280513.0,2020-04-19,domingo,12:17:00,PB,230,"7,8",CABEDELO,Velocidade Incompatível,Saída de leito carroçável,Com Vítimas Feridas,Pleno dia,Crescente,Sol,Dupla,Reta,Sim,2,0,2,0,0,0,2,1,"-7,026","-34,8385",SPRF-PB,DEL01-PB,UOP01-DEL01-PB
280527.0,2020-04-19,domingo,13:20:00,PB,230,"9,9",CABEDELO,Falta de Atenção à Condução,Saída de leito carroçável,Com Vítimas Feridas,Pleno dia,Decrescente,Sol,Dupla,Curva,Sim,2,0,2,0,0,0,2,1,"-7,0433","-34,8466",SPRF-PB,DEL01-PB,UOP01-DEL01-PB
280589.0,2020-04-19,domingo,19:20:00,PB,230,338,PATOS,Desobediência às normas de trânsito pelo condutor,Colisão transversal,Com Vítimas Feridas,Plena Noite,Crescente,Garoa/Chuvisco,Simples,Reta,Sim,3,0,0,1,2,0,1,2,"-7,007","-37,2906",SPRF-PB,DEL03-PB,UOP01-DEL03-PB
280932.0,2020-04-22,quarta-feira,08:45:00,PB,230,43,SANTA RITA,Defeito Mecânico no Veículo,Tombamento,Com Vítimas Feridas,Pleno dia,Decrescente,Sol,Dupla,Reta;Em Obras,Não,2,0,2,0,0,0,2,1,"-7,1479","-35,0029",SPRF-PB,DEL01-PB,UOP03-DEL01-PB
280933.0,2020-03-01,domingo,22:30:00,PB,104,131,CAMPINA GRANDE,Pista Escorregadia,Tombamento,Com Vítimas Feridas,Plena Noite,Decrescente,Chuva,Simples,Reta,Sim,2,0,2,0,0,0,2,1,"-7,29900408","-35,89187256",SPRF-PB,DEL02-PB,UOP03-DEL02-PB
280942.0,2020-04-21,terça-feira,16:45:00,PB,104,168,BARRA DE SANTANA,Fenômenos da Natureza,Saída de leito carroçável,Sem Vítimas,Pleno dia,Decrescente,Chuva,Simples,Curva,Não,1,0,0,0,0,1,0,1,"-7,57824042","-36,01455389",SPRF-PB,DEL02-PB,UOP03-DEL02-PB
281003.0,2020-04-22,quarta-feira,19:30:00,PB,361,20,SANTA TERESINHA,Animais na Pista,Atropelamento de Animal,Sem Vítimas,Plena Noite,Crescente,Chuva,Simples,Reta,Não,1,0,0,0,1,0,0,1,"-7,07981191","-37,42222407",SPRF-PB,DEL03-PB,UOP01-DEL03-PB
281049.0,2020-03-29,domingo,17:50:00,PB,104,"134,9",QUEIMADAS,Defeito Mecânico no Veículo,Colisão frontal,Com Vítimas Feridas,Anoitecer,Decrescente,Chuva,Simples,Reta,Não,7,0,0,5,2,0,5,2,"-7,32562205","-35,89657067",SPRF-PB,DEL02-PB,UOP03-DEL02-PB