id,data_inversa,dia_semana,horario,uf,br,km,municipio,causa_acidente,tipo_acidente,classificacao_acidente,fase_dia,sentido_via,condicao_metereologica,tipo_pista,tracado_via,uso_solo,pessoas,mortos,feridos_leves,feridos_graves,ilesos,ignorados,feridos,veiculos,latitude,longitude,regional,delegacia,uop
281191.0,2020-04-24,sexta-feira,09:50:00,PB,230,"86,5",JOAO PESSOA,Falta de Atenção à Condução,Colisão lateral,Com Vítimas Feridas,Pleno dia,Decrescente,Sol,Dupla,Reta;Declive,Sim,3,0,1,0,2,0,1,2,"-7,155385","-34,907403",SPRF-PB,DEL01-PB,UOP03-DEL01-PB
281218.0,2020-04-24,sexta-feira,14:00:00,PB,427,37,POMBAL,Desobediência às normas de trânsito pelo condutor,Colisão transversal,Com Vítimas Feridas,Pleno dia,Crescente,Céu Claro,Simples,Reta,Sim,2,0,1,0,1,0,1,2,"-6,76405124","-37,78910384",SPRF-PB,DEL03-PB,UOP02-DEL03-PB
281241.0,2020-04-24,sexta-feira,15:50:00,PB,230,"339,9",PATOS,Falta de Atenção à Condução,Capotamento,Com Vítimas Feridas,Pleno dia,Crescente,Nublado,Simples,Reta,Não,1,0,1,0,0,0,1,1,"-7,0057","-37,2998",SPRF-PB,DEL03-PB,UOP01-DEL03-PB
281381.0,2020-04-25,sábado,13:30:00,PB,230,2,CABEDELO,Falta de Atenção à Condução,Colisão traseira,Sem Vítimas,Pleno dia,Crescente,Céu Claro,Dupla,Reta,Não,2,0,0,0,1,1,0,2,"-6,98259442","-34,82977152",SPRF-PB,DEL01-PB,UOP01-DEL01-PB
281412.0,2020-04-25,sábado,17:20:00,PB,230,"160,6",CAMPINA GRANDE,Desobediência às normas de trânsito pelo condutor,Colisão transversal,Sem Vítimas,Pleno dia,Decrescente,Nublado,Simples,Reta,Sim,2,0,0,0,2,0,0,2,"-7,2436","-35,9375",SPRF-PB,DEL02-PB,UOP01-DEL02-PB
281421.0,2020-04-25,sábado,17:35:00,PB,230,"40,7",SANTA RITA,Animais na Pista,Atropelamento de Animal,Com Vítimas Feridas,Anoitecer,Decrescente,Nublado,Dupla,Reta,Sim,2,0,2,0,0,0,2,1,"-7,1414","-34,9778",SPRF-PB,DEL01-PB,UOP03-DEL01-PB
281452.0,2020-04-25,sábado,20:10:00,PB,361,5,PATOS,Falta de Atenção à Condução,Colisão transversal,Com Vítimas Feridas,Plena Noite,Crescente,Céu Claro,Simples,Reta,Sim,2,0,1,0,1,0,1,2,"-7,0342983","-37,30232718",SPRF-PB,DEL03-PB,UOP01-DEL03-PB
281458.0,2020-04-25,sábado,21:00:00,PB,230,25,JOAO PESSOA,Ingestão de Álcool,Colisão com objeto estático,Com Vítimas Feridas,Plena Noite,Decrescente,Garoa/Chuvisco,Dupla,Reta,Sim,5,0,5,0,0,0,5,1,"-7,1707","-34,8684",SPRF-PB,DEL01-PB,UOP01-DEL01-PB
281574.0,2020-04-26,domingo,17:40:00,PB,101,88,JOAO PESSOA,Falta de Atenção à Condução,Colisão lateral,Com Vítimas Feridas,Plena Noite,Decrescente,Céu Claro,Dupla,Reta;Viaduto,Sim,3,0,1,0,2,0,1,2,"-7,16708811","-34,89660144",SPRF-PB,DEL01-PB,UOP01-DEL01-PB
281594.0,2020-04-26,domingo,19:15:00,PB,230,"25,8",JOAO PESSOA,Desobediência às normas de trânsito pelo condutor,Colisão lateral,Com Vítimas Feridas,Plena Noite,Decrescente,Nublado,Múltipla,Reta,Sim,3,0,2,0,0,1,2,2,"-7,1707","-34,8684",SPRF-PB,DEL01-PB,UOP01-DEL01-PB
281599.0,2020-04-26,domingo,19:50:00,PB,230,"25,8",JOAO PESSOA,Desobediência às normas de trânsito pelo condutor,Colisão traseira,Com Vítimas Feridas,Plena Noite,Decrescente,Céu Claro,Múltipla,Reta,Não,4,0,3,0,1,0,3,2,"-7,16957904","-34,874897",SPRF-PB,DEL01-PB,UOP01-DEL01-PB
281605.0,2020-04-26,domingo,19:00:00,PB,101,"37,5",MAMANGUAPE,Velocidade Incompatível,Colisão com objeto estático,Com Vítimas Feridas,Plena Noite,Crescente,Céu Claro,Dupla,Declive;Reta,Sim,3,0,1,0,2,0,1,1,"-6,81169597","-35,13969074",SPRF-PB,DEL01-PB,UOP04-DEL01-PB
281620.0,2020-04-26,domingo,19:30:00,PB,230,"171,6",CAMPINA GRANDE,Falta de Atenção à Condução,Saída de leito carroçável,Sem Vítimas,Plena Noite,Decrescente,Céu Claro,Simples,Reta,Sim,1,0,0,0,0,1,0,1,"-7,18","-35,9938",SPRF-PB,DEL02-PB,UOP02-DEL02-PB
281648.0,2020-04-27,segunda-feira,02:00:00,PB,101,"76,2",SANTA RITA,Falta de Atenção do Pedestre,Atropelamento de Pedestre,Com Vítimas Fatais,Plena Noite,Decrescente,Nublado,Dupla,Curva,Sim,2,1,0,0,0,1,0,2,"-7,09085711","-34,96857932",SPRF-PB,DEL01-PB,UOP04-DEL01-PB
281744.0,2020-04-27,segunda-feira,16:40:00,PB,230,22,JOAO PESSOA,Falta de Atenção à Condução,Saída de leito carroçável,Com Vítimas Feridas,Anoitecer,Decrescente,Garoa/Chuvisco,Dupla,Reta,Sim,1,0,1,0,0,0,1,1,"-7,1495","-34,8517",SPRF-PB,DEL01-PB,UOP01-DEL01-PB
281831.0,2020-04-28,terça-feira,07:00:00,PB,101,89,JOAO PESSOA,Não guardar distância de segurança,Colisão traseira,Com Vítimas Feridas,Pleno dia,Decrescente,Chuva,Dupla,Reta,Sim,4,0,0,1,3,0,1,3,"-7,1710694","-34,89765372",SPRF-PB,DEL01-PB,UOP01-DEL01-PB
281883.0,2020-04-28,terça-feira,12:30:00,PB,230,25,JOAO PESSOA,Falta de Atenção à Condução,Colisão traseira,Sem Vítimas,Pleno dia,Crescente,Céu Claro,Simples,Viaduto,Sim,2,0,0,0,0,2,0,2,"-7,1707","-34,8684",SPRF-PB,DEL01-PB,UOP01-DEL01-PB
282025.0,2020-04-29,quarta-feira,13:50:00,PB,101,"122,4",CAAPORA,Falta de Atenção à Condução,Capotamento,Com Vítimas Feridas,Pleno dia,Crescente,Sol,Dupla,Aclive,Não,2,0,2,0,0,0,2,1,"-7,45038197","-34,97994215",SPRF-PB,DEL01-PB,UOP01-DEL01-PB
282121.0,2020-04-30,quinta-feira,07:40:00,PB,101,83,BAYEUX,Falta de Atenção à Condução,Colisão traseira,Com Vítimas Feridas,Pleno dia,Crescente,Nublado,Dupla,Reta,Sim,3,0,1,0,2,0,1,3,"-7,1337703","-34,92963914",SPRF-PB,DEL01-PB,UOP01-DEL01-PB
282392.0,2020-05-01,sexta-feira,23:15:00,PB,230,147,CAMPINA GRANDE,Falta de Atenção à Condução,Tombamento,Com Vítimas Feridas,Plena Noite,Crescente,Céu Claro,Dupla,Rotatória,Sim,1,0,1,0,0,0,1,1,"-7,236524","-35,867808",SPRF-PB,DEL02-PB,UOP01-DEL02-PB
282408.0,2020-05-02,sábado,02:30:00,PB,101,83,BAYEUX,Falta de Atenção à Condução,Colisão com objeto estático,Com Vítimas Feridas,Plena Noite,Decrescente,Céu Claro,Dupla,Reta,Sim,1,0,0,1,0,0,1,1,"-7,1337703","-34,92963914",SPRF-PB,DEL01-PB,UOP01-DEL01-PB
282448.0,2020-05-02,sábado,11:30:00,PB,230,"2,9",CABEDELO,Mal Súbito,Colisão com objeto estático,Com Vítimas Feridas,Pleno dia,Crescente,Céu Claro,Dupla,Reta,Não,1,0,0,1,0,0,1,1,"-6,9837","-34,8295",SPRF-PB,DEL01-PB,UOP01-DEL01-PB
282476.0,2020-05-02,sábado,15:30:00,PB,230,504,CAJAZEIRAS,Falta de Atenção à Condução,Saída de leito carroçável,Sem Vítimas,Pleno dia,Decrescente,Céu Claro,Simples,Reta,Não,1,0,0,0,1,0,0,1,"-6,89959672","-38,54915361",SPRF-PB,DEL03-PB,UOP03-DEL03-PB
282544.0,2020-05-02,sábado,22:15:00,PB,230,"234,5",JUAZEIRINHO,Animais na Pista,Atropelamento de Animal,Com Vítimas Feridas,Plena Noite,Crescente,Céu Claro,Simples,Reta,Não,1,0,1,0,0,0,1,1,"-7,0416","-36,5166",SPRF-PB,DEL02-PB,UOP02-DEL02-PB
282646.0,2020-05-03,domingo,17:50:00,PB,104,"137,9",QUEIMADAS,Ingestão de Álcool,Colisão traseira,Com Vítimas Feridas,Anoitecer,Decrescente,Céu Claro,Simples,Reta,Não,2,0,1,1,0,0,2,2,"-7,352277","-35,90094",SPRF-PB,DEL02-PB,UOP03-DEL02-PB
282688.0,2020-05-03,domingo,21:15:00,PB,230,"27,4",JOAO PESSOA,Falta de Atenção do Pedestre,Atropelamento de Pedestre,Com Vítimas Feridas,Plena Noite,Decrescente,Nublado,Dupla,Reta,Sim,3,0,0,1,2,0,1,2,"-7,16646588","-34,88814896",SPRF-PB,DEL01-PB,UOP01-DEL01-PB
282737.0,2020-05-04,segunda-feira,07:40:00,PB,104,"119,1",CAMPINA GRANDE,Desobediência às normas de trânsito pelo condutor,Colisão traseira,Sem Vítimas,Pleno dia,Crescente,Céu Claro,Simples,Reta,Não,2,0,0,0,2,0,0,2,"-7,20325615","-35,8752172",SPRF-PB,DEL02-PB,UOP04-DEL02-PB
282779.0,2020-05-04,segunda-feira,12:30:00,PB,230,38,SANTA RITA,Condutor Dormindo,Colisão com objeto estático,Sem Vítimas,Pleno dia,Crescente,Céu Claro,Dupla,Reta;Aclive,Não,1,0,0,0,1,0,0,1,"-7,1341","-34,962",SPRF-PB,DEL01-PB,UOP03-DEL01-PB
282831.0,2020-05-04,segunda-feira,19:30:00,PB,104,89,REMIGIO,Ultrapassagem Indevida,Colisão lateral,Com Vítimas Feridas,Plena Noite,Decrescente,Céu Claro,Simples,Reta,Sim,2,0,0,1,1,0,1,2,"-6,9732572","-35,80905795",SPRF-PB,DEL02-PB,UOP04-DEL02-PB
282942.0,2020-05-05,terça-feira,17:00:00,PB,361,"16,5",SANTA TERESINHA,Falta de Atenção à Condução,Capotamento,Com Vítimas Feridas,Pleno dia,Crescente,Nublado,Simples,Reta,Não,1,0,1,0,0,0,1,1,"-7,05665302","-37,39553498",SPRF-PB,DEL03-PB,UOP01-DEL03-PB
283072.0,2020-05-06,quarta-feira,11:51:00,PB,230,"0,3",CABEDELO,Desobediência às normas de trânsito pelo condutor,Colisão lateral,Com Vítimas Feridas,Pleno dia,Crescente,Nublado,Simples,Reta,Sim,2,0,1,0,1,0,1,2,"-6,9711","-34,8382",SPRF-PB,DEL01-PB,UOP01-DEL01-PB
283102.0,2020-05-06,quarta-feira,12:50:00,PB,230,141,CAMPINA GRANDE,Velocidade Incompatível,Saída de leito carroçável,Sem Vítimas,Pleno dia,Decrescente,Nublado,Simples,Aclive;Curva,Sim,2,0,0,0,2,0,0,1,"-7,2612","-35,8061",SPRF-PB,DEL02-PB,UOP01-DEL02-PB
283200.0,2020-05-07,quinta-feira,07:40:00,PB,101,90,JOAO PESSOA,Desobediência às normas de trânsito pelo condutor,Tombamento,Com Vítimas Feridas,Pleno dia,Crescente,Céu Claro,Dupla,Retorno Regulamentado,Sim,2,0,0,1,1,0,1,1,"-7,179652","-34,900417",SPRF-PB,DEL01-PB,UOP01-DEL01-PB
283278.0,2020-05-07,quinta-feira,18:00:00,PB,101,89,JOAO PESSOA,Falta de Atenção à Condução,Saída de leito carroçável,Sem Vítimas,Plena Noite,Decrescente,Céu Claro,Dupla,Reta,Sim,1,0,0,0,0,1,0,1,"-7,1710694","-34,89765372",SPRF-PB,DEL01-PB,UOP01-DEL01-PB
283516.0,2020-05-09,sábado,04:00:00,PB,230,"15,6",JOAO PESSOA,Ingestão de Álcool,Colisão com objeto estático,Com Vítimas Feridas,Plena Noite,Decrescente,Céu Claro,Dupla,Reta,Sim,1,0,1,0,0,0,1,1,"-7,093","-34,8482",SPRF-PB,DEL01-PB,UOP01-DEL01-PB
283611.0,2020-05-09,sábado,17:50:00,PB,230,"7,1",CABEDELO,Ingestão de Álcool,Colisão com objeto estático,Com Vítimas Feridas,Plena Noite,Crescente,Céu Claro,Dupla,Em Obras;Desvio Temporário,Sim,1,0,1,0,0,0,1,1,"-7,026","-34,8385",SPRF-PB,DEL01-PB,UOP01-DEL01-PB
283679.0,2020-05-09,sábado,23:15:00,PB,230,24,JOAO PESSOA,Ingestão de Álcool,Saída de leito carroçável,Com Vítimas Feridas,Plena Noite,Crescente,Céu Claro,Dupla,Curva,Sim,1,0,1,0,0,0,1,1,"-7,1637","-34,8618",SPRF-PB,DEL01-PB,UOP01-DEL01-PB
283683.0,2020-05-09,sábado,23:00:00,PB,230,24,JOAO PESSOA,Falta de Atenção à Condução,Queda de ocupante de veículo,Com Vítimas Feridas,Plena Noite,Crescente,Céu Claro,Dupla,Curva;Viaduto,Sim,1,0,1,0,0,0,1,1,"-7,1637","-34,8618",SPRF-PB,DEL01-PB,UOP01-DEL01-PB
283734.0,2020-05-10,domingo,09:45:00,PB,230,503,CAJAZEIRAS,Falta de Atenção à Condução,Saída de leito carroçável,Com Vítimas Feridas,Pleno dia,Decrescente,Céu Claro,Simples,Reta,Sim,2,0,1,0,0,1,1,2,"-6,89931513","-38,54850948",SPRF-PB,DEL03-PB,UOP03-DEL03-PB
283743.0,2020-05-10,domingo,11:55:00,PB,230,24,JOAO PESSOA,Falta de Atenção à Condução,Colisão traseira,Com Vítimas Feridas,Pleno dia,Decrescente,Céu Claro,Dupla,Curva,Sim,2,0,1,0,1,0,1,2,"-7,1637","-34,8618",SPRF-PB,DEL01-PB,UOP01-DEL01-PB
283885.0,2020-05-11,segunda-feira,00:45:00,PB,101,89,JOAO PESSOA,Desobediência às normas de trânsito pelo condutor,Tombamento,Com Vítimas Feridas,Plena Noite,Crescente,Céu Claro,Simples,Interseção de Vias,Sim,3,0,1,1,1,0,2,2,"-7,1710694","-34,89765372",SPRF-PB,DEL01-PB,UOP01-DEL01-PB
283911.0,2020-05-11,segunda-feira,06:40:00,PB,230,"153,2",CAMPINA GRANDE,Desobediência às normas de trânsito pelo condutor,Colisão lateral,Sem Vítimas,Pleno dia,Crescente,Céu Claro,Dupla,Interseção de Vias,Sim,2,0,0,0,2,0,0,2,"-7,2763","-35,8887",SPRF-PB,DEL02-PB,UOP01-DEL02-PB
284083.0,2020-05-12,terça-feira,11:25:00,PB,230,137,CAMPINA GRANDE,Falta de Atenção à Condução,Saída de leito carroçável,Sem Vítimas,Pleno dia,Crescente,Chuva,Dupla,Aclive;Reta,Não,1,0,0,0,1,0,0,1,"-7,2766","-35,7739",SPRF-PB,DEL02-PB,UOP01-DEL02-PB
284092.0,2020-05-12,terça-feira,13:25:00,PB,101,95,CONDE,Defeito na Via,Colisão com objeto estático,Sem Vítimas,Pleno dia,Decrescente,Chuva,Dupla,Declive;Curva,Não,1,0,0,0,1,0,0,1,"-7,22379403","-34,91488195",SPRF-PB,DEL01-PB,UOP01-DEL01-PB
284127.0,2020-05-12,terça-feira,18:45:00,PB,230,"396,8",SAO BENTINHO,Pista Escorregadia,Saída de leito carroçável,Com Vítimas Feridas,Plena Noite,Decrescente,Chuva,Simples,Reta,Não,1,0,1,0,0,0,1,1,"-6,8525","-37,7424",SPRF-PB,DEL03-PB,UOP02-DEL03-PB
284257.0,2020-05-13,quarta-feira,13:55:00,PB,230,4,CABEDELO,Não guardar distância de segurança,Colisão traseira,Com Vítimas Feridas,Pleno dia,Decrescente,Céu Claro,Dupla,Reta,Sim,4,0,2,0,1,1,2,3,"-7,0004","-34,8284",SPRF-PB,DEL01-PB,UOP01-DEL01-PB
284276.0,2020-05-13,quarta-feira,16:00:00,PB,230,20,JOAO PESSOA,Falta de Atenção à Condução,Tombamento,Com Vítimas Feridas,Pleno dia,Crescente,Céu Claro,Dupla,Reta,Sim,1,0,0,1,0,0,1,1,"-7,09180625","-34,8483091",SPRF-PB,DEL01-PB,UOP01-DEL01-PB
284314.0,2020-05-13,quarta-feira,19:30:00,PB,230,"242,6",JUAZEIRINHO,Desobediência às normas de trânsito pelo condutor,Colisão transversal,Com Vítimas Feridas,Plena Noite,Crescente,Céu Claro,Simples,Reta,Sim,7,0,1,1,5,0,2,2,"-7,0692","-36,5826",SPRF-PB,DEL02-PB,UOP02-DEL02-PB
284333.0,2020-05-13,quarta-feira,21:55:00,PB,101,"95,5",CONDE,Velocidade Incompatível,Saída de leito carroçável,Com Vítimas Feridas,Plena Noite,Crescente,Chuva,Dupla,Curva,Não,3,0,2,0,1,0,2,1,"-7,22379403","-34,91488195",SPRF-PB,DEL01-PB,UOP01-DEL01-PB
284510.0,2020-05-15,sexta-feira,06:40:00,PB,101,67,SANTA RITA,Defeito Mecânico no Veículo,Saída de leito carroçável,Com Vítimas Feridas,Pleno dia,Crescente,Chuva,Dupla,Reta,Não,1,0,1,0,0,0,1,1,"-7,05298058","-35,03595029",SPRF-PB,DEL01-PB,UOP04-DEL01-PB
284579.0,2020-05-15,sexta-feira,18:00:00,PB,230,"78,4",SOBRADO,Falta de Atenção à Condução,Saída de leito carroçável,Com Vítimas Feridas,Plena Noite,Decrescente,Céu Claro,Dupla,Curva,Não,2,0,1,1,0,0,2,1,"-7,1849","-35,2955",SPRF-PB,DEL01-PB,UOP03-DEL01-PB
284612.0,2020-05-15,sexta-feira,18:55:00,PB,230,"154,8",CAMPINA GRANDE,Falta de Atenção à Condução,Colisão traseira,Com Vítimas Feridas,Plena Noite,Decrescente,Nublado,Simples,Reta,Sim,3,0,1,1,1,0,2,2,"-7,2777","-35,8985",SPRF-PB,DEL02-PB,UOP01-DEL02-PB
284663.0,2020-05-15,sexta-feira,23:55:00,PB,101,"82,2",BAYEUX,Restrição de Visibilidade,Tombamento,Com Vítimas Feridas,Plena Noite,Decrescente,Chuva,Dupla,Reta,Sim,1,0,1,0,0,0,1,1,"-7,12911","-34,93714",SPRF-PB,DEL01-PB,UOP01-DEL01-PB
284703.0,2020-05-15,sexta-feira,21:30:00,PB,101,59,SANTA RITA,Desobediência às normas de trânsito pelo condutor,Saída de leito carroçável,Sem Vítimas,Plena Noite,Crescente,Chuva,Dupla,Declive,Não,1,0,0,0,0,1,0,1,"-6,99352402","-35,06896004",SPRF-PB,DEL01-PB,UOP04-DEL01-PB
284879.0,2020-05-16,sábado,17:00:00,PB,230,123,RIACHAO DO BACAMARTE,Desobediência às normas de trânsito pelo condutor,Saída de leito carroçável,Sem Vítimas,Pleno dia,Crescente,Céu Claro,Simples,Reta,Não,1,0,0,0,0,1,0,1,"-7,2478","-35,6672",SPRF-PB,DEL02-PB,UOP01-DEL02-PB
284898.0,2020-05-17,domingo,04:30:00,PB,361,"36,2",CATINGUEIRA,Animais na Pista,Saída de leito carroçável,Com Vítimas Feridas,Amanhecer,Decrescente,Nublado,Simples,Reta,Não,2,0,1,0,1,0,1,1,"-7,09077111","-37,56284298",SPRF-PB,DEL03-PB,UOP01-DEL03-PB
284992.0,2020-05-17,domingo,17:20:00,PB,104,103,SAO SEBASTIAO DE LAGOA DE  ROCA,Falta de Atenção à Condução,Colisão com objeto estático,Com Vítimas Feridas,Pleno dia,Crescente,Céu Claro,Simples,Reta,Não,1,0,0,1,0,0,1,1,"-7,07155197","-35,85479762",SPRF-PB,DEL02-PB,UOP04-DEL02-PB
284999.0,2020-05-17,domingo,18:20:00,PB,104,110,LAGOA SECA,Falta de Atenção à Condução,Tombamento,Com Vítimas Feridas,Plena Noite,Decrescente,Nublado,Simples,Reta,Não,3,0,2,1,0,0,3,2,"-7,12844791","-35,86084776",SPRF-PB,DEL02-PB,UOP04-DEL02-PB
285308.0,2020-05-19,terça-feira,18:50:00,PB,101,"81,9",BAYEUX,Falta de Atenção à Condução,Colisão traseira,Com Vítimas Feridas,Plena Noite,Decrescente,Céu Claro,Dupla,Reta,Sim,2,0,1,0,1,0,1,2,"-7,12508575","-34,94513217",SPRF-PB,DEL01-PB,UOP01-DEL01-PB
285347.0,2020-03-08,domingo,15:00:00,PB,361,16,SANTA TERESINHA,Ultrapassagem Indevida,Colisão frontal,Com Vítimas Feridas,Pleno dia,Decrescente,Céu Claro,Simples,Reta;Declive,Não,2,0,0,1,0,1,1,2,"-7,057152","-37,396103",SPRF-PB,DEL03-PB,UOP01-DEL03-PB
285351.0,2020-05-19,terça-feira,20:30:00,PB,104,131,CAMPINA GRANDE,Ingestão de Álcool,Tombamento,Sem Vítimas,Plena Noite,Decrescente,Céu Claro,Simples,Reta,Sim,1,0,0,0,1,0,0,1,"-7,29900408","-35,89187256",SPRF-PB,DEL02-PB,UOP03-DEL02-PB
285364.0,2020-05-20,quarta-feira,07:25:00,PB,230,"24,5",JOAO PESSOA,Pista Escorregadia,Tombamento,Com Vítimas Feridas,Pleno dia,Decrescente,Chuva,Dupla,Curva,Não,1,0,1,0,0,0,1,1,"-7,1637","-34,8618",SPRF-PB,DEL01-PB,UOP01-DEL01-PB
285429.0,2020-05-20,quarta-feira,16:00:00,PB,230,36,SANTA RITA,Pista Escorregadia,Tombamento,Com Vítimas Feridas,Pleno dia,Crescente,Garoa/Chuvisco,Dupla,Curva,Não,1,0,1,0,0,0,1,1,"-7,1246","-34,9473",SPRF-PB,DEL01-PB,UOP03-DEL01-PB
285436.0,2020-05-20,quarta-feira,17:05:00,PB,230,19,JOAO PESSOA,Pista Escorregadia,Tombamento,Com Vítimas Feridas,Pleno dia,Decrescente,Chuva,Dupla,Curva,Não,2,0,2,0,0,0,2,1,"-7,1281","-34,8466",SPRF-PB,DEL01-PB,UOP01-DEL01-PB
285454.0,2020-05-20,quarta-feira,18:30:00,PB,101,46,MAMANGUAPE,Avarias e/ou desgaste excessivo no pneu,Queda de ocupante de veículo,Com Vítimas Feridas,Plena Noite,Decrescente,Nublado,Dupla,Reta,Não,2,0,2,0,0,0,2,1,"-6,89108414","-35,12591625",SPRF-PB,DEL01-PB,UOP04-DEL01-PB
285540.0,2020-04-25,sábado,11:00:00,PB,230,161,CAMPINA GRANDE,Falta de Atenção à Condução,Colisão transversal,Com Vítimas Feridas,Pleno dia,Crescente,Céu Claro,Simples,Reta;Interseção de Vias;Declive,Sim,2,0,1,0,1,0,1,2,"-7,2361","-35,941",SPRF-PB,DEL02-PB,UOP01-DEL02-PB
285560.0,2020-05-21,quinta-feira,14:45:00,PB,230,"23,7",JOAO PESSOA,Defeito Mecânico no Veículo,Queda de ocupante de veículo,Com Vítimas Feridas,Pleno dia,Crescente,Sol,Dupla,Aclive,Sim,2,0,2,0,0,0,2,1,"-7,1562","-34,8574",SPRF-PB,DEL01-PB,UOP01-DEL01-PB
285590.0,2020-05-21,quinta-feira,18:15:00,PB,230,"26,5",JOAO PESSOA,Ingestão de álcool e/ou substâncias psicoativas pelo pedestre,Queda de ocupante de veículo,Com Vítimas Feridas,Plena Noite,Crescente,Céu Claro,Dupla,Reta,Sim,1,0,1,0,0,0,1,1,"-7,1693","-34,8782",SPRF-PB,DEL01-PB,UOP01-DEL01-PB
285753.0,2020-05-22,sexta-feira,14:30:00,PB,110,"185,8",MONTEIRO,Falta de Atenção à Condução,Saída de leito carroçável,Com Vítimas Feridas,Pleno dia,Crescente,Céu Claro,Simples,Declive,Não,2,0,1,1,0,0,2,1,"-7,91452241","-37,15305372",SPRF-PB,DEL02-PB,UOP02-DEL02-PB
285929.0,2020-05-23,sábado,14:40:00,PB,230,"12,5",CABEDELO,Desobediência às normas de trânsito pelo condutor,Colisão transversal,Sem Vítimas,Pleno dia,Decrescente,Chuva,Dupla,Reta,Sim,3,0,0,0,3,0,0,2,"-7,068","-34,85",SPRF-PB,DEL01-PB,UOP01-DEL01-PB
285958.0,2020-05-23,sábado,17:00:00,PB,230,"40,2",SANTA RITA,Velocidade Incompatível,Saída de leito carroçável,Sem Vítimas,Anoitecer,Decrescente,Chuva,Dupla,Reta,Não,1,0,0,0,0,1,0,1,"-7,1414","-34,9778",SPRF-PB,DEL01-PB,UOP03-DEL01-PB
285959.0,2020-05-23,sábado,13:40:00,PB,101,84,BAYEUX,Falta de Atenção à Condução,Colisão lateral,Com Vítimas Feridas,Pleno dia,Decrescente,Chuva,Dupla,Reta,Sim,2,0,1,0,0,1,1,2,"-7,13957906","-34,92312806",SPRF-PB,DEL01-PB,UOP01-DEL01-PB
285970.0,2020-05-23,sábado,17:40:00,PB,230,"22,7",JOAO PESSOA,Não guardar distância de segurança,Engavetamento,Com Vítimas Feridas,Plena Noite,Crescente,Nublado,Dupla,Reta,Sim,6,0,2,0,4,0,2,3,"-7,15464493","-34,85625397",SPRF-PB,DEL01-PB,UOP01-DEL01-PB
285973.0,2020-05-23,sábado,18:30:00,PB,230,455,SOUSA,Desobediência às normas de trânsito pelo condutor,Colisão frontal,Com Vítimas Feridas,Plena Noite,Decrescente,Chuva,Simples,Reta,Não,2,0,0,1,0,1,1,2,"-6,7808","-38,1546",SPRF-PB,DEL03-PB,UOP03-DEL03-PB
286003.0,2020-05-23,sábado,20:30:00,PB,230,"503,2",CAJAZEIRAS,Pista Escorregadia,Colisão com objeto estático,Sem Vítimas,Plena Noite,Decrescente,Chuva,Simples,Curva,Não,2,0,0,0,2,0,0,1,"-6,8944","-38,5429",SPRF-PB,DEL03-PB,UOP03-DEL03-PB
286076.0,2020-05-24,domingo,08:05:00,PB,230,169,CAMPINA GRANDE,Falta de Atenção à Condução,Saída de leito carroçável,Com Vítimas Feridas,Pleno dia,Decrescente,Céu Claro,Simples,Reta,Não,2,0,2,0,0,0,2,1,"-7,1853","-35,9764",SPRF-PB,DEL02-PB,UOP02-DEL02-PB
286078.0,2020-05-24,domingo,09:00:00,PB,101,"113,8",ALHANDRA,Defeito na Via,Saída de leito carroçável,Com Vítimas Feridas,Pleno dia,Decrescente,Chuva,Dupla,Reta,Não,2,0,1,0,1,0,1,1,"-7,37852293","-34,95673822",SPRF-PB,DEL01-PB,UOP01-DEL01-PB
286106.0,2020-05-24,domingo,12:30:00,PB,230,424,POMBAL,Ingestão de Álcool,Saída de leito carroçável,Com Vítimas Feridas,Pleno dia,Decrescente,Sol,Simples,Curva,Não,1,0,1,0,0,0,1,1,"-6,7322","-37,8888",SPRF-PB,DEL03-PB,UOP02-DEL03-PB
286145.0,2020-05-24,domingo,18:30:00,PB,230,169,CAMPINA GRANDE,Não guardar distância de segurança,Colisão traseira,Sem Vítimas,Plena Noite,Crescente,Céu Claro,Simples,Reta,Sim,2,0,0,0,2,0,0,2,"-7,1853","-35,9764",SPRF-PB,DEL02-PB,UOP02-DEL02-PB
286157.0,2020-05-24,domingo,19:20:00,PB,230,15,JOAO PESSOA,Desobediência às normas de trânsito pelo condutor,Colisão frontal,Com Vítimas Feridas,Plena Noite,Crescente,Chuva,Dupla,Reta,Sim,2,0,0,2,0,0,2,2,"-7,093","-34,8482",SPRF-PB,DEL01-PB,UOP01-DEL01-PB
286165.0,2020-05-24,domingo,18:20:00,PB,230,"163,4",CAMPINA GRANDE,Ultrapassagem Indevida,Colisão frontal,Com Vítimas Fatais,Plena Noite,Crescente,Nublado,Simples,Aclive;Curva,Sim,2,1,0,0,1,0,0,2,"-7,2198","-35,9443",SPRF-PB,DEL02-PB,UOP01-DEL02-PB
286192.0,2020-05-24,domingo,22:00:00,PB,230,17,JOAO PESSOA,Avarias e/ou desgaste excessivo no pneu,Colisão com objeto estático,Com Vítimas Feridas,Plena Noite,Crescente,Garoa/Chuvisco,Dupla,Reta,Sim,1,0,1,0,0,0,1,1,"-7,1121","-34,8426",SPRF-PB,DEL01-PB,UOP01-DEL01-PB
286593.0,2020-05-27,quarta-feira,07:40:00,PB,230,16,JOAO PESSOA,Não guardar distância de segurança,Colisão traseira,Com Vítimas Feridas,Pleno dia,Decrescente,Céu Claro,Dupla,Reta,Sim,2,0,1,0,1,0,1,2,"-7,1039","-34,8458",SPRF-PB,DEL01-PB,UOP01-DEL01-PB