id,data_inversa,dia_semana,horario,uf,br,km,municipio,causa_acidente,tipo_acidente,classificacao_acidente,fase_dia,sentido_via,condicao_metereologica,tipo_pista,tracado_via,uso_solo,pessoas,mortos,feridos_leves,feridos_graves,ilesos,ignorados,feridos,veiculos,latitude,longitude,regional,delegacia,uop
286646.0,2020-05-27,quarta-feira,14:00:00,PB,361,"5,2",PATOS,Ingestão de Álcool,Colisão transversal,Sem Vítimas,Pleno dia,Decrescente,Céu Claro,Simples,Reta,Sim,2,0,0,0,2,0,0,2,"-7,0342983","-37,30232718",SPRF-PB,DEL03-PB,UOP01-DEL03-PB
286758.0,2020-05-28,quinta-feira,06:40:00,PB,230,27,JOAO PESSOA,Falta de Atenção à Condução,Colisão transversal,Sem Vítimas,Pleno dia,Crescente,Céu Claro,Dupla,Declive,Sim,2,0,0,0,2,0,0,2,"-7,1677","-34,8855",SPRF-PB,DEL01-PB,UOP01-DEL01-PB
286797.0,2020-05-28,quinta-feira,11:30:00,PB,101,"100,2",ALHANDRA,Sinalização da via insuficiente ou inadequada,Colisão frontal,Com Vítimas Feridas,Pleno dia,Crescente,Céu Claro,Dupla,Reta,Não,3,0,0,1,2,0,1,3,"-7,26556502","-34,93697405",SPRF-PB,DEL01-PB,UOP01-DEL01-PB
286985.0,2020-05-29,sexta-feira,14:45:00,PB,230,40,SANTA RITA,Desobediência às normas de trânsito pelo condutor,Tombamento,Com Vítimas Feridas,Pleno dia,Crescente,Nublado,Dupla,Reta,Sim,1,0,0,1,0,0,1,1,"-7,1414","-34,9778",SPRF-PB,DEL01-PB,UOP03-DEL01-PB
286995.0,2020-05-29,sexta-feira,14:10:00,PB,230,20,JOAO PESSOA,Falta de Atenção à Condução,Tombamento,Com Vítimas Feridas,Pleno dia,Crescente,Céu Claro,Dupla,Viaduto,Sim,1,0,1,0,0,0,1,1,"-7,13681853","-34,85421365",SPRF-PB,DEL01-PB,UOP01-DEL01-PB
287002.0,2020-05-29,sexta-feira,15:25:00,PB,101,"84,1",BAYEUX,Não guardar distância de segurança,Colisão lateral,Com Vítimas Feridas,Pleno dia,Crescente,Chuva,Dupla,Reta,Sim,2,0,1,0,1,0,1,2,"-7,13957906","-34,92312806",SPRF-PB,DEL01-PB,UOP01-DEL01-PB
287104.0,2020-05-30,sábado,07:50:00,PB,230,70,RIACHAO DO POCO,Falta de Atenção à Condução,Saída de leito carroçável,Com Vítimas Feridas,Pleno dia,Crescente,Nublado,Dupla,Curva,Não,1,0,1,0,0,0,1,1,"-7,182571","-35,305341",SPRF-PB,DEL01-PB,UOP03-DEL01-PB
287156.0,2020-05-30,sábado,13:20:00,PB,230,22,JOAO PESSOA,Falta de Atenção à Condução,Tombamento,Com Vítimas Feridas,Pleno dia,Crescente,Céu Claro,Dupla,Reta,Sim,2,0,1,0,0,1,1,1,"-7,1495","-34,8517",SPRF-PB,DEL01-PB,UOP01-DEL01-PB
287361.0,2020-05-31,domingo,13:40:00,PB,230,"88,9",JOAO PESSOA,Desobediência às normas de trânsito pelo condutor,Colisão traseira,Com Vítimas Feridas,Pleno dia,Crescente,Céu Claro,Dupla,Reta,Sim,2,0,0,1,1,0,1,2,"-7,1639521","-34,8679347",SPRF-PB,DEL01-PB,UOP03-DEL01-PB
287400.0,2020-05-31,domingo,18:20:00,PB,230,"167,5",CAMPINA GRANDE,Não guardar distância de segurança,Colisão traseira,Com Vítimas Feridas,Plena Noite,Decrescente,Céu Claro,Simples,Reta,Sim,3,0,1,0,2,0,1,3,"-7,19414692","-35,96445322",SPRF-PB,DEL02-PB,UOP02-DEL02-PB
287415.0,2020-05-31,domingo,18:00:00,PB,230,"82,8",CALDAS BRANDAO,Ingestão de Álcool,Colisão transversal,Com Vítimas Feridas,Plena Noite,Decrescente,Nublado,Simples,Reta,Sim,4,0,1,1,0,2,2,3,"-7,16953513","-35,34290037",SPRF-PB,DEL01-PB,UOP03-DEL01-PB
287612.0,2020-06-01,segunda-feira,17:25:00,PB,230,"49,8",SANTA RITA,Sinalização da via insuficiente ou inadequada,Saída de leito carroçável,Com Vítimas Feridas,Plena Noite,Crescente,Céu Claro,Dupla,Reta;Em Obras,Não,1,0,1,0,0,0,1,1,"-7,1846","-35,0544",SPRF-PB,DEL01-PB,UOP03-DEL01-PB
287651.0,2020-06-01,segunda-feira,19:00:00,PB,230,"142,3",CAMPINA GRANDE,Ingestão de Álcool,Colisão com objeto estático,Com Vítimas Feridas,Plena Noite,Decrescente,Céu Claro,Dupla,Reta;Declive,Não,1,0,1,0,0,0,1,1,"-7,255907","-35,822327",SPRF-PB,DEL02-PB,UOP01-DEL02-PB
287691.0,2020-06-02,terça-feira,07:45:00,PB,104,"138,6",QUEIMADAS,Pista Escorregadia,Tombamento,Com Vítimas Feridas,Pleno dia,Decrescente,Garoa/Chuvisco,Simples,Reta,Não,2,0,2,0,0,0,2,1,"-7,36116095","-35,90230617",SPRF-PB,DEL02-PB,UOP03-DEL02-PB
287735.0,2020-06-02,terça-feira,06:40:00,PB,230,"48,6",SANTA RITA,Defeito Mecânico no Veículo,Saída de leito carroçável,Com Vítimas Feridas,Pleno dia,Crescente,Céu Claro,Dupla,Reta,Não,1,0,0,1,0,0,1,1,"-7,17959582","-35,04760981",SPRF-PB,DEL01-PB,UOP03-DEL01-PB
287808.0,2020-06-02,terça-feira,13:00:00,PB,434,"7,8",UIRAUNA,Ultrapassagem Indevida,Colisão traseira,Com Vítimas Feridas,Pleno dia,Decrescente,Nublado,Simples,Declive,Sim,4,0,1,0,2,1,1,3,"-6,457672","-38,443488",SPRF-PB,DEL03-PB,UOP03-DEL03-PB
287816.0,2020-06-02,terça-feira,17:23:00,PB,230,"150,6",CAMPINA GRANDE,Desobediência às normas de trânsito pelo condutor,Colisão transversal,Com Vítimas Feridas,Anoitecer,Crescente,Céu Claro,Dupla,Reta,Sim,4,0,0,2,2,0,2,2,"-7,259182","-35,878263",SPRF-PB,DEL02-PB,UOP01-DEL02-PB
287868.0,2020-06-03,quarta-feira,04:20:00,PB,230,57,CRUZ DO ESPIRITO SANTO,Falta de Atenção à Condução,Colisão com objeto estático,Com Vítimas Feridas,Amanhecer,Decrescente,Céu Claro,Dupla,Curva,Não,1,0,1,0,0,0,1,1,"-7,2028","-35,1125",SPRF-PB,DEL01-PB,UOP03-DEL01-PB
287873.0,2020-06-03,quarta-feira,07:10:00,PB,101,"91,9",JOAO PESSOA,Defeito Mecânico no Veículo,Tombamento,Com Vítimas Feridas,Pleno dia,Crescente,Céu Claro,Dupla,Reta,Sim,2,0,2,0,0,0,2,1,"-7,18826412","-34,90308264",SPRF-PB,DEL01-PB,UOP01-DEL01-PB
288004.0,2020-06-03,quarta-feira,16:45:00,PB,104,45,BARRA DE SANTA ROSA,Desobediência às normas de trânsito pelo condutor,Colisão traseira,Com Vítimas Feridas,Anoitecer,Crescente,Céu Claro,Simples,Reta,Sim,2,0,1,0,1,0,1,2,"-6,72846302","-36,05226302",SPRF-PB,DEL02-PB,UOP04-DEL02-PB
288070.0,2020-06-03,quarta-feira,18:15:00,PB,230,370,MALTA,Deficiência ou não Acionamento do Sistema de Iluminação/Sinalização do Veículo,Colisão traseira,Com Vítimas Fatais,Plena Noite,Crescente,Céu Claro,Simples,Reta,Não,3,2,1,0,0,0,1,2,"-6,9079","-37,5497",SPRF-PB,DEL03-PB,UOP02-DEL03-PB
288113.0,2020-06-04,quinta-feira,17:45:00,PB,101,81,JOAO PESSOA,Não guardar distância de segurança,Colisão traseira,Com Vítimas Feridas,Plena Noite,Crescente,Céu Claro,Dupla,Reta;Aclive,Sim,3,0,2,0,0,1,2,2,"-7,12508575","-34,94513217",SPRF-PB,DEL01-PB,UOP01-DEL01-PB
288193.0,2020-06-05,sexta-feira,01:00:00,PB,230,"9,8",CABEDELO,Falta de Atenção à Condução,Saída de leito carroçável,Sem Vítimas,Plena Noite,Decrescente,Nublado,Dupla,Desvio Temporário,Sim,1,0,0,0,0,1,0,1,"-7,0433","-34,8466",SPRF-PB,DEL01-PB,UOP01-DEL01-PB
288441.0,2020-06-06,sábado,08:30:00,PB,104,"103,8",SAO SEBASTIAO DE LAGOA DE  ROCA,Desobediência às normas de trânsito pelo condutor,Colisão lateral,Com Vítimas Feridas,Pleno dia,Crescente,Céu Claro,Simples,Aclive,Não,2,0,1,0,1,0,1,2,"-7,07155197","-35,85479762",SPRF-PB,DEL02-PB,UOP04-DEL02-PB
288467.0,2020-06-06,sábado,11:55:00,PB,101,"83,2",BAYEUX,Defeito Mecânico no Veículo,Tombamento,Com Vítimas Feridas,Pleno dia,Crescente,Céu Claro,Dupla,Reta,Sim,2,0,2,0,0,0,2,1,"-7,1337703","-34,92963914",SPRF-PB,DEL01-PB,UOP01-DEL01-PB
288606.0,2020-06-06,sábado,20:25:00,PB,101,83,BAYEUX,Falta de Atenção do Pedestre,Atropelamento de Pedestre,Com Vítimas Feridas,Plena Noite,Crescente,Nublado,Dupla,Reta,Sim,2,0,0,1,0,1,1,2,"-7,13787728","-34,92500067",SPRF-PB,DEL01-PB,UOP01-DEL01-PB
288623.0,2020-06-07,domingo,06:00:00,PB,101,"94,1",CONDE,Velocidade Incompatível,Colisão com objeto estático,Com Vítimas Feridas,Pleno dia,Decrescente,Chuva,Dupla,Declive;Curva,Não,1,0,1,0,0,0,1,1,"-7,21483297","-34,9117521",SPRF-PB,DEL01-PB,UOP01-DEL01-PB
288725.0,2020-06-07,domingo,18:50:00,PB,230,25,JOAO PESSOA,Ingestão de Álcool,Colisão com objeto estático,Com Vítimas Feridas,Plena Noite,Decrescente,Céu Claro,Múltipla,Interseção de Vias,Sim,1,0,1,0,0,0,1,1,"-7,1707","-34,8684",SPRF-PB,DEL01-PB,UOP01-DEL01-PB
288758.0,2020-06-07,domingo,19:00:00,PB,104,"191,8",ALCANTIL,Animais na Pista,Atropelamento de Animal,Com Vítimas Feridas,Plena Noite,Decrescente,Céu Claro,Simples,Reta,Não,1,0,1,0,0,0,1,1,"-7,72990593","-36,07500026",SPRF-PB,DEL02-PB,UOP03-DEL02-PB
288858.0,2020-06-08,segunda-feira,07:40:00,PB,104,"139,5",QUEIMADAS,Desobediência às normas de trânsito pelo condutor,Colisão transversal,Com Vítimas Feridas,Pleno dia,Decrescente,Sol,Simples,Reta,Sim,4,0,0,3,1,0,3,2,"-7,36948311","-35,89979635",SPRF-PB,DEL02-PB,UOP03-DEL02-PB
288916.0,2020-04-23,quinta-feira,23:20:00,PB,230,50,SANTA RITA,Condutor Dormindo,Saída de leito carroçável,Com Vítimas Fatais,Plena Noite,Decrescente,Chuva,Dupla,Reta,Não,1,1,0,0,0,0,0,1,"-7,1846","-35,0544",SPRF-PB,DEL01-PB,UOP03-DEL01-PB
288982.0,2020-06-08,segunda-feira,20:25:00,PB,230,"334,6",PATOS,Desobediência às normas de trânsito pelo condutor,Colisão frontal,Com Vítimas Feridas,Plena Noite,Decrescente,Nublado,Simples,Reta;Aclive,Sim,3,0,0,1,2,0,1,2,"-7,018","-37,2589",SPRF-PB,DEL03-PB,UOP01-DEL03-PB
289082.0,2020-06-09,terça-feira,14:50:00,PB,101,"96,9",ALHANDRA,Desobediência às normas de trânsito pelo condutor,Saída de leito carroçável,Sem Vítimas,Pleno dia,Crescente,Sol,Dupla,Reta,Sim,1,0,0,0,1,0,0,1,"-7,230921","-34,921149",SPRF-PB,DEL01-PB,UOP01-DEL01-PB
289093.0,2020-06-09,terça-feira,16:40:00,PB,230,"26,8",JOAO PESSOA,Desobediência às normas de trânsito pelo condutor,Colisão lateral,Com Vítimas Feridas,Pleno dia,Crescente,Sol,Dupla,Reta,Sim,3,0,2,0,1,0,2,2,"-7,1693","-34,8782",SPRF-PB,DEL01-PB,UOP01-DEL01-PB
289185.0,2020-06-10,quarta-feira,09:00:00,PB,230,17,JOAO PESSOA,Falta de Atenção à Condução,Saída de leito carroçável,Sem Vítimas,Pleno dia,Crescente,Céu Claro,Dupla,Reta,Sim,1,0,0,0,1,0,0,1,"-7,1121","-34,8426",SPRF-PB,DEL01-PB,UOP01-DEL01-PB
289288.0,2020-06-10,quarta-feira,16:30:00,PB,230,"85,8",CALDAS BRANDAO,Velocidade Incompatível,Saída de leito carroçável,Com Vítimas Feridas,Pleno dia,Decrescente,Chuva,Dupla,Reta,Não,2,0,2,0,0,0,2,1,"-7,16727405","-35,36420488",SPRF-PB,DEL01-PB,UOP03-DEL01-PB
289300.0,2020-06-10,quarta-feira,17:00:00,PB,230,18,JOAO PESSOA,Falta de Atenção à Condução,Tombamento,Com Vítimas Feridas,Amanhecer,Crescente,Céu Claro,Dupla,Curva,Não,1,0,1,0,0,0,1,1,"-7,1198","-34,8453",SPRF-PB,DEL01-PB,UOP01-DEL01-PB
289439.0,2020-06-11,quinta-feira,11:25:00,PB,230,502,CAJAZEIRAS,Animais na Pista,Atropelamento de Animal,Com Vítimas Feridas,Pleno dia,Crescente,Céu Claro,Simples,Reta,Sim,1,0,1,0,0,0,1,1,"-6,8979","-38,5233",SPRF-PB,DEL03-PB,UOP03-DEL03-PB
289450.0,2020-06-11,quinta-feira,12:00:00,PB,230,331,PATOS,Falta de Atenção à Condução,Saída de leito carroçável,Com Vítimas Feridas,Pleno dia,Crescente,Céu Claro,Simples,Reta,Não,1,0,1,0,0,0,1,1,"-7,0207","-37,2309",SPRF-PB,DEL03-PB,UOP01-DEL03-PB
289695.0,2020-06-12,sexta-feira,19:50:00,PB,230,6,CABEDELO,Animais na Pista,Atropelamento de Animal,Com Vítimas Feridas,Plena Noite,Crescente,Nublado,Dupla,Aclive,Sim,1,0,0,1,0,0,1,1,"-7,02","-34,8359",SPRF-PB,DEL01-PB,UOP01-DEL01-PB
289696.0,2020-06-12,sexta-feira,20:00:00,PB,101,"89,8",JOAO PESSOA,Falta de Atenção à Condução,Colisão transversal,Com Vítimas Feridas,Pleno dia,Crescente,Céu Claro,Dupla,Reta,Sim,2,0,0,1,1,0,1,2,"-7,1710694","-34,89765372",SPRF-PB,DEL01-PB,UOP01-DEL01-PB
289898.0,2020-06-14,domingo,01:15:00,PB,101,84,BAYEUX,Falta de Atenção à Condução,Colisão com objeto estático,Com Vítimas Feridas,Plena Noite,Decrescente,Céu Claro,Dupla,Curva,Não,2,0,1,1,0,0,2,1,"-7,13957906","-34,92312806",SPRF-PB,DEL01-PB,UOP01-DEL01-PB
289912.0,2020-06-14,domingo,04:40:00,PB,101,83,BAYEUX,Não guardar distância de segurança,Colisão traseira,Com Vítimas Feridas,Plena Noite,Decrescente,Chuva,Dupla,Reta,Sim,4,0,1,0,2,1,1,2,"-7,1337703","-34,92963914",SPRF-PB,DEL01-PB,UOP01-DEL01-PB
289913.0,2020-06-14,domingo,05:45:00,PB,230,178,POCINHOS,Pista Escorregadia,Queda de ocupante de veículo,Com Vítimas Feridas,Pleno dia,Decrescente,Chuva,Simples,Reta,Não,1,0,0,1,0,0,1,1,-7,-36,SPRF-PB,DEL02-PB,UOP02-DEL02-PB
289933.0,2020-06-14,domingo,18:15:00,PB,230,"477,5",MARIZOPOLIS,Avarias e/ou desgaste excessivo no pneu,Capotamento,Com Vítimas Feridas,Plena Noite,Decrescente,Nublado,Simples,Reta,Não,2,0,2,0,0,0,2,1,"-6,8384","-38,3156",SPRF-PB,DEL03-PB,UOP03-DEL03-PB
290179.0,2020-06-15,segunda-feira,18:23:00,PB,101,111,ALHANDRA,Restrição de Visibilidade,Saída de leito carroçável,Com Vítimas Feridas,Plena Noite,Crescente,Chuva,Dupla,Retorno Regulamentado,Não,4,0,1,0,3,0,1,1,"-7,36122197","-34,95184711",SPRF-PB,DEL01-PB,UOP01-DEL01-PB
290340.0,2020-06-16,terça-feira,18:00:00,PB,230,317,SAO MAMEDE,Animais na Pista,Capotamento,Com Vítimas Feridas,Anoitecer,Crescente,Céu Claro,Simples,Reta,Não,1,0,1,0,0,0,1,1,"-6,9543","-37,1244",SPRF-PB,DEL03-PB,UOP01-DEL03-PB
290389.0,2020-06-17,quarta-feira,01:40:00,PB,230,403,POMBAL,Condutor Dormindo,Saída de leito carroçável,Sem Vítimas,Plena Noite,Crescente,Nublado,Simples,Declive,Não,1,0,0,0,0,1,0,1,"-6,8002","-37,7771",SPRF-PB,DEL03-PB,UOP02-DEL03-PB
290450.0,2020-06-17,quarta-feira,13:30:00,PB,101,"84,6",BAYEUX,Falta de Atenção à Condução,Tombamento,Com Vítimas Feridas,Pleno dia,Crescente,Nublado,Dupla,Reta,Sim,1,0,1,0,0,0,1,1,"-7,1428003","-34,9194724",SPRF-PB,DEL01-PB,UOP01-DEL01-PB
290614.0,2020-06-18,quinta-feira,11:10:00,PB,101,84,BAYEUX,Falta de Atenção à Condução,Colisão com objeto estático,Sem Vítimas,Pleno dia,Decrescente,Céu Claro,Dupla,Reta,Não,2,0,0,0,2,0,0,1,"-7,13957906","-34,92312806",SPRF-PB,DEL01-PB,UOP01-DEL01-PB
290630.0,2020-06-18,quinta-feira,11:30:00,PB,230,"4,1",CABEDELO,Objeto estático sobre o leito carroçável,Colisão com objeto estático,Com Vítimas Feridas,Pleno dia,Decrescente,Céu Claro,Dupla,Reta;Em Obras,Sim,1,0,0,1,0,0,1,1,"-7,0004","-34,8284",SPRF-PB,DEL01-PB,UOP01-DEL01-PB
290762.0,2020-06-19,sexta-feira,07:50:00,PB,230,"20,5",JOAO PESSOA,Falta de Atenção à Condução,Colisão traseira,Com Vítimas Feridas,Pleno dia,Decrescente,Chuva,Múltipla,Reta,Sim,4,0,3,0,0,1,3,3,"-7,1337","-34,8544",SPRF-PB,DEL01-PB,UOP01-DEL01-PB
290858.0,2020-06-19,sexta-feira,18:15:00,PB,230,156,CAMPINA GRANDE,Falta de Atenção à Condução,Colisão traseira,Com Vítimas Feridas,Plena Noite,Crescente,Chuva,Simples,Reta,Sim,2,0,1,0,1,0,1,2,"-7,2693","-35,9138",SPRF-PB,DEL02-PB,UOP01-DEL02-PB
290905.0,2020-06-19,sexta-feira,19:30:00,PB,230,"250,2",JUAZEIRINHO,Ingestão de Álcool,Colisão frontal,Com Vítimas Feridas,Plena Noite,Decrescente,Garoa/Chuvisco,Simples,Reta,Não,2,0,1,1,0,0,2,2,"-7,0593","-36,652",SPRF-PB,DEL03-PB,UOP01-DEL03-PB
290906.0,2020-06-19,sexta-feira,21:30:00,PB,230,125,RIACHAO DO BACAMARTE,Velocidade Incompatível,Saída de leito carroçável,Com Vítimas Fatais,Plena Noite,Decrescente,Chuva,Dupla,Declive;Curva,Não,3,1,1,1,0,0,2,1,"-7,2498","-35,6827",SPRF-PB,DEL02-PB,UOP01-DEL02-PB
290910.0,2020-06-19,sexta-feira,22:00:00,PB,230,22,JOAO PESSOA,Condutor Dormindo,Colisão com objeto estático,Com Vítimas Feridas,Plena Noite,Crescente,Nublado,Dupla,Reta,Sim,1,0,1,0,0,0,1,1,"-7,1495","-34,8517",SPRF-PB,DEL01-PB,UOP01-DEL01-PB
290949.0,2020-06-20,sábado,06:10:00,PB,230,21,JOAO PESSOA,Não guardar distância de segurança,Colisão traseira,Com Vítimas Feridas,Pleno dia,Decrescente,Nublado,Dupla,Reta,Sim,2,0,0,1,1,0,1,2,"-7,1495","-34,8517",SPRF-PB,DEL01-PB,UOP01-DEL01-PB
290954.0,2020-06-19,sexta-feira,23:30:00,PB,230,"464,8",SOUSA,Falta de Atenção à Condução,Colisão transversal,Sem Vítimas,Plena Noite,Crescente,Garoa/Chuvisco,Simples,Reta,Sim,2,0,0,0,1,1,0,2,"-6,7786","-38,2341",SPRF-PB,DEL03-PB,UOP03-DEL03-PB
291016.0,2020-06-20,sábado,15:40:00,PB,230,148,CAMPINA GRANDE,Falta de Atenção à Condução,Tombamento,Com Vítimas Feridas,Pleno dia,Decrescente,Céu Claro,Dupla,Rotatória,Sim,2,0,2,0,0,0,2,1,"-7,237212","-35,86744308",SPRF-PB,DEL02-PB,UOP01-DEL02-PB
291018.0,2020-06-20,sábado,15:30:00,PB,230,71,SOBRADO,Falta de Atenção à Condução,Colisão traseira,Com Vítimas Feridas,Pleno dia,Crescente,Chuva,Dupla,Reta,Não,8,0,3,0,5,0,3,2,"-7,1913","-35,2333",SPRF-PB,DEL01-PB,UOP03-DEL01-PB
291067.0,2020-06-20,sábado,18:40:00,PB,230,148,CAMPINA GRANDE,Defeito na Via,Queda de ocupante de veículo,Com Vítimas Feridas,Plena Noite,Decrescente,Nublado,Dupla,Rotatória,Sim,1,0,1,0,0,0,1,1,"-7,238","-35,8656",SPRF-PB,DEL02-PB,UOP01-DEL02-PB
291191.0,2020-06-21,domingo,11:10:00,PB,101,"88,5",JOAO PESSOA,Defeito Mecânico no Veículo,Tombamento,Com Vítimas Feridas,Pleno dia,Decrescente,Sol,Dupla,Declive;Reta,Sim,2,0,2,0,0,0,2,1,"-7,16470016","-34,89993643",SPRF-PB,DEL01-PB,UOP02-DEL01-PB
291204.0,2020-06-21,domingo,12:35:00,PB,230,"461,7",SOUSA,Defeito Mecânico no Veículo,Tombamento,Com Vítimas Feridas,Pleno dia,Crescente,Céu Claro,Simples,Reta,Sim,1,0,1,0,0,0,1,1,"-6,778254","-38,226044",SPRF-PB,DEL03-PB,UOP03-DEL03-PB
291252.0,2020-06-21,domingo,17:50:00,PB,230,"75,2",SOBRADO,Ingestão de Álcool,Colisão transversal,Com Vítimas Fatais,Anoitecer,Decrescente,Céu Claro,Dupla,Reta,Não,2,1,0,0,0,1,0,2,"-7,1908","-35,2682",SPRF-PB,DEL01-PB,UOP03-DEL01-PB
291255.0,2020-06-21,domingo,18:10:00,PB,101,86,BAYEUX,Animais na Pista,Atropelamento de Animal,Com Vítimas Feridas,Plena Noite,Decrescente,Céu Claro,Dupla,Curva,Sim,2,0,2,0,0,0,2,1,"-7,15118983","-34,91012184",SPRF-PB,DEL01-PB,UOP01-DEL01-PB
291308.0,2020-06-21,domingo,19:29:00,PB,412,142,MONTEIRO,Ingestão de Álcool,Colisão traseira,Com Vítimas Feridas,Plena Noite,Crescente,Céu Claro,Simples,Reta,Sim,3,0,1,2,0,0,3,2,"-7,88621002","-37,10632324",SPRF-PB,DEL02-PB,UOP02-DEL02-PB
291328.0,2020-06-22,segunda-feira,00:50:00,PB,230,"50,1",CRUZ DO ESPIRITO SANTO,Sinalização da via insuficiente ou inadequada,Colisão lateral,Com Vítimas Feridas,Plena Noite,Decrescente,Céu Claro,Dupla,Em Obras;Reta,Não,2,0,1,0,0,1,1,2,"-7,18886461","-35,05984229",SPRF-PB,DEL01-PB,UOP03-DEL01-PB
291463.0,2020-06-22,segunda-feira,18:50:00,PB,230,12,CABEDELO,Desobediência às normas de trânsito pelo pedestre,Atropelamento de Pedestre,Com Vítimas Feridas,Plena Noite,Decrescente,Céu Claro,Dupla,Reta,Sim,3,0,2,1,0,0,3,2,"-7,068","-34,85",SPRF-PB,DEL01-PB,UOP01-DEL01-PB
291491.0,2020-06-22,segunda-feira,21:50:00,PB,230,12,CABEDELO,Desobediência às normas de trânsito pelo condutor,Colisão transversal,Com Vítimas Feridas,Plena Noite,Decrescente,Céu Claro,Dupla,Rotatória,Sim,2,0,2,0,0,0,2,2,"-7,06529989","-34,85012412",SPRF-PB,DEL01-PB,UOP01-DEL01-PB
291546.0,2020-06-23,terça-feira,09:20:00,PB,230,80,CALDAS BRANDAO,Falta de Atenção à Condução,Tombamento,Com Vítimas Feridas,Pleno dia,Crescente,Céu Claro,Dupla,Curva,Não,2,0,1,0,1,0,1,1,"-7,17777757","-35,32324098",SPRF-PB,DEL01-PB,UOP03-DEL01-PB
291564.0,2020-06-23,terça-feira,12:20:00,PB,101,85,BAYEUX,Não guardar distância de segurança,Colisão traseira,Com Vítimas Feridas,Pleno dia,Crescente,Céu Claro,Dupla,Reta,Sim,2,0,1,0,0,1,1,2,"-7,14538184","-34,91662887",SPRF-PB,DEL01-PB,UOP01-DEL01-PB
291598.0,2020-06-23,terça-feira,16:10:00,PB,104,"57,6",BARRA DE SANTA ROSA,Falta de Atenção à Condução,Colisão lateral,Sem Vítimas,Pleno dia,Decrescente,Sol,Simples,Declive;Reta,Não,5,0,0,0,5,0,0,2,"-6,7868688","-35,96733682",SPRF-PB,DEL02-PB,UOP04-DEL02-PB
291599.0,2020-06-23,terça-feira,17:40:00,PB,101,"89,1",JOAO PESSOA,Falta de Atenção à Condução,Colisão transversal,Com Vítimas Feridas,Anoitecer,Decrescente,Nublado,Dupla,Reta,Não,2,0,1,0,0,1,1,2,"-7,1710694","-34,89765372",SPRF-PB,DEL01-PB,UOP02-DEL01-PB
291621.0,2020-06-23,terça-feira,20:00:00,PB,101,86,BAYEUX,Desobediência às normas de trânsito pelo condutor,Colisão traseira,Com Vítimas Feridas,Plena Noite,Crescente,Céu Claro,Dupla,Reta,Sim,2,0,1,0,0,1,1,2,"-7,15118983","-34,91012184",SPRF-PB,DEL01-PB,UOP01-DEL01-PB
291657.0,2020-06-24,quarta-feira,05:00:00,PB,101,"84,5",BAYEUX,Ingestão de Álcool,Saída de leito carroçável,Sem Vítimas,Amanhecer,Crescente,Céu Claro,Dupla,Reta,Sim,1,0,0,0,0,1,0,1,"-7,14377495","-34,91854191",SPRF-PB,DEL01-PB,UOP01-DEL01-PB
291708.0,2020-06-24,quarta-feira,10:00:00,PB,230,"23,9",JOAO PESSOA,Desobediência às normas de trânsito pelo condutor,Colisão lateral,Sem Vítimas,Pleno dia,Decrescente,Sol,Dupla,Viaduto,Sim,2,0,0,0,1,1,0,2,"-7,1562","-34,8574",SPRF-PB,DEL01-PB,UOP01-DEL01-PB
291709.0,2020-06-24,quarta-feira,10:15:00,PB,230,"17,2",JOAO PESSOA,Desobediência às normas de trânsito pelo condutor,Colisão transversal,Com Vítimas Feridas,Pleno dia,Crescente,Sol,Dupla,Retorno Regulamentado,Sim,2,0,1,0,0,1,1,2,"-7,11608021","-34,8421008",SPRF-PB,DEL01-PB,UOP01-DEL01-PB
291722.0,2020-06-24,quarta-feira,14:00:00,PB,230,"194,3",POCINHOS,Ingestão de Álcool,Saída de leito carroçável,Com Vítimas Feridas,Pleno dia,Decrescente,Céu Claro,Simples,Reta,Não,1,0,1,0,0,0,1,1,"-7,1226","-36,1868",SPRF-PB,DEL02-PB,UOP02-DEL02-PB
291734.0,2020-06-24,quarta-feira,17:15:00,PB,230,27,JOAO PESSOA,Ingestão de Álcool,Colisão com objeto estático,Com Vítimas Feridas,Anoitecer,Decrescente,Céu Claro,Múltipla,Viaduto,Sim,1,0,1,0,0,0,1,1,"-7,16578942","-34,89476681",SPRF-PB,DEL01-PB,UOP01-DEL01-PB
291836.0,2020-06-25,quinta-feira,07:45:00,PB,230,25,JOAO PESSOA,Não guardar distância de segurança,Engavetamento,Sem Vítimas,Pleno dia,Crescente,Céu Claro,Simples,Reta;Aclive;Viaduto,Sim,3,0,0,0,3,0,0,3,"-7,1707","-34,8684",SPRF-PB,DEL01-PB,UOP01-DEL01-PB
292009.0,2020-06-26,sexta-feira,07:50:00,PB,101,22,MAMANGUAPE,Falta de Atenção à Condução,Colisão com objeto estático,Com Vítimas Feridas,Pleno dia,Crescente,Céu Claro,Dupla,Reta,Não,1,0,1,0,0,0,1,1,"-6,68108401","-35,11407491",SPRF-PB,DEL01-PB,UOP04-DEL01-PB
292023.0,2020-06-26,sexta-feira,10:35:00,PB,230,141,CAMPINA GRANDE,Falta de Atenção à Condução,Tombamento,Com Vítimas Feridas,Pleno dia,Crescente,Nublado,Dupla,Reta,Não,1,0,1,0,0,0,1,1,"-7,2612","-35,8061",SPRF-PB,DEL02-PB,UOP01-DEL02-PB
292275.0,2020-06-27,sábado,14:00:00,PB,230,162,CAMPINA GRANDE,Falta de Atenção à Condução,Saída de leito carroçável,Sem Vítimas,Pleno dia,Decrescente,Céu Claro,Simples,Reta,Não,1,0,0,0,0,1,0,1,"-7,2277","-35,9439",SPRF-PB,DEL02-PB,UOP01-DEL02-PB