id,data_inversa,dia_semana,horario,uf,br,km,municipio,causa_acidente,tipo_acidente,classificacao_acidente,fase_dia,sentido_via,condicao_metereologica,tipo_pista,tracado_via,uso_solo,pessoas,mortos,feridos_leves,feridos_graves,ilesos,ignorados,feridos,veiculos,latitude,longitude,regional,delegacia,uop
292378.0,2020-06-28,domingo,06:00:00,PB,101,"84,5",BAYEUX,Animais na Pista,Atropelamento de Animal,Com Vítimas Feridas,Pleno dia,Decrescente,Nublado,Dupla,Reta,Sim,1,0,1,0,0,0,1,1,"-7,13957906","-34,92312806",SPRF-PB,DEL01-PB,UOP01-DEL01-PB
292422.0,2020-06-28,domingo,11:10:00,PB,230,49,SANTA RITA,Condutor Dormindo,Saída de leito carroçável,Com Vítimas Feridas,Pleno dia,Decrescente,Céu Claro,Dupla,Retorno Regulamentado,Não,1,0,1,0,0,0,1,1,"-7,1803","-35,0485",SPRF-PB,DEL01-PB,UOP03-DEL01-PB
292435.0,2020-06-28,domingo,11:30:00,PB,361,"5,9",PATOS,Ultrapassagem Indevida,Colisão lateral,Com Vítimas Feridas,Pleno dia,Crescente,Céu Claro,Simples,Reta,Sim,2,0,1,0,1,0,1,2,"-7,0342983","-37,30232718",SPRF-PB,DEL03-PB,UOP01-DEL03-PB
292526.0,2020-06-28,domingo,20:50:00,PB,230,"26,5",JOAO PESSOA,Falta de Atenção à Condução,Colisão traseira,Com Vítimas Feridas,Plena Noite,Crescente,Céu Claro,Dupla,Declive;Reta,Sim,3,0,2,0,0,1,2,2,"-7,1693","-34,8782",SPRF-PB,DEL01-PB,UOP01-DEL01-PB
292574.0,2020-06-29,segunda-feira,06:40:00,PB,104,"129,8",CAMPINA GRANDE,Ingestão de Álcool,Saída de leito carroçável,Sem Vítimas,Amanhecer,Decrescente,Céu Claro,Dupla,Retorno Regulamentado,Não,1,0,0,0,0,1,0,1,"-7,2788902","-35,88870148",SPRF-PB,DEL02-PB,UOP03-DEL02-PB
292605.0,2020-06-29,segunda-feira,12:00:00,PB,230,"87,8",JOAO PESSOA,Pista Escorregadia,Tombamento,Com Vítimas Feridas,Pleno dia,Decrescente,Sol,Simples,Curva,Não,2,0,2,0,0,0,2,1,"-7,164696","-34,894994",SPRF-PB,DEL01-PB,UOP03-DEL01-PB
292638.0,2020-06-29,segunda-feira,15:00:00,PB,230,"60,5",CRUZ DO ESPIRITO SANTO,Desobediência às normas de trânsito pelo condutor,Colisão lateral,Com Vítimas Feridas,Pleno dia,Crescente,Céu Claro,Dupla,Em Obras;Retorno Regulamentado,Não,2,0,0,1,1,0,1,2,"-7,205","-35,1393",SPRF-PB,DEL01-PB,UOP03-DEL01-PB
292701.0,2020-06-29,segunda-feira,21:50:00,PB,230,81,SOBRADO,Desobediência às normas de trânsito pelo condutor,Colisão frontal,Com Vítimas Fatais,Plena Noite,Decrescente,Céu Claro,Dupla,Curva,Não,5,1,1,0,2,1,1,3,"-7,17746787","-35,32626987",SPRF-PB,DEL01-PB,UOP03-DEL01-PB
292744.0,2020-06-30,terça-feira,07:45:00,PB,230,23,JOAO PESSOA,Não guardar distância de segurança,Colisão traseira,Com Vítimas Feridas,Pleno dia,Decrescente,Céu Claro,Dupla,Viaduto,Sim,2,0,1,0,1,0,1,2,"-7,1562","-34,8574",SPRF-PB,DEL01-PB,UOP01-DEL01-PB
292750.0,2020-06-30,terça-feira,09:00:00,PB,230,"188,6",ALCANTIL,Falta de Atenção à Condução,Colisão transversal,Com Vítimas Feridas,Pleno dia,Decrescente,Nublado,Simples,Reta,Sim,2,0,0,1,1,0,1,2,"-7,702036","-36,062408",SPRF-PB,DEL02-PB,UOP02-DEL02-PB
292772.0,2020-06-30,terça-feira,13:20:00,PB,230,"500,3",CAJAZEIRAS,Desobediência às normas de trânsito pelo condutor,Colisão frontal,Com Vítimas Feridas,Pleno dia,Crescente,Céu Claro,Simples,Reta,Sim,2,0,1,0,1,0,1,2,"-6,897758","-38,524155",SPRF-PB,DEL03-PB,UOP03-DEL03-PB
292820.0,2020-06-30,terça-feira,19:10:00,PB,104,93,ESPERANCA,Não guardar distância de segurança,Colisão traseira,Sem Vítimas,Plena Noite,Decrescente,Nublado,Simples,Reta,Sim,4,0,0,0,4,0,0,2,"-6,99505412","-35,83569282",SPRF-PB,DEL02-PB,UOP04-DEL02-PB
292894.0,2020-07-01,quarta-feira,09:20:00,PB,230,"24,2",JOAO PESSOA,Falta de Atenção à Condução,Colisão traseira,Com Vítimas Feridas,Pleno dia,Decrescente,Céu Claro,Dupla,Reta,Sim,4,0,2,0,2,0,2,2,"-7,1637","-34,8618",SPRF-PB,DEL01-PB,UOP01-DEL01-PB
292949.0,2020-07-01,quarta-feira,17:35:00,PB,230,20,JOAO PESSOA,Falta de Atenção à Condução,Engavetamento,Sem Vítimas,Plena Noite,Crescente,Céu Claro,Dupla,Reta,Sim,3,0,0,0,3,0,0,3,"-7,1337","-34,8544",SPRF-PB,DEL01-PB,UOP01-DEL01-PB
292955.0,2020-07-01,quarta-feira,17:50:00,PB,101,88,JOAO PESSOA,Desobediência às normas de trânsito pelo condutor,Colisão traseira,Com Vítimas Feridas,Plena Noite,Crescente,Céu Claro,Dupla,Curva,Sim,2,0,2,0,0,0,2,2,"-7,16861617","-34,89713972",SPRF-PB,DEL01-PB,UOP01-DEL01-PB
293037.0,2020-07-02,quinta-feira,08:20:00,PB,101,85,BAYEUX,Desobediência às normas de trânsito pelo condutor,Engavetamento,Sem Vítimas,Pleno dia,Decrescente,Nublado,Dupla,Reta,Sim,4,0,0,0,4,0,0,4,"-7,14538184","-34,91662887",SPRF-PB,DEL01-PB,UOP01-DEL01-PB
293041.0,2020-07-02,quinta-feira,08:50:00,PB,101,86,BAYEUX,Não guardar distância de segurança,Colisão traseira,Sem Vítimas,Pleno dia,Decrescente,Céu Claro,Dupla,Reta,Sim,2,0,0,0,2,0,0,2,"-7,15118983","-34,91012184",SPRF-PB,DEL01-PB,UOP01-DEL01-PB
293090.0,2020-07-02,quinta-feira,13:30:00,PB,230,"135,3",CAMPINA GRANDE,Sinalização da via insuficiente ou inadequada,Colisão traseira,Sem Vítimas,Pleno dia,Crescente,Céu Claro,Dupla,Reta,Não,4,0,0,0,4,0,0,4,"-7,2789","-35,7591",SPRF-PB,DEL02-PB,UOP01-DEL02-PB
293131.0,2020-07-02,quinta-feira,18:00:00,PB,230,4,CABEDELO,Desobediência às normas de trânsito pelo condutor,Colisão traseira,Com Vítimas Feridas,Plena Noite,Crescente,Nublado,Dupla,Reta,Sim,2,0,1,0,1,0,1,2,"-7,0004","-34,8284",SPRF-PB,DEL01-PB,UOP01-DEL01-PB
293156.0,2020-07-02,quinta-feira,10:20:00,PB,230,"147,9",CAMPINA GRANDE,Pista Escorregadia,Tombamento,Com Vítimas Feridas,Pleno dia,Crescente,Sol,Dupla,Rotatória,Sim,2,0,2,0,0,0,2,1,"-7,236438","-35,867183",SPRF-PB,DEL02-PB,UOP01-DEL02-PB
293179.0,2020-07-02,quinta-feira,10:20:00,PB,230,148,CAMPINA GRANDE,Pista Escorregadia,Tombamento,Com Vítimas Feridas,Pleno dia,Crescente,Céu Claro,Simples,Rotatória,Sim,2,0,1,0,1,0,1,1,"-7,238","-35,8656",SPRF-PB,DEL02-PB,UOP01-DEL02-PB
293229.0,2020-07-03,sexta-feira,11:00:00,PB,230,36,SANTA RITA,Falta de Atenção à Condução,Saída de leito carroçável,Com Vítimas Feridas,Pleno dia,Crescente,Chuva,Dupla,Curva,Não,3,0,1,0,2,0,1,1,"-7,1246","-34,9473",SPRF-PB,DEL01-PB,UOP03-DEL01-PB
293238.0,2020-07-03,sexta-feira,11:10:00,PB,230,6,CABEDELO,Animais na Pista,Atropelamento de Animal,Sem Vítimas,Pleno dia,Decrescente,Céu Claro,Dupla,Reta,Sim,1,0,0,0,1,0,0,1,"-7,02","-34,8359",SPRF-PB,DEL01-PB,UOP01-DEL01-PB
293246.0,2020-07-03,sexta-feira,06:59:00,PB,230,129,CAMPINA GRANDE,Falta de Atenção à Condução,Queda de ocupante de veículo,Com Vítimas Feridas,Pleno dia,Decrescente,Céu Claro,Dupla,Declive;Reta,Não,1,0,1,0,0,0,1,1,"-7,2627","-35,7149",SPRF-PB,DEL02-PB,UOP01-DEL02-PB
293257.0,2020-07-03,sexta-feira,12:35:00,PB,230,"159,4",CAMPINA GRANDE,Desobediência às normas de trânsito pelo condutor,Colisão transversal,Com Vítimas Feridas,Pleno dia,Decrescente,Céu Claro,Simples,Interseção de Vias,Sim,2,0,1,0,1,0,1,2,"-7,252","-35,9334",SPRF-PB,DEL02-PB,UOP01-DEL02-PB
293447.0,2020-07-04,sábado,10:45:00,PB,230,32,BAYEUX,Desobediência às normas de trânsito pelo condutor,Colisão traseira,Com Vítimas Feridas,Pleno dia,Crescente,Céu Claro,Dupla,Reta,Não,2,0,1,0,1,0,1,2,"-7,143","-34,9192",SPRF-PB,DEL01-PB,UOP01-DEL01-PB
293484.0,2020-07-04,sábado,16:20:00,PB,230,"52,9",SANTA RITA,Falta de Atenção à Condução,Colisão com objeto estático,Com Vítimas Feridas,Pleno dia,Crescente,Sol,Dupla,Reta,Não,2,0,0,1,0,1,1,1,"-7,20093997","-35,0825429",SPRF-PB,DEL01-PB,UOP03-DEL01-PB
293512.0,2020-07-04,sábado,18:50:00,PB,230,23,JOAO PESSOA,Falta de Atenção à Condução,Colisão traseira,Com Vítimas Fatais,Plena Noite,Crescente,Céu Claro,Dupla,Aclive,Sim,3,1,1,0,1,0,1,2,"-7,1562","-34,8574",SPRF-PB,DEL01-PB,UOP01-DEL01-PB
293549.0,2020-07-04,sábado,20:40:00,PB,230,24,JOAO PESSOA,Não guardar distância de segurança,Colisão traseira,Com Vítimas Feridas,Plena Noite,Crescente,Céu Claro,Simples,Curva,Sim,2,0,1,0,1,0,1,2,"-7,1637","-34,8618",SPRF-PB,DEL01-PB,UOP01-DEL01-PB
293704.0,2020-07-05,domingo,18:00:00,PB,230,5,CABEDELO,Falta de Atenção à Condução,Tombamento,Com Vítimas Feridas,Plena Noite,Crescente,Chuva,Dupla,Reta;Em Obras,Sim,1,0,0,1,0,0,1,1,"-7,01","-34,8312",SPRF-PB,DEL01-PB,UOP01-DEL01-PB
293845.0,2020-07-06,segunda-feira,00:10:00,PB,101,"100,7",ALHANDRA,Defeito na Via,Saída de leito carroçável,Sem Vítimas,Plena Noite,Crescente,Chuva,Dupla,Reta,Sim,1,0,0,0,0,1,0,1,"-7,26469806","-34,93677965",SPRF-PB,DEL01-PB,UOP02-DEL01-PB
293956.0,2020-07-06,segunda-feira,19:00:00,PB,230,"304,8",SANTA LUZIA,Animais na Pista,Atropelamento de Animal,Com Vítimas Feridas,Plena Noite,Crescente,Céu Claro,Simples,Reta,Não,1,0,1,0,0,0,1,1,"-6,9122","-37,0172",SPRF-PB,DEL03-PB,UOP01-DEL03-PB
294027.0,2020-07-07,terça-feira,08:00:00,PB,230,"52,9",CRUZ DO ESPIRITO SANTO,Defeito Mecânico no Veículo,Tombamento,Com Vítimas Feridas,Pleno dia,Crescente,Sol,Dupla,Reta,Não,1,0,1,0,0,0,1,1,"-7,1951","-35,0691",SPRF-PB,DEL01-PB,UOP03-DEL01-PB
294118.0,2020-07-07,terça-feira,19:40:00,PB,104,"118,2",LAGOA SECA,Ultrapassagem Indevida,Colisão frontal,Com Vítimas Fatais,Plena Noite,Decrescente,Céu Claro,Simples,Reta,Não,2,1,0,0,1,0,0,2,"-7,19637839","-35,87571339",SPRF-PB,DEL02-PB,UOP04-DEL02-PB
294209.0,2020-07-08,quarta-feira,11:40:00,PB,101,"93,8",JOAO PESSOA,Ingestão de Álcool,Colisão com objeto estático,Com Vítimas Feridas,Pleno dia,Decrescente,Céu Claro,Dupla,Reta,Não,1,0,0,1,0,0,1,1,"-7,205825","-34,90879",SPRF-PB,DEL01-PB,UOP02-DEL01-PB
294361.0,2020-07-09,quinta-feira,08:50:00,PB,101,"85,5",BAYEUX,Falta de Atenção à Condução,Colisão traseira,Com Vítimas Feridas,Pleno dia,Crescente,Nublado,Simples,Reta,Sim,3,0,1,0,1,1,1,2,"-7,14538184","-34,91662887",SPRF-PB,DEL01-PB,UOP01-DEL01-PB
294391.0,2020-07-09,quinta-feira,08:30:00,PB,101,86,BAYEUX,Falta de Atenção à Condução,Colisão com objeto estático,Com Vítimas Feridas,Pleno dia,Decrescente,Nublado,Dupla,Curva,Não,1,0,1,0,0,0,1,1,"-7,15118983","-34,91012184",SPRF-PB,DEL01-PB,UOP01-DEL01-PB
294469.0,2020-07-09,quinta-feira,21:05:00,PB,101,87,JOAO PESSOA,Defeito na Via,Tombamento,Com Vítimas Feridas,Plena Noite,Crescente,Céu Claro,Dupla,Reta,Sim,1,0,1,0,0,0,1,1,"-7,15886802","-34,90628504",SPRF-PB,DEL01-PB,UOP01-DEL01-PB
294506.0,2020-07-10,sexta-feira,07:45:00,PB,230,"22,9",JOAO PESSOA,Desobediência às normas de trânsito pelo condutor,Colisão traseira,Com Vítimas Feridas,Pleno dia,Decrescente,Céu Claro,Dupla,Reta,Sim,3,0,3,0,0,0,3,2,"-7,13174","-34,86757457",SPRF-PB,DEL01-PB,UOP01-DEL01-PB
294629.0,2020-07-10,sexta-feira,18:25:00,PB,101,88,JOAO PESSOA,Pista Escorregadia,Tombamento,Com Vítimas Feridas,Plena Noite,Crescente,Céu Claro,Simples,Curva,Sim,2,0,2,0,0,0,2,1,"-7,16471959","-34,89793718",SPRF-PB,DEL01-PB,UOP01-DEL01-PB
294712.0,2020-07-11,sábado,02:00:00,PB,230,"80,5",RIACHAO DO POCO,Deficiência ou não Acionamento do Sistema de Iluminação/Sinalização do Veículo,Colisão com objeto estático,Com Vítimas Feridas,Plena Noite,Crescente,Céu Claro,Dupla,Curva,Não,1,0,0,1,0,0,1,1,"-7,17814814","-35,32294393",SPRF-PB,DEL01-PB,UOP03-DEL01-PB
294798.0,2020-07-11,sábado,13:30:00,PB,104,"165,6",BARRA DE SANTANA,Desobediência às normas de trânsito pelo condutor,Colisão transversal,Com Vítimas Feridas,Pleno dia,Decrescente,Sol,Simples,Reta,Não,3,0,2,0,1,0,2,2,"-7,55360703","-36,0089637",SPRF-PB,DEL02-PB,UOP03-DEL02-PB
294814.0,2020-07-11,sábado,16:40:00,PB,101,86,BAYEUX,Falta de Atenção à Condução,Tombamento,Com Vítimas Feridas,Pleno dia,Decrescente,Nublado,Dupla,Reta,Sim,2,0,2,0,0,0,2,1,"-7,15118983","-34,91012184",SPRF-PB,DEL01-PB,UOP01-DEL01-PB
294822.0,2020-07-11,sábado,17:25:00,PB,230,172,CAMPINA GRANDE,Ultrapassagem Indevida,Colisão frontal,Com Vítimas Feridas,Anoitecer,Decrescente,Céu Claro,Simples,Reta,Sim,2,0,0,1,1,0,1,2,"-7,1798","-36,0027",SPRF-PB,DEL02-PB,UOP02-DEL02-PB
294881.0,2020-07-11,sábado,21:25:00,PB,101,92,JOAO PESSOA,Velocidade Incompatível,Engavetamento,Sem Vítimas,Plena Noite,Decrescente,Chuva,Dupla,Reta,Não,3,0,0,0,3,0,0,3,"-7,19683829","-34,90588313",SPRF-PB,DEL01-PB,UOP02-DEL01-PB
294943.0,2020-07-12,domingo,02:30:00,PB,101,86,BAYEUX,Falta de Atenção à Condução,Colisão com objeto estático,Sem Vítimas,Plena Noite,Crescente,Garoa/Chuvisco,Simples,Curva,Sim,2,0,0,0,2,0,0,1,"-7,15118983","-34,91012184",SPRF-PB,DEL01-PB,UOP01-DEL01-PB
294959.0,2020-07-12,domingo,06:20:00,PB,101,84,BAYEUX,Ingestão de Álcool,Saída de leito carroçável,Sem Vítimas,Pleno dia,Decrescente,Céu Claro,Dupla,Reta,Sim,1,0,0,0,0,1,0,1,"-7,13957906","-34,92312806",SPRF-PB,DEL01-PB,UOP01-DEL01-PB
295040.0,2020-07-12,domingo,15:30:00,PB,230,214,SOLEDADE,Ingestão de Álcool,Saída de leito carroçável,Com Vítimas Fatais,Pleno dia,Decrescente,Céu Claro,Simples,Reta,Sim,1,1,0,0,0,0,0,1,"-7,0622","-36,3543",SPRF-PB,DEL02-PB,UOP02-DEL02-PB
295044.0,2020-07-12,domingo,09:00:00,PB,361,77,PIANCO,Ingestão de Álcool,Saída de leito carroçável,Com Vítimas Fatais,Pleno dia,Decrescente,Céu Claro,Simples,Declive,Não,2,1,1,0,0,0,1,1,"-7,18720074","-37,86857887",SPRF-PB,DEL03-PB,UOP01-DEL03-PB
295051.0,2020-07-12,domingo,16:30:00,PB,230,"68,9",SOBRADO,Mal Súbito,Saída de leito carroçável,Com Vítimas Feridas,Pleno dia,Decrescente,Céu Claro,Dupla,Curva,Não,1,0,1,0,0,0,1,1,"-7,1873","-35,2065",SPRF-PB,DEL01-PB,UOP03-DEL01-PB
295063.0,2020-07-12,domingo,18:14:00,PB,230,13,CABEDELO,Velocidade Incompatível,Colisão traseira,Com Vítimas Feridas,Anoitecer,Crescente,Céu Claro,Dupla,Reta,Sim,2,0,1,0,0,1,1,2,"-7,0772","-34,8494",SPRF-PB,DEL01-PB,UOP01-DEL01-PB
295124.0,2020-07-12,domingo,22:00:00,PB,101,89,JOAO PESSOA,Desobediência às normas de trânsito pelo pedestre,Atropelamento de Pedestre,Com Vítimas Feridas,Plena Noite,Decrescente,Céu Claro,Dupla,Reta,Sim,2,0,2,0,0,0,2,2,"-7,1710694","-34,89765372",SPRF-PB,DEL01-PB,UOP02-DEL01-PB
295178.0,2020-07-13,segunda-feira,08:45:00,PB,101,"35,7",BAYEUX,Pista Escorregadia,Tombamento,Com Vítimas Feridas,Pleno dia,Crescente,Céu Claro,Dupla,Curva,Sim,2,0,1,0,1,0,1,1,"-7,1237","-34,9447",SPRF-PB,DEL01-PB,UOP04-DEL01-PB
295293.0,2020-07-13,segunda-feira,15:50:00,PB,110,52,SAO JOSE DE ESPINHARAS,Animais na Pista,Saída de leito carroçável,Com Vítimas Feridas,Pleno dia,Decrescente,Céu Claro,Simples,Reta,Não,1,0,1,0,0,0,1,1,"-6,73389682","-37,41855665",SPRF-PB,DEL03-PB,UOP01-DEL03-PB
295369.0,2020-07-14,terça-feira,04:57:00,PB,361,61,OLHO DAGUA,Defeito na Via,Colisão traseira,Com Vítimas Feridas,Amanhecer,Decrescente,Céu Claro,Simples,Aclive;Reta,Não,6,0,0,1,4,1,1,3,"-7,19590922","-37,73639289",SPRF-PB,DEL03-PB,UOP01-DEL03-PB
295424.0,2020-07-14,terça-feira,17:25:00,PB,230,"159,4",CAMPINA GRANDE,Falta de Atenção à Condução,Colisão transversal,Com Vítimas Feridas,Anoitecer,Decrescente,Céu Claro,Simples,Interseção de Vias,Sim,2,0,0,1,1,0,1,2,"-7,252","-35,9334",SPRF-PB,DEL02-PB,UOP01-DEL02-PB
295430.0,2020-07-14,terça-feira,18:30:00,PB,230,"59,6",CRUZ DO ESPIRITO SANTO,Desobediência às normas de trânsito pelo condutor,Colisão traseira,Com Vítimas Feridas,Plena Noite,Crescente,Céu Claro,Dupla,Reta,Não,4,0,0,1,2,1,1,3,"-7,2043","-35,1305",SPRF-PB,DEL01-PB,UOP03-DEL01-PB
295497.0,2020-07-15,quarta-feira,07:40:00,PB,230,22,JOAO PESSOA,Falta de Atenção à Condução,Colisão lateral,Com Vítimas Feridas,Pleno dia,Decrescente,Céu Claro,Dupla,Reta,Sim,3,0,2,0,0,1,2,2,"-7,1495","-34,8517",SPRF-PB,DEL01-PB,UOP01-DEL01-PB
295510.0,2020-07-15,quarta-feira,08:30:00,PB,230,"23,8",JOAO PESSOA,Não guardar distância de segurança,Colisão traseira,Sem Vítimas,Pleno dia,Decrescente,Sol,Dupla,Declive;Viaduto;Reta,Sim,5,0,0,0,5,0,0,2,"-7,1562","-34,8574",SPRF-PB,DEL01-PB,UOP01-DEL01-PB
295617.0,2020-07-15,quarta-feira,20:30:00,PB,230,"334,5",PATOS,Falta de Atenção do Pedestre,Atropelamento de Pedestre,Com Vítimas Feridas,Plena Noite,Crescente,Céu Claro,Simples,Reta,Não,3,0,0,2,1,0,2,2,"-7,018","-37,2589",SPRF-PB,DEL03-PB,UOP01-DEL03-PB
295625.0,2020-07-15,quarta-feira,19:40:00,PB,230,"154,3",CAMPINA GRANDE,Falta de Atenção à Condução,Queda de ocupante de veículo,Com Vítimas Feridas,Plena Noite,Crescente,Céu Claro,Simples,Reta,Sim,1,0,1,0,0,0,1,1,"-7,2777","-35,8985",SPRF-PB,DEL02-PB,UOP01-DEL02-PB
295683.0,2020-07-16,quinta-feira,07:00:00,PB,230,464,SOUSA,Desobediência às normas de trânsito pelo condutor,Colisão frontal,Com Vítimas Feridas,Pleno dia,Crescente,Céu Claro,Simples,Reta,Sim,3,0,2,0,0,1,2,2,"-6,779273","-38,245206",SPRF-PB,DEL03-PB,UOP03-DEL03-PB
295707.0,2020-07-16,quinta-feira,15:00:00,PB,101,52,SANTA RITA,Avarias e/ou desgaste excessivo no pneu,Colisão com objeto estático,Com Vítimas Feridas,Pleno dia,Crescente,Céu Claro,Dupla,Aclive,Não,1,0,1,0,0,0,1,1,"-6,93821564","-35,09935736",SPRF-PB,DEL01-PB,UOP04-DEL01-PB
295725.0,2020-07-16,quinta-feira,17:20:00,PB,101,"115,8",CAAPORA,Defeito na Via,Colisão com objeto estático,Com Vítimas Feridas,Anoitecer,Decrescente,Chuva,Dupla,Reta,Não,1,0,1,0,0,0,1,1,"-7,396321","-34,95577703",SPRF-PB,DEL01-PB,UOP02-DEL01-PB
295834.0,2020-07-17,sexta-feira,08:50:00,PB,104,141,QUEIMADAS,Desobediência às normas de trânsito pelo condutor,Colisão traseira,Com Vítimas Feridas,Pleno dia,Crescente,Céu Claro,Simples,Reta,Não,2,0,1,0,1,0,1,2,"-7,38695208","-35,89595074",SPRF-PB,DEL02-PB,UOP03-DEL02-PB
295896.0,2020-07-17,sexta-feira,16:15:00,PB,101,"84,5",BAYEUX,Não guardar distância de segurança,Engavetamento,Sem Vítimas,Pleno dia,Decrescente,Nublado,Dupla,Reta,Sim,5,0,0,0,5,0,0,5,"-7,13957906","-34,92312806",SPRF-PB,DEL01-PB,UOP01-DEL01-PB
295939.0,2020-07-17,sexta-feira,18:20:00,PB,101,25,RIO TINTO,Desobediência às normas de trânsito pelo condutor,Colisão traseira,Sem Vítimas,Plena Noite,Crescente,Céu Claro,Dupla,Reta,Não,4,0,0,0,3,1,0,2,"-6,70802006","-35,11772953",SPRF-PB,DEL01-PB,UOP04-DEL01-PB
295946.0,2020-07-17,sexta-feira,18:15:00,PB,230,"36,7",SANTA RITA,Falta de Atenção do Pedestre,Atropelamento de Pedestre,Com Vítimas Feridas,Plena Noite,Decrescente,Chuva,Dupla,Reta,Sim,2,0,0,1,0,1,1,2,"-7,1246","-34,9473",SPRF-PB,DEL01-PB,UOP03-DEL01-PB
296002.0,2020-07-17,sexta-feira,20:34:00,PB,230,297,SANTA LUZIA,Não guardar distância de segurança,Colisão traseira,Com Vítimas Feridas,Plena Noite,Crescente,Nublado,Simples,Reta,Não,2,0,1,0,1,0,1,2,"-6,8947","-36,9559",SPRF-PB,DEL03-PB,UOP01-DEL03-PB
296149.0,2020-07-18,sábado,17:30:00,PB,230,"156,3",CAMPINA GRANDE,Animais na Pista,Atropelamento de Animal,Com Vítimas Feridas,Plena Noite,Crescente,Céu Claro,Simples,Reta,Sim,1,0,1,0,0,0,1,1,"-7,2693","-35,9138",SPRF-PB,DEL02-PB,UOP01-DEL02-PB
296163.0,2020-07-18,sábado,19:30:00,PB,101,95,CONDE,Falta de Atenção à Condução,Saída de leito carroçável,Sem Vítimas,Plena Noite,Decrescente,Nublado,Dupla,Aclive,Não,1,0,0,0,0,1,0,1,"-7,22379403","-34,91488195",SPRF-PB,DEL01-PB,UOP02-DEL01-PB
296204.0,2020-07-18,sábado,19:00:00,PB,104,"132,4",QUEIMADAS,Falta de Atenção à Condução,Colisão transversal,Com Vítimas Feridas,Plena Noite,Crescente,Nublado,Simples,Reta,Sim,2,0,1,0,1,0,1,2,"-7,30787596","-35,89344027",SPRF-PB,DEL02-PB,UOP03-DEL02-PB
296290.0,2020-07-19,domingo,10:00:00,PB,230,"329,9",PATOS,Falta de Atenção à Condução,Colisão transversal,Com Vítimas Feridas,Pleno dia,Decrescente,Céu Claro,Simples,Declive,Não,3,0,1,0,2,0,1,2,"-7,0116","-37,2159",SPRF-PB,DEL03-PB,UOP01-DEL03-PB
296390.0,2020-07-19,domingo,20:30:00,PB,230,25,JOAO PESSOA,Falta de Atenção à Condução,Colisão com objeto estático,Sem Vítimas,Plena Noite,Decrescente,Chuva,Dupla,Reta,Sim,1,0,0,0,1,0,0,1,"-7,1707","-34,8684",SPRF-PB,DEL01-PB,UOP01-DEL01-PB
296568.0,2020-07-20,segunda-feira,16:40:00,PB,101,82,BAYEUX,Falta de Atenção à Condução,Colisão traseira,Sem Vítimas,Anoitecer,Decrescente,Céu Claro,Dupla,Declive,Sim,4,0,0,0,4,0,0,3,"-7,12911","-34,93714",SPRF-PB,DEL01-PB,UOP01-DEL01-PB
296574.0,2020-07-20,segunda-feira,17:30:00,PB,230,"158,1",CAMPINA GRANDE,Desobediência às normas de trânsito pelo condutor,Colisão frontal,Com Vítimas Feridas,Anoitecer,Decrescente,Nublado,Simples,Reta,Sim,2,0,2,0,0,0,2,2,"-7,257563","-35,927459",SPRF-PB,DEL02-PB,UOP01-DEL02-PB
296687.0,2020-07-21,terça-feira,11:25:00,PB,230,18,JOAO PESSOA,Falta de Atenção à Condução,Queda de ocupante de veículo,Com Vítimas Feridas,Pleno dia,Decrescente,Céu Claro,Dupla,Curva,Não,1,0,1,0,0,0,1,1,"-7,1198","-34,8453",SPRF-PB,DEL01-PB,UOP01-DEL01-PB
296711.0,2020-07-21,terça-feira,14:30:00,PB,230,"42,2",SANTA RITA,Falta de Atenção à Condução,Colisão transversal,Com Vítimas Fatais,Pleno dia,Decrescente,Sol,Dupla,Reta,Não,2,1,0,0,1,0,0,2,"-7,14674505","-35,00103593",SPRF-PB,DEL01-PB,UOP03-DEL01-PB
296740.0,2020-07-21,terça-feira,17:30:00,PB,230,"155,6",CAMPINA GRANDE,Desobediência às normas de trânsito pelo condutor,Colisão transversal,Com Vítimas Feridas,Anoitecer,Crescente,Céu Claro,Simples,Reta,Não,2,0,0,1,1,0,1,2,"-7,2748","-35,9058",SPRF-PB,DEL02-PB,UOP01-DEL02-PB
296913.0,2020-07-22,quarta-feira,14:15:00,PB,361,"14,1",SANTA TERESINHA,Defeito Mecânico no Veículo,Colisão com objeto estático,Com Vítimas Feridas,Pleno dia,Crescente,Céu Claro,Simples,Reta,Não,1,0,1,0,0,0,1,1,"-7,0471","-37,382",SPRF-PB,DEL03-PB,UOP01-DEL03-PB
297046.0,2020-07-23,quinta-feira,16:00:00,PB,101,"98,6",ALHANDRA,Desobediência às normas de trânsito pelo condutor,Colisão transversal,Com Vítimas Feridas,Pleno dia,Crescente,Céu Claro,Dupla,Retorno Regulamentado,Sim,3,0,1,1,1,0,2,2,"-7,24692282","-34,93113937",SPRF-PB,DEL01-PB,UOP02-DEL01-PB
297048.0,2020-07-23,quinta-feira,15:30:00,PB,101,"69,7",SANTA RITA,Ingestão de Álcool,Tombamento,Com Vítimas Feridas,Pleno dia,Crescente,Céu Claro,Dupla,Reta,Não,1,0,1,0,0,0,1,1,"-7,06071589","-35,01964495",SPRF-PB,DEL01-PB,UOP04-DEL01-PB
297119.0,2020-07-24,sexta-feira,00:40:00,PB,104,"119,1",CAMPINA GRANDE,Falta de Atenção à Condução,Saída de leito carroçável,Com Vítimas Feridas,Plena Noite,Crescente,Céu Claro,Simples,Aclive;Reta,Não,2,0,1,1,0,0,2,1,"-7,20325615","-35,8752172",SPRF-PB,DEL02-PB,UOP04-DEL02-PB