id,data_inversa,dia_semana,horario,uf,br,km,municipio,causa_acidente,tipo_acidente,classificacao_acidente,fase_dia,sentido_via,condicao_metereologica,tipo_pista,tracado_via,uso_solo,pessoas,mortos,feridos_leves,feridos_graves,ilesos,ignorados,feridos,veiculos,latitude,longitude,regional,delegacia,uop
297131.0,2020-07-24,sexta-feira,04:20:00,PB,104,"116,5",LAGOA SECA,Falta de Atenção à Condução,Tombamento,Com Vítimas Fatais,Plena Noite,Crescente,Nevoeiro/Neblina,Simples,Declive;Curva,Não,3,1,0,1,0,1,1,2,"-7,1782817","-35,86377198",SPRF-PB,DEL02-PB,UOP04-DEL02-PB
297180.0,2020-07-24,sexta-feira,11:30:00,PB,230,"125,1",RIACHAO DO BACAMARTE,Falta de Atenção à Condução,Saída de leito carroçável,Com Vítimas Feridas,Pleno dia,Crescente,Céu Claro,Simples,Aclive,Não,3,0,1,0,2,0,1,1,"-7,2498","-35,6827",SPRF-PB,DEL02-PB,UOP01-DEL02-PB
297205.0,2020-07-24,sexta-feira,14:50:00,PB,104,"140,1",QUEIMADAS,Ingestão de Álcool,Colisão transversal,Com Vítimas Feridas,Pleno dia,Decrescente,Céu Claro,Simples,Reta,Sim,3,0,1,0,1,1,1,3,"-7,37817097","-35,89737088",SPRF-PB,DEL02-PB,UOP03-DEL02-PB
297211.0,2020-07-24,sexta-feira,12:30:00,PB,230,"301,8",SANTA LUZIA,Mal Súbito,Colisão com objeto estático,Sem Vítimas,Pleno dia,Decrescente,Céu Claro,Simples,Reta,Não,1,0,0,0,1,0,0,1,"-6,9046","-36,9906",SPRF-PB,DEL03-PB,UOP01-DEL03-PB
297276.0,2020-07-24,sexta-feira,20:35:00,PB,230,152,CAMPINA GRANDE,Desobediência às normas de trânsito pelo condutor,Colisão transversal,Com Vítimas Feridas,Plena Noite,Crescente,Nublado,Simples,Reta,Não,2,0,1,0,1,0,1,2,"-7,2688","-35,8837",SPRF-PB,DEL02-PB,UOP01-DEL02-PB
297430.0,2020-07-25,sábado,18:00:00,PB,101,88,JOAO PESSOA,Pista Escorregadia,Tombamento,Com Vítimas Feridas,Plena Noite,Decrescente,Céu Claro,Simples,Curva,Sim,1,0,1,0,0,0,1,1,"-7,16470016","-34,89993643",SPRF-PB,DEL01-PB,UOP01-DEL01-PB
297449.0,2020-07-25,sábado,19:00:00,PB,230,"1,8",CABEDELO,Pista Escorregadia,Tombamento,Com Vítimas Feridas,Plena Noite,Decrescente,Chuva,Dupla,Reta,Sim,1,0,1,0,0,0,1,1,"-6,9753","-34,8318",SPRF-PB,DEL01-PB,UOP01-DEL01-PB
297454.0,2020-07-25,sábado,18:10:00,PB,230,459,SOUSA,Ingestão de Álcool,Colisão transversal,Com Vítimas Feridas,Plena Noite,Crescente,Céu Claro,Simples,Interseção de Vias,Não,5,0,0,1,4,0,1,2,"-6,774799","-38,201788",SPRF-PB,DEL03-PB,UOP03-DEL03-PB
297497.0,2020-07-25,sábado,22:00:00,PB,101,"77,1",SANTA RITA,Ingestão de Álcool,Tombamento,Com Vítimas Feridas,Plena Noite,Crescente,Chuva,Dupla,Reta,Não,1,0,1,0,0,0,1,1,"-7,09947194","-34,96574283",SPRF-PB,DEL01-PB,UOP04-DEL01-PB
297588.0,2020-07-26,domingo,08:50:00,PB,230,14,CABEDELO,Falta de Atenção à Condução,Saída de leito carroçável,Com Vítimas Feridas,Pleno dia,Crescente,Chuva,Dupla,Reta,Sim,2,0,1,0,0,1,1,2,"-7,0844","-34,8488",SPRF-PB,DEL01-PB,UOP01-DEL01-PB
297600.0,2020-07-18,sábado,13:10:00,PB,230,502,CAJAZEIRAS,Pista Escorregadia,Tombamento,Com Vítimas Feridas,Pleno dia,Decrescente,Nublado,Simples,Rotatória,Sim,1,0,1,0,0,0,1,1,"-6,89415462","-38,54252815",SPRF-PB,DEL03-PB,UOP03-DEL03-PB
297635.0,2020-07-26,domingo,13:50:00,PB,230,"114,5",INGA,Velocidade Incompatível,Saída de leito carroçável,Com Vítimas Feridas,Pleno dia,Crescente,Chuva,Dupla,Reta,Não,2,0,2,0,0,0,2,1,"-7,2215","-35,5969",SPRF-PB,DEL01-PB,UOP03-DEL01-PB
297641.0,2020-04-03,sexta-feira,11:45:00,PB,104,"96,1",ESPERANCA,Desobediência às normas de trânsito pelo condutor,Colisão frontal,Com Vítimas Feridas,Pleno dia,Crescente,Sol,Simples,Interseção de Vias,Sim,2,0,1,0,1,0,1,2,"-7,01186036","-35,85589407",SPRF-PB,DEL02-PB,UOP04-DEL02-PB
297731.0,2020-07-26,domingo,19:00:00,PB,104,"109,1",SAO SEBASTIAO DE LAGOA DE  ROCA,Desobediência às normas de trânsito pelo condutor,Colisão transversal,Com Vítimas Feridas,Plena Noite,Decrescente,Céu Claro,Simples,Interseção de Vias,Não,5,0,3,0,0,2,3,3,"-7,11997886","-35,86414665",SPRF-PB,DEL02-PB,UOP04-DEL02-PB
297795.0,2020-01-26,domingo,18:35:00,PB,101,88,JOAO PESSOA,Falta de Atenção à Condução,Colisão lateral,Com Vítimas Feridas,Plena Noite,Crescente,Céu Claro,Dupla,Reta,Sim,6,0,3,0,3,0,3,2,"-7,17112788","-34,89771724",SPRF-PB,DEL01-PB,UOP01-DEL01-PB
297801.0,2020-07-27,segunda-feira,08:45:00,PB,101,84,BAYEUX,Desobediência às normas de trânsito pelo condutor,Colisão traseira,Sem Vítimas,Pleno dia,Crescente,Céu Claro,Dupla,Reta,Sim,2,0,0,0,2,0,0,2,"-7,13957906","-34,92312806",SPRF-PB,DEL01-PB,UOP01-DEL01-PB
297878.0,2020-07-27,segunda-feira,15:45:00,PB,230,"159,5",CAMPINA GRANDE,Não guardar distância de segurança,Colisão traseira,Com Vítimas Feridas,Pleno dia,Crescente,Céu Claro,Simples,Interseção de Vias,Sim,2,0,1,0,1,0,1,2,"-7,25177388","-35,93346834",SPRF-PB,DEL02-PB,UOP01-DEL02-PB
297939.0,2020-07-27,segunda-feira,19:10:00,PB,230,378,CONDADO,Desobediência às normas de trânsito pelo condutor,Colisão frontal,Com Vítimas Fatais,Plena Noite,Crescente,Céu Claro,Simples,Reta,Não,4,1,2,0,0,1,2,3,"-6,912472","-37,612018",SPRF-PB,DEL03-PB,UOP02-DEL03-PB
298017.0,2020-07-28,terça-feira,12:16:00,PB,101,91,JOAO PESSOA,Falta de Atenção do Pedestre,Atropelamento de Pedestre,Com Vítimas Feridas,Pleno dia,Decrescente,Céu Claro,Dupla,Reta,Sim,2,0,0,1,0,1,1,2,"-7,18826412","-34,90308264",SPRF-PB,DEL01-PB,UOP02-DEL01-PB
298222.0,2020-07-29,quarta-feira,17:15:00,PB,230,"20,7",JOAO PESSOA,Não guardar distância de segurança,Queda de ocupante de veículo,Com Vítimas Feridas,Anoitecer,Crescente,Chuva,Dupla,Reta,Sim,1,0,1,0,0,0,1,1,"-7,1337","-34,8544",SPRF-PB,DEL01-PB,UOP01-DEL01-PB
298238.0,2020-07-29,quarta-feira,18:00:00,PB,104,152,QUEIMADAS,Pista Escorregadia,Tombamento,Com Vítimas Feridas,Plena Noite,Crescente,Chuva,Simples,Reta,Sim,2,0,1,0,1,0,1,1,"-7,47287281","-35,93140315",SPRF-PB,DEL02-PB,UOP03-DEL02-PB
298261.0,2020-07-29,quarta-feira,18:40:00,PB,230,163,CAMPINA GRANDE,Desobediência às normas de trânsito pelo condutor,Colisão transversal,Com Vítimas Feridas,Plena Noite,Crescente,Chuva,Simples,Curva,Não,2,0,0,1,0,1,1,2,"-7,210938","-35,93427",SPRF-PB,DEL02-PB,UOP01-DEL02-PB
298335.0,2020-07-30,quinta-feira,12:05:00,PB,101,"81,4",SANTA RITA,Não guardar distância de segurança,Colisão traseira,Com Vítimas Feridas,Pleno dia,Decrescente,Sol,Dupla,Retorno Regulamentado;Interseção de Vias,Sim,3,0,2,0,0,1,2,2,"-7,12508575","-34,94513217",SPRF-PB,DEL01-PB,UOP01-DEL01-PB
298375.0,2020-07-30,quinta-feira,14:32:00,PB,101,91,JOAO PESSOA,Não guardar distância de segurança,Engavetamento,Com Vítimas Feridas,Pleno dia,Decrescente,Sol,Dupla,Reta,Sim,4,0,1,0,3,0,1,3,"-7,188277","-34,90296548",SPRF-PB,DEL01-PB,UOP02-DEL01-PB
298409.0,2020-07-30,quinta-feira,18:30:00,PB,230,15,CABEDELO,Ingestão de Álcool,Colisão com objeto estático,Sem Vítimas,Plena Noite,Decrescente,Nublado,Dupla,Reta,Sim,1,0,0,0,1,0,0,1,"-7,093","-34,8482",SPRF-PB,DEL01-PB,UOP01-DEL01-PB
298468.0,2020-07-31,sexta-feira,06:30:00,PB,230,22,JOAO PESSOA,Falta de Atenção à Condução,Tombamento,Com Vítimas Feridas,Pleno dia,Decrescente,Nublado,Dupla,Reta,Sim,2,0,2,0,0,0,2,1,"-7,1495","-34,8517",SPRF-PB,DEL01-PB,UOP01-DEL01-PB
298534.0,2020-07-31,sexta-feira,12:30:00,PB,230,"85,7",GURINHEM,Velocidade Incompatível,Capotamento,Com Vítimas Feridas,Pleno dia,Decrescente,Céu Claro,Dupla,Reta,Não,2,0,2,0,0,0,2,1,"-7,1652","-35,3534",SPRF-PB,DEL01-PB,UOP03-DEL01-PB
298697.0,2020-08-01,sábado,05:00:00,PB,230,"319,3",SAO MAMEDE,Falta de Atenção do Pedestre,Atropelamento de Pedestre,Com Vítimas Feridas,Pleno dia,Decrescente,Sol,Simples,Reta,Não,2,0,0,1,0,1,1,2,"-6,9632","-37,1402",SPRF-PB,DEL03-PB,UOP01-DEL03-PB
298752.0,2020-08-01,sábado,10:15:00,PB,110,189,MONTEIRO,Não guardar distância de segurança,Colisão traseira,Com Vítimas Feridas,Pleno dia,Crescente,Céu Claro,Simples,Reta,Não,5,0,3,2,0,0,5,3,"-7,93258681","-37,18436713",SPRF-PB,DEL02-PB,UOP02-DEL02-PB
298818.0,2020-08-01,sábado,19:40:00,PB,101,"84,5",BAYEUX,Não guardar distância de segurança,Colisão traseira,Com Vítimas Feridas,Plena Noite,Decrescente,Céu Claro,Dupla,Reta,Sim,3,0,1,0,2,0,1,3,"-7,13957906","-34,92312806",SPRF-PB,DEL01-PB,UOP01-DEL01-PB
298910.0,2020-08-02,domingo,04:00:00,PB,230,"507,6",CAJAZEIRAS,Velocidade Incompatível,Saída de leito carroçável,Com Vítimas Fatais,Plena Noite,Crescente,Céu Claro,Simples,Reta,Não,2,1,0,1,0,0,1,1,"-6,891403","-38,58324",SPRF-PB,DEL03-PB,UOP03-DEL03-PB
298990.0,2020-08-02,domingo,16:15:00,PB,230,"9,8",CABEDELO,Ingestão de Álcool,Tombamento,Com Vítimas Feridas,Pleno dia,Decrescente,Nublado,Dupla,Desvio Temporário,Sim,1,0,1,0,0,0,1,1,"-7,0355","-34,8429",SPRF-PB,DEL01-PB,UOP01-DEL01-PB
299014.0,2020-06-25,quinta-feira,18:10:00,PB,104,142,QUEIMADAS,Falta de Atenção à Condução,Colisão lateral,Com Vítimas Feridas,Plena Noite,Decrescente,Céu Claro,Simples,Aclive,Não,3,0,1,2,0,0,3,2,"-7,39577502","-35,89744631",SPRF-PB,DEL02-PB,UOP03-DEL02-PB
299051.0,2020-08-02,domingo,18:30:00,PB,230,"47,5",SANTA RITA,Ingestão de Álcool,Colisão traseira,Sem Vítimas,Plena Noite,Decrescente,Céu Claro,Dupla,Reta,Não,2,0,0,0,1,1,0,2,"-7,1685","-35,032",SPRF-PB,DEL01-PB,UOP03-DEL01-PB
299096.0,2020-08-02,domingo,21:10:00,PB,104,135,QUEIMADAS,Ingestão de Álcool,Queda de ocupante de veículo,Com Vítimas Feridas,Plena Noite,Decrescente,Nublado,Simples,Reta,Não,1,0,1,0,0,0,1,1,"-7,33449509","-35,89813347",SPRF-PB,DEL02-PB,UOP03-DEL02-PB
299225.0,2020-08-03,segunda-feira,13:15:00,PB,230,24,JOAO PESSOA,Desobediência às normas de trânsito pelo condutor,Colisão traseira,Com Vítimas Feridas,Pleno dia,Decrescente,Céu Claro,Dupla,Reta,Sim,3,0,2,0,0,1,2,2,"-7,1637","-34,8618",SPRF-PB,DEL01-PB,UOP01-DEL01-PB
299516.0,2020-08-05,quarta-feira,04:20:00,PB,101,"84,7",BAYEUX,Falta de Atenção do Pedestre,Atropelamento de Pedestre,Sem Vítimas,Pleno dia,Decrescente,Garoa/Chuvisco,Dupla,Reta,Sim,4,0,0,0,3,1,0,2,"-7,13957906","-34,92312806",SPRF-PB,DEL01-PB,UOP01-DEL01-PB
299541.0,2020-08-05,quarta-feira,07:30:00,PB,104,"129,7",CAMPINA GRANDE,Falta de Atenção à Condução,Tombamento,Com Vítimas Feridas,Pleno dia,Decrescente,Céu Claro,Simples,Reta,Não,1,0,0,1,0,0,1,1,"-7,29013399","-35,89029705",SPRF-PB,DEL02-PB,UOP03-DEL02-PB
299553.0,2020-08-05,quarta-feira,10:10:00,PB,230,"27,2",JOAO PESSOA,Não guardar distância de segurança,Colisão traseira,Com Vítimas Feridas,Pleno dia,Decrescente,Céu Claro,Dupla,Reta,Sim,2,0,0,1,1,0,1,2,"-7,1677","-34,8855",SPRF-PB,DEL01-PB,UOP01-DEL01-PB
299571.0,2020-08-05,quarta-feira,11:00:00,PB,230,"175,9",POCINHOS,Ingestão de Álcool,Colisão lateral,Sem Vítimas,Pleno dia,Crescente,Céu Claro,Simples,Reta,Não,2,0,0,0,2,0,0,2,"-7,1775","-36,0247",SPRF-PB,DEL02-PB,UOP02-DEL02-PB
299693.0,2020-08-05,quarta-feira,23:55:00,PB,230,1,CABEDELO,Falta de Atenção à Condução,Colisão frontal,Com Vítimas Feridas,Plena Noite,Decrescente,Garoa/Chuvisco,Simples,Reta,Sim,2,0,2,0,0,0,2,2,"-6,98295166","-34,82954806",SPRF-PB,DEL01-PB,UOP01-DEL01-PB
299706.0,2020-08-06,quinta-feira,06:45:00,PB,230,28,JOAO PESSOA,Não guardar distância de segurança,Colisão traseira,Com Vítimas Feridas,Pleno dia,Crescente,Céu Claro,Dupla,Reta,Não,2,0,0,1,1,0,1,2,"-7,1651","-34,8941",SPRF-PB,DEL01-PB,UOP01-DEL01-PB
300056.0,2020-08-07,sexta-feira,20:30:00,PB,230,19,JOAO PESSOA,Desobediência às normas de trânsito pelo condutor,Colisão traseira,Com Vítimas Feridas,Plena Noite,Decrescente,Céu Claro,Dupla,Curva,Sim,2,0,1,0,0,1,1,2,"-7,1281","-34,8466",SPRF-PB,DEL01-PB,UOP01-DEL01-PB
300084.0,2020-08-07,sexta-feira,23:20:00,PB,101,"84,1",BAYEUX,Desobediência às normas de trânsito pelo pedestre,Atropelamento de Pedestre,Com Vítimas Feridas,Plena Noite,Crescente,Nublado,Dupla,Reta,Sim,2,0,0,1,0,1,1,2,"-7,1337703","-34,92963914",SPRF-PB,DEL01-PB,UOP01-DEL01-PB
300096.0,2020-08-08,sábado,00:10:00,PB,101,"84,1",BAYEUX,Ingestão de Álcool,Colisão com objeto estático,Sem Vítimas,Plena Noite,Crescente,Nublado,Dupla,Reta,Sim,8,0,0,0,5,3,0,3,"-7,1408213","-34,9216873",SPRF-PB,DEL01-PB,UOP01-DEL01-PB
300114.0,2020-08-07,sexta-feira,09:25:00,PB,230,14,JOAO PESSOA,Falta de Atenção à Condução,Colisão traseira,Com Vítimas Feridas,Pleno dia,Decrescente,Céu Claro,Dupla,Viaduto,Sim,2,0,1,0,1,0,1,2,"-7,0844","-34,8488",SPRF-PB,DEL01-PB,UOP01-DEL01-PB
300118.0,2020-08-08,sábado,04:50:00,PB,230,41,SANTA RITA,Falta de Atenção à Condução,Atropelamento de Pedestre,Com Vítimas Feridas,Amanhecer,Decrescente,Céu Claro,Dupla,Reta,Sim,2,0,1,0,0,1,1,2,"-7,1432","-34,9869",SPRF-PB,DEL01-PB,UOP03-DEL01-PB
300322.0,2020-08-08,sábado,22:30:00,PB,230,11,CABEDELO,Defeito Mecânico no Veículo,Queda de ocupante de veículo,Com Vítimas Feridas,Plena Noite,Decrescente,Garoa/Chuvisco,Dupla,Reta,Sim,2,0,2,0,0,0,2,1,"-7,0596","-34,8506",SPRF-PB,DEL01-PB,UOP01-DEL01-PB
300490.0,2020-08-09,domingo,19:15:00,PB,101,"94,6",CONDE,Velocidade Incompatível,Colisão com objeto estático,Sem Vítimas,Plena Noite,Decrescente,Chuva,Dupla,Curva,Não,1,0,0,0,1,0,0,1,"-7,21483297","-34,9117521",SPRF-PB,DEL01-PB,UOP02-DEL01-PB
300511.0,2020-08-09,domingo,19:50:00,PB,230,"24,5",JOAO PESSOA,Falta de Atenção do Pedestre,Atropelamento de Pedestre,Com Vítimas Fatais,Plena Noite,Crescente,Chuva,Múltipla,Reta,Sim,2,1,0,0,0,1,0,2,"-7,17039786","-34,87036591",SPRF-PB,DEL01-PB,UOP01-DEL01-PB
300685.0,2020-08-10,segunda-feira,16:10:00,PB,101,92,JOAO PESSOA,Ingestão de Álcool,Colisão com objeto estático,Com Vítimas Feridas,Pleno dia,Decrescente,Céu Claro,Dupla,Aclive;Reta,Sim,2,0,2,0,0,0,2,1,"-7,19683829","-34,90588313",SPRF-PB,DEL01-PB,UOP02-DEL01-PB
300703.0,2020-08-10,segunda-feira,18:00:00,PB,230,14,CABEDELO,Ingestão de Álcool,Colisão traseira,Com Vítimas Feridas,Plena Noite,Crescente,Garoa/Chuvisco,Dupla,Reta,Sim,2,0,0,1,1,0,1,2,"-7,0844","-34,8488",SPRF-PB,DEL01-PB,UOP01-DEL01-PB
300783.0,2020-08-11,terça-feira,08:00:00,PB,230,"22,9",JOAO PESSOA,Não guardar distância de segurança,Colisão traseira,Com Vítimas Feridas,Pleno dia,Decrescente,Céu Claro,Dupla,Reta,Sim,4,0,3,0,1,0,3,3,"-7,1495","-34,8517",SPRF-PB,DEL01-PB,UOP01-DEL01-PB
300828.0,2020-08-11,terça-feira,14:30:00,PB,230,11,CABEDELO,Desobediência às normas de trânsito pelo condutor,Colisão lateral,Com Vítimas Feridas,Pleno dia,Decrescente,Céu Claro,Dupla,Reta,Sim,3,0,2,0,1,0,2,2,"-7,0596","-34,8506",SPRF-PB,DEL01-PB,UOP01-DEL01-PB
300856.0,2020-08-11,terça-feira,16:40:00,PB,101,"99,3",ALHANDRA,Velocidade Incompatível,Saída de leito carroçável,Com Vítimas Feridas,Pleno dia,Crescente,Sol,Dupla,Retorno Regulamentado;Curva,Não,1,0,0,1,0,0,1,1,"-7,25878317","-34,93584308",SPRF-PB,DEL01-PB,UOP02-DEL01-PB
300913.0,2020-08-11,terça-feira,19:00:00,PB,230,25,JOAO PESSOA,Falta de Atenção à Condução,Colisão com objeto estático,Com Vítimas Feridas,Plena Noite,Decrescente,Nublado,Dupla,Interseção de Vias,Sim,1,0,1,0,0,0,1,1,"-7,1707","-34,8684",SPRF-PB,DEL01-PB,UOP01-DEL01-PB
300975.0,2020-08-12,quarta-feira,08:00:00,PB,230,25,JOAO PESSOA,Desobediência às normas de trânsito pelo condutor,Colisão transversal,Com Vítimas Feridas,Pleno dia,Decrescente,Céu Claro,Múltipla,Reta,Sim,2,0,1,0,0,1,1,2,"-7,1707","-34,8684",SPRF-PB,DEL01-PB,UOP01-DEL01-PB
301113.0,2020-08-12,quarta-feira,16:00:00,PB,230,124,RIACHAO DO BACAMARTE,Animais na Pista,Saída de leito carroçável,Com Vítimas Feridas,Pleno dia,Crescente,Céu Claro,Dupla,Reta;Aclive,Não,1,0,0,1,0,0,1,1,"-7,2465","-35,6751",SPRF-PB,DEL02-PB,UOP01-DEL02-PB
301115.0,2020-08-12,quarta-feira,18:30:00,PB,361,10,PATOS,Defeito Mecânico no Veículo,Incêndio,Sem Vítimas,Plena Noite,Crescente,Céu Claro,Simples,Reta,Não,1,0,0,0,1,0,0,1,"-7,04036669","-37,34559805",SPRF-PB,DEL03-PB,UOP01-DEL03-PB
301129.0,2020-08-12,quarta-feira,19:00:00,PB,434,"1,5",JOCA CLAUDINO,Ingestão de Álcool,Colisão traseira,Com Vítimas Feridas,Plena Noite,Crescente,Céu Claro,Simples,Reta;Declive,Não,2,0,1,0,1,0,1,2,"-6,465414","-38,468713",SPRF-PB,DEL03-PB,UOP03-DEL03-PB
301158.0,2020-08-13,quinta-feira,07:00:00,PB,104,"132,5",CAMPINA GRANDE,Não guardar distância de segurança,Colisão traseira,Com Vítimas Feridas,Pleno dia,Decrescente,Nublado,Simples,Reta,Não,2,0,1,0,0,1,1,2,"-7,30787596","-35,89344027",SPRF-PB,DEL02-PB,UOP03-DEL02-PB
301184.0,2020-08-13,quinta-feira,09:25:00,PB,230,35,SANTA RITA,Pista Escorregadia,Queda de ocupante de veículo,Com Vítimas Feridas,Pleno dia,Crescente,Sol,Dupla,Curva,Sim,1,0,1,0,0,0,1,1,"-7,1268","-34,9412",SPRF-PB,DEL01-PB,UOP01-DEL01-PB
301220.0,2020-08-13,quinta-feira,11:35:00,PB,104,"136,8",QUEIMADAS,Falta de Atenção à Condução,Colisão com objeto estático,Com Vítimas Feridas,Pleno dia,Decrescente,Céu Claro,Simples,Reta,Sim,1,0,0,1,0,0,1,1,"-7,34336909","-35,89968752",SPRF-PB,DEL02-PB,UOP03-DEL02-PB
301353.0,2020-08-14,sexta-feira,07:45:00,PB,230,21,JOAO PESSOA,Não guardar distância de segurança,Engavetamento,Com Vítimas Feridas,Pleno dia,Crescente,Céu Claro,Dupla,Reta,Sim,3,0,1,0,2,0,1,3,"-7,1415","-34,8519",SPRF-PB,DEL01-PB,UOP01-DEL01-PB
301401.0,2020-08-14,sexta-feira,10:10:00,PB,104,140,QUEIMADAS,Desobediência às normas de trânsito pelo condutor,Colisão transversal,Com Vítimas Feridas,Pleno dia,Crescente,Sol,Simples,Reta,Sim,2,0,1,0,1,0,1,2,"-7,36737","-35,900462",SPRF-PB,DEL02-PB,UOP03-DEL02-PB
301419.0,2020-08-14,sexta-feira,14:40:00,PB,230,"167,5",CAMPINA GRANDE,Não guardar distância de segurança,Colisão traseira,Com Vítimas Feridas,Pleno dia,Crescente,Céu Claro,Simples,Aclive,Não,2,0,1,0,1,0,1,2,"-7,195","-35,9619",SPRF-PB,DEL02-PB,UOP02-DEL02-PB
301467.0,2020-08-14,sexta-feira,15:30:00,PB,230,"464,9",SOUSA,Desobediência às normas de trânsito pelo condutor,Tombamento,Com Vítimas Feridas,Pleno dia,Crescente,Sol,Simples,Reta,Não,1,0,1,0,0,0,1,1,"-6,7786","-38,2341",SPRF-PB,DEL03-PB,UOP03-DEL03-PB
301558.0,2020-08-14,sexta-feira,18:30:00,PB,361,"79,9",PIANCO,Pista Escorregadia,Saída de leito carroçável,Sem Vítimas,Plena Noite,Crescente,Céu Claro,Simples,Curva,Não,3,0,0,0,3,0,0,1,"-7,18577023","-37,88614293",SPRF-PB,DEL03-PB,UOP01-DEL03-PB
301564.0,2020-08-14,sexta-feira,18:40:00,PB,361,"79,9",PIANCO,Pista Escorregadia,Capotamento,Com Vítimas Feridas,Plena Noite,Crescente,Céu Claro,Simples,Curva,Não,3,0,2,0,1,0,2,1,"-7,18577023","-37,88614293",SPRF-PB,DEL03-PB,UOP01-DEL03-PB
301656.0,2020-08-15,sábado,16:18:00,PB,230,1,CABEDELO,Ingestão de Álcool,Tombamento,Com Vítimas Feridas,Pleno dia,Crescente,Céu Claro,Simples,Reta,Sim,1,0,1,0,0,0,1,1,"-6,9753","-34,8318",SPRF-PB,DEL01-PB,UOP01-DEL01-PB
301708.0,2020-08-15,sábado,20:00:00,PB,101,90,JOAO PESSOA,Desobediência às normas de trânsito pelo condutor,Colisão traseira,Com Vítimas Feridas,Plena Noite,Crescente,Céu Claro,Dupla,Interseção de Vias,Sim,3,0,1,0,1,1,1,2,"-7,179652","-34,900417",SPRF-PB,DEL01-PB,UOP02-DEL01-PB
301867.0,2020-08-16,domingo,15:50:00,PB,230,"27,1",JOAO PESSOA,Desobediência às normas de trânsito pelo condutor,Engavetamento,Com Vítimas Feridas,Pleno dia,Decrescente,Nublado,Dupla,Reta;Declive,Sim,3,0,1,0,2,0,1,3,"-7,1677","-34,8855",SPRF-PB,DEL01-PB,UOP01-DEL01-PB
301937.0,2020-08-16,domingo,21:05:00,PB,230,58,CRUZ DO ESPIRITO SANTO,Animais na Pista,Atropelamento de Animal,Com Vítimas Feridas,Plena Noite,Decrescente,Céu Claro,Dupla,Reta,Não,1,0,1,0,0,0,1,1,"-7,20379062","-35,12207866",SPRF-PB,DEL01-PB,UOP03-DEL01-PB
301944.0,2020-08-16,domingo,17:10:00,PB,230,"492,8",CAJAZEIRAS,Desobediência às normas de trânsito pelo condutor,Colisão traseira,Com Vítimas Feridas,Pleno dia,Decrescente,Céu Claro,Simples,Reta,Não,4,0,1,2,0,1,3,3,"-6,8721","-38,4409",SPRF-PB,DEL03-PB,UOP03-DEL03-PB
301945.0,2020-08-16,domingo,19:00:00,PB,230,"443,7",APARECIDA,Ingestão de Álcool,Saída de leito carroçável,Com Vítimas Feridas,Plena Noite,Crescente,Céu Claro,Simples,Reta,Não,2,0,1,1,0,0,2,1,"-6,7778","-38,0488",SPRF-PB,DEL03-PB,UOP02-DEL03-PB
302040.0,2020-08-17,segunda-feira,10:40:00,PB,230,105,GURINHEM,Velocidade Incompatível,Colisão lateral,Sem Vítimas,Pleno dia,Crescente,Céu Claro,Dupla,Curva,Não,2,0,0,0,2,0,0,2,"-7,2075","-35,5248",SPRF-PB,DEL01-PB,UOP03-DEL01-PB
302134.0,2020-08-17,segunda-feira,21:40:00,PB,230,47,SANTA RITA,Falta de Atenção à Condução,Saída de leito carroçável,Sem Vítimas,Plena Noite,Crescente,Céu Claro,Dupla,Reta,Não,1,0,0,0,1,0,0,1,"-7,1685","-35,032",SPRF-PB,DEL01-PB,UOP03-DEL01-PB
302181.0,2020-08-18,terça-feira,10:15:00,PB,101,88,JOAO PESSOA,Falta de Atenção à Condução,Tombamento,Com Vítimas Feridas,Pleno dia,Decrescente,Céu Claro,Dupla,Reta,Não,2,0,2,0,0,0,2,1,"-7,16470016","-34,89993643",SPRF-PB,DEL01-PB,UOP01-DEL01-PB
302247.0,2020-08-18,terça-feira,17:50:00,PB,230,"20,6",JOAO PESSOA,Defeito na Via,Tombamento,Com Vítimas Feridas,Anoitecer,Crescente,Céu Claro,Dupla,Reta,Sim,1,0,1,0,0,0,1,1,"-7,1415","-34,8519",SPRF-PB,DEL01-PB,UOP01-DEL01-PB
302332.0,2020-08-19,quarta-feira,06:50:00,PB,230,"161,8",CAMPINA GRANDE,Falta de Atenção à Condução,Colisão lateral,Com Vítimas Feridas,Pleno dia,Crescente,Céu Claro,Simples,Reta,Sim,5,0,4,0,0,1,4,2,"-7,2361","-35,941",SPRF-PB,DEL02-PB,UOP01-DEL02-PB
302350.0,2020-07-02,quinta-feira,10:23:00,PB,230,20,JOAO PESSOA,Pista Escorregadia,Tombamento,Com Vítimas Feridas,Pleno dia,Crescente,Ignorado,Dupla,Reta,Sim,1,0,0,1,0,0,1,1,"-7,14245249","-34,85177192",SPRF-PB,DEL01-PB,UOP01-DEL01-PB
302564.0,2020-08-20,quinta-feira,10:00:00,PB,230,422,POMBAL,Desobediência às normas de trânsito pelo condutor,Saída de leito carroçável,Sem Vítimas,Pleno dia,Decrescente,Sol,Simples,Reta,Não,1,0,0,0,0,1,0,1,"-6,7259","-37,8719",SPRF-PB,DEL03-PB,UOP02-DEL03-PB
302587.0,2020-08-20,quinta-feira,17:10:00,PB,230,"501,6",CAJAZEIRAS,Desobediência às normas de trânsito pelo condutor,Colisão transversal,Com Vítimas Feridas,Pleno dia,Crescente,Céu Claro,Simples,Declive;Reta,Sim,3,0,2,0,1,0,2,2,"-6,896067","-38,534239",SPRF-PB,DEL03-PB,UOP03-DEL03-PB