id,data_inversa,dia_semana,horario,uf,br,km,municipio,causa_acidente,tipo_acidente,classificacao_acidente,fase_dia,sentido_via,condicao_metereologica,tipo_pista,tracado_via,uso_solo,pessoas,mortos,feridos_leves,feridos_graves,ilesos,ignorados,feridos,veiculos,latitude,longitude,regional,delegacia,uop
302707.0,2020-08-21,sexta-feira,09:40:00,PB,230,"423,3",POMBAL,Falta de Atenção à Condução,Saída de leito carroçável,Com Vítimas Feridas,Pleno dia,Decrescente,Sol,Simples,Curva,Não,2,0,1,0,1,0,1,1,"-6,734267","-37,895206",SPRF-PB,DEL03-PB,UOP02-DEL03-PB
302721.0,2020-08-21,sexta-feira,12:30:00,PB,230,"407,5",POMBAL,Falta de Atenção à Condução,Colisão lateral,Com Vítimas Feridas,Pleno dia,Crescente,Sol,Simples,Reta,Sim,2,0,0,2,0,0,2,2,"-6,7733","-37,798",SPRF-PB,DEL03-PB,UOP02-DEL03-PB
302803.0,2020-08-21,sexta-feira,19:00:00,PB,230,26,JOAO PESSOA,Velocidade Incompatível,Colisão traseira,Com Vítimas Feridas,Anoitecer,Decrescente,Céu Claro,Múltipla,Viaduto,Não,5,0,2,0,2,1,2,3,"-7,1693","-34,8782",SPRF-PB,DEL01-PB,UOP01-DEL01-PB
302859.0,2020-08-22,sábado,04:50:00,PB,101,111,ALHANDRA,Animais na Pista,Atropelamento de Animal,Sem Vítimas,Pleno dia,Decrescente,Céu Claro,Dupla,Reta,Não,1,0,0,0,1,0,0,1,"-7,36122197","-34,95184711",SPRF-PB,DEL01-PB,UOP02-DEL01-PB
302876.0,2020-08-22,sábado,07:30:00,PB,101,73,SANTA RITA,Desobediência às normas de trânsito pelo condutor,Colisão lateral,Com Vítimas Feridas,Pleno dia,Decrescente,Céu Claro,Dupla,Reta,Não,2,0,1,0,1,0,1,2,"-7,07828212","-34,98823508",SPRF-PB,DEL01-PB,UOP04-DEL01-PB
302908.0,2020-08-22,sábado,10:30:00,PB,230,16,JOAO PESSOA,Desobediência às normas de trânsito pelo condutor,Colisão lateral,Com Vítimas Feridas,Pleno dia,Decrescente,Céu Claro,Dupla,Reta,Sim,2,0,1,0,1,0,1,2,"-7,1039","-34,8458",SPRF-PB,DEL01-PB,UOP01-DEL01-PB
302987.0,2020-08-22,sábado,18:10:00,PB,230,"149,8",CAMPINA GRANDE,Defeito Mecânico no Veículo,Queda de ocupante de veículo,Com Vítimas Feridas,Plena Noite,Decrescente,Céu Claro,Dupla,Reta,Não,2,0,1,0,1,0,1,1,"-7,2515","-35,8724",SPRF-PB,DEL02-PB,UOP01-DEL02-PB
303091.0,2020-08-23,domingo,01:30:00,PB,230,510,CAJAZEIRAS,Ingestão de Álcool,Colisão com objeto estático,Sem Vítimas,Plena Noite,Crescente,Céu Claro,Simples,Reta,Não,1,0,0,0,0,1,0,1,"-6,8906","-38,5885",SPRF-PB,DEL03-PB,UOP03-DEL03-PB
303128.0,2020-08-23,domingo,10:25:00,PB,101,"99,4",ALHANDRA,Falta de Atenção à Condução,Colisão lateral,Com Vítimas Feridas,Pleno dia,Crescente,Sol,Dupla,Reta,Não,3,0,1,0,1,1,1,2,"-7,26469806","-34,93677965",SPRF-PB,DEL01-PB,UOP02-DEL01-PB
303156.0,2020-08-23,domingo,14:00:00,PB,426,"67,7",PIANCO,Ingestão de Álcool,Capotamento,Com Vítimas Fatais,Pleno dia,Crescente,Céu Claro,Simples,Curva,Sim,3,1,1,1,0,0,2,1,"-7,20528372","-37,92822896",SPRF-PB,DEL03-PB,UOP01-DEL03-PB
303253.0,2020-08-23,domingo,20:15:00,PB,230,18,JOAO PESSOA,Ingestão de Álcool,Colisão com objeto estático,Sem Vítimas,Pleno dia,Crescente,Nublado,Dupla,Reta,Não,1,0,0,0,1,0,0,1,"-7,1198","-34,8453",SPRF-PB,DEL01-PB,UOP01-DEL01-PB
303255.0,2020-08-23,domingo,20:00:00,PB,110,66,SAO JOSE DE ESPINHARAS,Falta de Atenção à Condução,Colisão traseira,Com Vítimas Feridas,Plena Noite,Crescente,Céu Claro,Simples,Reta,Sim,3,0,1,1,1,0,2,2,"-6,84667216","-37,40315957",SPRF-PB,DEL03-PB,UOP01-DEL03-PB
303293.0,2020-08-24,segunda-feira,03:50:00,PB,230,"142,6",CAMPINA GRANDE,Animais na Pista,Atropelamento de Animal,Com Vítimas Feridas,Plena Noite,Crescente,Céu Claro,Dupla,Reta,Não,2,0,2,0,0,0,2,1,"-7,2573","-35,8131",SPRF-PB,DEL02-PB,UOP01-DEL02-PB
303473.0,2020-08-24,segunda-feira,20:30:00,PB,104,"179,2",ALCANTIL,Agressão Externa,Colisão com objeto estático,Com Vítimas Feridas,Plena Noite,Decrescente,Céu Claro,Simples,Curva,Não,2,0,1,1,0,0,2,1,"-7,63933486","-36,07772254",SPRF-PB,DEL02-PB,UOP03-DEL02-PB
303491.0,2020-08-25,terça-feira,05:15:00,PB,101,58,SANTA RITA,Falta de Atenção à Condução,Colisão traseira,Sem Vítimas,Pleno dia,Decrescente,Céu Claro,Dupla,Aclive,Não,2,0,0,0,2,0,0,2,"-6,98564991","-35,07334684",SPRF-PB,DEL01-PB,UOP04-DEL01-PB
303574.0,2020-08-25,terça-feira,14:00:00,PB,230,4,CABEDELO,Desobediência às normas de trânsito pelo condutor,Colisão lateral,Com Vítimas Feridas,Pleno dia,Decrescente,Céu Claro,Simples,Em Obras;Reta,Sim,2,0,1,0,1,0,1,2,"-7,0004","-34,8284",SPRF-PB,DEL01-PB,UOP01-DEL01-PB
303692.0,2020-08-26,quarta-feira,08:05:00,PB,230,"170,2",CAMPINA GRANDE,Falta de Atenção à Condução,Colisão traseira,Sem Vítimas,Pleno dia,Crescente,Sol,Simples,Aclive,Sim,4,0,0,0,1,3,0,3,"-7,1806","-35,9873",SPRF-PB,DEL02-PB,UOP02-DEL02-PB
303985.0,2020-08-27,quinta-feira,18:00:00,PB,230,"459,1",SOUSA,Desobediência às normas de trânsito pelo condutor,Colisão frontal,Com Vítimas Feridas,Plena Noite,Crescente,Céu Claro,Simples,Reta,Não,2,0,0,1,1,0,1,2,"-6,7762","-38,1899",SPRF-PB,DEL03-PB,UOP03-DEL03-PB
304080.0,2020-08-28,sexta-feira,12:30:00,PB,230,"19,1",JOAO PESSOA,Falta de Atenção à Condução,Tombamento,Com Vítimas Feridas,Pleno dia,Decrescente,Céu Claro,Dupla,Reta,Sim,1,0,1,0,0,0,1,1,"-7,12946711","-34,85013485",SPRF-PB,DEL01-PB,UOP01-DEL01-PB
304086.0,2020-08-28,sexta-feira,13:00:00,PB,101,52,MAMANGUAPE,Falta de Atenção à Condução,Colisão traseira,Com Vítimas Feridas,Pleno dia,Decrescente,Céu Claro,Dupla,Reta,Não,4,0,2,0,2,0,2,2,"-6,8208849","-35,1386618",SPRF-PB,DEL01-PB,UOP04-DEL01-PB
304350.0,2020-08-29,sábado,15:30:00,PB,230,507,CAJAZEIRAS,Ingestão de Álcool,Colisão lateral,Sem Vítimas,Pleno dia,Crescente,Céu Claro,Simples,Reta,Sim,5,0,0,0,5,0,0,2,"-6,9024","-38,5643",SPRF-PB,DEL03-PB,UOP03-DEL03-PB
304473.0,2020-08-29,sábado,21:35:00,PB,230,"120,4",RIACHAO DO BACAMARTE,Falta de Atenção à Condução,Colisão lateral,Sem Vítimas,Plena Noite,Crescente,Céu Claro,Dupla,Reta,Não,4,0,0,0,4,0,0,2,"-7,2436","-35,6395",SPRF-PB,DEL02-PB,UOP01-DEL02-PB
304624.0,2020-08-30,domingo,15:20:00,PB,104,29,CUITE,Falta de Atenção à Condução,Tombamento,Com Vítimas Feridas,Pleno dia,Crescente,Chuva,Simples,Interseção de Vias,Não,1,0,1,0,0,0,1,1,"-6,64721611","-36,15188599",SPRF-PB,DEL02-PB,UOP04-DEL02-PB
304640.0,2020-08-30,domingo,18:25:00,PB,101,82,BAYEUX,Falta de Atenção à Condução,Colisão traseira,Com Vítimas Feridas,Plena Noite,Crescente,Céu Claro,Dupla,Viaduto,Sim,4,0,2,0,1,1,2,3,"-7,12911","-34,93714",SPRF-PB,DEL01-PB,UOP01-DEL01-PB
304689.0,2020-08-30,domingo,19:20:00,PB,230,474,SOUSA,Falta de Atenção à Condução,Colisão traseira,Com Vítimas Fatais,Plena Noite,Decrescente,Céu Claro,Simples,Reta,Não,3,1,0,0,0,2,0,3,"-6,82672","-38,31712",SPRF-PB,DEL03-PB,UOP03-DEL03-PB
304695.0,2020-08-30,domingo,19:28:00,PB,230,335,PATOS,Animais na Pista,Atropelamento de Animal,Com Vítimas Feridas,Plena Noite,Decrescente,Céu Claro,Simples,Reta,Sim,1,0,0,1,0,0,1,1,"-7,0128","-37,2644",SPRF-PB,DEL03-PB,UOP01-DEL03-PB
304718.0,2020-08-30,domingo,23:00:00,PB,230,8,CABEDELO,Ingestão de Álcool,Colisão com objeto estático,Com Vítimas Feridas,Plena Noite,Decrescente,Céu Claro,Dupla,Desvio Temporário;Em Obras,Sim,1,0,0,1,0,0,1,1,"-7,0355","-34,8429",SPRF-PB,DEL01-PB,UOP01-DEL01-PB
304736.0,2020-08-31,segunda-feira,04:00:00,PB,230,12,CABEDELO,Falta de Atenção do Pedestre,Atropelamento de Pedestre,Com Vítimas Feridas,Plena Noite,Crescente,Céu Claro,Dupla,Reta,Sim,2,0,0,1,0,1,1,2,"-7,068","-34,85",SPRF-PB,DEL01-PB,UOP01-DEL01-PB
304775.0,2020-08-31,segunda-feira,03:50:00,PB,104,"118,6",LAGOA SECA,Avarias e/ou desgaste excessivo no pneu,Colisão com objeto estático,Com Vítimas Feridas,Amanhecer,Crescente,Chuva,Simples,Declive,Não,1,0,1,0,0,0,1,1,"-7,19637839","-35,87571339",SPRF-PB,DEL02-PB,UOP04-DEL02-PB
304882.0,2020-08-31,segunda-feira,18:15:00,PB,101,"79,8",SANTA RITA,Falta de Atenção à Condução,Saída de leito carroçável,Com Vítimas Feridas,Plena Noite,Crescente,Chuva,Dupla,Curva,Sim,2,0,1,0,1,0,1,1,"-7,11786877","-34,94945353",SPRF-PB,DEL01-PB,UOP04-DEL01-PB
304895.0,2020-08-31,segunda-feira,18:00:00,PB,104,"157,3",BARRA DE SANTANA,Defeito Mecânico no Veículo,Incêndio,Sem Vítimas,Plena Noite,Decrescente,Céu Claro,Simples,Reta,Não,1,0,0,0,1,0,0,1,"-7,50484738","-35,96277078",SPRF-PB,DEL02-PB,UOP03-DEL02-PB
304977.0,2020-09-01,terça-feira,09:20:00,PB,101,"78,9",SANTA RITA,Velocidade Incompatível,Saída de leito carroçável,Sem Vítimas,Pleno dia,Decrescente,Céu Claro,Dupla,Reta,Não,1,0,0,0,1,0,0,1,"-7,10808295","-34,96293885",SPRF-PB,DEL01-PB,UOP04-DEL01-PB
305073.0,2020-09-01,terça-feira,21:00:00,PB,101,88,JOAO PESSOA,Falta de Atenção do Pedestre,Atropelamento de Pedestre,Com Vítimas Feridas,Plena Noite,Decrescente,Chuva,Dupla,Reta;Viaduto,Sim,2,0,2,0,0,0,2,2,"-7,16470016","-34,89993643",SPRF-PB,DEL01-PB,UOP01-DEL01-PB
305133.0,2020-09-02,quarta-feira,07:25:00,PB,230,167,PUXINANA,Desobediência às normas de trânsito pelo condutor,Queda de ocupante de veículo,Com Vítimas Feridas,Pleno dia,Decrescente,Sol,Simples,Reta,Não,1,0,0,1,0,0,1,1,"-7,195","-35,9619",SPRF-PB,DEL02-PB,UOP02-DEL02-PB
305309.0,2020-09-03,quinta-feira,06:15:00,PB,230,152,CAMPINA GRANDE,Animais na Pista,Tombamento,Com Vítimas Feridas,Pleno dia,Decrescente,Céu Claro,Simples,Reta,Sim,2,0,2,0,0,0,2,1,"-7,2688","-35,8837",SPRF-PB,DEL02-PB,UOP01-DEL02-PB
305431.0,2020-09-03,quinta-feira,18:15:00,PB,101,59,SANTA RITA,Desobediência às normas de trânsito pelo condutor,Tombamento,Com Vítimas Feridas,Plena Noite,Decrescente,Nublado,Simples,Reta,Não,1,0,1,0,0,0,1,1,"-6,99609948","-35,06759427",SPRF-PB,DEL01-PB,UOP04-DEL01-PB
305597.0,2020-09-04,sexta-feira,13:30:00,PB,101,"78,4",SANTA RITA,Desobediência às normas de trânsito pelo condutor,Colisão lateral,Com Vítimas Feridas,Pleno dia,Decrescente,Céu Claro,Dupla,Reta,Sim,3,0,1,1,0,1,2,2,"-7,10808295","-34,96293885",SPRF-PB,DEL01-PB,UOP04-DEL01-PB
305645.0,2020-09-04,sexta-feira,16:30:00,PB,101,61,SANTA RITA,Avarias e/ou desgaste excessivo no pneu,Tombamento,Com Vítimas Feridas,Pleno dia,Decrescente,Sol,Dupla,Declive,Não,1,0,1,0,0,0,1,1,"-7,00949401","-35,06072329",SPRF-PB,DEL01-PB,UOP04-DEL01-PB
305654.0,2020-09-04,sexta-feira,18:20:00,PB,101,"61,3",SANTA RITA,Desobediência às normas de trânsito pelo condutor,Colisão traseira,Com Vítimas Feridas,Plena Noite,Decrescente,Céu Claro,Dupla,Aclive,Não,3,0,1,0,2,0,1,2,"-7,00949401","-35,06072329",SPRF-PB,DEL01-PB,UOP04-DEL01-PB
305842.0,2020-09-04,sexta-feira,22:30:00,PB,230,344,PATOS,Condutor Dormindo,Saída de leito carroçável,Sem Vítimas,Plena Noite,Decrescente,Céu Claro,Simples,Reta,Não,1,0,0,0,0,1,0,1,"-6,9799","-37,3373",SPRF-PB,DEL03-PB,UOP01-DEL03-PB
305887.0,2020-09-05,sábado,11:40:00,PB,230,"500,1",CAJAZEIRAS,Falta de Atenção à Condução,Saída de leito carroçável,Com Vítimas Feridas,Pleno dia,Decrescente,Céu Claro,Simples,Reta,Sim,2,0,0,1,0,1,1,1,"-6,8982","-38,5201",SPRF-PB,DEL03-PB,UOP03-DEL03-PB
305932.0,2020-09-05,sábado,16:22:00,PB,230,"458,3",SOUSA,Desobediência às normas de trânsito pelo condutor,Colisão transversal,Com Vítimas Feridas,Pleno dia,Decrescente,Sol,Simples,Reta,Não,3,0,0,2,1,0,2,2,"-6,77571918","-38,1941092",SPRF-PB,DEL03-PB,UOP03-DEL03-PB
305939.0,2020-09-05,sábado,15:30:00,PB,230,261,JUNCO DO SERIDO,Ingestão de Álcool,Colisão traseira,Sem Vítimas,Pleno dia,Decrescente,Céu Claro,Simples,Reta,Sim,2,0,0,0,2,0,0,2,"-6,9942","-36,7127",SPRF-PB,DEL03-PB,UOP01-DEL03-PB
305957.0,2020-09-05,sábado,17:25:00,PB,101,"11,8",MAMANGUAPE,Ingestão de Álcool,Colisão com objeto estático,Sem Vítimas,Anoitecer,Crescente,Céu Claro,Dupla,Declive,Sim,1,0,0,0,1,0,0,1,"-6,59256898","-35,14508356",SPRF-PB,DEL01-PB,UOP04-DEL01-PB
306082.0,2020-09-06,domingo,04:00:00,PB,230,"54,4",CRUZ DO ESPIRITO SANTO,Animais na Pista,Atropelamento de Animal,Com Vítimas Fatais,Plena Noite,Decrescente,Nublado,Dupla,Reta,Não,1,1,0,0,0,0,0,1,"-7,2007","-35,0854",SPRF-PB,DEL01-PB,UOP03-DEL01-PB
306256.0,2020-09-06,domingo,18:40:00,PB,230,"59,5",CRUZ DO ESPIRITO SANTO,Avarias e/ou desgaste excessivo no pneu,Capotamento,Com Vítimas Feridas,Plena Noite,Decrescente,Céu Claro,Dupla,Em Obras,Não,13,0,8,2,3,0,10,1,"-7,20543123","-35,14255357",SPRF-PB,DEL01-PB,UOP03-DEL01-PB
306275.0,2020-09-06,domingo,19:30:00,PB,230,215,SOLEDADE,Falta de Atenção à Condução,Colisão transversal,Com Vítimas Feridas,Plena Noite,Decrescente,Céu Claro,Simples,Reta,Sim,2,0,1,0,0,1,1,2,"-7,0577","-36,3629",SPRF-PB,DEL02-PB,UOP02-DEL02-PB
306305.0,2020-09-06,domingo,20:10:00,PB,361,"93,6",PIANCO,Falta de Atenção à Condução,Colisão com objeto estático,Com Vítimas Feridas,Plena Noite,Crescente,Céu Claro,Simples,Declive,Não,1,0,0,1,0,0,1,1,"-7,22221475","-37,99371603",SPRF-PB,DEL03-PB,UOP01-DEL03-PB
306402.0,2020-09-07,segunda-feira,15:30:00,PB,101,83,BAYEUX,Velocidade Incompatível,Engavetamento,Com Vítimas Feridas,Pleno dia,Crescente,Céu Claro,Dupla,Reta,Sim,6,0,1,0,5,0,1,5,"-7,1337703","-34,92963914",SPRF-PB,DEL01-PB,UOP01-DEL01-PB
306411.0,2020-09-07,segunda-feira,16:00:00,PB,101,86,JOAO PESSOA,Não guardar distância de segurança,Colisão traseira,Com Vítimas Feridas,Pleno dia,Decrescente,Céu Claro,Dupla,Reta,Sim,2,0,1,0,1,0,1,2,"-7,15660798","-34,90705669",SPRF-PB,DEL01-PB,UOP01-DEL01-PB
306419.0,2020-09-07,segunda-feira,17:00:00,PB,230,92,GURINHEM,Defeito Mecânico no Veículo,Queda de ocupante de veículo,Com Vítimas Feridas,Anoitecer,Crescente,Céu Claro,Dupla,Reta,Não,2,0,1,0,1,0,1,1,"-7,176","-35,4098",SPRF-PB,DEL01-PB,UOP03-DEL01-PB
306434.0,2020-09-07,segunda-feira,16:00:00,PB,230,171,CAMPINA GRANDE,Não guardar distância de segurança,Engavetamento,Sem Vítimas,Pleno dia,Decrescente,Céu Claro,Simples,Reta,Sim,3,0,0,0,3,0,0,3,"-7,18","-35,9938",SPRF-PB,DEL02-PB,UOP02-DEL02-PB
306467.0,2020-08-23,domingo,10:05:00,PB,230,"150,5",CAMPINA GRANDE,Ingestão de Álcool,Saída de leito carroçável,Com Vítimas Feridas,Pleno dia,Crescente,Céu Claro,Múltipla,Aclive,Sim,1,0,0,1,0,0,1,1,"-7,2515","-35,8724",SPRF-PB,DEL02-PB,UOP01-DEL02-PB
306503.0,2020-09-07,segunda-feira,21:25:00,PB,101,45,MAMANGUAPE,Desobediência às normas de trânsito pelo condutor,Colisão transversal,Com Vítimas Feridas,Plena Noite,Crescente,Céu Claro,Simples,Curva,Não,4,0,0,2,2,0,2,2,"-6,87451305","-35,13232736",SPRF-PB,DEL01-PB,UOP04-DEL01-PB
306601.0,2020-09-08,terça-feira,08:40:00,PB,230,"13,7",CABEDELO,Não guardar distância de segurança,Colisão traseira,Com Vítimas Feridas,Pleno dia,Crescente,Céu Claro,Dupla,Reta,Sim,5,0,2,0,2,1,2,5,"-7,0772","-34,8494",SPRF-PB,DEL01-PB,UOP01-DEL01-PB
306614.0,2020-09-08,terça-feira,08:40:00,PB,405,"41,7",SAO JOAO DO RIO DO PEIXE,Desobediência às normas de trânsito pelo condutor,Colisão traseira,Com Vítimas Fatais,Pleno dia,Crescente,Sol,Simples,Reta,Não,2,1,0,0,1,0,0,2,"-6,792327","-38,418816",SPRF-PB,DEL03-PB,UOP03-DEL03-PB
306763.0,2020-09-09,quarta-feira,08:40:00,PB,230,"122,1",RIACHAO DO BACAMARTE,Falta de Atenção à Condução,Tombamento,Com Vítimas Feridas,Pleno dia,Crescente,Sol,Dupla,Curva,Sim,1,0,0,1,0,0,1,1,"-7,24787652","-35,66634178",SPRF-PB,DEL02-PB,UOP01-DEL02-PB
306811.0,2020-09-09,quarta-feira,11:50:00,PB,230,"132,1",CAMPINA GRANDE,Falta de Atenção à Condução,Saída de leito carroçável,Com Vítimas Feridas,Pleno dia,Decrescente,Chuva,Dupla,Curva,Não,2,0,2,0,0,0,2,1,"-7,2774","-35,7367",SPRF-PB,DEL02-PB,UOP01-DEL02-PB
306867.0,2020-09-09,quarta-feira,16:00:00,PB,412,63,SAO JOAO DO CARIRI,Falta de Atenção à Condução,Colisão transversal,Com Vítimas Feridas,Anoitecer,Crescente,Chuva,Simples,Reta,Não,3,0,2,0,1,0,2,2,"-7,431495","-36,570766",SPRF-PB,DEL02-PB,UOP02-DEL02-PB
306876.0,2020-09-09,quarta-feira,17:50:00,PB,230,12,CABEDELO,Desobediência às normas de trânsito pelo pedestre,Atropelamento de Pedestre,Com Vítimas Feridas,Anoitecer,Crescente,Céu Claro,Dupla,Reta,Sim,6,0,2,0,4,0,2,3,"-7,068","-34,85",SPRF-PB,DEL01-PB,UOP01-DEL01-PB
306878.0,2020-09-09,quarta-feira,18:35:00,PB,361,"4,7",PATOS,Desobediência às normas de trânsito pelo condutor,Colisão transversal,Com Vítimas Feridas,Plena Noite,Decrescente,Céu Claro,Simples,Reta,Sim,3,0,2,0,0,1,2,3,"-7,03208047","-37,29365088",SPRF-PB,DEL03-PB,UOP01-DEL03-PB
307131.0,2020-05-10,domingo,15:20:00,PB,230,"21,2",JOAO PESSOA,Ingestão de Álcool,Tombamento,Com Vítimas Feridas,Pleno dia,Decrescente,Céu Claro,Dupla,Curva,Sim,1,0,0,1,0,0,1,1,"-7,1415","-34,8519",SPRF-PB,DEL01-PB,UOP01-DEL01-PB
307348.0,2020-09-12,sábado,01:50:00,PB,230,"152,2",CAMPINA GRANDE,Avarias e/ou desgaste excessivo no pneu,Colisão com objeto estático,Com Vítimas Feridas,Plena Noite,Crescente,Céu Claro,Simples,Reta,Não,4,0,2,0,1,1,2,2,"-7,2688","-35,8837",SPRF-PB,DEL02-PB,UOP01-DEL02-PB
307411.0,2020-09-12,sábado,08:45:00,PB,101,"89,5",JOAO PESSOA,Falta de Atenção à Condução,Colisão transversal,Com Vítimas Feridas,Pleno dia,Decrescente,Céu Claro,Dupla,Retorno Regulamentado,Sim,2,0,1,0,1,0,1,2,"-7,1710694","-34,89765372",SPRF-PB,DEL01-PB,UOP02-DEL01-PB
307453.0,2020-09-12,sábado,12:30:00,PB,104,"192,8",ALCANTIL,Não guardar distância de segurança,Colisão traseira,Com Vítimas Feridas,Pleno dia,Decrescente,Céu Claro,Simples,Reta,Sim,2,0,1,0,1,0,1,2,"-7,73784713","-36,07930276",SPRF-PB,DEL02-PB,UOP03-DEL02-PB
307503.0,2020-09-12,sábado,18:15:00,PB,104,"129,7",CAMPINA GRANDE,Desobediência às normas de trânsito pelo condutor,Colisão lateral,Com Vítimas Feridas,Plena Noite,Crescente,Céu Claro,Dupla,Retorno Regulamentado,Não,2,0,1,0,1,0,1,2,"-7,27838928","-35,88884711",SPRF-PB,DEL02-PB,UOP03-DEL02-PB
307826.0,2020-09-14,segunda-feira,00:30:00,PB,230,223,SOLEDADE,Ingestão de Álcool,Saída de leito carroçável,Sem Vítimas,Plena Noite,Decrescente,Céu Claro,Simples,Reta,Não,1,0,0,0,1,0,0,1,"-7,0385","-36,4237",SPRF-PB,DEL02-PB,UOP02-DEL02-PB
307935.0,2020-09-14,segunda-feira,08:20:00,PB,230,28,JOAO PESSOA,Falta de Atenção à Condução,Colisão transversal,Com Vítimas Feridas,Pleno dia,Decrescente,Sol,Múltipla,Reta;Aclive,Sim,3,0,0,2,1,0,2,3,"-7,16556105","-34,89781564",SPRF-PB,DEL01-PB,UOP01-DEL01-PB
307988.0,2020-09-14,segunda-feira,22:30:00,PB,230,25,JOAO PESSOA,Falta de Atenção à Condução,Colisão com objeto estático,Com Vítimas Feridas,Plena Noite,Decrescente,Céu Claro,Dupla,Reta,Não,2,0,1,0,1,0,1,2,"-7,1707","-34,8684",SPRF-PB,DEL01-PB,UOP01-DEL01-PB
307996.0,2020-09-14,segunda-feira,23:40:00,PB,101,78,SANTA RITA,Falta de Atenção à Condução,Colisão traseira,Com Vítimas Feridas,Plena Noite,Crescente,Garoa/Chuvisco,Dupla,Reta,Não,5,0,0,1,4,0,1,2,"-7,10808295","-34,96293885",SPRF-PB,DEL01-PB,UOP04-DEL01-PB
308004.0,2020-09-15,terça-feira,04:00:00,PB,230,"147,9",CAMPINA GRANDE,Velocidade Incompatível,Colisão com objeto estático,Sem Vítimas,Plena Noite,Crescente,Céu Claro,Dupla,Rotatória,Não,1,0,0,0,0,1,0,1,"-7,23709592","-35,86785447",SPRF-PB,DEL02-PB,UOP01-DEL02-PB
308029.0,2020-09-15,terça-feira,08:15:00,PB,230,23,JOAO PESSOA,Não guardar distância de segurança,Colisão lateral,Com Vítimas Feridas,Pleno dia,Decrescente,Céu Claro,Dupla,Aclive,Sim,3,0,1,0,2,0,1,2,"-7,1562","-34,8574",SPRF-PB,DEL01-PB,UOP01-DEL01-PB
308040.0,2020-09-15,terça-feira,08:05:00,PB,230,"130,5",CAMPINA GRANDE,Velocidade Incompatível,Colisão com objeto estático,Sem Vítimas,Pleno dia,Crescente,Nublado,Dupla,Curva,Não,1,0,0,0,1,0,0,1,"-7,277675","-35,732054",SPRF-PB,DEL02-PB,UOP01-DEL02-PB
308058.0,2020-09-15,terça-feira,10:35:00,PB,230,166,CAMPINA GRANDE,Falta de Atenção à Condução,Colisão transversal,Sem Vítimas,Pleno dia,Crescente,Céu Claro,Simples,Reta,Sim,3,0,0,0,2,1,0,3,"-7,1976","-35,955",SPRF-PB,DEL02-PB,UOP02-DEL02-PB
308103.0,2020-09-15,terça-feira,16:00:00,PB,101,89,JOAO PESSOA,Falta de Atenção à Condução,Colisão traseira,Com Vítimas Feridas,Pleno dia,Crescente,Céu Claro,Dupla,Reta,Sim,3,0,2,0,1,0,2,2,"-7,1710694","-34,89765372",SPRF-PB,DEL01-PB,UOP02-DEL01-PB
308160.0,2020-09-14,segunda-feira,20:00:00,PB,230,"46,9",CRUZ DO ESPIRITO SANTO,Velocidade Incompatível,Saída de leito carroçável,Com Vítimas Feridas,Plena Noite,Crescente,Nublado,Dupla,Reta,Não,1,0,1,0,0,0,1,1,"-7,1635","-35,025",SPRF-PB,DEL01-PB,UOP03-DEL01-PB
308318.0,2020-09-16,quarta-feira,18:50:00,PB,230,"66,5",SAO MIGUEL DE TAIPU,Falta de Atenção do Pedestre,Atropelamento de Pedestre,Com Vítimas Feridas,Plena Noite,Decrescente,Céu Claro,Dupla,Curva;Declive,Não,3,0,0,1,1,1,1,2,"-7,1874","-35,1889",SPRF-PB,DEL01-PB,UOP03-DEL01-PB
308320.0,2020-09-16,quarta-feira,18:20:00,PB,412,"93,4",SERRA BRANCA,Ingestão de Álcool,Saída de leito carroçável,Sem Vítimas,Plena Noite,Decrescente,Céu Claro,Simples,Reta,Não,1,0,0,0,0,1,0,1,"-7,579538","-36,786976",SPRF-PB,DEL02-PB,UOP02-DEL02-PB
308332.0,2020-09-16,quarta-feira,20:30:00,PB,101,88,JOAO PESSOA,Desobediência às normas de trânsito pelo pedestre,Atropelamento de Pedestre,Sem Vítimas,Plena Noite,Decrescente,Nublado,Dupla,Reta,Sim,2,0,0,0,0,2,0,2,"-7,16777086","-34,89669585",SPRF-PB,DEL01-PB,UOP01-DEL01-PB
308393.0,2020-09-17,quinta-feira,07:30:00,PB,101,59,SANTA RITA,Pista Escorregadia,Saída de leito carroçável,Com Vítimas Feridas,Pleno dia,Crescente,Chuva,Dupla,Declive,Não,1,0,1,0,0,0,1,1,"-6,99352402","-35,06896004",SPRF-PB,DEL01-PB,UOP04-DEL01-PB
308606.0,2020-09-18,sexta-feira,08:30:00,PB,104,"46,7",BARRA DE SANTA ROSA,Desobediência às normas de trânsito pelo condutor,Colisão lateral,Com Vítimas Feridas,Pleno dia,Crescente,Céu Claro,Simples,Reta,Não,2,0,0,1,1,0,1,2,"-6,73521882","-36,0463818",SPRF-PB,DEL02-PB,UOP04-DEL02-PB
308612.0,2020-09-18,sexta-feira,08:25:00,PB,104,"107,3",SAO SEBASTIAO DE LAGOA DE  ROCA,Falta de Atenção à Condução,Colisão lateral,Sem Vítimas,Pleno dia,Decrescente,Céu Claro,Simples,Reta,Sim,2,0,0,0,2,0,0,2,"-7,104384","-35,866698",SPRF-PB,DEL02-PB,UOP04-DEL02-PB
308775.0,2020-09-18,sexta-feira,23:50:00,PB,230,"132,3",CAMPINA GRANDE,Defeito Mecânico no Veículo,Saída de leito carroçável,Sem Vítimas,Plena Noite,Crescente,Céu Claro,Dupla,Reta,Não,2,0,0,0,2,0,0,1,"-7,2774","-35,7367",SPRF-PB,DEL02-PB,UOP01-DEL02-PB