id,data_inversa,dia_semana,horario,uf,br,km,municipio,causa_acidente,tipo_acidente,classificacao_acidente,fase_dia,sentido_via,condicao_metereologica,tipo_pista,tracado_via,uso_solo,pessoas,mortos,feridos_leves,feridos_graves,ilesos,ignorados,feridos,veiculos,latitude,longitude,regional,delegacia,uop
308913.0,2020-09-19,sábado,18:10:00,PB,101,87,JOAO PESSOA,Falta de Atenção do Pedestre,Atropelamento de Pedestre,Com Vítimas Feridas,Plena Noite,Decrescente,Céu Claro,Dupla,Declive,Não,2,0,0,1,1,0,1,2,"-7,15886802","-34,90628504",SPRF-PB,DEL01-PB,UOP01-DEL01-PB
308983.0,2020-09-19,sábado,21:40:00,PB,101,93,JOAO PESSOA,Condutor Dormindo,Saída de leito carroçável,Com Vítimas Feridas,Plena Noite,Decrescente,Céu Claro,Simples,Retorno Regulamentado,Não,2,0,1,0,1,0,1,1,"-7,205825","-34,90879",SPRF-PB,DEL01-PB,UOP02-DEL01-PB
308989.0,2020-09-19,sábado,23:00:00,PB,230,4,CABEDELO,Falta de Atenção à Condução,Colisão traseira,Com Vítimas Feridas,Plena Noite,Crescente,Céu Claro,Simples,Reta,Sim,3,0,1,0,0,2,1,3,"-7,0004","-34,8284",SPRF-PB,DEL01-PB,UOP01-DEL01-PB
309018.0,2020-09-20,domingo,01:10:00,PB,104,"95,6",ESPERANCA,Falta de Atenção à Condução,Queda de ocupante de veículo,Com Vítimas Feridas,Plena Noite,Decrescente,Céu Claro,Simples,Reta,Não,1,0,0,1,0,0,1,1,"-7,00474364","-35,85081722",SPRF-PB,DEL02-PB,UOP04-DEL02-PB
309029.0,2020-09-20,domingo,04:30:00,PB,230,59,CRUZ DO ESPIRITO SANTO,Desobediência às normas de trânsito pelo condutor,Colisão transversal,Com Vítimas Feridas,Amanhecer,Crescente,Céu Claro,Dupla,Reta,Não,3,0,2,0,1,0,2,2,"-7,2043","-35,1305",SPRF-PB,DEL01-PB,UOP03-DEL01-PB
309178.0,2020-09-20,domingo,19:05:00,PB,230,"32,3",BAYEUX,Defeito na Via,Queda de ocupante de veículo,Com Vítimas Feridas,Plena Noite,Decrescente,Céu Claro,Simples,Reta,Sim,2,0,1,0,1,0,1,1,"-7,143","-34,9192",SPRF-PB,DEL01-PB,UOP01-DEL01-PB
309190.0,2020-09-20,domingo,18:50:00,PB,230,"12,9",CABEDELO,Não guardar distância de segurança,Colisão traseira,Sem Vítimas,Plena Noite,Crescente,Céu Claro,Dupla,Reta,Sim,2,0,0,0,1,1,0,2,"-7,08031953","-34,84906554",SPRF-PB,DEL01-PB,UOP01-DEL01-PB
309202.0,2020-09-20,domingo,18:45:00,PB,230,122,RIACHAO DO BACAMARTE,Desobediência às normas de trânsito pelo condutor,Atropelamento de Pedestre,Com Vítimas Feridas,Plena Noite,Crescente,Céu Claro,Simples,Reta,Sim,3,0,0,1,1,1,1,2,"-7,2466","-35,6577",SPRF-PB,DEL02-PB,UOP01-DEL02-PB
309205.0,2020-09-20,domingo,20:00:00,PB,110,"76,8",PATOS,Ingestão de Álcool,Saída de leito carroçável,Com Vítimas Fatais,Plena Noite,Crescente,Céu Claro,Simples,Rotatória,Não,1,1,0,0,0,0,0,1,"-6,93528683","-37,40673626",SPRF-PB,DEL03-PB,UOP01-DEL03-PB
309261.0,2020-09-21,segunda-feira,05:15:00,PB,101,"83,5",BAYEUX,Animais na Pista,Atropelamento de Animal,Com Vítimas Feridas,Pleno dia,Decrescente,Céu Claro,Dupla,Reta,Sim,1,0,1,0,0,0,1,1,"-7,1337703","-34,92963914",SPRF-PB,DEL01-PB,UOP01-DEL01-PB
309307.0,2020-09-21,segunda-feira,06:40:00,PB,230,"453,9",SOUSA,Desobediência às normas de trânsito pelo condutor,Colisão frontal,Com Vítimas Feridas,Pleno dia,Decrescente,Céu Claro,Simples,Reta,Não,2,0,0,1,1,0,1,2,"-6,780826","-38,154372",SPRF-PB,DEL03-PB,UOP03-DEL03-PB
309464.0,2020-09-21,segunda-feira,21:30:00,PB,101,90,JOAO PESSOA,Falta de Atenção à Condução,Colisão traseira,Sem Vítimas,Plena Noite,Decrescente,Céu Claro,Dupla,Reta,Não,2,0,0,0,2,0,0,2,"-7,179652","-34,900417",SPRF-PB,DEL01-PB,UOP02-DEL01-PB
309465.0,2020-09-21,segunda-feira,21:20:00,PB,101,82,BAYEUX,Falta de Atenção do Pedestre,Atropelamento de Pedestre,Com Vítimas Fatais,Plena Noite,Crescente,Céu Claro,Dupla,Reta,Sim,4,1,0,0,2,1,0,2,"-7,12911","-34,93714",SPRF-PB,DEL01-PB,UOP01-DEL01-PB
309501.0,2020-09-22,terça-feira,06:40:00,PB,101,85,BAYEUX,Falta de Atenção à Condução,Queda de ocupante de veículo,Com Vítimas Feridas,Pleno dia,Crescente,Céu Claro,Dupla,Reta,Não,2,0,0,1,1,0,1,1,"-7,14538184","-34,91662887",SPRF-PB,DEL01-PB,UOP01-DEL01-PB
309525.0,2020-09-22,terça-feira,09:20:00,PB,230,1,CABEDELO,Falta de Atenção à Condução,Colisão transversal,Com Vítimas Feridas,Pleno dia,Crescente,Céu Claro,Simples,Reta,Sim,2,0,1,0,1,0,1,2,"-6,9753","-34,8318",SPRF-PB,DEL01-PB,UOP01-DEL01-PB
309607.0,2020-09-22,terça-feira,15:50:00,PB,101,84,BAYEUX,Desobediência às normas de trânsito pelo condutor,Colisão frontal,Com Vítimas Feridas,Pleno dia,Crescente,Céu Claro,Dupla,Reta,Não,2,0,0,2,0,0,2,2,"-7,13957906","-34,92312806",SPRF-PB,DEL01-PB,UOP01-DEL01-PB
309614.0,2020-09-22,terça-feira,18:00:00,PB,230,"463,9",SOUSA,Desobediência às normas de trânsito pelo condutor,Colisão transversal,Com Vítimas Feridas,Anoitecer,Crescente,Céu Claro,Simples,Rotatória,Sim,2,0,1,0,1,0,1,2,"-6,7783","-38,2256",SPRF-PB,DEL03-PB,UOP03-DEL03-PB
309631.0,2020-09-22,terça-feira,18:00:00,PB,230,"6,2",CABEDELO,Defeito Mecânico no Veículo,Incêndio,Sem Vítimas,Plena Noite,Crescente,Céu Claro,Simples,Reta,Sim,1,0,0,0,0,1,0,1,"-7,02","-34,8359",SPRF-PB,DEL01-PB,UOP01-DEL01-PB
309891.0,2020-09-24,quinta-feira,08:30:00,PB,230,"22,9",JOAO PESSOA,Não guardar distância de segurança,Colisão traseira,Com Vítimas Feridas,Pleno dia,Decrescente,Sol,Dupla,Reta,Sim,2,0,1,0,1,0,1,2,"-7,1495","-34,8517",SPRF-PB,DEL01-PB,UOP01-DEL01-PB
309900.0,2020-09-24,quinta-feira,08:25:00,PB,101,"87,8",JOAO PESSOA,Falta de Atenção à Condução,Colisão com objeto estático,Com Vítimas Feridas,Pleno dia,Decrescente,Céu Claro,Dupla,Reta,Sim,2,0,1,0,1,0,1,2,"-7,15886802","-34,90628504",SPRF-PB,DEL01-PB,UOP01-DEL01-PB
309978.0,2020-09-24,quinta-feira,17:20:00,PB,230,"155,3",CAMPINA GRANDE,Falta de Atenção à Condução,Colisão transversal,Com Vítimas Feridas,Anoitecer,Decrescente,Céu Claro,Simples,Reta,Sim,2,0,1,0,1,0,1,2,"-7,2748","-35,9058",SPRF-PB,DEL02-PB,UOP01-DEL02-PB
309991.0,2020-09-24,quinta-feira,17:30:00,PB,230,"19,3",JOAO PESSOA,Desobediência às normas de trânsito pelo pedestre,Atropelamento de Pedestre,Com Vítimas Feridas,Anoitecer,Crescente,Céu Claro,Dupla,Reta,Sim,2,0,0,1,0,1,1,2,"-7,13168727","-34,85291546",SPRF-PB,DEL01-PB,UOP01-DEL01-PB
310068.0,2020-09-25,sexta-feira,05:55:00,PB,230,57,CRUZ DO ESPIRITO SANTO,Falta de Atenção à Condução,Colisão traseira,Sem Vítimas,Pleno dia,Decrescente,Céu Claro,Dupla,Aclive,Não,2,0,0,0,2,0,0,2,"-7,2028","-35,1125",SPRF-PB,DEL01-PB,UOP03-DEL01-PB
310077.0,2020-09-24,quinta-feira,22:05:00,PB,0,0,MONTEIRO,Desobediência às normas de trânsito pelo condutor,Colisão frontal,Com Vítimas Fatais,Plena Noite,Não Informado,Céu Claro,Simples,Reta,Sim,3,1,0,0,2,0,0,2,"-7,899199","-37,132707",SPRF-PB,DEL02-PB,UOP02-DEL02-PB
310140.0,2020-09-21,segunda-feira,07:30:00,PB,101,84,BAYEUX,Não guardar distância de segurança,Colisão traseira,Sem Vítimas,Pleno dia,Decrescente,Céu Claro,Dupla,Reta,Não,2,0,0,0,2,0,0,2,"-7,13957906","-34,92312806",SPRF-PB,DEL01-PB,UOP01-DEL01-PB
310160.0,2020-09-25,sexta-feira,16:00:00,PB,230,23,JOAO PESSOA,Não guardar distância de segurança,Colisão traseira,Com Vítimas Feridas,Pleno dia,Decrescente,Céu Claro,Dupla,Viaduto,Sim,3,0,1,1,1,0,2,2,"-7,1562","-34,8574",SPRF-PB,DEL01-PB,UOP01-DEL01-PB
310179.0,2020-09-07,segunda-feira,17:30:00,PB,104,"95,2",ESPERANCA,Não guardar distância de segurança,Colisão traseira,Com Vítimas Feridas,Anoitecer,Crescente,Vento,Simples,Reta,Não,2,0,0,2,0,0,2,2,"-7,00474364","-35,85081722",SPRF-PB,DEL02-PB,UOP04-DEL02-PB
310206.0,2020-09-25,sexta-feira,18:20:00,PB,230,"68,3",SOBRADO,Falta de Atenção à Condução,Engavetamento,Com Vítimas Feridas,Plena Noite,Crescente,Ignorado,Dupla,Reta,Não,3,0,1,0,1,1,1,3,"-7,19135326","-35,22145802",SPRF-PB,DEL01-PB,UOP03-DEL01-PB
310333.0,2020-09-26,sábado,08:40:00,PB,230,11,CABEDELO,Desobediência às normas de trânsito pelo condutor,Colisão traseira,Sem Vítimas,Pleno dia,Decrescente,Céu Claro,Dupla,Reta,Sim,2,0,0,0,2,0,0,2,"-7,0596","-34,8506",SPRF-PB,DEL01-PB,UOP01-DEL01-PB
310371.0,2020-09-26,sábado,12:30:00,PB,230,"71,7",SOBRADO,Defeito na Via,Colisão traseira,Com Vítimas Feridas,Pleno dia,Crescente,Céu Claro,Dupla,Reta,Não,2,0,1,0,1,0,1,2,"-7,1913","-35,2333",SPRF-PB,DEL01-PB,UOP03-DEL01-PB
310567.0,2020-09-27,domingo,07:50:00,PB,230,401,POMBAL,Falta de Atenção à Condução,Tombamento,Com Vítimas Feridas,Pleno dia,Decrescente,Sol,Simples,Aclive;Reta,Não,1,0,0,1,0,0,1,1,"-6,8152","-37,7667",SPRF-PB,DEL03-PB,UOP02-DEL03-PB
310574.0,2020-09-27,domingo,08:30:00,PB,101,97,ALHANDRA,Falta de Atenção à Condução,Colisão traseira,Sem Vítimas,Pleno dia,Decrescente,Céu Claro,Dupla,Reta,Não,3,0,0,0,3,0,0,2,"-7,23846306","-34,9268519",SPRF-PB,DEL01-PB,UOP02-DEL01-PB
310741.0,2020-09-27,domingo,18:30:00,PB,230,101,GURINHEM,Falta de Atenção à Condução,Queda de ocupante de veículo,Com Vítimas Feridas,Plena Noite,Crescente,Céu Claro,Dupla,Reta,Não,2,0,0,2,0,0,2,2,"-7,1973","-35,4885",SPRF-PB,DEL01-PB,UOP03-DEL01-PB
310822.0,2020-09-28,segunda-feira,07:30:00,PB,230,"23,7",JOAO PESSOA,Não guardar distância de segurança,Colisão traseira,Com Vítimas Feridas,Pleno dia,Decrescente,Céu Claro,Dupla,Aclive,Sim,4,0,1,0,3,0,1,3,"-7,1562","-34,8574",SPRF-PB,DEL01-PB,UOP01-DEL01-PB
310826.0,2020-09-28,segunda-feira,07:45:00,PB,230,137,MASSARANDUBA,Pista Escorregadia,Saída de leito carroçável,Com Vítimas Feridas,Pleno dia,Crescente,Garoa/Chuvisco,Dupla,Curva,Não,2,0,2,0,0,0,2,1,"-7,27099276","-35,78611851",SPRF-PB,DEL02-PB,UOP01-DEL02-PB
310836.0,2020-09-28,segunda-feira,08:00:00,PB,230,"122,9",RIACHAO DO BACAMARTE,Falta de Atenção à Condução,Saída de leito carroçável,Com Vítimas Feridas,Pleno dia,Crescente,Chuva,Dupla,Reta,Não,1,0,1,0,0,0,1,1,"-7,2466","-35,6577",SPRF-PB,DEL02-PB,UOP01-DEL02-PB
310869.0,2020-09-28,segunda-feira,11:40:00,PB,230,"157,5",CAMPINA GRANDE,Falta de Atenção à Condução,Tombamento,Com Vítimas Feridas,Pleno dia,Decrescente,Sol,Simples,Reta,Não,1,0,1,0,0,0,1,1,"-7,264","-35,9199",SPRF-PB,DEL02-PB,UOP01-DEL02-PB
310892.0,2020-09-28,segunda-feira,13:25:00,PB,230,496,CAJAZEIRAS,Desobediência às normas de trânsito pelo condutor,Colisão transversal,Com Vítimas Fatais,Pleno dia,Crescente,Sol,Simples,Reta,Não,2,1,0,0,1,0,0,2,"-6,89267992","-38,48412221",SPRF-PB,DEL03-PB,UOP03-DEL03-PB
310923.0,2020-09-28,segunda-feira,17:00:00,PB,230,159,CAMPINA GRANDE,Falta de Atenção à Condução,Colisão transversal,Com Vítimas Feridas,Pleno dia,Decrescente,Céu Claro,Simples,Interseção de Vias,Não,2,0,1,0,1,0,1,2,"-7,252","-35,9334",SPRF-PB,DEL02-PB,UOP01-DEL02-PB
311016.0,2020-09-29,terça-feira,09:00:00,PB,230,36,SANTA RITA,Pista Escorregadia,Queda de ocupante de veículo,Com Vítimas Feridas,Pleno dia,Crescente,Céu Claro,Simples,Curva,Sim,1,0,1,0,0,0,1,1,"-7,1246","-34,9473",SPRF-PB,DEL01-PB,UOP03-DEL01-PB
311104.0,2020-09-29,terça-feira,17:45:00,PB,230,"43,4",SANTA RITA,Animais na Pista,Atropelamento de Animal,Com Vítimas Feridas,Anoitecer,Decrescente,Céu Claro,Dupla,Reta,Não,1,0,1,0,0,0,1,1,"-7,1479","-35,0029",SPRF-PB,DEL01-PB,UOP03-DEL01-PB
311118.0,2020-09-29,terça-feira,19:10:00,PB,104,"186,4",ALCANTIL,Defeito Mecânico no Veículo,Colisão traseira,Com Vítimas Feridas,Plena Noite,Crescente,Céu Claro,Simples,Aclive,Não,4,0,3,0,0,1,3,2,"-7,68863293","-36,06166381",SPRF-PB,DEL02-PB,UOP03-DEL02-PB
311372.0,2020-10-01,quinta-feira,08:00:00,PB,230,"106,1",INGA,Condutor Dormindo,Saída de leito carroçável,Com Vítimas Feridas,Pleno dia,Decrescente,Céu Claro,Dupla,Reta,Sim,1,0,1,0,0,0,1,1,"-7,2083","-35,5318",SPRF-PB,DEL01-PB,UOP03-DEL01-PB
311428.0,2020-10-01,quinta-feira,14:15:00,PB,104,141,QUEIMADAS,Desobediência às normas de trânsito pelo condutor,Colisão frontal,Com Vítimas Feridas,Pleno dia,Crescente,Céu Claro,Simples,Reta,Sim,2,0,1,0,1,0,1,2,"-7,38695208","-35,89595074",SPRF-PB,DEL02-PB,UOP03-DEL02-PB
311564.0,2020-08-29,sábado,01:40:00,PB,230,"43,5",SANTA RITA,Ingestão de Álcool,Saída de leito carroçável,Com Vítimas Feridas,Plena Noite,Crescente,Chuva,Dupla,Reta,Não,1,0,0,1,0,0,1,1,"-7,1479","-35,0029",SPRF-PB,DEL01-PB,UOP03-DEL01-PB
311657.0,2020-10-02,sexta-feira,16:30:00,PB,101,"99,2",CONDE,Desobediência às normas de trânsito pelo condutor,Colisão transversal,Com Vítimas Feridas,Pleno dia,Decrescente,Sol,Dupla,Reta,Não,2,0,1,0,1,0,1,2,"-7,2557332","-34,93469152",SPRF-PB,DEL01-PB,UOP02-DEL01-PB
311909.0,2020-10-03,sábado,15:10:00,PB,230,511,CAJAZEIRAS,Desobediência às normas de trânsito pelo condutor,Colisão transversal,Sem Vítimas,Pleno dia,Crescente,Céu Claro,Simples,Reta;Aclive,Não,2,0,0,0,1,1,0,2,"-6,88635","-38,614112",SPRF-PB,DEL03-PB,UOP03-DEL03-PB
311982.0,2020-10-03,sábado,18:40:00,PB,230,"480,2",MARIZOPOLIS,Falta de Atenção à Condução,Tombamento,Com Vítimas Feridas,Plena Noite,Crescente,Céu Claro,Simples,Interseção de Vias;Reta;Declive,Não,1,0,0,1,0,0,1,1,"-6,8436","-38,3416",SPRF-PB,DEL03-PB,UOP03-DEL03-PB
312026.0,2020-10-03,sábado,21:30:00,PB,230,"158,2",CAMPINA GRANDE,Desobediência às normas de trânsito pelo condutor,Colisão transversal,Com Vítimas Feridas,Plena Noite,Decrescente,Vento,Dupla,Retorno Regulamentado,Sim,4,0,0,1,2,1,1,3,"-7,25697629","-35,92817903",SPRF-PB,DEL02-PB,UOP01-DEL02-PB
312052.0,2020-10-03,sábado,23:20:00,PB,104,"3,7",NOVA FLORESTA,Desobediência às normas de trânsito pelo condutor,Capotamento,Com Vítimas Feridas,Plena Noite,Decrescente,Nublado,Simples,Reta,Sim,2,0,1,0,1,0,1,1,"-6,45620812","-36,19885002",SPRF-PB,DEL02-PB,UOP04-DEL02-PB
312127.0,2020-10-04,domingo,11:55:00,PB,101,"57,1",SANTA RITA,Avarias e/ou desgaste excessivo no pneu,Queda de ocupante de veículo,Com Vítimas Feridas,Pleno dia,Crescente,Céu Claro,Dupla,Reta,Não,1,0,0,1,0,0,1,1,"-6,97775678","-35,0777086",SPRF-PB,DEL01-PB,UOP04-DEL01-PB
312202.0,2020-10-04,domingo,19:45:00,PB,101,96,CONDE,Falta de Atenção à Condução,Queda de ocupante de veículo,Com Vítimas Feridas,Plena Noite,Decrescente,Céu Claro,Dupla,Reta;Aclive,Não,2,0,1,1,0,0,2,1,"-7,230921","-34,921149",SPRF-PB,DEL01-PB,UOP02-DEL01-PB
312210.0,2020-10-04,domingo,18:40:00,PB,230,152,CAMPINA GRANDE,Ingestão de Álcool,Colisão frontal,Com Vítimas Feridas,Plena Noite,Decrescente,Céu Claro,Simples,Reta,Sim,2,0,1,0,0,1,1,2,"-7,2688","-35,8837",SPRF-PB,DEL02-PB,UOP01-DEL02-PB
312222.0,2020-10-04,domingo,20:20:00,PB,101,"12,3",MAMANGUAPE,Desobediência às normas de trânsito pelo condutor,Colisão transversal,Com Vítimas Feridas,Plena Noite,Crescente,Céu Claro,Dupla,Declive,Sim,2,0,0,1,1,0,1,2,"-6,60110408","-35,14339905",SPRF-PB,DEL01-PB,UOP04-DEL01-PB
312237.0,2020-10-04,domingo,18:30:00,PB,405,"51,2",MARIZOPOLIS,Desobediência às normas de trânsito pelo condutor,Colisão frontal,Com Vítimas Feridas,Plena Noite,Crescente,Céu Claro,Simples,Aclive,Não,2,0,0,1,0,1,1,2,"-6,845705","-38,364094",SPRF-PB,DEL03-PB,UOP03-DEL03-PB
312299.0,2020-10-05,segunda-feira,06:20:00,PB,101,81,BAYEUX,Falta de Atenção à Condução,Queda de ocupante de veículo,Com Vítimas Feridas,Pleno dia,Crescente,Nublado,Dupla,Reta,Não,2,0,0,1,0,1,1,1,"-7,12508575","-34,94513217",SPRF-PB,DEL01-PB,UOP01-DEL01-PB
312322.0,2020-10-05,segunda-feira,08:00:00,PB,101,82,SANTA RITA,Falta de Atenção à Condução,Tombamento,Com Vítimas Feridas,Pleno dia,Decrescente,Garoa/Chuvisco,Dupla,Reta,Sim,1,0,1,0,0,0,1,1,"-7,12911","-34,93714",SPRF-PB,DEL01-PB,UOP01-DEL01-PB
312332.0,2020-10-05,segunda-feira,05:00:00,PB,230,"472,9",SOUSA,Deficiência ou não Acionamento do Sistema de Iluminação/Sinalização do Veículo,Colisão traseira,Com Vítimas Fatais,Amanhecer,Decrescente,Céu Claro,Simples,Reta,Não,2,1,0,0,1,0,0,2,"-6,817","-38,312",SPRF-PB,DEL03-PB,UOP03-DEL03-PB
312342.0,2020-10-05,segunda-feira,09:15:00,PB,101,83,BAYEUX,Não guardar distância de segurança,Engavetamento,Com Vítimas Feridas,Pleno dia,Decrescente,Céu Claro,Simples,Viaduto,Sim,5,0,1,0,4,0,1,4,"-7,1315344","-34,93236803",SPRF-PB,DEL01-PB,UOP01-DEL01-PB
312346.0,2020-10-05,segunda-feira,08:45:00,PB,101,"105,8",ALHANDRA,Velocidade Incompatível,Colisão com objeto estático,Com Vítimas Feridas,Pleno dia,Crescente,Chuva,Dupla,Curva,Não,1,0,1,0,0,0,1,1,"-7,30814609","-34,94344185",SPRF-PB,DEL01-PB,UOP02-DEL01-PB
312402.0,2020-10-05,segunda-feira,16:10:00,PB,230,"74,9",SAO MIGUEL DE TAIPU,Desobediência às normas de trânsito pelo condutor,Colisão lateral,Com Vítimas Feridas,Pleno dia,Decrescente,Céu Claro,Dupla,Retorno Regulamentado;Reta,Não,2,0,0,1,1,0,1,2,"-7,1894","-35,2596",SPRF-PB,DEL01-PB,UOP03-DEL01-PB
312457.0,2020-10-05,segunda-feira,21:30:00,PB,230,4,CABEDELO,Desobediência às normas de trânsito pelo condutor,Colisão transversal,Com Vítimas Feridas,Plena Noite,Decrescente,Céu Claro,Simples,Reta,Sim,2,0,0,1,1,0,1,2,"-7,0004","-34,8284",SPRF-PB,DEL01-PB,UOP01-DEL01-PB
312508.0,2020-10-06,terça-feira,07:30:00,PB,230,"26,9",JOAO PESSOA,Desobediência às normas de trânsito pelo condutor,Engavetamento,Sem Vítimas,Pleno dia,Crescente,Céu Claro,Dupla,Reta,Sim,4,0,0,0,4,0,0,4,"-7,16670007","-34,8873728",SPRF-PB,DEL01-PB,UOP01-DEL01-PB
312524.0,2020-10-06,terça-feira,09:10:00,PB,230,377,CONDADO,Não guardar distância de segurança,Colisão traseira,Sem Vítimas,Pleno dia,Crescente,Céu Claro,Simples,Curva,Não,6,0,0,0,6,0,0,2,"-6,9121","-37,6094",SPRF-PB,DEL03-PB,UOP02-DEL03-PB
312680.0,2020-10-07,quarta-feira,07:45:00,PB,104,137,QUEIMADAS,Falta de Atenção à Condução,Colisão transversal,Com Vítimas Feridas,Pleno dia,Decrescente,Céu Claro,Simples,Reta,Não,3,0,1,1,1,0,2,2,"-7,352277","-35,90094",SPRF-PB,DEL02-PB,UOP03-DEL02-PB
312843.0,2020-10-08,quinta-feira,01:15:00,PB,230,"505,9",CAJAZEIRAS,Ingestão de álcool e/ou substâncias psicoativas pelo pedestre,Atropelamento de Pedestre,Com Vítimas Fatais,Plena Noite,Crescente,Céu Claro,Simples,Aclive,Sim,2,1,0,0,0,1,0,2,"-6,8995","-38,5494",SPRF-PB,DEL03-PB,UOP03-DEL03-PB
312877.0,2020-10-08,quinta-feira,08:15:00,PB,230,18,JOAO PESSOA,Falta de Atenção à Condução,Colisão traseira,Com Vítimas Feridas,Pleno dia,Decrescente,Céu Claro,Dupla,Reta,Não,3,0,2,0,1,0,2,2,"-7,1198","-34,8453",SPRF-PB,DEL01-PB,UOP01-DEL01-PB
312884.0,2020-10-08,quinta-feira,08:40:00,PB,230,21,JOAO PESSOA,Falta de Atenção à Condução,Colisão traseira,Sem Vítimas,Pleno dia,Decrescente,Céu Claro,Dupla,Reta,Não,2,0,0,0,2,0,0,2,"-7,1415","-34,8519",SPRF-PB,DEL01-PB,UOP01-DEL01-PB
312940.0,2020-08-20,quinta-feira,10:00:00,PB,230,"23,9",JOAO PESSOA,Falta de Atenção à Condução,Tombamento,Com Vítimas Feridas,Pleno dia,Decrescente,Céu Claro,Dupla,Reta,Não,1,0,1,0,0,0,1,1,"-7,1562","-34,8574",SPRF-PB,DEL01-PB,UOP01-DEL01-PB
312991.0,2020-10-08,quinta-feira,19:30:00,PB,230,36,SANTA RITA,Pista Escorregadia,Tombamento,Com Vítimas Feridas,Plena Noite,Crescente,Céu Claro,Dupla,Aclive,Sim,2,0,2,0,0,0,2,1,"-7,1246","-34,9473",SPRF-PB,DEL01-PB,UOP03-DEL01-PB
313004.0,2020-10-08,quinta-feira,19:45:00,PB,230,"85,9",GURINHEM,Defeito na Via,Tombamento,Com Vítimas Feridas,Plena Noite,Decrescente,Céu Claro,Dupla,Declive,Não,4,0,2,0,2,0,2,1,"-7,1652","-35,3534",SPRF-PB,DEL01-PB,UOP03-DEL01-PB
313020.0,2020-10-08,quinta-feira,22:45:00,PB,101,95,ALHANDRA,Desobediência às normas de trânsito pelo condutor,Colisão lateral,Sem Vítimas,Pleno dia,Crescente,Céu Claro,Dupla,Declive,Não,2,0,0,0,1,1,0,2,"-7,22379403","-34,91488195",SPRF-PB,DEL01-PB,UOP02-DEL01-PB
313027.0,2020-08-05,quarta-feira,15:20:00,PB,230,356,PATOS,Falta de Atenção à Condução,Colisão transversal,Com Vítimas Fatais,Pleno dia,Crescente,Céu Claro,Simples,Reta,Sim,3,1,0,0,2,0,0,2,"-6,9258","-37,4284",SPRF-PB,DEL03-PB,UOP02-DEL03-PB
313140.0,2020-10-09,sexta-feira,13:30:00,PB,405,"10,1",UIRAUNA,Desobediência às normas de trânsito pelo condutor,Colisão lateral,Com Vítimas Fatais,Pleno dia,Decrescente,Sol,Simples,Reta,Não,2,1,0,0,1,0,0,2,"-6,532937","-38,414419",SPRF-PB,DEL03-PB,UOP03-DEL03-PB
313212.0,2020-10-09,sexta-feira,18:14:00,PB,230,20,JOAO PESSOA,Defeito Mecânico no Veículo,Incêndio,Sem Vítimas,Plena Noite,Crescente,Céu Claro,Dupla,Reta,Não,1,0,0,0,1,0,0,1,"-7,1337","-34,8544",SPRF-PB,DEL01-PB,UOP01-DEL01-PB
313292.0,2020-10-09,sexta-feira,22:15:00,PB,101,"63,8",SANTA RITA,Condutor Dormindo,Saída de leito carroçável,Com Vítimas Feridas,Plena Noite,Crescente,Céu Claro,Dupla,Reta,Não,1,0,1,0,0,0,1,1,"-7,02710902","-35,05990203",SPRF-PB,DEL01-PB,UOP04-DEL01-PB
313505.0,2020-10-10,sábado,16:15:00,PB,230,"39,9",SANTA RITA,Falta de Atenção do Pedestre,Atropelamento de Pedestre,Com Vítimas Feridas,Pleno dia,Crescente,Sol,Dupla,Reta;Aclive,Não,5,0,0,1,4,0,1,2,"-7,14198","-34,980113",SPRF-PB,DEL01-PB,UOP03-DEL01-PB
313511.0,2020-10-10,sábado,14:00:00,PB,104,"96,7",ESPERANCA,Falta de Atenção à Condução,Colisão transversal,Com Vítimas Feridas,Pleno dia,Decrescente,Sol,Simples,Reta,Sim,3,0,0,1,1,1,1,3,"-7,017547","-35,857201",SPRF-PB,DEL02-PB,UOP04-DEL02-PB
313556.0,2020-10-10,sábado,13:30:00,PB,361,"31,3",SANTA TERESINHA,Falta de Atenção à Condução,Saída de leito carroçável,Com Vítimas Feridas,Pleno dia,Decrescente,Sol,Simples,Reta,Não,2,0,0,2,0,0,2,1,"-7,0877","-37,514106",SPRF-PB,DEL03-PB,UOP01-DEL03-PB
313762.0,2020-10-10,sábado,23:10:00,PB,230,"55,1",CRUZ DO ESPIRITO SANTO,Ingestão de Álcool,Tombamento,Com Vítimas Feridas,Plena Noite,Decrescente,Céu Claro,Dupla,Reta,Não,2,0,2,0,0,0,2,1,"-7,2014","-35,0943",SPRF-PB,DEL01-PB,UOP03-DEL01-PB
314064.0,2020-10-11,domingo,15:30:00,PB,230,28,JOAO PESSOA,Desobediência às normas de trânsito pelo pedestre,Atropelamento de Pedestre,Com Vítimas Feridas,Pleno dia,Decrescente,Sol,Dupla,Reta,Sim,3,0,1,0,2,0,1,2,"-7,1651","-34,8941",SPRF-PB,DEL01-PB,UOP01-DEL01-PB
314112.0,2020-10-11,domingo,17:00:00,PB,101,21,MAMANGUAPE,Defeito Mecânico no Veículo,Incêndio,Sem Vítimas,Amanhecer,Crescente,Céu Claro,Dupla,Reta,Não,1,0,0,0,1,0,0,1,"-6,67218202","-35,11323207",SPRF-PB,DEL01-PB,UOP04-DEL01-PB