id,data_inversa,dia_semana,horario,uf,br,km,municipio,causa_acidente,tipo_acidente,classificacao_acidente,fase_dia,sentido_via,condicao_metereologica,tipo_pista,tracado_via,uso_solo,pessoas,mortos,feridos_leves,feridos_graves,ilesos,ignorados,feridos,veiculos,latitude,longitude,regional,delegacia,uop
314123.0,2020-10-11,domingo,18:20:00,PB,101,53,SANTA RITA,Defeito Mecânico no Veículo,Incêndio,Sem Vítimas,Plena Noite,Decrescente,Céu Claro,Simples,Aclive,Não,1,0,0,0,0,1,0,1,"-6,94606786","-35,09493776",SPRF-PB,DEL01-PB,UOP04-DEL01-PB
314309.0,2020-10-12,segunda-feira,15:47:00,PB,101,84,BAYEUX,Não guardar distância de segurança,Engavetamento,Com Vítimas Feridas,Pleno dia,Decrescente,Céu Claro,Dupla,Reta,Sim,5,0,1,0,4,0,1,4,"-7,13957906","-34,92312806",SPRF-PB,DEL01-PB,UOP01-DEL01-PB
314382.0,2020-10-12,segunda-feira,19:15:00,PB,230,"11,2",CABEDELO,Desobediência às normas de trânsito pelo condutor,Colisão lateral,Com Vítimas Feridas,Plena Noite,Decrescente,Céu Claro,Dupla,Interseção de Vias,Sim,2,0,1,0,1,0,1,2,"-7,0596","-34,8506",SPRF-PB,DEL01-PB,UOP01-DEL01-PB
314493.0,2020-10-13,terça-feira,04:40:00,PB,230,"249,9",JUAZEIRINHO,Falta de Atenção à Condução,Colisão traseira,Sem Vítimas,Amanhecer,Crescente,Céu Claro,Simples,Interseção de Vias,Sim,3,0,0,0,0,3,0,2,"-7,0661","-36,6441",SPRF-PB,DEL02-PB,UOP02-DEL02-PB
314639.0,2020-10-13,terça-feira,18:30:00,PB,230,"166,4",CAMPINA GRANDE,Ingestão de Álcool,Atropelamento de Pedestre,Com Vítimas Feridas,Plena Noite,Decrescente,Céu Claro,Simples,Curva,Sim,2,0,2,0,0,0,2,2,"-7,1976","-35,955",SPRF-PB,DEL02-PB,UOP02-DEL02-PB
314782.0,2020-10-14,quarta-feira,18:40:00,PB,230,44,SANTA RITA,Defeito Mecânico no Veículo,Tombamento,Com Vítimas Feridas,Plena Noite,Decrescente,Céu Claro,Dupla,Reta,Não,2,0,2,0,0,0,2,1,"-7,1531","-35,0102",SPRF-PB,DEL01-PB,UOP03-DEL01-PB
314800.0,2020-10-14,quarta-feira,19:00:00,PB,104,49,BARRA DE SANTA ROSA,Desobediência às normas de trânsito pelo condutor,Colisão frontal,Com Vítimas Fatais,Plena Noite,Decrescente,Céu Claro,Simples,Reta,Não,3,1,0,1,1,0,1,2,"-6,77239914","-36,00633189",SPRF-PB,DEL02-PB,UOP04-DEL02-PB
314814.0,2020-10-14,quarta-feira,22:15:00,PB,230,"158,7",CAMPINA GRANDE,Desobediência às normas de trânsito pelo condutor,Colisão transversal,Sem Vítimas,Plena Noite,Decrescente,Céu Claro,Simples,Reta;Rotatória,Sim,2,0,0,0,2,0,0,2,"-7,2582","-35,9267",SPRF-PB,DEL02-PB,UOP01-DEL02-PB
314874.0,2020-10-15,quinta-feira,08:46:00,PB,101,"102,5",ALHANDRA,Defeito Mecânico no Veículo,Colisão com objeto estático,Com Vítimas Feridas,Pleno dia,Crescente,Nublado,Dupla,Reta,Sim,1,0,0,1,0,0,1,1,"-7,28265304","-34,9393864",SPRF-PB,DEL01-PB,UOP02-DEL01-PB
314876.0,2020-10-15,quinta-feira,09:00:00,PB,230,21,JOAO PESSOA,Falta de Atenção à Condução,Colisão traseira,Com Vítimas Feridas,Pleno dia,Decrescente,Céu Claro,Dupla,Reta,Sim,2,0,1,0,1,0,1,2,"-7,1415","-34,8519",SPRF-PB,DEL01-PB,UOP01-DEL01-PB
314957.0,2020-10-15,quinta-feira,17:00:00,PB,101,90,JOAO PESSOA,Não guardar distância de segurança,Colisão lateral,Com Vítimas Feridas,Pleno dia,Crescente,Sol,Dupla,Reta;Retorno Regulamentado;Interseção de Vias,Sim,2,0,1,0,1,0,1,2,"-7,18046387","-34,90063732",SPRF-PB,DEL01-PB,UOP02-DEL01-PB
315047.0,2020-10-16,sexta-feira,07:20:00,PB,230,"165,9",CAMPINA GRANDE,Falta de Atenção do Pedestre,Atropelamento de Pedestre,Com Vítimas Feridas,Pleno dia,Decrescente,Sol,Simples,Reta,Sim,2,0,1,0,1,0,1,2,"-7,20238559","-35,95176101",SPRF-PB,DEL02-PB,UOP02-DEL02-PB
315061.0,2020-10-16,sexta-feira,09:00:00,PB,230,12,CABEDELO,Falta de Atenção à Condução,Colisão lateral,Sem Vítimas,Pleno dia,Decrescente,Céu Claro,Dupla,Reta,Sim,2,0,0,0,1,1,0,2,"-7,068","-34,85",SPRF-PB,DEL01-PB,UOP01-DEL01-PB
315117.0,2020-10-16,sexta-feira,15:10:00,PB,230,9,CABEDELO,Desobediência às normas de trânsito pelo condutor,Colisão lateral,Com Vítimas Feridas,Pleno dia,Crescente,Céu Claro,Dupla,Interseção de Vias,Sim,3,0,2,0,1,0,2,2,"-7,0433","-34,8466",SPRF-PB,DEL01-PB,UOP01-DEL01-PB
315224.0,2020-10-16,sexta-feira,23:50:00,PB,230,19,JOAO PESSOA,Ingestão de Álcool,Colisão com objeto estático,Sem Vítimas,Plena Noite,Crescente,Chuva,Dupla,Reta,Não,1,0,0,0,1,0,0,1,"-7,1281","-34,8466",SPRF-PB,DEL01-PB,UOP01-DEL01-PB
315451.0,2020-10-18,domingo,00:20:00,PB,104,"116,8",LAGOA SECA,Falta de Atenção à Condução,Colisão lateral,Com Vítimas Feridas,Plena Noite,Crescente,Vento,Simples,Reta,Não,3,0,0,2,0,1,2,2,"-7,17942622","-35,86376953",SPRF-PB,DEL02-PB,UOP04-DEL02-PB
315457.0,2020-10-17,sábado,19:30:00,PB,361,"83,5",PIANCO,Ingestão de Álcool,Colisão frontal,Com Vítimas Feridas,Plena Noite,Decrescente,Céu Claro,Simples,Reta,Sim,2,0,0,1,1,0,1,2,"-7,1891707","-37,92068612",SPRF-PB,DEL03-PB,UOP01-DEL03-PB
315475.0,2020-10-18,domingo,04:00:00,PB,361,"6,9",PATOS,Falta de Atenção à Condução,Colisão traseira,Com Vítimas Fatais,Plena Noite,Crescente,Céu Claro,Simples,Declive,Sim,2,1,1,0,0,0,1,2,"-7,0357","-37,309257",SPRF-PB,DEL03-PB,UOP01-DEL03-PB
315509.0,2020-10-18,domingo,06:30:00,PB,230,"9,7",CABEDELO,Falta de Atenção à Condução,Colisão com objeto estático,Sem Vítimas,Pleno dia,Decrescente,Sol,Dupla,Desvio Temporário,Sim,2,0,0,0,0,2,0,2,"-7,05031107","-34,84940085",SPRF-PB,DEL01-PB,UOP01-DEL01-PB
315515.0,2020-10-18,domingo,08:30:00,PB,230,148,CAMPINA GRANDE,Pista Escorregadia,Queda de ocupante de veículo,Com Vítimas Feridas,Pleno dia,Crescente,Céu Claro,Múltipla,Rotatória,Sim,2,0,2,0,0,0,2,1,"-7,238","-35,8656",SPRF-PB,DEL02-PB,UOP01-DEL02-PB
315613.0,2020-10-18,domingo,18:00:00,PB,230,"2,6",CABEDELO,Falta de Atenção à Condução,Colisão transversal,Com Vítimas Feridas,Plena Noite,Crescente,Céu Claro,Dupla,Retorno Regulamentado;Reta,Sim,2,0,1,0,1,0,1,2,"-6,99056582","-34,82871121",SPRF-PB,DEL01-PB,UOP01-DEL01-PB
315616.0,2020-10-04,domingo,10:20:00,PB,361,"51,1",CATINGUEIRA,Ultrapassagem Indevida,Saída de leito carroçável,Com Vítimas Feridas,Pleno dia,Decrescente,Céu Claro,Simples,Curva,Não,2,0,1,0,0,1,1,2,"-7,15471402","-37,661826",SPRF-PB,DEL03-PB,UOP01-DEL03-PB
315636.0,2020-10-18,domingo,18:30:00,PB,110,"187,9",MONTEIRO,Ingestão de Álcool,Colisão lateral,Com Vítimas Feridas,Plena Noite,Crescente,Céu Claro,Simples,Reta,Não,2,0,0,1,1,0,1,2,"-7,9247564","-37,16802982",SPRF-PB,DEL02-PB,UOP02-DEL02-PB
315742.0,2020-10-19,segunda-feira,12:15:00,PB,230,17,JOAO PESSOA,Falta de Atenção à Condução,Queda de ocupante de veículo,Com Vítimas Feridas,Pleno dia,Decrescente,Céu Claro,Dupla,Reta,Não,1,0,1,0,0,0,1,1,"-7,1121","-34,8426",SPRF-PB,DEL01-PB,UOP01-DEL01-PB
315774.0,2020-10-19,segunda-feira,17:10:00,PB,101,36,MAMANGUAPE,Objeto estático sobre o leito carroçável,Queda de ocupante de veículo,Com Vítimas Feridas,Anoitecer,Crescente,Céu Claro,Dupla,Reta,Não,2,0,2,0,0,0,2,1,"-6,80268217","-35,13987546",SPRF-PB,DEL01-PB,UOP04-DEL01-PB
315779.0,2020-10-19,segunda-feira,14:45:00,PB,104,59,BARRA DE SANTA ROSA,Velocidade Incompatível,Saída de leito carroçável,Com Vítimas Feridas,Pleno dia,Decrescente,Céu Claro,Simples,Curva,Não,3,0,1,1,1,0,2,1,"-6,79960098","-35,95593294",SPRF-PB,DEL02-PB,UOP04-DEL02-PB
315983.0,2020-10-20,terça-feira,17:40:00,PB,230,16,JOAO PESSOA,Não guardar distância de segurança,Colisão traseira,Com Vítimas Feridas,Anoitecer,Crescente,Céu Claro,Dupla,Reta,Sim,3,0,2,0,1,0,2,2,"-7,1039","-34,8458",SPRF-PB,DEL01-PB,UOP01-DEL01-PB
316062.0,2020-10-21,quarta-feira,05:35:00,PB,230,24,JOAO PESSOA,Não guardar distância de segurança,Colisão traseira,Com Vítimas Feridas,Pleno dia,Decrescente,Chuva,Dupla,Viaduto;Aclive;Reta,Sim,2,0,1,0,1,0,1,2,"-7,1637","-34,8618",SPRF-PB,DEL01-PB,UOP01-DEL01-PB
316064.0,2020-10-21,quarta-feira,06:25:00,PB,101,"12,9",MAMANGUAPE,Pista Escorregadia,Queda de ocupante de veículo,Com Vítimas Feridas,Pleno dia,Crescente,Garoa/Chuvisco,Dupla,Aclive;Curva,Não,1,0,1,0,0,0,1,1,"-6,60110408","-35,14339905",SPRF-PB,DEL01-PB,UOP04-DEL01-PB
316165.0,2020-10-21,quarta-feira,16:30:00,PB,101,"80,7",SANTA RITA,Velocidade Incompatível,Colisão traseira,Com Vítimas Fatais,Pleno dia,Crescente,Garoa/Chuvisco,Dupla,Curva,Sim,2,1,0,0,1,0,0,2,"-7,11753704","-34,94951428",SPRF-PB,DEL01-PB,UOP04-DEL01-PB
316191.0,2020-10-21,quarta-feira,18:50:00,PB,230,"19,7",JOAO PESSOA,Não guardar distância de segurança,Colisão lateral,Com Vítimas Feridas,Plena Noite,Crescente,Céu Claro,Dupla,Curva;Aclive,Sim,2,0,2,0,0,0,2,2,"-7,1281","-34,8466",SPRF-PB,DEL01-PB,UOP01-DEL01-PB
316212.0,2020-10-21,quarta-feira,20:00:00,PB,230,215,SOLEDADE,Falta de Atenção à Condução,Colisão transversal,Com Vítimas Feridas,Plena Noite,Crescente,Céu Claro,Simples,Reta,Sim,2,0,0,1,0,1,1,2,"-7,0577","-36,3629",SPRF-PB,DEL02-PB,UOP02-DEL02-PB
316321.0,2020-10-22,quinta-feira,12:40:00,PB,230,"16,5",JOAO PESSOA,Não guardar distância de segurança,Engavetamento,Com Vítimas Feridas,Pleno dia,Decrescente,Nublado,Dupla,Reta;Aclive,Sim,5,0,1,0,3,1,1,3,"-7,10988891","-34,8430109",SPRF-PB,DEL01-PB,UOP01-DEL01-PB
316437.0,2020-10-23,sexta-feira,03:00:00,PB,230,"128,6",MASSARANDUBA,Ingestão de Álcool,Saída de leito carroçável,Com Vítimas Fatais,Plena Noite,Crescente,Céu Claro,Dupla,Curva,Não,1,1,0,0,0,0,0,1,"-7,26433629","-35,71728414",SPRF-PB,DEL02-PB,UOP01-DEL02-PB
316463.0,2020-10-23,sexta-feira,07:30:00,PB,230,"137,7",CAMPINA GRANDE,Velocidade Incompatível,Capotamento,Com Vítimas Feridas,Pleno dia,Decrescente,Céu Claro,Dupla,Curva,Não,5,0,4,0,1,0,4,1,"-7,2766","-35,7739",SPRF-PB,DEL02-PB,UOP01-DEL02-PB
316522.0,2020-10-23,sexta-feira,15:15:00,PB,230,35,SANTA RITA,Pista Escorregadia,Tombamento,Com Vítimas Feridas,Pleno dia,Crescente,Nublado,Simples,Aclive;Curva,Sim,1,0,1,0,0,0,1,1,"-7,1268","-34,9412",SPRF-PB,DEL01-PB,UOP01-DEL01-PB
316524.0,2020-10-23,sexta-feira,15:30:00,PB,230,36,SANTA RITA,Falta de Atenção à Condução,Tombamento,Com Vítimas Feridas,Pleno dia,Crescente,Sol,Simples,Curva,Sim,1,0,1,0,0,0,1,1,"-7,1246","-34,9473",SPRF-PB,DEL01-PB,UOP03-DEL01-PB
316537.0,2020-10-13,terça-feira,07:25:00,PB,101,82,BAYEUX,Não guardar distância de segurança,Engavetamento,Sem Vítimas,Pleno dia,Decrescente,Céu Claro,Dupla,Reta,Sim,3,0,0,0,3,0,0,3,"-7,12911","-34,93714",SPRF-PB,DEL01-PB,UOP01-DEL01-PB
316554.0,2020-10-23,sexta-feira,18:00:00,PB,230,12,CABEDELO,Defeito Mecânico no Veículo,Tombamento,Com Vítimas Feridas,Plena Noite,Crescente,Céu Claro,Dupla,Reta,Sim,2,0,2,0,0,0,2,1,"-7,068","-34,85",SPRF-PB,DEL01-PB,UOP01-DEL01-PB
316564.0,2020-10-23,sexta-feira,18:45:00,PB,230,"20,5",JOAO PESSOA,Defeito na Via,Tombamento,Com Vítimas Feridas,Plena Noite,Crescente,Céu Claro,Dupla,Reta,Sim,2,0,2,0,0,0,2,1,"-7,1337","-34,8544",SPRF-PB,DEL01-PB,UOP01-DEL01-PB
316626.0,2020-10-23,sexta-feira,23:45:00,PB,230,"3,2",CABEDELO,Desobediência às normas de trânsito pelo condutor,Colisão frontal,Com Vítimas Feridas,Plena Noite,Decrescente,Nublado,Simples,Reta,Sim,3,0,1,1,0,1,2,3,"-6,9915","-34,8287",SPRF-PB,DEL01-PB,UOP01-DEL01-PB
316712.0,2020-10-24,sábado,11:00:00,PB,101,"2,5",MATARACA,Condutor Dormindo,Colisão com objeto estático,Com Vítimas Feridas,Pleno dia,Decrescente,Sol,Dupla,Reta,Não,1,0,0,1,0,0,1,1,"-6,52300095","-35,11348121",SPRF-PB,DEL01-PB,UOP04-DEL01-PB
316717.0,2020-10-24,sábado,10:10:00,PB,412,"108,1",SUME,Falta de Atenção à Condução,Colisão lateral,Com Vítimas Feridas,Pleno dia,Crescente,Céu Claro,Dupla,Reta,Sim,2,0,1,0,1,0,1,2,"-7,670557","-36,876957",SPRF-PB,DEL02-PB,UOP02-DEL02-PB
316785.0,2020-10-24,sábado,16:45:00,PB,230,"357,5",PATOS,Desobediência às normas de trânsito pelo condutor,Saída de leito carroçável,Com Vítimas Feridas,Pleno dia,Decrescente,Céu Claro,Simples,Reta,Não,1,0,1,0,0,0,1,1,"-6,9216","-37,4362",SPRF-PB,DEL03-PB,UOP02-DEL03-PB
316810.0,2020-10-24,sábado,19:00:00,PB,101,"83,3",BAYEUX,Desobediência às normas de trânsito pelo pedestre,Atropelamento de Pedestre,Com Vítimas Fatais,Plena Noite,Crescente,Céu Claro,Dupla,Reta,Não,2,1,0,0,0,1,0,2,"-7,1337703","-34,92963914",SPRF-PB,DEL01-PB,UOP01-DEL01-PB
316823.0,2020-10-24,sábado,19:30:00,PB,230,21,JOAO PESSOA,Ingestão de Álcool,Tombamento,Com Vítimas Feridas,Plena Noite,Crescente,Céu Claro,Dupla,Reta,Sim,1,0,1,0,0,0,1,1,"-7,1415","-34,8519",SPRF-PB,DEL01-PB,UOP01-DEL01-PB
316865.0,2020-10-24,sábado,20:30:00,PB,230,53,CRUZ DO ESPIRITO SANTO,Falta de Atenção à Condução,Capotamento,Sem Vítimas,Plena Noite,Decrescente,Nublado,Dupla,Reta,Não,1,0,0,0,0,1,0,1,"-7,1998","-35,0763",SPRF-PB,DEL01-PB,UOP03-DEL01-PB
316954.0,2020-10-24,sábado,18:30:00,PB,230,118,INGA,Objeto estático sobre o leito carroçável,Colisão com objeto estático,Sem Vítimas,Plena Noite,Crescente,Céu Claro,Dupla,Reta,Não,3,0,0,0,3,0,0,1,"-7,2409","-35,6225",SPRF-PB,DEL02-PB,UOP01-DEL02-PB
317038.0,2020-10-25,domingo,16:00:00,PB,230,"394,8",SAO BENTINHO,Desobediência às normas de trânsito pelo condutor,Colisão frontal,Com Vítimas Feridas,Pleno dia,Decrescente,Céu Claro,Simples,Declive,Não,6,0,2,4,0,0,6,2,"-6,8687","-37,7351",SPRF-PB,DEL03-PB,UOP02-DEL03-PB
317043.0,2020-10-25,domingo,16:00:00,PB,230,25,JOAO PESSOA,Ingestão de Álcool,Colisão com objeto estático,Com Vítimas Feridas,Pleno dia,Crescente,Céu Claro,Múltipla,Viaduto,Sim,1,0,0,1,0,0,1,1,"-7,1707","-34,8684",SPRF-PB,DEL01-PB,UOP01-DEL01-PB
317157.0,2020-10-26,segunda-feira,02:00:00,PB,104,"87,3",REMIGIO,Desobediência às normas de trânsito pelo pedestre,Colisão lateral,Sem Vítimas,Plena Noite,Crescente,Vento,Simples,Reta,Sim,2,0,0,0,2,0,0,2,"-6,96481008","-35,79803462",SPRF-PB,DEL02-PB,UOP04-DEL02-PB
317175.0,2020-10-26,segunda-feira,07:00:00,PB,104,116,LAGOA SECA,Falta de Atenção à Condução,Tombamento,Com Vítimas Feridas,Pleno dia,Decrescente,Céu Claro,Simples,Reta,Sim,1,0,0,1,0,0,1,1,"-7,18022102","-35,86480593",SPRF-PB,DEL02-PB,UOP04-DEL02-PB
317371.0,2020-10-27,terça-feira,07:25:00,PB,230,17,JOAO PESSOA,Falta de Atenção à Condução,Engavetamento,Com Vítimas Feridas,Pleno dia,Crescente,Céu Claro,Dupla,Reta,Sim,4,0,1,0,3,0,1,4,"-7,1121","-34,8426",SPRF-PB,DEL01-PB,UOP01-DEL01-PB
317431.0,2020-10-27,terça-feira,14:50:00,PB,101,54,SANTA RITA,Defeito Mecânico no Veículo,Saída de leito carroçável,Com Vítimas Feridas,Pleno dia,Decrescente,Céu Claro,Dupla,Reta,Não,1,0,1,0,0,0,1,1,"-6,95396379","-35,09058058",SPRF-PB,DEL01-PB,UOP04-DEL01-PB
317500.0,2020-10-27,terça-feira,22:30:00,PB,230,23,JOAO PESSOA,Ingestão de Álcool,Colisão traseira,Com Vítimas Feridas,Plena Noite,Decrescente,Céu Claro,Dupla,Interseção de Vias;Reta,Sim,2,0,1,0,1,0,1,2,"-7,1562","-34,8574",SPRF-PB,DEL01-PB,UOP01-DEL01-PB
317559.0,2020-10-28,quarta-feira,05:30:00,PB,230,"123,4",RIACHAO DO BACAMARTE,Condutor Dormindo,Saída de leito carroçável,Com Vítimas Feridas,Amanhecer,Crescente,Nublado,Simples,Reta;Aclive,Não,2,0,1,0,1,0,1,1,"-7,247601","-35,679116",SPRF-PB,DEL02-PB,UOP01-DEL02-PB
317615.0,2020-10-28,quarta-feira,10:06:00,PB,230,"462,8",SOUSA,Desobediência às normas de trânsito pelo condutor,Colisão transversal,Com Vítimas Feridas,Pleno dia,Decrescente,Céu Claro,Simples,Reta,Sim,4,0,1,2,1,0,3,2,"-6,778613","-38,236125",SPRF-PB,DEL03-PB,UOP03-DEL03-PB
317653.0,2020-10-28,quarta-feira,18:44:00,PB,230,2,CABEDELO,Falta de Atenção à Condução,Colisão traseira,Com Vítimas Feridas,Plena Noite,Decrescente,Céu Claro,Simples,Reta,Sim,3,0,2,0,1,0,2,3,"-6,9837","-34,8295",SPRF-PB,DEL01-PB,UOP01-DEL01-PB
317664.0,2020-10-28,quarta-feira,19:35:00,PB,230,24,JOAO PESSOA,Falta de Atenção do Pedestre,Atropelamento de Pedestre,Com Vítimas Feridas,Plena Noite,Decrescente,Céu Claro,Dupla,Reta,Sim,3,0,0,1,1,1,1,2,"-7,1637","-34,8618",SPRF-PB,DEL01-PB,UOP01-DEL01-PB
317704.0,2020-10-29,quinta-feira,01:00:00,PB,101,"87,8",JOAO PESSOA,Condutor Dormindo,Saída de leito carroçável,Com Vítimas Feridas,Plena Noite,Decrescente,Céu Claro,Dupla,Curva,Sim,2,0,2,0,0,0,2,1,"-7,15886802","-34,90628504",SPRF-PB,DEL01-PB,UOP01-DEL01-PB
317729.0,2020-10-29,quinta-feira,06:30:00,PB,230,"333,4",PATOS,Falta de Atenção à Condução,Colisão traseira,Com Vítimas Fatais,Pleno dia,Crescente,Céu Claro,Simples,Reta,Sim,5,1,3,1,0,0,4,2,"-7,0193","-37,2493",SPRF-PB,DEL03-PB,UOP01-DEL03-PB
317734.0,2020-10-29,quinta-feira,06:45:00,PB,230,121,RIACHAO DO BACAMARTE,Condutor Dormindo,Saída de leito carroçável,Sem Vítimas,Pleno dia,Decrescente,Céu Claro,Dupla,Curva,Não,1,0,0,0,1,0,0,1,"-7,2452","-35,649",SPRF-PB,DEL02-PB,UOP01-DEL02-PB
317846.0,2020-10-29,quinta-feira,19:40:00,PB,230,159,CAMPINA GRANDE,Falta de Atenção à Condução,Colisão traseira,Com Vítimas Feridas,Plena Noite,Decrescente,Céu Claro,Simples,Reta,Não,4,0,2,0,1,1,2,2,"-7,252","-35,9334",SPRF-PB,DEL02-PB,UOP01-DEL02-PB
318014.0,2020-10-30,sexta-feira,08:00:00,PB,230,"464,5",SOUSA,Desobediência às normas de trânsito pelo condutor,Colisão transversal,Com Vítimas Feridas,Pleno dia,Crescente,Sol,Simples,Reta,Sim,3,0,0,2,0,1,2,2,"-6,78055602","-38,25071454",SPRF-PB,DEL03-PB,UOP03-DEL03-PB
318022.0,2020-10-30,sexta-feira,15:00:00,PB,230,18,JOAO PESSOA,Não guardar distância de segurança,Colisão lateral,Com Vítimas Feridas,Pleno dia,Decrescente,Céu Claro,Dupla,Reta,Sim,2,0,1,0,0,1,1,2,"-7,1198","-34,8453",SPRF-PB,DEL01-PB,UOP01-DEL01-PB
318146.0,2020-10-31,sábado,01:00:00,PB,230,20,JOAO PESSOA,Falta de Atenção à Condução,Saída de leito carroçável,Com Vítimas Feridas,Plena Noite,Decrescente,Nublado,Dupla,Curva,Sim,2,0,1,0,1,0,1,1,"-7,1337","-34,8544",SPRF-PB,DEL01-PB,UOP01-DEL01-PB
318219.0,2020-10-31,sábado,08:30:00,PB,230,"74,1",SOBRADO,Defeito na Via,Colisão com objeto estático,Com Vítimas Feridas,Pleno dia,Decrescente,Chuva,Dupla,Curva,Não,5,0,1,2,2,0,3,1,"-7,1894","-35,2596",SPRF-PB,DEL01-PB,UOP03-DEL01-PB
318371.0,2020-10-31,sábado,20:00:00,PB,405,5,UIRAUNA,Falta de Atenção à Condução,Saída de leito carroçável,Com Vítimas Feridas,Plena Noite,Crescente,Céu Claro,Simples,Reta,Não,2,0,0,1,0,1,1,1,"-6,494732","-38,394413",SPRF-PB,DEL03-PB,UOP03-DEL03-PB
318406.0,2020-10-31,sábado,23:00:00,PB,230,481,MARIZOPOLIS,Animais na Pista,Atropelamento de Animal,Com Vítimas Fatais,Plena Noite,Crescente,Céu Claro,Simples,Reta,Sim,2,1,0,1,0,0,1,1,"-6,8451","-38,354",SPRF-PB,DEL03-PB,UOP03-DEL03-PB
318461.0,2020-11-01,domingo,05:20:00,PB,230,"76,1",SOBRADO,Condutor Dormindo,Saída de leito carroçável,Sem Vítimas,Amanhecer,Decrescente,Céu Claro,Dupla,Reta,Não,1,0,0,0,0,1,0,1,"-7,186444","-35,288944",SPRF-PB,DEL01-PB,UOP03-DEL01-PB
318465.0,2020-11-01,domingo,05:35:00,PB,230,"35,3",BAYEUX,Desobediência às normas de trânsito pelo condutor,Colisão lateral,Com Vítimas Feridas,Pleno dia,Decrescente,Céu Claro,Dupla,Interseção de Vias,Não,2,0,1,0,1,0,1,2,"-7,12652884","-34,94228482",SPRF-PB,DEL01-PB,UOP01-DEL01-PB
318472.0,2020-11-01,domingo,06:35:00,PB,230,"137,9",CAMPINA GRANDE,Falta de Atenção à Condução,Saída de leito carroçável,Com Vítimas Feridas,Pleno dia,Crescente,Céu Claro,Dupla,Curva,Não,1,0,1,0,0,0,1,1,"-7,270451","-35,786894",SPRF-PB,DEL02-PB,UOP01-DEL02-PB
318491.0,2020-11-01,domingo,08:20:00,PB,101,88,JOAO PESSOA,Defeito na Via,Tombamento,Com Vítimas Feridas,Pleno dia,Decrescente,Céu Claro,Simples,Curva,Não,2,0,2,0,0,0,2,1,"-7,16470016","-34,89993643",SPRF-PB,DEL01-PB,UOP01-DEL01-PB
318501.0,2020-11-01,domingo,08:45:00,PB,230,15,JOAO PESSOA,Defeito Mecânico no Veículo,Colisão com objeto estático,Com Vítimas Feridas,Pleno dia,Crescente,Sol,Dupla,Aclive;Curva,Sim,3,0,2,0,1,0,2,1,"-7,102635","-34,846958",SPRF-PB,DEL01-PB,UOP01-DEL01-PB
318529.0,2020-11-01,domingo,11:45:00,PB,230,"3,1",CABEDELO,Ingestão de Álcool,Colisão traseira,Sem Vítimas,Pleno dia,Crescente,Céu Claro,Simples,Em Obras;Desvio Temporário,Sim,3,0,0,0,3,0,0,3,"-6,9915","-34,8287",SPRF-PB,DEL01-PB,UOP01-DEL01-PB
318580.0,2020-11-01,domingo,18:15:00,PB,230,291,SANTA LUZIA,Desobediência às normas de trânsito pelo condutor,Colisão traseira,Com Vítimas Feridas,Plena Noite,Crescente,Céu Claro,Simples,Reta,Sim,3,0,0,2,0,1,2,2,"-6,8691","-36,9142",SPRF-PB,DEL03-PB,UOP01-DEL03-PB
318682.0,2020-11-02,segunda-feira,07:45:00,PB,101,"81,8",BAYEUX,Defeito Mecânico no Veículo,Tombamento,Com Vítimas Feridas,Pleno dia,Crescente,Céu Claro,Dupla,Reta,Sim,2,0,1,1,0,0,2,1,"-7,12508575","-34,94513217",SPRF-PB,DEL01-PB,UOP01-DEL01-PB
318715.0,2020-11-02,segunda-feira,11:40:00,PB,230,153,CAMPINA GRANDE,Não guardar distância de segurança,Colisão traseira,Sem Vítimas,Pleno dia,Decrescente,Céu Claro,Simples,Reta,Sim,4,0,0,0,3,1,0,4,"-7,2763","-35,8887",SPRF-PB,DEL02-PB,UOP01-DEL02-PB
318774.0,2020-11-02,segunda-feira,17:35:00,PB,101,82,BAYEUX,Desobediência às normas de trânsito pelo condutor,Engavetamento,Sem Vítimas,Anoitecer,Crescente,Céu Claro,Dupla,Reta,Sim,5,0,0,0,4,1,0,3,"-7,12911","-34,93714",SPRF-PB,DEL01-PB,UOP01-DEL01-PB
318818.0,2020-11-02,segunda-feira,20:20:00,PB,230,"27,8",JOAO PESSOA,Falta de Atenção à Condução,Colisão traseira,Sem Vítimas,Plena Noite,Crescente,Céu Claro,Dupla,Curva,Sim,2,0,0,0,2,0,0,2,"-7,1677","-34,8855",SPRF-PB,DEL01-PB,UOP01-DEL01-PB
318819.0,2020-11-02,segunda-feira,19:30:00,PB,230,215,SOLEDADE,Falta de Atenção à Condução,Colisão transversal,Com Vítimas Feridas,Plena Noite,Decrescente,Céu Claro,Simples,Reta,Sim,3,0,0,1,1,1,1,3,"-7,0577","-36,3629",SPRF-PB,DEL02-PB,UOP02-DEL02-PB
318867.0,2020-11-02,segunda-feira,21:50:00,PB,230,"129,4",MASSARANDUBA,Condutor Dormindo,Saída de leito carroçável,Com Vítimas Feridas,Plena Noite,Crescente,Céu Claro,Dupla,Curva,Não,1,0,0,1,0,0,1,1,"-7,2627","-35,7149",SPRF-PB,DEL02-PB,UOP01-DEL02-PB
318911.0,2020-11-03,terça-feira,07:00:00,PB,230,154,CAMPINA GRANDE,Avarias e/ou desgaste excessivo no pneu,Tombamento,Com Vítimas Feridas,Pleno dia,Decrescente,Céu Claro,Simples,Reta,Sim,1,0,1,0,0,0,1,1,"-7,2777","-35,8985",SPRF-PB,DEL02-PB,UOP01-DEL02-PB