id,data_inversa,dia_semana,horario,uf,br,km,municipio,causa_acidente,tipo_acidente,classificacao_acidente,fase_dia,sentido_via,condicao_metereologica,tipo_pista,tracado_via,uso_solo,pessoas,mortos,feridos_leves,feridos_graves,ilesos,ignorados,feridos,veiculos,latitude,longitude,regional,delegacia,uop
319008.0,2020-11-03,terça-feira,17:20:00,PB,230,"16,3",JOAO PESSOA,Não guardar distância de segurança,Colisão lateral,Com Vítimas Feridas,Pleno dia,Crescente,Sol,Dupla,Reta;Declive,Sim,3,0,1,0,1,1,1,2,"-7,10914949","-34,84339178",SPRF-PB,DEL01-PB,UOP01-DEL01-PB
319106.0,2020-11-04,quarta-feira,11:00:00,PB,412,"74,9",SERRA BRANCA,Falta de Atenção à Condução,Colisão transversal,Com Vítimas Feridas,Pleno dia,Decrescente,Sol,Simples,Reta,Sim,2,0,0,1,1,0,1,2,"-7,489012","-36,650635",SPRF-PB,DEL02-PB,UOP02-DEL02-PB
319118.0,2020-11-04,quarta-feira,13:30:00,PB,104,119,CAMPINA GRANDE,Falta de Atenção à Condução,Colisão traseira,Sem Vítimas,Pleno dia,Crescente,Céu Claro,Simples,Reta,Não,2,0,0,0,2,0,0,2,"-7,20325615","-35,8752172",SPRF-PB,DEL02-PB,UOP04-DEL02-PB
319270.0,2020-11-05,quinta-feira,09:30:00,PB,230,145,CAMPINA GRANDE,Falta de Atenção à Condução,Colisão transversal,Com Vítimas Feridas,Pleno dia,Crescente,Céu Claro,Dupla,Reta,Sim,2,0,1,0,1,0,1,2,"-7,2512","-35,8399",SPRF-PB,DEL02-PB,UOP01-DEL02-PB
319314.0,2020-11-05,quinta-feira,11:30:00,PB,230,"407,9",POMBAL,Desobediência às normas de trânsito pelo condutor,Colisão transversal,Com Vítimas Feridas,Pleno dia,Crescente,Nublado,Simples,Reta,Sim,4,0,3,0,0,1,3,2,"-6,7733","-37,798",SPRF-PB,DEL03-PB,UOP02-DEL03-PB
319423.0,2020-11-06,sexta-feira,02:49:00,PB,101,"64,9",SANTA RITA,Condutor Dormindo,Saída de leito carroçável,Com Vítimas Feridas,Plena Noite,Crescente,Chuva,Dupla,Reta,Não,3,0,1,0,2,0,1,1,"-7,03485287","-35,05528078",SPRF-PB,DEL01-PB,UOP04-DEL01-PB
319481.0,2020-11-06,sexta-feira,12:00:00,PB,230,27,JOAO PESSOA,Desobediência às normas de trânsito pelo condutor,Colisão lateral,Com Vítimas Feridas,Pleno dia,Crescente,Sol,Dupla,Reta,Sim,3,0,1,0,2,0,1,2,"-7,1677","-34,8855",SPRF-PB,DEL01-PB,UOP01-DEL01-PB
319499.0,2020-11-06,sexta-feira,13:15:00,PB,230,"134,1",CAMPINA GRANDE,Defeito Mecânico no Veículo,Tombamento,Com Vítimas Feridas,Pleno dia,Crescente,Céu Claro,Dupla,Reta,Não,2,0,1,0,1,0,1,1,"-7,2727","-35,7527",SPRF-PB,DEL02-PB,UOP01-DEL02-PB
319525.0,2020-11-06,sexta-feira,16:00:00,PB,230,0,CABEDELO,Falta de Atenção à Condução,Tombamento,Com Vítimas Feridas,Pleno dia,Crescente,Céu Claro,Simples,Reta,Sim,1,0,1,0,0,0,1,1,"-6,9711","-34,8382",SPRF-PB,DEL01-PB,UOP01-DEL01-PB
319598.0,2020-11-07,sábado,02:00:00,PB,230,0,CABEDELO,Velocidade Incompatível,Saída de leito carroçável,Sem Vítimas,Plena Noite,Decrescente,Céu Claro,Simples,Curva,Sim,2,0,0,0,0,2,0,2,"-6,9711","-34,8382",SPRF-PB,DEL01-PB,UOP01-DEL01-PB
319873.0,2020-11-08,domingo,04:00:00,PB,361,"7,2",PATOS,Falta de Atenção à Condução,Colisão com objeto estático,Com Vítimas Feridas,Plena Noite,Decrescente,Céu Claro,Simples,Curva,Sim,1,0,0,1,0,0,1,1,"-7,03750454","-37,3199449",SPRF-PB,DEL03-PB,UOP01-DEL03-PB
319991.0,2020-11-08,domingo,14:12:00,PB,230,514,CACHOEIRA DOS INDIOS,Falta de Atenção à Condução,Saída de leito carroçável,Sem Vítimas,Pleno dia,Crescente,Céu Claro,Simples,Reta,Não,1,0,0,0,1,0,0,1,"-6,8847","-38,6229",SPRF-PB,DEL03-PB,UOP03-DEL03-PB
320008.0,2020-11-08,domingo,15:50:00,PB,101,57,SANTA RITA,Defeito Mecânico no Veículo,Queda de ocupante de veículo,Com Vítimas Feridas,Pleno dia,Crescente,Céu Claro,Dupla,Reta,Não,2,0,2,0,0,0,2,1,"-6,97775678","-35,0777086",SPRF-PB,DEL01-PB,UOP04-DEL01-PB
320035.0,2020-11-08,domingo,18:30:00,PB,230,36,SANTA RITA,Pista Escorregadia,Queda de ocupante de veículo,Com Vítimas Feridas,Plena Noite,Decrescente,Chuva,Simples,Declive,Não,2,0,2,0,0,0,2,1,"-7,1246","-34,9473",SPRF-PB,DEL01-PB,UOP03-DEL01-PB
320037.0,2020-11-08,domingo,16:30:00,PB,101,"105,8",ALHANDRA,Velocidade Incompatível,Capotamento,Com Vítimas Feridas,Anoitecer,Crescente,Nublado,Dupla,Curva,Não,4,0,4,0,0,0,4,1,"-7,31683857","-34,9464798",SPRF-PB,DEL01-PB,UOP02-DEL01-PB
320043.0,2020-11-08,domingo,19:00:00,PB,230,8,CABEDELO,Ingestão de Álcool,Saída de leito carroçável,Com Vítimas Feridas,Plena Noite,Crescente,Céu Claro,Dupla,Reta;Desvio Temporário,Sim,1,0,1,0,0,0,1,1,"-7,0355","-34,8429",SPRF-PB,DEL01-PB,UOP01-DEL01-PB
320048.0,2020-11-08,domingo,18:05:00,PB,230,"158,4",CAMPINA GRANDE,Ingestão de Álcool,Colisão transversal,Com Vítimas Feridas,Plena Noite,Decrescente,Céu Claro,Simples,Reta,Sim,3,0,2,0,0,1,2,2,"-7,2582","-35,9267",SPRF-PB,DEL02-PB,UOP01-DEL02-PB
320089.0,2020-11-08,domingo,21:05:00,PB,101,51,SANTA RITA,Falta de Atenção à Condução,Colisão com objeto estático,Sem Vítimas,Plena Noite,Decrescente,Céu Claro,Dupla,Reta,Não,2,0,0,0,2,0,0,2,"-6,93035382","-35,10376671",SPRF-PB,DEL01-PB,UOP04-DEL01-PB
320156.0,2020-11-09,segunda-feira,06:35:00,PB,101,"85,4",BAYEUX,Avarias e/ou desgaste excessivo no pneu,Colisão traseira,Com Vítimas Feridas,Pleno dia,Crescente,Nublado,Dupla,Reta,Não,2,0,0,1,0,1,1,2,"-7,14538184","-34,91662887",SPRF-PB,DEL01-PB,UOP01-DEL01-PB
320200.0,2020-11-09,segunda-feira,07:00:00,PB,230,25,JOAO PESSOA,Falta de Atenção à Condução,Tombamento,Com Vítimas Feridas,Pleno dia,Decrescente,Sol,Dupla,Reta,Sim,2,0,1,1,0,0,2,1,"-7,16822713","-34,86415207",SPRF-PB,DEL01-PB,UOP01-DEL01-PB
320208.0,2020-11-09,segunda-feira,09:15:00,PB,230,"172,5",CAMPINA GRANDE,Avarias e/ou desgaste excessivo no pneu,Saída de leito carroçável,Sem Vítimas,Pleno dia,Crescente,Garoa/Chuvisco,Simples,Declive,Não,1,0,0,0,0,1,0,1,"-7,1798","-36,0027",SPRF-PB,DEL02-PB,UOP02-DEL02-PB
320216.0,2020-11-09,segunda-feira,11:30:00,PB,101,29,MAMANGUAPE,Condutor Dormindo,Saída de leito carroçável,Com Vítimas Feridas,Pleno dia,Crescente,Sol,Dupla,Retorno Regulamentado,Não,1,0,1,0,0,0,1,1,"-6,74032319","-35,13146581",SPRF-PB,DEL01-PB,UOP04-DEL01-PB
320577.0,2020-11-11,quarta-feira,07:45:00,PB,230,"18,9",JOAO PESSOA,Não guardar distância de segurança,Colisão traseira,Com Vítimas Feridas,Pleno dia,Decrescente,Céu Claro,Dupla,Reta,Sim,4,0,1,1,0,2,2,3,"-7,128733","-34,848294",SPRF-PB,DEL01-PB,UOP01-DEL01-PB
320921.0,2020-11-12,quinta-feira,20:15:00,PB,230,"125,2",RIACHAO DO BACAMARTE,Velocidade Incompatível,Saída de leito carroçável,Com Vítimas Feridas,Plena Noite,Crescente,Céu Claro,Dupla,Aclive,Não,1,0,1,0,0,0,1,1,"-7,2498","-35,6827",SPRF-PB,DEL02-PB,UOP01-DEL02-PB
320977.0,2020-11-13,sexta-feira,07:15:00,PB,230,"18,4",JOAO PESSOA,Falta de Atenção à Condução,Colisão lateral,Com Vítimas Feridas,Pleno dia,Decrescente,Céu Claro,Dupla,Reta,Não,3,0,1,1,1,0,2,2,"-7,1198","-34,8453",SPRF-PB,DEL01-PB,UOP01-DEL01-PB
320978.0,2020-11-13,sexta-feira,07:55:00,PB,230,18,JOAO PESSOA,Não guardar distância de segurança,Colisão traseira,Com Vítimas Feridas,Pleno dia,Decrescente,Céu Claro,Dupla,Curva,Sim,4,0,1,0,3,0,1,2,"-7,1198","-34,8453",SPRF-PB,DEL01-PB,UOP01-DEL01-PB
321132.0,2020-11-13,sexta-feira,16:00:00,PB,405,"34,3",SAO JOAO DO RIO DO PEIXE,Falta de Atenção à Condução,Colisão transversal,Com Vítimas Feridas,Pleno dia,Crescente,Céu Claro,Simples,Interseção de Vias,Sim,2,0,0,1,1,0,1,2,"-6,736044","-38,446316",SPRF-PB,DEL03-PB,UOP03-DEL03-PB
321173.0,2020-11-13,sexta-feira,20:45:00,PB,101,"82,5",BAYEUX,Não guardar distância de segurança,Colisão traseira,Com Vítimas Feridas,Plena Noite,Decrescente,Céu Claro,Dupla,Viaduto,Sim,5,0,0,1,0,4,1,3,"-7,12922325","-34,93693482",SPRF-PB,DEL01-PB,UOP01-DEL01-PB
321179.0,2020-11-13,sexta-feira,20:45:00,PB,230,"88,8",GURINHEM,Velocidade Incompatível,Tombamento,Com Vítimas Feridas,Plena Noite,Crescente,Céu Claro,Dupla,Reta,Sim,1,0,0,1,0,0,1,1,"-7,172942","-35,393392",SPRF-PB,DEL01-PB,UOP03-DEL01-PB
321270.0,2020-11-14,sábado,05:20:00,PB,101,115,CAAPORA,Defeito na Via,Saída de leito carroçável,Com Vítimas Feridas,Pleno dia,Decrescente,Chuva,Simples,Reta,Não,4,0,1,0,0,3,1,2,"-7,396321","-34,95577703",SPRF-PB,DEL01-PB,UOP02-DEL01-PB
321291.0,2020-11-14,sábado,07:45:00,PB,101,63,SANTA RITA,Pista Escorregadia,Colisão com objeto estático,Com Vítimas Feridas,Pleno dia,Decrescente,Nublado,Dupla,Curva,Não,1,0,1,0,0,0,1,1,"-7,02710902","-35,05990203",SPRF-PB,DEL01-PB,UOP04-DEL01-PB
321294.0,2020-11-14,sábado,07:20:00,PB,230,105,INGA,Falta de Atenção à Condução,Colisão com objeto estático,Com Vítimas Feridas,Pleno dia,Decrescente,Nublado,Dupla,Declive;Retorno Regulamentado,Não,1,0,1,0,0,0,1,1,"-7,2075","-35,5248",SPRF-PB,DEL01-PB,UOP03-DEL01-PB
321352.0,2020-11-14,sábado,09:40:00,PB,104,56,BARRA DE SANTA ROSA,Defeito Mecânico no Veículo,Incêndio,Sem Vítimas,Pleno dia,Decrescente,Céu Claro,Simples,Reta,Não,1,0,0,0,1,0,0,1,"-6,78237255","-35,97482701",SPRF-PB,DEL02-PB,UOP04-DEL02-PB
321469.0,2020-11-14,sábado,22:20:00,PB,230,9,CABEDELO,Falta de Atenção à Condução,Colisão com objeto estático,Sem Vítimas,Plena Noite,Crescente,Céu Claro,Dupla,Curva;Em Obras;Desvio Temporário,Sim,1,0,0,0,1,0,0,1,"-7,03900014","-34,84484553",SPRF-PB,DEL01-PB,UOP01-DEL01-PB
321547.0,2020-11-15,domingo,09:05:00,PB,104,"129,6",CAMPINA GRANDE,Falta de Atenção à Condução,Colisão lateral,Com Vítimas Feridas,Pleno dia,Crescente,Garoa/Chuvisco,Dupla,Reta,Não,2,0,1,0,1,0,1,2,"-7,27854","-35,888838",SPRF-PB,DEL02-PB,UOP03-DEL02-PB
321559.0,2020-11-15,domingo,10:00:00,PB,230,10,CABEDELO,Desobediência às normas de trânsito pelo condutor,Colisão lateral,Com Vítimas Feridas,Pleno dia,Decrescente,Céu Claro,Dupla,Retorno Regulamentado,Sim,3,0,1,0,2,0,1,2,"-7,0514","-34,8499",SPRF-PB,DEL01-PB,UOP01-DEL01-PB
321570.0,2020-11-15,domingo,11:40:00,PB,104,114,SAO SEBASTIAO DE LAGOA DE  ROCA,Falta de Atenção à Condução,Colisão transversal,Com Vítimas Feridas,Pleno dia,Decrescente,Céu Claro,Simples,Reta,Não,3,0,0,2,1,0,2,2,"-7,1620139","-35,85712429",SPRF-PB,DEL02-PB,UOP04-DEL02-PB
321608.0,2020-11-15,domingo,09:40:00,PB,230,"126,3",RIACHAO DO BACAMARTE,Desobediência às normas de trânsito pelo condutor,Colisão lateral,Sem Vítimas,Pleno dia,Decrescente,Céu Claro,Dupla,Declive;Reta,Não,2,0,0,0,2,0,0,2,"-7,26081836","-35,69801331",SPRF-PB,DEL02-PB,UOP01-DEL02-PB
321632.0,2020-11-15,domingo,17:00:00,PB,361,5,PATOS,Falta de Atenção à Condução,Tombamento,Com Vítimas Feridas,Pleno dia,Decrescente,Sol,Simples,Reta,Sim,1,0,0,1,0,0,1,1,"-7,0342983","-37,30232718",SPRF-PB,DEL03-PB,UOP01-DEL03-PB
321644.0,2020-11-15,domingo,18:30:00,PB,104,"98,8",ESPERANCA,Ingestão de Álcool,Colisão frontal,Com Vítimas Fatais,Plena Noite,Decrescente,Céu Claro,Simples,Reta;Declive,Não,5,1,0,1,1,2,1,4,"-7,02803215","-35,85657159",SPRF-PB,DEL02-PB,UOP04-DEL02-PB
321776.0,2020-11-16,segunda-feira,08:00:00,PB,230,22,JOAO PESSOA,Falta de Atenção à Condução,Colisão traseira,Com Vítimas Feridas,Pleno dia,Decrescente,Céu Claro,Dupla,Reta,Sim,4,0,2,0,2,0,2,3,"-7,1495","-34,8517",SPRF-PB,DEL01-PB,UOP01-DEL01-PB
321785.0,2020-11-16,segunda-feira,08:20:00,PB,230,328,QUIXABA,Condutor Dormindo,Colisão com objeto estático,Com Vítimas Feridas,Pleno dia,Decrescente,Céu Claro,Simples,Reta,Não,3,0,3,0,0,0,3,1,"-7,0062","-37,2108",SPRF-PB,DEL03-PB,UOP01-DEL03-PB
321933.0,2020-11-17,terça-feira,01:00:00,PB,230,"245,7",JUAZEIRINHO,Ingestão de Álcool,Atropelamento de Animal,Com Vítimas Feridas,Plena Noite,Crescente,Céu Claro,Simples,Curva,Não,2,0,1,1,0,0,2,1,"-7,0711","-36,609",SPRF-PB,DEL02-PB,UOP02-DEL02-PB
321992.0,2020-11-17,terça-feira,09:15:00,PB,101,8,MAMANGUAPE,Falta de Atenção à Condução,Colisão com objeto estático,Com Vítimas Feridas,Pleno dia,Decrescente,Céu Claro,Dupla,Curva,Não,3,0,3,0,0,0,3,1,"-6,56597091","-35,14256709",SPRF-PB,DEL01-PB,UOP04-DEL01-PB
322000.0,2020-11-17,terça-feira,11:00:00,PB,230,143,CAMPINA GRANDE,Falta de Atenção do Pedestre,Atropelamento de Pedestre,Com Vítimas Feridas,Pleno dia,Decrescente,Céu Claro,Dupla,Reta,Sim,2,0,1,0,1,0,1,2,"-7,2557","-35,8223",SPRF-PB,DEL02-PB,UOP01-DEL02-PB
322120.0,2020-11-17,terça-feira,22:30:00,PB,230,"463,8",SOUSA,Desobediência às normas de trânsito pelo condutor,Colisão com objeto estático,Com Vítimas Feridas,Plena Noite,Crescente,Céu Claro,Simples,Interseção de Vias,Sim,1,0,1,0,0,0,1,1,"-6,779657","-38,245979",SPRF-PB,DEL03-PB,UOP03-DEL03-PB
322132.0,2020-11-18,quarta-feira,07:10:00,PB,230,130,CAMPINA GRANDE,Desobediência às normas de trânsito pelo condutor,Colisão transversal,Com Vítimas Feridas,Pleno dia,Crescente,Céu Claro,Simples,Reta,Sim,2,0,0,1,1,0,1,2,"-7,2685","-35,7213",SPRF-PB,DEL02-PB,UOP01-DEL02-PB
322171.0,2020-11-18,quarta-feira,10:30:00,PB,116,8,CACHOEIRA DOS INDIOS,Avarias e/ou desgaste excessivo no pneu,Queda de ocupante de veículo,Com Vítimas Feridas,Pleno dia,Crescente,Céu Claro,Simples,Curva,Não,1,0,0,1,0,0,1,1,"-6,964668","-38,727608",SPRF-CE,DEL05-CE,UOP03-DEL05-CE
322234.0,2020-11-18,quarta-feira,17:50:00,PB,230,"158,7",CAMPINA GRANDE,Desobediência às normas de trânsito pelo condutor,Colisão transversal,Com Vítimas Feridas,Anoitecer,Crescente,Céu Claro,Simples,Reta,Sim,3,0,2,0,1,0,2,2,"-7,2582","-35,9267",SPRF-PB,DEL02-PB,UOP01-DEL02-PB
322265.0,2020-11-18,quarta-feira,19:10:00,PB,101,87,JOAO PESSOA,Ingestão de álcool e/ou substâncias psicoativas pelo pedestre,Colisão traseira,Sem Vítimas,Plena Noite,Crescente,Céu Claro,Dupla,Curva,Sim,2,0,0,0,1,1,0,2,"-7,15886802","-34,90628504",SPRF-PB,DEL01-PB,UOP01-DEL01-PB
322485.0,2020-11-19,quinta-feira,20:30:00,PB,104,31,CUITE,Velocidade Incompatível,Colisão com objeto estático,Com Vítimas Fatais,Plena Noite,Decrescente,Céu Claro,Simples,Reta,Não,2,1,1,0,0,0,1,1,"-6,654986","-36,141148",SPRF-PB,DEL02-PB,UOP04-DEL02-PB
322666.0,2020-11-20,sexta-feira,18:05:00,PB,230,"87,1",GURINHEM,Desobediência às normas de trânsito pelo condutor,Colisão transversal,Com Vítimas Feridas,Plena Noite,Decrescente,Céu Claro,Dupla,Reta,Não,2,0,1,0,1,0,1,2,"-7,1673","-35,3656",SPRF-PB,DEL01-PB,UOP03-DEL01-PB
322749.0,2020-11-21,sábado,01:40:00,PB,230,9,CABEDELO,Falta de Atenção à Condução,Saída de leito carroçável,Com Vítimas Feridas,Plena Noite,Crescente,Céu Claro,Dupla,Em Obras,Sim,2,0,0,1,0,1,1,2,"-7,0433","-34,8466",SPRF-PB,DEL01-PB,UOP01-DEL01-PB
322826.0,2020-11-21,sábado,08:20:00,PB,230,38,SANTA RITA,Falta de Atenção à Condução,Queda de ocupante de veículo,Com Vítimas Feridas,Pleno dia,Crescente,Céu Claro,Dupla,Reta,Sim,1,0,0,1,0,0,1,1,"-7,1341","-34,962",SPRF-PB,DEL01-PB,UOP03-DEL01-PB
322944.0,2020-11-21,sábado,18:30:00,PB,405,0,UIRAUNA,Ingestão de Álcool,Colisão frontal,Com Vítimas Fatais,Plena Noite,Crescente,Nublado,Simples,Reta,Não,2,1,0,1,0,0,1,2,"-6,45677","-38,374137",SPRF-PB,DEL03-PB,UOP03-DEL03-PB
322950.0,2020-11-21,sábado,20:20:00,PB,230,"348,3",PATOS,Ingestão de Álcool,Queda de ocupante de veículo,Com Vítimas Feridas,Plena Noite,Decrescente,Céu Claro,Simples,Reta,Não,1,0,1,0,0,0,1,1,"-6,9593","-37,3681",SPRF-PB,DEL03-PB,UOP01-DEL03-PB
322984.0,2020-11-22,domingo,02:40:00,PB,230,"12,1",CABEDELO,Velocidade Incompatível,Colisão traseira,Com Vítimas Feridas,Plena Noite,Crescente,Nublado,Dupla,Reta,Sim,2,0,0,1,1,0,1,2,"-7,068","-34,85",SPRF-PB,DEL01-PB,UOP01-DEL01-PB
323035.0,2020-11-22,domingo,09:20:00,PB,230,"35,6",SANTA RITA,Pista Escorregadia,Tombamento,Com Vítimas Feridas,Pleno dia,Crescente,Céu Claro,Dupla,Aclive;Curva,Sim,1,0,1,0,0,0,1,1,"-7,1268","-34,9412",SPRF-PB,DEL01-PB,UOP01-DEL01-PB
323040.0,2020-11-22,domingo,09:20:00,PB,230,"35,6",SANTA RITA,Pista Escorregadia,Tombamento,Com Vítimas Feridas,Pleno dia,Crescente,Céu Claro,Dupla,Curva,Sim,2,0,1,0,1,0,1,1,"-7,1268","-34,9412",SPRF-PB,DEL01-PB,UOP01-DEL01-PB
323054.0,2020-11-22,domingo,11:45:00,PB,101,100,ALHANDRA,Falta de Atenção à Condução,Colisão com objeto estático,Com Vítimas Feridas,Pleno dia,Crescente,Céu Claro,Dupla,Reta,Não,3,0,1,0,2,0,1,1,"-7,26469806","-34,93677965",SPRF-PB,DEL01-PB,UOP02-DEL01-PB
323123.0,2020-11-22,domingo,17:40:00,PB,101,83,BAYEUX,Ingestão de Álcool,Engavetamento,Sem Vítimas,Anoitecer,Crescente,Céu Claro,Dupla,Reta,Sim,4,0,0,0,4,0,0,4,"-7,1337703","-34,92963914",SPRF-PB,DEL01-PB,UOP01-DEL01-PB
323129.0,2020-11-22,domingo,18:15:00,PB,101,"83,9",BAYEUX,Não guardar distância de segurança,Engavetamento,Com Vítimas Feridas,Plena Noite,Decrescente,Céu Claro,Dupla,Reta,Sim,7,0,2,0,5,0,2,5,"-7,1337703","-34,92963914",SPRF-PB,DEL01-PB,UOP01-DEL01-PB
323137.0,2020-11-22,domingo,18:10:00,PB,104,130,QUEIMADAS,Desobediência às normas de trânsito pelo condutor,Colisão transversal,Com Vítimas Feridas,Plena Noite,Crescente,Céu Claro,Simples,Interseção de Vias,Sim,3,0,2,0,0,1,2,2,"-7,29013399","-35,89029705",SPRF-PB,DEL02-PB,UOP03-DEL02-PB
323163.0,2020-11-22,domingo,19:30:00,PB,230,"153,2",CAMPINA GRANDE,Falta de Atenção à Condução,Colisão traseira,Sem Vítimas,Plena Noite,Decrescente,Nublado,Dupla,Interseção de Vias,Não,2,0,0,0,2,0,0,2,"-7,2763","-35,8887",SPRF-PB,DEL02-PB,UOP01-DEL02-PB
323164.0,2020-11-22,domingo,18:40:00,PB,230,"407,3",POMBAL,Desobediência às normas de trânsito pelo condutor,Colisão transversal,Com Vítimas Feridas,Plena Noite,Crescente,Céu Claro,Simples,Curva;Interseção de Vias,Sim,2,0,0,1,1,0,1,2,"-6,7733","-37,798",SPRF-PB,DEL03-PB,UOP02-DEL03-PB
323354.0,2020-11-23,segunda-feira,15:20:00,PB,361,84,PIANCO,Não guardar distância de segurança,Colisão traseira,Com Vítimas Feridas,Pleno dia,Crescente,Céu Claro,Simples,Reta,Sim,2,0,0,1,1,0,1,2,"-7,19608437","-37,92579184",SPRF-PB,DEL03-PB,UOP01-DEL03-PB
323389.0,2020-11-23,segunda-feira,18:48:00,PB,361,110,ITAPORANGA,Falta de Atenção à Condução,Queda de ocupante de veículo,Com Vítimas Feridas,Pleno dia,Crescente,Céu Claro,Simples,Curva,Não,3,0,1,1,1,0,2,2,"-7,2969510198","-38,1198339935",SPRF-PB,DEL03-PB,UOP01-DEL03-PB
323462.0,2020-11-24,terça-feira,07:40:00,PB,101,"115,9",PEDRAS DE FOGO,Pista Escorregadia,Colisão com objeto estático,Com Vítimas Feridas,Pleno dia,Crescente,Chuva,Dupla,Reta,Não,3,0,0,1,2,0,1,1,"-7,396321","-34,95577703",SPRF-PB,DEL01-PB,UOP02-DEL01-PB
323618.0,2020-10-04,domingo,00:20:00,PB,101,83,BAYEUX,Desobediência às normas de trânsito pelo condutor,Colisão frontal,Com Vítimas Feridas,Plena Noite,Decrescente,Céu Claro,Dupla,Declive,Sim,2,0,0,1,1,0,1,2,"-7,1337703","-34,92963914",SPRF-PB,DEL01-PB,UOP01-DEL01-PB
323650.0,2020-11-25,quarta-feira,08:19:00,PB,101,82,BAYEUX,Não guardar distância de segurança,Colisão traseira,Com Vítimas Feridas,Pleno dia,Crescente,Sol,Dupla,Aclive;Reta,Sim,3,0,1,0,2,0,1,3,"-7,12911","-34,93714",SPRF-PB,DEL01-PB,UOP01-DEL01-PB
323709.0,2020-11-25,quarta-feira,12:35:00,PB,230,"123,5",RIACHAO DO BACAMARTE,Velocidade Incompatível,Colisão com objeto estático,Com Vítimas Feridas,Pleno dia,Crescente,Nublado,Simples,Aclive;Curva,Não,1,0,1,0,0,0,1,1,"-7,247601","-35,679116",SPRF-PB,DEL02-PB,UOP01-DEL02-PB
323836.0,2020-11-26,quinta-feira,06:40:00,PB,230,35,BAYEUX,Falta de Atenção à Condução,Atropelamento de Pedestre,Com Vítimas Feridas,Pleno dia,Decrescente,Céu Claro,Simples,Interseção de Vias,Não,2,0,1,0,1,0,1,2,"-7,1268","-34,9412",SPRF-PB,DEL01-PB,UOP01-DEL01-PB
323915.0,2020-11-26,quinta-feira,17:30:00,PB,230,"19,9",JOAO PESSOA,Não guardar distância de segurança,Colisão traseira,Sem Vítimas,Anoitecer,Crescente,Céu Claro,Dupla,Reta,Sim,2,0,0,0,2,0,0,2,"-7,1281","-34,8466",SPRF-PB,DEL01-PB,UOP01-DEL01-PB
323986.0,2020-11-26,quinta-feira,23:50:00,PB,230,12,CABEDELO,Ingestão de Álcool,Tombamento,Com Vítimas Feridas,Plena Noite,Crescente,Céu Claro,Dupla,Reta,Não,2,0,0,2,0,0,2,2,"-7,068","-34,85",SPRF-PB,DEL01-PB,UOP01-DEL01-PB
324048.0,2020-11-27,sexta-feira,10:15:00,PB,230,"128,6",RIACHAO DO BACAMARTE,Defeito Mecânico no Veículo,Queda de ocupante de veículo,Com Vítimas Feridas,Pleno dia,Decrescente,Céu Claro,Dupla,Declive;Reta,Não,1,0,1,0,0,0,1,1,"-7,2605","-35,7061",SPRF-PB,DEL02-PB,UOP01-DEL02-PB
324191.0,2020-11-27,sexta-feira,20:50:00,PB,101,56,SANTA RITA,Objeto estático sobre o leito carroçável,Saída de leito carroçável,Com Vítimas Feridas,Plena Noite,Crescente,Céu Claro,Dupla,Reta,Não,2,0,2,0,0,0,2,1,"-6,96986418","-35,08206934",SPRF-PB,DEL01-PB,UOP04-DEL01-PB
324261.0,2020-11-28,sábado,05:30:00,PB,230,57,CRUZ DO ESPIRITO SANTO,Falta de Atenção à Condução,Tombamento,Com Vítimas Feridas,Amanhecer,Decrescente,Nublado,Dupla,Aclive;Reta,Não,2,0,1,1,0,0,2,1,"-7,2028","-35,1125",SPRF-PB,DEL01-PB,UOP03-DEL01-PB
324272.0,2020-11-28,sábado,06:40:00,PB,230,"153,3",CAMPINA GRANDE,Desobediência às normas de trânsito pelo condutor,Colisão transversal,Com Vítimas Feridas,Pleno dia,Crescente,Nublado,Dupla,Retorno Regulamentado,Não,2,0,1,0,1,0,1,2,"-7,27472346","-35,88823741",SPRF-PB,DEL02-PB,UOP01-DEL02-PB
324380.0,2020-11-19,quinta-feira,03:50:00,PB,230,"190,8",POCINHOS,Ultrapassagem Indevida,Colisão frontal,Com Vítimas Feridas,Plena Noite,Decrescente,Céu Claro,Simples,Reta,Não,3,0,3,0,0,0,3,2,"-7,1362059","-36,15314126",SPRF-PB,DEL02-PB,UOP02-DEL02-PB
324400.0,2020-11-28,sábado,18:35:00,PB,230,5,CABEDELO,Falta de Atenção à Condução,Saída de leito carroçável,Com Vítimas Feridas,Plena Noite,Crescente,Céu Claro,Dupla,Viaduto;Interseção de Vias;Curva,Sim,1,0,1,0,0,0,1,1,"-7,01","-34,8312",SPRF-PB,DEL01-PB,UOP01-DEL01-PB
324410.0,2020-11-28,sábado,19:10:00,PB,230,4,CABEDELO,Falta de Atenção à Condução,Colisão transversal,Com Vítimas Feridas,Plena Noite,Crescente,Céu Claro,Simples,Em Obras;Reta;Desvio Temporário;Interseção de Vias,Sim,4,0,1,0,3,0,1,2,"-7,0004","-34,8284",SPRF-PB,DEL01-PB,UOP01-DEL01-PB
324416.0,2020-11-28,sábado,18:30:00,PB,230,"35,6",SANTA RITA,Pista Escorregadia,Tombamento,Com Vítimas Feridas,Plena Noite,Crescente,Céu Claro,Dupla,Curva,Sim,2,0,1,1,0,0,2,1,"-7,1268","-34,9412",SPRF-PB,DEL01-PB,UOP01-DEL01-PB