id,data_inversa,dia_semana,horario,uf,br,km,municipio,causa_acidente,tipo_acidente,classificacao_acidente,fase_dia,sentido_via,condicao_metereologica,tipo_pista,tracado_via,uso_solo,pessoas,mortos,feridos_leves,feridos_graves,ilesos,ignorados,feridos,veiculos,latitude,longitude,regional,delegacia,uop
324436.0,2020-11-28,sábado,19:30:00,PB,230,"369,1",MALTA,Falta de Atenção à Condução,Tombamento,Com Vítimas Feridas,Plena Noite,Crescente,Céu Claro,Simples,Reta,Não,2,0,2,0,0,0,2,1,"-6,9068","-37,5407",SPRF-PB,DEL03-PB,UOP02-DEL03-PB
324438.0,2020-11-28,sábado,18:05:00,PB,434,"7,6",UIRAUNA,Desobediência às normas de trânsito pelo condutor,Colisão frontal,Com Vítimas Feridas,Anoitecer,Crescente,Céu Claro,Simples,Reta,Não,2,0,0,2,0,0,2,2,"-6,46025679","-38,43712964",SPRF-PB,DEL03-PB,UOP03-DEL03-PB
324616.0,2020-11-29,domingo,16:25:00,PB,101,"89,8",JOAO PESSOA,Desobediência às normas de trânsito pelo condutor,Colisão transversal,Com Vítimas Feridas,Pleno dia,Crescente,Céu Claro,Dupla,Reta,Sim,3,0,1,1,1,0,2,2,"-7,18225217","-34,90121668",SPRF-PB,DEL01-PB,UOP02-DEL01-PB
324646.0,2020-11-29,domingo,18:10:00,PB,101,85,BAYEUX,Falta de Atenção à Condução,Colisão frontal,Com Vítimas Feridas,Plena Noite,Crescente,Céu Claro,Dupla,Reta,Sim,1,0,0,1,0,0,1,1,"-7,14213021","-34,92041945",SPRF-PB,DEL01-PB,UOP01-DEL01-PB
324752.0,2020-11-30,segunda-feira,07:30:00,PB,101,"89,8",JOAO PESSOA,Não guardar distância de segurança,Colisão traseira,Com Vítimas Feridas,Pleno dia,Crescente,Sol,Dupla,Reta,Sim,2,0,1,0,1,0,1,2,"-7,1710694","-34,89765372",SPRF-PB,DEL01-PB,UOP02-DEL01-PB
324825.0,2020-11-30,segunda-feira,11:05:00,PB,104,113,LAGOA SECA,Desobediência às normas de trânsito pelo condutor,Colisão transversal,Com Vítimas Feridas,Pleno dia,Decrescente,Céu Claro,Simples,Reta,Não,2,0,1,0,1,0,1,2,"-7,15342626","-35,85241772",SPRF-PB,DEL02-PB,UOP04-DEL02-PB
324827.0,2020-11-30,segunda-feira,14:15:00,PB,104,117,LAGOA SECA,Falta de Atenção à Condução,Colisão traseira,Com Vítimas Feridas,Pleno dia,Crescente,Céu Claro,Simples,Reta,Não,2,0,1,0,1,0,1,2,"-7,19030697","-35,86736609",SPRF-PB,DEL02-PB,UOP04-DEL02-PB
324854.0,2020-11-30,segunda-feira,18:35:00,PB,230,85,CALDAS BRANDAO,Falta de Atenção à Condução,Queda de ocupante de veículo,Com Vítimas Feridas,Plena Noite,Crescente,Céu Claro,Simples,Reta,Não,1,0,0,1,0,0,1,1,"-7,1652","-35,3534",SPRF-PB,DEL01-PB,UOP03-DEL01-PB
324867.0,2020-11-30,segunda-feira,19:30:00,PB,230,35,BAYEUX,Não guardar distância de segurança,Colisão lateral,Com Vítimas Feridas,Plena Noite,Decrescente,Céu Claro,Dupla,Reta;Retorno Regulamentado,Sim,2,0,1,0,1,0,1,2,"-7,1268","-34,9412",SPRF-PB,DEL01-PB,UOP01-DEL01-PB
324871.0,2020-11-12,quinta-feira,20:40:00,PB,412,74,SERRA BRANCA,Deficiência ou não Acionamento do Sistema de Iluminação/Sinalização do Veículo,Colisão transversal,Com Vítimas Fatais,Plena Noite,Crescente,Céu Claro,Simples,Interseção de Vias,Não,2,1,0,0,1,0,0,2,"-7,489012","-36,650635",SPRF-PB,DEL02-PB,UOP02-DEL02-PB
325141.0,2020-12-02,quarta-feira,10:10:00,PB,230,"157,5",CAMPINA GRANDE,Falta de Atenção à Condução,Colisão transversal,Com Vítimas Feridas,Pleno dia,Crescente,Céu Claro,Simples,Rotatória,Sim,3,0,2,0,1,0,2,2,"-7,264","-35,9199",SPRF-PB,DEL02-PB,UOP01-DEL02-PB
325256.0,2020-12-02,quarta-feira,20:58:00,PB,101,84,BAYEUX,Falta de Atenção à Condução,Queda de ocupante de veículo,Com Vítimas Feridas,Plena Noite,Crescente,Ignorado,Dupla,Reta,Não,2,0,2,0,0,0,2,1,"-7,13957906","-34,92312806",SPRF-PB,DEL01-PB,UOP01-DEL01-PB
325280.0,2020-12-03,quinta-feira,06:45:00,PB,230,"154,3",CAMPINA GRANDE,Falta de Atenção à Condução,Colisão transversal,Com Vítimas Feridas,Pleno dia,Crescente,Céu Claro,Simples,Retorno Regulamentado,Sim,2,0,1,0,1,0,1,2,"-7,2777","-35,8985",SPRF-PB,DEL02-PB,UOP01-DEL02-PB
325454.0,2020-12-04,sexta-feira,05:50:00,PB,230,"248,1",JUAZEIRINHO,Condutor Dormindo,Capotamento,Com Vítimas Feridas,Amanhecer,Crescente,Céu Claro,Simples,Declive,Não,1,0,0,1,0,0,1,1,"-7,0686","-36,6346",SPRF-PB,DEL02-PB,UOP02-DEL02-PB
325457.0,2020-12-04,sexta-feira,06:30:00,PB,101,68,SANTA RITA,Falta de Atenção à Condução,Colisão lateral,Com Vítimas Feridas,Pleno dia,Decrescente,Céu Claro,Dupla,Retorno Regulamentado,Não,3,0,1,0,1,1,1,2,"-7,05686225","-35,02780412",SPRF-PB,DEL01-PB,UOP04-DEL01-PB
325464.0,2020-12-04,sexta-feira,07:00:00,PB,101,"88,2",JOAO PESSOA,Não guardar distância de segurança,Colisão traseira,Com Vítimas Feridas,Pleno dia,Crescente,Sol,Dupla,Interseção de Vias,Sim,2,0,1,0,1,0,1,2,"-7,16813531","-34,89731357",SPRF-PB,DEL01-PB,UOP01-DEL01-PB
325479.0,2020-12-04,sexta-feira,08:50:00,PB,230,403,POMBAL,Velocidade Incompatível,Saída de leito carroçável,Com Vítimas Feridas,Pleno dia,Crescente,Sol,Simples,Reta,Não,2,0,0,2,0,0,2,1,"-6,7942","-37,7839",SPRF-PB,DEL03-PB,UOP02-DEL03-PB
325571.0,2020-12-04,sexta-feira,13:50:00,PB,230,360,MALTA,Animais na Pista,Capotamento,Com Vítimas Feridas,Pleno dia,Crescente,Sol,Simples,Reta,Não,1,0,1,0,0,0,1,1,"-6,9172","-37,4635",SPRF-PB,DEL03-PB,UOP02-DEL03-PB
325578.0,2020-12-04,sexta-feira,17:30:00,PB,230,"366,4",MALTA,Falta de Atenção à Condução,Colisão transversal,Sem Vítimas,Anoitecer,Crescente,Céu Claro,Simples,Interseção de Vias,Sim,2,0,0,0,1,1,0,2,"-6,9051","-37,5155",SPRF-PB,DEL03-PB,UOP02-DEL03-PB
325632.0,2020-12-04,sexta-feira,18:50:00,PB,230,"27,9",JOAO PESSOA,Não guardar distância de segurança,Colisão traseira,Sem Vítimas,Plena Noite,Crescente,Céu Claro,Dupla,Viaduto,Sim,2,0,0,0,2,0,0,2,"-7,16550988","-34,89601929",SPRF-PB,DEL01-PB,UOP01-DEL01-PB
325676.0,2020-12-05,sábado,02:00:00,PB,230,334,PATOS,Falta de Atenção do Pedestre,Atropelamento de Pedestre,Com Vítimas Feridas,Plena Noite,Crescente,Céu Claro,Simples,Curva,Não,2,0,1,1,0,0,2,2,"-7,018","-37,2589",SPRF-PB,DEL03-PB,UOP01-DEL03-PB
325711.0,2020-12-05,sábado,07:30:00,PB,230,"135,1",CAMPINA GRANDE,Desobediência às normas de trânsito pelo condutor,Colisão lateral,Com Vítimas Feridas,Pleno dia,Decrescente,Céu Claro,Dupla,Curva,Não,2,0,1,0,0,1,1,2,"-7,2789","-35,7591",SPRF-PB,DEL02-PB,UOP01-DEL02-PB
325788.0,2020-12-05,sábado,13:50:00,PB,104,"141,3",QUEIMADAS,Desobediência às normas de trânsito pelo condutor,Colisão transversal,Com Vítimas Feridas,Pleno dia,Decrescente,Nublado,Simples,Reta,Sim,3,0,2,0,0,1,2,2,"-7,38695208","-35,89595074",SPRF-PB,DEL02-PB,UOP03-DEL02-PB
325810.0,2020-12-05,sábado,15:30:00,PB,101,"85,4",BAYEUX,Não guardar distância de segurança,Colisão com objeto estático,Com Vítimas Feridas,Pleno dia,Crescente,Sol,Dupla,Reta,Não,1,0,0,1,0,0,1,1,"-7,14538184","-34,91662887",SPRF-PB,DEL01-PB,UOP01-DEL01-PB
325868.0,2020-12-05,sábado,19:20:00,PB,230,"20,9",JOAO PESSOA,Defeito Mecânico no Veículo,Colisão com objeto estático,Com Vítimas Feridas,Plena Noite,Crescente,Céu Claro,Múltipla,Reta,Sim,4,0,2,0,2,0,2,1,"-7,1337","-34,8544",SPRF-PB,DEL01-PB,UOP01-DEL01-PB
325874.0,2020-12-05,sábado,18:10:00,PB,230,358,PATOS,Ultrapassagem Indevida,Colisão frontal,Com Vítimas Feridas,Plena Noite,Decrescente,Céu Claro,Simples,Reta,Não,2,0,0,1,1,0,1,2,"-6,9187","-37,4437",SPRF-PB,DEL03-PB,UOP02-DEL03-PB
326054.0,2020-12-06,domingo,12:40:00,PB,101,"85,8",BAYEUX,Desobediência às normas de trânsito pelo condutor,Colisão transversal,Sem Vítimas,Pleno dia,Decrescente,Céu Claro,Dupla,Reta,Sim,2,0,0,0,2,0,0,2,"-7,14538184","-34,91662887",SPRF-PB,DEL01-PB,UOP01-DEL01-PB
326082.0,2020-12-06,domingo,14:00:00,PB,405,5,UIRAUNA,Falta de Atenção à Condução,Colisão com objeto estático,Com Vítimas Feridas,Pleno dia,Decrescente,Céu Claro,Simples,Reta,Não,1,0,0,1,0,0,1,1,"-6,494732","-38,394413",SPRF-PB,DEL03-PB,UOP03-DEL03-PB
326086.0,2020-12-06,domingo,15:00:00,PB,230,"407,4",POMBAL,Falta de Atenção à Condução,Saída de leito carroçável,Com Vítimas Feridas,Pleno dia,Crescente,Céu Claro,Simples,Reta,Sim,1,0,0,1,0,0,1,1,"-6,7733","-37,798",SPRF-PB,DEL03-PB,UOP02-DEL03-PB
326133.0,2020-12-06,domingo,18:10:00,PB,104,"142,4",QUEIMADAS,Sinalização da via insuficiente ou inadequada,Colisão transversal,Com Vítimas Feridas,Plena Noite,Crescente,Céu Claro,Simples,Curva,Não,8,0,3,0,4,1,3,2,"-7,39577502","-35,89744631",SPRF-PB,DEL02-PB,UOP03-DEL02-PB
326162.0,2020-12-06,domingo,19:30:00,PB,104,"101,3",SAO SEBASTIAO DE LAGOA DE  ROCA,Ingestão de Álcool,Tombamento,Com Vítimas Feridas,Plena Noite,Crescente,Céu Claro,Simples,Reta,Não,1,0,1,0,0,0,1,1,"-7,053754","-35,854309",SPRF-PB,DEL02-PB,UOP04-DEL02-PB
326184.0,2020-12-06,domingo,20:00:00,PB,230,"154,4",CAMPINA GRANDE,Falta de Atenção à Condução,Queda de ocupante de veículo,Com Vítimas Feridas,Plena Noite,Crescente,Céu Claro,Simples,Reta,Sim,2,0,1,1,0,0,2,1,"-7,2777","-35,8985",SPRF-PB,DEL02-PB,UOP01-DEL02-PB
326192.0,2020-12-06,domingo,21:30:00,PB,427,"23,7",POMBAL,Falta de Atenção à Condução,Tombamento,Com Vítimas Feridas,Plena Noite,Crescente,Céu Claro,Simples,Reta,Não,1,0,1,0,0,0,1,1,"-6,73023293","-37,67593503",SPRF-PB,DEL03-PB,UOP02-DEL03-PB
326227.0,2020-12-07,segunda-feira,05:20:00,PB,230,59,CRUZ DO ESPIRITO SANTO,Defeito Mecânico no Veículo,Capotamento,Com Vítimas Feridas,Amanhecer,Decrescente,Sol,Dupla,Reta,Não,4,0,1,3,0,0,4,1,"-7,2043","-35,1305",SPRF-PB,DEL01-PB,UOP03-DEL01-PB
326231.0,2020-12-07,segunda-feira,05:30:00,PB,230,59,CRUZ DO ESPIRITO SANTO,Não guardar distância de segurança,Colisão traseira,Com Vítimas Feridas,Amanhecer,Crescente,Céu Claro,Dupla,Reta,Não,2,0,1,0,1,0,1,2,"-7,2043","-35,1305",SPRF-PB,DEL01-PB,UOP03-DEL01-PB
326254.0,2020-12-07,segunda-feira,07:30:00,PB,230,36,SANTA RITA,Pista Escorregadia,Tombamento,Com Vítimas Feridas,Pleno dia,Crescente,Nublado,Múltipla,Retorno Regulamentado,Sim,1,0,1,0,0,0,1,1,"-7,1246","-34,9473",SPRF-PB,DEL01-PB,UOP03-DEL01-PB
326276.0,2020-12-07,segunda-feira,08:50:00,PB,230,"39,5",SANTA RITA,Avarias e/ou desgaste excessivo no pneu,Saída de leito carroçável,Com Vítimas Feridas,Pleno dia,Crescente,Chuva,Dupla,Curva,Não,1,0,0,1,0,0,1,1,"-7,1381","-34,9707",SPRF-PB,DEL01-PB,UOP03-DEL01-PB
326350.0,2020-12-07,segunda-feira,15:45:00,PB,230,20,JOAO PESSOA,Falta de Atenção à Condução,Colisão com objeto estático,Com Vítimas Feridas,Pleno dia,Crescente,Céu Claro,Dupla,Reta,Sim,2,0,1,0,1,0,1,1,"-7,1337","-34,8544",SPRF-PB,DEL01-PB,UOP01-DEL01-PB
326406.0,2020-12-07,segunda-feira,21:20:00,PB,101,"44,4",MAMANGUAPE,Animais na Pista,Atropelamento de Animal,Com Vítimas Feridas,Plena Noite,Crescente,Céu Claro,Dupla,Aclive,Não,1,0,1,0,0,0,1,1,"-6,87451305","-35,13232736",SPRF-PB,DEL01-PB,UOP04-DEL01-PB
326439.0,2020-12-08,terça-feira,04:50:00,PB,101,"64,4",SANTA RITA,Mal Súbito,Colisão com objeto estático,Com Vítimas Feridas,Amanhecer,Crescente,Céu Claro,Dupla,Reta,Não,2,0,2,0,0,0,2,1,"-7,03485287","-35,05528078",SPRF-PB,DEL01-PB,UOP04-DEL01-PB
326477.0,2020-12-08,terça-feira,07:30:00,PB,104,"176,6",ALCANTIL,Velocidade Incompatível,Atropelamento de Pedestre,Com Vítimas Fatais,Pleno dia,Decrescente,Céu Claro,Simples,Reta;Declive,Não,2,1,1,0,0,0,1,2,"-7,61618189","-36,07162605",SPRF-PB,DEL02-PB,UOP03-DEL02-PB
326495.0,2020-12-08,terça-feira,10:00:00,PB,230,159,CAMPINA GRANDE,Desobediência às normas de trânsito pelo condutor,Colisão transversal,Sem Vítimas,Pleno dia,Crescente,Céu Claro,Simples,Interseção de Vias,Sim,2,0,0,0,2,0,0,2,"-7,252","-35,9334",SPRF-PB,DEL02-PB,UOP01-DEL02-PB
326517.0,2020-12-08,terça-feira,13:20:00,PB,230,"149,8",CAMPINA GRANDE,Desobediência às normas de trânsito pelo condutor,Saída de leito carroçável,Com Vítimas Feridas,Pleno dia,Crescente,Céu Claro,Dupla,Declive;Curva,Sim,2,0,2,0,0,0,2,1,"-7,243","-35,8709",SPRF-PB,DEL02-PB,UOP01-DEL02-PB
326524.0,2020-12-08,terça-feira,09:30:00,PB,104,"31,8",CUITE,Defeito Mecânico no Veículo,Saída de leito carroçável,Sem Vítimas,Pleno dia,Decrescente,Céu Claro,Simples,Reta,Não,1,0,0,0,0,1,0,1,"-6,654986","-36,141148",SPRF-PB,DEL02-PB,UOP04-DEL02-PB
326664.0,2020-12-09,quarta-feira,06:20:00,PB,230,"207,5",SOLEDADE,Falta de Atenção à Condução,Tombamento,Com Vítimas Feridas,Pleno dia,Decrescente,Céu Claro,Simples,Reta,Não,2,0,2,0,0,0,2,1,"-7,0882","-36,298",SPRF-PB,DEL02-PB,UOP02-DEL02-PB
326759.0,2020-12-09,quarta-feira,15:10:00,PB,230,"170,3",CAMPINA GRANDE,Não guardar distância de segurança,Colisão traseira,Sem Vítimas,Pleno dia,Crescente,Sol,Simples,Reta,Sim,2,0,0,0,2,0,0,2,"-7,18237409","-35,98426938",SPRF-PB,DEL02-PB,UOP02-DEL02-PB
326761.0,2020-12-09,quarta-feira,16:50:00,PB,230,"17,3",JOAO PESSOA,Falta de Atenção à Condução,Colisão traseira,Com Vítimas Feridas,Anoitecer,Crescente,Céu Claro,Dupla,Curva,Sim,3,0,0,1,1,1,1,2,"-7,11677222","-34,84231537",SPRF-PB,DEL01-PB,UOP01-DEL01-PB
326767.0,2020-12-09,quarta-feira,17:30:00,PB,230,"17,9",JOAO PESSOA,Falta de Atenção à Condução,Colisão traseira,Com Vítimas Feridas,Anoitecer,Decrescente,Céu Claro,Dupla,Reta,Sim,3,0,2,0,1,0,2,2,"-7,1198","-34,8453",SPRF-PB,DEL01-PB,UOP01-DEL01-PB
326844.0,2020-12-10,quinta-feira,05:30:00,PB,230,"115,3",INGA,Velocidade Incompatível,Colisão com objeto estático,Sem Vítimas,Amanhecer,Crescente,Garoa/Chuvisco,Dupla,Curva,Não,1,0,0,0,1,0,0,1,"-7,2296","-35,5998",SPRF-PB,DEL01-PB,UOP03-DEL01-PB
326975.0,2020-12-10,quinta-feira,08:30:00,PB,110,189,MONTEIRO,Defeito Mecânico no Veículo,Colisão com objeto estático,Com Vítimas Feridas,Pleno dia,Crescente,Céu Claro,Simples,Reta,Não,2,0,2,0,0,0,2,1,"-7,93258681","-37,18436713",SPRF-PB,DEL02-PB,UOP02-DEL02-PB
327009.0,2020-12-10,quinta-feira,21:30:00,PB,230,"15,2",JOAO PESSOA,Falta de Atenção à Condução,Colisão traseira,Com Vítimas Feridas,Plena Noite,Crescente,Céu Claro,Dupla,Curva;Aclive,Sim,4,0,1,0,2,1,1,2,"-7,093","-34,8482",SPRF-PB,DEL01-PB,UOP01-DEL01-PB
327080.0,2020-09-27,domingo,14:40:00,PB,230,56,CRUZ DO ESPIRITO SANTO,Velocidade Incompatível,Capotamento,Com Vítimas Feridas,Pleno dia,Crescente,Céu Claro,Dupla,Reta,Não,4,0,1,2,0,1,3,2,"-7,2021","-35,1038",SPRF-PB,DEL01-PB,UOP03-DEL01-PB
327105.0,2020-12-11,sexta-feira,11:45:00,PB,230,"310,3",SAO MAMEDE,Defeito Mecânico no Veículo,Incêndio,Sem Vítimas,Pleno dia,Crescente,Céu Claro,Simples,Reta,Não,1,0,0,0,1,0,0,1,"-6,92727889","-37,06988811",SPRF-PB,DEL03-PB,UOP01-DEL03-PB
327119.0,2020-12-11,sexta-feira,11:50:00,PB,230,"141,9",MASSARANDUBA,Falta de Atenção à Condução,Colisão com objeto estático,Com Vítimas Feridas,Pleno dia,Crescente,Céu Claro,Dupla,Reta,Não,1,0,0,1,0,0,1,1,"-7,2612","-35,8061",SPRF-PB,DEL02-PB,UOP01-DEL02-PB
327138.0,2020-12-11,sexta-feira,14:30:00,PB,101,87,JOAO PESSOA,Falta de Atenção à Condução,Colisão lateral,Com Vítimas Feridas,Pleno dia,Crescente,Céu Claro,Dupla,Reta,Não,3,0,1,1,1,0,2,2,"-7,15886802","-34,90628504",SPRF-PB,DEL01-PB,UOP01-DEL01-PB
327181.0,2020-12-11,sexta-feira,17:30:00,PB,230,12,CABEDELO,Falta de Atenção à Condução,Colisão traseira,Com Vítimas Feridas,Plena Noite,Crescente,Céu Claro,Dupla,Reta,Sim,2,0,1,0,1,0,1,2,"-7,068","-34,85",SPRF-PB,DEL01-PB,UOP01-DEL01-PB
327215.0,2020-12-11,sexta-feira,19:40:00,PB,230,80,RIACHAO DO POCO,Velocidade Incompatível,Saída de leito carroçável,Sem Vítimas,Plena Noite,Decrescente,Céu Claro,Dupla,Reta,Não,1,0,0,0,0,1,0,1,"-7,17617886","-35,32997131",SPRF-PB,DEL01-PB,UOP03-DEL01-PB
327227.0,2020-12-11,sexta-feira,19:10:00,PB,230,"154,7",CAMPINA GRANDE,Restrição de Visibilidade,Tombamento,Com Vítimas Feridas,Plena Noite,Decrescente,Céu Claro,Simples,Reta,Não,1,0,0,1,0,0,1,1,"-7,2777","-35,8985",SPRF-PB,DEL02-PB,UOP01-DEL02-PB
327375.0,2020-12-12,sábado,14:20:00,PB,230,203,OLIVEDOS,Falta de Atenção à Condução,Saída de leito carroçável,Com Vítimas Feridas,Pleno dia,Crescente,Céu Claro,Simples,Reta,Não,3,0,1,0,0,2,1,3,"-7,0962","-36,2621",SPRF-PB,DEL02-PB,UOP02-DEL02-PB
327424.0,2020-12-12,sábado,18:55:00,PB,230,332,PATOS,Avarias e/ou desgaste excessivo no pneu,Queda de ocupante de veículo,Com Vítimas Feridas,Plena Noite,Crescente,Céu Claro,Simples,Reta,Não,2,0,2,0,0,0,2,1,"-7,0203","-37,2403",SPRF-PB,DEL03-PB,UOP01-DEL03-PB
327496.0,2020-12-12,sábado,23:45:00,PB,230,85,CALDAS BRANDAO,Desobediência às normas de trânsito pelo condutor,Colisão lateral,Com Vítimas Feridas,Plena Noite,Crescente,Céu Claro,Dupla,Reta,Não,2,0,0,1,1,0,1,2,"-7,16723714","-35,36430359",SPRF-PB,DEL01-PB,UOP03-DEL01-PB
327507.0,2020-12-13,domingo,00:40:00,PB,361,5,PATOS,Falta de Atenção à Condução,Queda de ocupante de veículo,Com Vítimas Feridas,Plena Noite,Crescente,Céu Claro,Simples,Reta,Sim,1,0,1,0,0,0,1,1,"-7,0342983","-37,30232718",SPRF-PB,DEL03-PB,UOP01-DEL03-PB
327517.0,2020-12-13,domingo,02:50:00,PB,230,89,GURINHEM,Desobediência às normas de trânsito pelo condutor,Colisão traseira,Com Vítimas Feridas,Plena Noite,Decrescente,Céu Claro,Dupla,Reta,Sim,5,0,3,0,0,2,3,2,"-7,1708","-35,3831",SPRF-PB,DEL01-PB,UOP03-DEL01-PB
327551.0,2020-12-13,domingo,00:40:00,PB,230,"163,1",CAMPINA GRANDE,Velocidade Incompatível,Saída de leito carroçável,Com Vítimas Feridas,Plena Noite,Decrescente,Céu Claro,Simples,Curva,Sim,1,0,1,0,0,0,1,1,"-7,2198","-35,9443",SPRF-PB,DEL02-PB,UOP01-DEL02-PB
327559.0,2020-12-13,domingo,03:20:00,PB,405,9,UIRAUNA,Falta de Atenção à Condução,Atropelamento de Pedestre,Com Vítimas Fatais,Plena Noite,Decrescente,Céu Claro,Simples,Reta,Sim,2,1,0,0,1,0,0,2,"-6,523017","-38,41608",SPRF-PB,DEL03-PB,UOP03-DEL03-PB
327563.0,2020-12-13,domingo,03:20:00,PB,104,"101,6",ESPERANCA,Velocidade Incompatível,Colisão com objeto estático,Com Vítimas Fatais,Plena Noite,Crescente,Céu Claro,Simples,Curva,Não,2,1,0,1,0,0,1,1,"-7,057146","-35,853988",SPRF-PB,DEL02-PB,UOP04-DEL02-PB
327583.0,2020-12-13,domingo,08:50:00,PB,230,"27,6",JOAO PESSOA,Não guardar distância de segurança,Colisão lateral,Com Vítimas Feridas,Pleno dia,Crescente,Céu Claro,Dupla,Reta,Sim,3,0,1,0,2,0,1,3,"-7,164918","-34,893282",SPRF-PB,DEL01-PB,UOP01-DEL01-PB
327600.0,2020-12-13,domingo,10:50:00,PB,101,"41,5",MAMANGUAPE,Defeito na Via,Tombamento,Com Vítimas Feridas,Pleno dia,Crescente,Céu Claro,Dupla,Declive;Interseção de Vias,Sim,2,0,2,0,0,0,2,1,"-6,84766595","-35,13549958",SPRF-PB,DEL01-PB,UOP04-DEL01-PB
327626.0,2020-12-13,domingo,13:45:00,PB,230,"70,4",SOBRADO,Condutor Dormindo,Saída de leito carroçável,Com Vítimas Feridas,Pleno dia,Crescente,Sol,Dupla,Em Obras,Não,2,0,1,1,0,0,2,1,"-7,1919","-35,2261",SPRF-PB,DEL01-PB,UOP03-DEL01-PB
327639.0,2020-12-13,domingo,13:45:00,PB,230,136,CAMPINA GRANDE,Condutor Dormindo,Saída de leito carroçável,Com Vítimas Feridas,Pleno dia,Decrescente,Céu Claro,Dupla,Curva,Não,1,0,0,1,0,0,1,1,"-7,2818","-35,7675",SPRF-PB,DEL02-PB,UOP01-DEL02-PB
327650.0,2020-12-13,domingo,14:30:00,PB,104,146,QUEIMADAS,Falta de Atenção à Condução,Colisão transversal,Com Vítimas Feridas,Pleno dia,Crescente,Céu Claro,Simples,Reta,Não,6,0,3,0,3,0,3,3,"-7,43125373","-35,89767245",SPRF-PB,DEL02-PB,UOP03-DEL02-PB
327698.0,2020-12-13,domingo,18:00:00,PB,230,"143,5",CAMPINA GRANDE,Falta de Atenção à Condução,Colisão com objeto estático,Sem Vítimas,Plena Noite,Crescente,Céu Claro,Dupla,Retorno Regulamentado;Reta,Sim,1,0,0,0,0,1,0,1,"-7,253694","-35,831625",SPRF-PB,DEL02-PB,UOP01-DEL02-PB
327699.0,2020-12-13,domingo,18:20:00,PB,230,"164,3",CAMPINA GRANDE,Desobediência às normas de trânsito pelo condutor,Tombamento,Com Vítimas Feridas,Plena Noite,Decrescente,Nublado,Simples,Curva,Não,1,0,1,0,0,0,1,1,"-7,2128","-35,9499",SPRF-PB,DEL02-PB,UOP01-DEL02-PB
327738.0,2020-12-13,domingo,19:00:00,PB,230,463,SOUSA,Ingestão de Álcool,Colisão traseira,Com Vítimas Fatais,Plena Noite,Crescente,Céu Claro,Simples,Reta,Sim,5,1,0,3,0,1,3,2,"-6,7783","-38,2256",SPRF-PB,DEL03-PB,UOP03-DEL03-PB
327853.0,2020-12-14,segunda-feira,10:10:00,PB,101,"82,3",BAYEUX,Falta de Atenção à Condução,Engavetamento,Com Vítimas Feridas,Pleno dia,Decrescente,Céu Claro,Dupla,Reta,Sim,5,0,1,0,4,0,1,4,"-7,12911","-34,93714",SPRF-PB,DEL01-PB,UOP01-DEL01-PB
327890.0,2020-12-14,segunda-feira,13:30:00,PB,230,342,PATOS,Falta de Atenção à Condução,Colisão com objeto estático,Com Vítimas Feridas,Pleno dia,Crescente,Céu Claro,Simples,Reta,Não,1,0,1,0,0,0,1,1,"-6,9895","-37,3234",SPRF-PB,DEL03-PB,UOP01-DEL03-PB
328101.0,2020-12-15,terça-feira,16:39:00,PB,230,28,JOAO PESSOA,Falta de Atenção à Condução,Colisão lateral,Com Vítimas Feridas,Anoitecer,Decrescente,Céu Claro,Dupla,Reta,Sim,2,0,1,0,0,1,1,2,"-7,1651","-34,8941",SPRF-PB,DEL01-PB,UOP01-DEL01-PB
328102.0,2020-12-15,terça-feira,16:45:00,PB,101,"89,1",JOAO PESSOA,Desobediência às normas de trânsito pelo pedestre,Atropelamento de Pedestre,Com Vítimas Feridas,Anoitecer,Decrescente,Céu Claro,Dupla,Reta,Sim,2,0,0,1,0,1,1,2,"-7,1710694","-34,89765372",SPRF-PB,DEL01-PB,UOP02-DEL01-PB
328304.0,2020-12-16,quarta-feira,17:24:00,PB,230,28,JOAO PESSOA,Falta de Atenção à Condução,Colisão transversal,Com Vítimas Feridas,Pleno dia,Decrescente,Sol,Dupla,Interseção de Vias;Reta,Sim,2,0,1,0,1,0,1,2,"-7,1651","-34,8941",SPRF-PB,DEL01-PB,UOP01-DEL01-PB
328310.0,2020-09-15,terça-feira,16:11:00,PB,104,"43,1",BARRA DE SANTA ROSA,Animais na Pista,Atropelamento de Animal,Com Vítimas Feridas,Pleno dia,Crescente,Céu Claro,Simples,Reta,Não,1,0,0,1,0,0,1,1,"-6,71574818","-36,06408616",SPRF-PB,DEL02-PB,UOP04-DEL02-PB
328489.0,2020-12-17,quinta-feira,13:00:00,PB,230,28,JOAO PESSOA,Desobediência às normas de trânsito pelo condutor,Colisão transversal,Com Vítimas Feridas,Pleno dia,Crescente,Céu Claro,Dupla,Viaduto,Sim,2,0,0,1,0,1,1,2,"-7,1651","-34,8941",SPRF-PB,DEL01-PB,UOP01-DEL01-PB
328600.0,2020-12-18,sexta-feira,07:10:00,PB,230,60,SAO MIGUEL DE TAIPU,Desobediência às normas de trânsito pelo condutor,Colisão transversal,Com Vítimas Feridas,Pleno dia,Crescente,Céu Claro,Dupla,Retorno Regulamentado,Não,2,0,0,1,0,1,1,2,"-7,20410512","-35,15261829",SPRF-PB,DEL01-PB,UOP03-DEL01-PB
328671.0,2020-12-18,sexta-feira,13:10:00,PB,230,"99,6",GURINHEM,Falta de Atenção à Condução,Colisão com objeto estático,Sem Vítimas,Pleno dia,Decrescente,Céu Claro,Dupla,Reta,Não,1,0,0,0,1,0,0,1,"-7,1911","-35,4716",SPRF-PB,DEL01-PB,UOP03-DEL01-PB