id,data_inversa,dia_semana,horario,uf,br,km,municipio,causa_acidente,tipo_acidente,classificacao_acidente,fase_dia,sentido_via,condicao_metereologica,tipo_pista,tracado_via,uso_solo,pessoas,mortos,feridos_leves,feridos_graves,ilesos,ignorados,feridos,veiculos,latitude,longitude,regional,delegacia,uop
328690.0,2020-12-18,sexta-feira,15:50:00,PB,230,23,JOAO PESSOA,Não guardar distância de segurança,Engavetamento,Sem Vítimas,Pleno dia,Decrescente,Céu Claro,Dupla,Reta,Sim,6,0,0,0,5,1,0,6,"-7,1562","-34,8574",SPRF-PB,DEL01-PB,UOP01-DEL01-PB
328696.0,2020-12-18,sexta-feira,16:00:00,PB,230,22,JOAO PESSOA,Não guardar distância de segurança,Colisão traseira,Com Vítimas Feridas,Pleno dia,Crescente,Céu Claro,Dupla,Reta,Sim,2,0,0,1,1,0,1,2,"-7,1495","-34,8517",SPRF-PB,DEL01-PB,UOP01-DEL01-PB
328781.0,2020-12-12,sábado,14:30:00,PB,104,198,ALCANTIL,Falta de Atenção à Condução,Colisão transversal,Com Vítimas Feridas,Pleno dia,Crescente,Céu Claro,Simples,Reta,Não,2,0,0,1,0,1,1,2,"-7,77583822","-36,10263784",SPRF-PB,DEL02-PB,UOP03-DEL02-PB
329015.0,2020-12-19,sábado,17:00:00,PB,104,"88,5",REMIGIO,Desobediência às normas de trânsito pelo condutor,Colisão transversal,Com Vítimas Feridas,Pleno dia,Decrescente,Céu Claro,Simples,Reta,Sim,2,0,0,1,1,0,1,2,"-6,97224","-35,804708",SPRF-PB,DEL02-PB,UOP04-DEL02-PB
329074.0,2020-12-19,sábado,22:30:00,PB,230,"215,5",SOLEDADE,Falta de Atenção do Pedestre,Atropelamento de Pedestre,Com Vítimas Feridas,Plena Noite,Decrescente,Céu Claro,Simples,Reta,Não,2,0,1,0,0,1,1,2,"-7,0577","-36,3629",SPRF-PB,DEL02-PB,UOP02-DEL02-PB
329088.0,2020-12-20,domingo,00:30:00,PB,230,78,RIACHAO DO POCO,Ingestão de Álcool,Colisão com objeto estático,Com Vítimas Feridas,Plena Noite,Decrescente,Céu Claro,Dupla,Em Obras,Não,2,0,0,2,0,0,2,1,"-7,18291696","-35,30604601",SPRF-PB,DEL01-PB,UOP03-DEL01-PB
329164.0,2020-12-19,sábado,22:10:00,PB,230,402,POMBAL,Falta de Atenção à Condução,Colisão frontal,Com Vítimas Feridas,Plena Noite,Decrescente,Céu Claro,Simples,Reta,Não,4,0,0,1,2,1,1,3,"-6,801908","-37,775868",SPRF-PB,DEL03-PB,UOP02-DEL03-PB
329168.0,2020-12-20,domingo,08:45:00,PB,101,96,CONDE,Desobediência às normas de trânsito pelo condutor,Colisão transversal,Com Vítimas Feridas,Pleno dia,Decrescente,Céu Claro,Múltipla,Reta,Não,6,0,0,2,4,0,2,2,"-7,230921","-34,921149",SPRF-PB,DEL01-PB,UOP02-DEL01-PB
329225.0,2020-12-20,domingo,13:00:00,PB,230,507,CAJAZEIRAS,Falta de Atenção à Condução,Colisão lateral,Com Vítimas Feridas,Pleno dia,Crescente,Céu Claro,Simples,Aclive;Reta,Sim,2,0,1,0,1,0,1,2,"-6,89960804","-38,57117414",SPRF-PB,DEL03-PB,UOP03-DEL03-PB
329304.0,2020-12-20,domingo,18:35:00,PB,230,40,SANTA RITA,Falta de Atenção à Condução,Colisão com objeto estático,Sem Vítimas,Plena Noite,Crescente,Céu Claro,Dupla,Aclive,Não,1,0,0,0,0,1,0,1,"-7,1414","-34,9778",SPRF-PB,DEL01-PB,UOP03-DEL01-PB
329330.0,2020-12-20,domingo,21:00:00,PB,230,"4,7",CABEDELO,Ingestão de Álcool,Queda de ocupante de veículo,Com Vítimas Feridas,Plena Noite,Crescente,Céu Claro,Dupla,Em Obras;Desvio Temporário,Sim,1,0,1,0,0,0,1,1,"-7,0004","-34,8284",SPRF-PB,DEL01-PB,UOP01-DEL01-PB
329332.0,2020-12-20,domingo,21:15:00,PB,104,142,QUEIMADAS,Avarias e/ou desgaste excessivo no pneu,Saída de leito carroçável,Com Vítimas Feridas,Plena Noite,Decrescente,Céu Claro,Simples,Aclive,Não,3,0,2,1,0,0,3,1,"-7,39577502","-35,89744631",SPRF-PB,DEL02-PB,UOP03-DEL02-PB
329341.0,2020-12-20,domingo,21:35:00,PB,101,79,SANTA RITA,Animais na Pista,Capotamento,Com Vítimas Feridas,Plena Noite,Crescente,Céu Claro,Dupla,Reta,Não,4,0,2,2,0,0,4,1,"-7,1147526","-34,95793891",SPRF-PB,DEL01-PB,UOP04-DEL01-PB
329429.0,2020-12-21,segunda-feira,07:50:00,PB,230,27,JOAO PESSOA,Não guardar distância de segurança,Colisão traseira,Com Vítimas Feridas,Pleno dia,Decrescente,Sol,Dupla,Reta,Sim,5,0,2,0,2,1,2,4,"-7,16556105","-34,88994068",SPRF-PB,DEL01-PB,UOP01-DEL01-PB
329437.0,2020-12-21,segunda-feira,08:00:00,PB,230,"155,3",CAMPINA GRANDE,Velocidade Incompatível,Colisão traseira,Sem Vítimas,Pleno dia,Crescente,Nublado,Simples,Reta,Não,3,0,0,0,2,1,0,3,"-7,2748","-35,9058",SPRF-PB,DEL02-PB,UOP01-DEL02-PB
329731.0,2020-12-22,terça-feira,15:55:00,PB,230,"85,4",CALDAS BRANDAO,Velocidade Incompatível,Saída de leito carroçável,Com Vítimas Feridas,Pleno dia,Decrescente,Céu Claro,Simples,Reta,Não,1,0,1,0,0,0,1,1,"-7,1652","-35,3534",SPRF-PB,DEL01-PB,UOP03-DEL01-PB
329763.0,2020-12-22,terça-feira,18:15:00,PB,101,"84,5",BAYEUX,Desobediência às normas de trânsito pelo condutor,Colisão traseira,Com Vítimas Feridas,Plena Noite,Decrescente,Céu Claro,Dupla,Reta,Sim,2,0,0,1,1,0,1,2,"-7,14264652","-34,91971135",SPRF-PB,DEL01-PB,UOP01-DEL01-PB
329871.0,2020-12-23,quarta-feira,07:45:00,PB,230,28,JOAO PESSOA,Falta de Atenção à Condução,Queda de ocupante de veículo,Com Vítimas Feridas,Pleno dia,Crescente,Céu Claro,Dupla,Viaduto,Não,1,0,1,0,0,0,1,1,"-7,1651","-34,8941",SPRF-PB,DEL01-PB,UOP01-DEL01-PB
329879.0,2020-12-23,quarta-feira,08:15:00,PB,101,83,BAYEUX,Falta de Atenção à Condução,Colisão traseira,Com Vítimas Feridas,Pleno dia,Crescente,Sol,Dupla,Aclive,Sim,4,0,1,1,2,0,2,2,"-7,13137272","-34,93270397",SPRF-PB,DEL01-PB,UOP01-DEL01-PB
330019.0,2020-12-23,quarta-feira,17:45:00,PB,230,16,JOAO PESSOA,Falta de Atenção à Condução,Engavetamento,Sem Vítimas,Anoitecer,Decrescente,Céu Claro,Dupla,Reta,Sim,3,0,0,0,3,0,0,3,"-7,1039","-34,8458",SPRF-PB,DEL01-PB,UOP01-DEL01-PB
330097.0,2020-12-24,quinta-feira,00:00:00,PB,230,121,RIACHAO DO BACAMARTE,Ingestão de Álcool,Colisão frontal,Com Vítimas Feridas,Plena Noite,Crescente,Céu Claro,Dupla,Reta,Sim,4,0,1,2,1,0,3,2,"-7,2452","-35,649",SPRF-PB,DEL02-PB,UOP01-DEL02-PB
330109.0,2020-12-24,quinta-feira,04:53:00,PB,101,61,SANTA RITA,Falta de Atenção à Condução,Saída de leito carroçável,Com Vítimas Feridas,Pleno dia,Decrescente,Céu Claro,Dupla,Reta,Não,3,0,2,0,0,1,2,2,"-7,00949401","-35,06072329",SPRF-PB,DEL01-PB,UOP04-DEL01-PB
330122.0,2020-12-24,quinta-feira,03:00:00,PB,230,"460,3",SOUSA,Falta de Atenção à Condução,Saída de leito carroçável,Sem Vítimas,Plena Noite,Crescente,Nublado,Simples,Reta,Não,1,0,0,0,1,0,0,1,"-6,7752","-38,1982",SPRF-PB,DEL03-PB,UOP03-DEL03-PB
330138.0,2020-12-24,quinta-feira,07:25:00,PB,230,17,JOAO PESSOA,Velocidade Incompatível,Tombamento,Com Vítimas Feridas,Pleno dia,Crescente,Sol,Dupla,Curva,Sim,1,0,1,0,0,0,1,1,"-7,1121","-34,8426",SPRF-PB,DEL01-PB,UOP01-DEL01-PB
330264.0,2020-12-24,quinta-feira,16:50:00,PB,230,"45,5",SANTA RITA,Condutor Dormindo,Saída de leito carroçável,Com Vítimas Feridas,Pleno dia,Decrescente,Céu Claro,Dupla,Reta,Não,1,0,1,0,0,0,1,1,"-7,1583","-35,0176",SPRF-PB,DEL01-PB,UOP03-DEL01-PB
330315.0,2020-12-24,quinta-feira,17:30:00,PB,230,"166,7",CAMPINA GRANDE,Falta de Atenção à Condução,Saída de leito carroçável,Sem Vítimas,Anoitecer,Decrescente,Céu Claro,Simples,Reta,Sim,1,0,0,0,0,1,0,1,"-7,1976","-35,955",SPRF-PB,DEL02-PB,UOP02-DEL02-PB
330377.0,2020-12-25,sexta-feira,02:30:00,PB,230,23,JOAO PESSOA,Velocidade Incompatível,Colisão traseira,Com Vítimas Feridas,Plena Noite,Decrescente,Céu Claro,Dupla,Viaduto,Sim,3,0,0,2,0,1,2,2,"-7,1562","-34,8574",SPRF-PB,DEL01-PB,UOP01-DEL01-PB
330409.0,2020-12-25,sexta-feira,07:00:00,PB,230,264,JUNCO DO SERIDO,Ingestão de Álcool,Colisão frontal,Sem Vítimas,Pleno dia,Crescente,Sol,Simples,Reta,Não,2,0,0,0,2,0,0,2,"-6,98197676","-36,73210144",SPRF-PB,DEL03-PB,UOP01-DEL03-PB
330411.0,2020-12-25,sexta-feira,07:45:00,PB,101,82,BAYEUX,Velocidade Incompatível,Saída de leito carroçável,Sem Vítimas,Pleno dia,Decrescente,Nublado,Múltipla,Interseção de Vias,Sim,1,0,0,0,0,1,0,1,"-7,12911","-34,93714",SPRF-PB,DEL01-PB,UOP01-DEL01-PB
330424.0,2020-12-25,sexta-feira,08:40:00,PB,230,"157,1",CAMPINA GRANDE,Não guardar distância de segurança,Colisão traseira,Com Vítimas Feridas,Pleno dia,Decrescente,Nublado,Simples,Aclive,Sim,2,0,1,0,1,0,1,2,"-7,264","-35,9199",SPRF-PB,DEL02-PB,UOP01-DEL02-PB
330472.0,2020-12-25,sexta-feira,14:00:00,PB,427,37,POMBAL,Ingestão de Álcool,Queda de ocupante de veículo,Com Vítimas Feridas,Pleno dia,Decrescente,Céu Claro,Simples,Reta,Sim,1,0,1,0,0,0,1,1,"-6,76405124","-37,78910384",SPRF-PB,DEL03-PB,UOP02-DEL03-PB
330533.0,2020-12-25,sexta-feira,19:38:00,PB,230,410,POMBAL,Desobediência às normas de trânsito pelo condutor,Colisão frontal,Com Vítimas Fatais,Plena Noite,Crescente,Céu Claro,Simples,Aclive,Não,3,1,0,0,2,0,0,2,"-6,7494","-37,7884",SPRF-PB,DEL03-PB,UOP02-DEL03-PB
330569.0,2020-12-26,sábado,00:50:00,PB,101,"34,3",MAMANGUAPE,Condutor Dormindo,Saída de leito carroçável,Com Vítimas Feridas,Plena Noite,Crescente,Céu Claro,Dupla,Reta,Não,1,0,1,0,0,0,1,1,"-6,78533891","-35,13428131",SPRF-PB,DEL01-PB,UOP04-DEL01-PB
330604.0,2020-12-26,sábado,08:15:00,PB,230,"0,8",CABEDELO,Desobediência às normas de trânsito pelo condutor,Colisão transversal,Com Vítimas Feridas,Pleno dia,Decrescente,Nublado,Simples,Reta,Sim,2,0,0,1,1,0,1,2,"-6,974256","-34,832016",SPRF-PB,DEL01-PB,UOP01-DEL01-PB
330654.0,2020-12-26,sábado,15:30:00,PB,230,3,CABEDELO,Falta de Atenção à Condução,Colisão traseira,Com Vítimas Feridas,Pleno dia,Crescente,Céu Claro,Dupla,Retorno Regulamentado,Sim,3,0,1,0,2,0,1,2,"-6,9915","-34,8287",SPRF-PB,DEL01-PB,UOP01-DEL01-PB
330705.0,2020-12-26,sábado,19:30:00,PB,230,"158,6",CAMPINA GRANDE,Desobediência às normas de trânsito pelo condutor,Colisão transversal,Com Vítimas Feridas,Plena Noite,Decrescente,Céu Claro,Simples,Reta,Sim,2,0,1,0,0,1,1,2,"-7,25619936","-35,92893004",SPRF-PB,DEL02-PB,UOP01-DEL02-PB
330708.0,2020-12-26,sábado,20:25:00,PB,230,11,CABEDELO,Não guardar distância de segurança,Queda de ocupante de veículo,Com Vítimas Feridas,Plena Noite,Decrescente,Céu Claro,Dupla,Reta,Não,2,0,1,0,1,0,1,2,"-7,0596","-34,8506",SPRF-PB,DEL01-PB,UOP01-DEL01-PB
330726.0,2020-12-26,sábado,21:30:00,PB,101,105,ALHANDRA,Velocidade Incompatível,Saída de leito carroçável,Com Vítimas Feridas,Plena Noite,Decrescente,Garoa/Chuvisco,Dupla,Curva,Não,2,0,2,0,0,0,2,1,"-7,30814609","-34,94344185",SPRF-PB,DEL01-PB,UOP02-DEL01-PB
330914.0,2020-12-27,domingo,21:05:00,PB,101,19,MAMANGUAPE,Ingestão de Álcool,Colisão com objeto estático,Com Vítimas Feridas,Plena Noite,Decrescente,Chuva,Dupla,Declive,Não,1,0,1,0,0,0,1,1,"-6,65604609","-35,11912427",SPRF-PB,DEL01-PB,UOP04-DEL01-PB
331263.0,2020-12-29,terça-feira,18:00:00,PB,230,19,JOAO PESSOA,Desobediência às normas de trânsito pelo condutor,Colisão lateral,Sem Vítimas,Anoitecer,Crescente,Céu Claro,Dupla,Reta,Não,2,0,0,0,2,0,0,2,"-7,1281","-34,8466",SPRF-PB,DEL01-PB,UOP01-DEL01-PB
331276.0,2020-12-29,terça-feira,19:00:00,PB,230,"10,5",CABEDELO,Desobediência às normas de trânsito pelo pedestre,Atropelamento de Pedestre,Com Vítimas Feridas,Plena Noite,Crescente,Céu Claro,Dupla,Interseção de Vias,Sim,2,0,2,0,0,0,2,2,"-7,0514","-34,8499",SPRF-PB,DEL01-PB,UOP01-DEL01-PB
331317.0,2020-12-30,quarta-feira,03:40:00,PB,230,370,MALTA,Condutor deixou de manter distância do veículo da frente,Colisão traseira,Com Vítimas Feridas,Plena Noite,Decrescente,Céu Claro,Simples,Reta,Não,2,0,1,0,1,0,1,2,"-6,9079","-37,5497",SPRF-PB,DEL03-PB,UOP02-DEL03-PB
331429.0,2020-12-30,quarta-feira,17:29:00,PB,101,"84,3",BAYEUX,Falta de Atenção à Condução,Colisão traseira,Com Vítimas Feridas,Pleno dia,Crescente,Sol,Dupla,Reta,Sim,2,0,1,0,1,0,1,2,"-7,13957906","-34,92312806",SPRF-PB,DEL01-PB,UOP01-DEL01-PB
331430.0,2020-12-30,quarta-feira,17:30:00,PB,230,28,JOAO PESSOA,Falta de Atenção do Pedestre,Atropelamento de Pedestre,Com Vítimas Feridas,Anoitecer,Decrescente,Céu Claro,Dupla,Curva;Viaduto;Interseção de Vias,Sim,3,0,1,0,1,1,1,2,"-7,1651","-34,8941",SPRF-PB,DEL01-PB,UOP01-DEL01-PB
331501.0,2020-12-30,quarta-feira,21:45:00,PB,361,6,PATOS,Falta de Atenção à Condução,Colisão lateral,Com Vítimas Feridas,Plena Noite,Decrescente,Céu Claro,Simples,Reta,Sim,2,0,2,0,0,0,2,2,"-7,03594312","-37,31112598",SPRF-PB,DEL03-PB,UOP01-DEL03-PB
331629.0,2020-12-31,quinta-feira,16:30:00,PB,101,"8,4",MAMANGUAPE,Demais falhas mecânicas ou elétricas,Incêndio,Sem Vítimas,Pleno dia,Crescente,Sol,Dupla,Curva,Não,2,0,0,0,2,0,0,1,"-6,56597091","-35,14256709",SPRF-PB,DEL01-PB,UOP04-DEL01-PB
331630.0,2020-12-31,quinta-feira,16:25:00,PB,230,"234,5",JUAZEIRINHO,Falta de Atenção à Condução,Colisão transversal,Com Vítimas Feridas,Pleno dia,Crescente,Céu Claro,Simples,Reta,Não,3,0,1,0,2,0,1,2,"-7,0416","-36,5166",SPRF-PB,DEL02-PB,UOP02-DEL02-PB
333568.0,2020-10-25,domingo,16:10:00,PB,101,"88,8",JOAO PESSOA,Falta de Atenção à Condução,Colisão com objeto estático,Com Vítimas Fatais,Pleno dia,Crescente,Céu Claro,Dupla,Reta,Sim,3,1,1,1,0,0,2,1,"-7,1710694","-34,89765372",SPRF-PB,DEL01-PB,UOP02-DEL01-PB
334124.0,2020-12-25,sexta-feira,03:10:00,PB,230,337,PATOS,Animais na Pista,Atropelamento de Animal,Com Vítimas Feridas,Plena Noite,Decrescente,Céu Claro,Simples,Reta,Não,2,0,1,1,0,0,2,1,"-7,0084","-37,2829",SPRF-PB,DEL03-PB,UOP01-DEL03-PB
345170.0,2020-12-09,quarta-feira,21:00:00,PB,405,"28,1",SAO JOAO DO RIO DO PEIXE,Desobediência às normas de trânsito pelo condutor,Colisão frontal,Com Vítimas Fatais,Plena Noite,Crescente,Céu Claro,Simples,Aclive,Não,2,1,0,0,1,0,0,2,"-6,684729","-38,4442666",SPRF-PB,DEL03-PB,UOP03-DEL03-PB
346918.0,2020-09-26,sábado,04:20:00,PB,230,"11,1",CABEDELO,Desobediência às normas de trânsito pelo condutor,Colisão frontal,Com Vítimas Feridas,Amanhecer,Decrescente,Céu Claro,Dupla,Reta,Sim,2,0,1,0,1,0,1,2,"-7,0596","-34,8506",SPRF-PB,DEL01-PB,UOP01-DEL01-PB
412486.0,2020-07-08,quarta-feira,15:00:00,PB,361,"105,2",PIANCO,Não guardar distância de segurança,Colisão traseira,Com Vítimas Feridas,Pleno dia,Decrescente,Céu Claro,Simples,Reta,Não,2,0,1,0,1,0,1,2,"-7,28097232","-38,07823576",SPRF-PB,DEL03-PB,UOP01-DEL03-PB
448262.0,2020-07-12,domingo,04:30:00,PB,230,15,JOAO PESSOA,Falta de Atenção à Condução,Saída de leito carroçável,Sem Vítimas,Amanhecer,Decrescente,Garoa/Chuvisco,Dupla,Curva,Sim,1,0,0,0,0,1,0,1,"-7,093","-34,8482",SPRF-PB,DEL01-PB,UOP01-DEL01-PB
577019.0,2020-12-25,sexta-feira,19:30:00,PB,104,"129,8",CAMPINA GRANDE,Ingestão de álcool pelo condutor,Colisão lateral,Com Vítimas Feridas,Plena Noite,Decrescente,Nublado,Simples,Reta,Sim,5,0,2,0,2,1,2,4,"-7,28120589","-35,88915693",SPRF-PB,DEL02-PB,UOP03-DEL02-PB
577133.0,2020-10-11,domingo,11:15:00,PB,230,317,SAO MAMEDE,Ingestão de álcool pelo condutor,Saída de leito carroçável,Com Vítimas Feridas,Pleno dia,Crescente,Sol,Simples,Declive;Reta,Não,2,0,2,0,0,0,2,1,"-6,9543","-37,1244",SPRF-PB,DEL03-PB,UOP01-DEL03-PB
620739.0,2020-01-10,sexta-feira,15:55:00,PB,230,19,JOAO PESSOA,Falta de Atenção à Condução,Colisão traseira,Com Vítimas Feridas,Pleno dia,Decrescente,Céu Claro,Dupla,Declive;Reta,Sim,5,0,2,0,2,1,2,4,"-7,1281","-34,8466",SPRF-PB,DEL01-PB,UOP01-DEL01-PB
652671.0,2025-01-01,quarta-feira,21:00:00,PB,405,"51,8",MARIZOPOLIS,Ingestão de álcool pelo condutor,Colisão frontal,Com Vítimas Feridas,Plena Noite,Decrescente,Céu Claro,Simples,Curva,Sim,5,0,0,4,1,0,4,2,"-6,846113","-38,366341",SPRF-PB,DEL03-PB,UOP03-DEL03-PB
652703.0,2025-01-02,quinta-feira,07:15:00,PB,230,"105,6",MOGEIRO,Condutor Dormindo,Saída de leito carroçável,Com Vítimas Feridas,Pleno dia,Crescente,Céu Claro,Dupla,Reta,Não,1,0,1,0,0,0,1,1,"-7,2075","-35,5248",SPRF-PB,DEL01-PB,UOP03-DEL01-PB
652883.0,2025-01-03,sexta-feira,07:08:00,PB,101,86,BAYEUX,Reação tardia ou ineficiente do condutor,Colisão traseira,Com Vítimas Feridas,Pleno dia,Decrescente,Céu Claro,Dupla,Declive,Sim,2,0,0,1,0,1,1,2,"-7,15118983","-34,91012184",SPRF-PB,DEL01-PB,UOP01-DEL01-PB
653176.0,2025-01-04,sábado,14:30:00,PB,230,"162,7",CAMPINA GRANDE,Condutor deixou de manter distância do veículo da frente,Engavetamento,Sem Vítimas,Pleno dia,Decrescente,Sol,Simples,Reta,Não,3,0,0,0,3,0,0,3,"-7,2277","-35,9439",SPRF-PB,DEL02-PB,UOP01-DEL02-PB
653177.0,2025-01-04,sábado,16:45:00,PB,104,"109,9",LAGOA SECA,Condutor deixou de manter distância do veículo da frente,Colisão traseira,Sem Vítimas,Pleno dia,Decrescente,Céu Claro,Simples,Reta;Aclive,Não,2,0,0,0,2,0,0,2,"-7,11997886","-35,86414665",SPRF-PB,DEL02-PB,UOP04-DEL02-PB
653385.0,2025-01-05,domingo,20:03:00,PB,101,3,MATARACA,Animais na Pista,Atropelamento de Animal,Com Vítimas Feridas,Plena Noite,Decrescente,Céu Claro,Dupla,Reta,Não,4,0,2,0,1,1,2,3,"-6,53182311","-35,11546245",SPRF-PB,DEL01-PB,UOP04-DEL01-PB
653553.0,2025-01-06,segunda-feira,17:20:00,PB,104,"132,5",QUEIMADAS,Demais falhas mecânicas ou elétricas,Saída de leito carroçável,Com Vítimas Feridas,Anoitecer,Crescente,Céu Claro,Simples,Reta,Sim,3,0,0,1,2,0,1,3,"-7,30787596","-35,89344027",SPRF-PB,DEL02-PB,UOP03-DEL02-PB
653852.0,2025-01-08,quarta-feira,15:15:00,PB,230,"11,8",CABEDELO,Acostamento em desnível,Eventos atípicos,Com Vítimas Feridas,Pleno dia,Crescente,Céu Claro,Dupla,Em Obras;Reta,Sim,3,0,0,1,1,1,1,3,"-7,0596","-34,8506",SPRF-PB,DEL01-PB,UOP01-DEL01-PB
653886.0,2025-01-08,quarta-feira,18:00:00,PB,230,"11,5",CABEDELO,Pedestre cruzava a pista fora da faixa,Atropelamento de Pedestre,Com Vítimas Feridas,Pleno dia,Decrescente,Céu Claro,Dupla,Reta;Em Obras,Sim,2,0,0,1,1,0,1,2,"-7,0596","-34,8506",SPRF-PB,DEL01-PB,UOP01-DEL01-PB
654199.0,2025-01-10,sexta-feira,09:00:00,PB,412,93,SERRA BRANCA,Manobra de mudança de faixa,Colisão frontal,Com Vítimas Fatais,Pleno dia,Decrescente,Céu Claro,Simples,Reta,Não,2,1,0,0,1,0,0,2,"-7,579538","-36,786976",SPRF-PB,DEL02-PB,UOP02-DEL02-PB
654766.0,2025-01-13,segunda-feira,01:50:00,PB,230,426,POMBAL,Ausência de reação do condutor,Tombamento,Com Vítimas Fatais,Plena Noite,Decrescente,Céu Claro,Simples,Reta,Não,5,1,0,1,1,4,1,6,"-6,73543","-37,919822",SPRF-PB,DEL03-PB,UOP02-DEL03-PB
654768.0,2025-01-13,segunda-feira,05:10:00,PB,230,"70,5",SOBRADO,Ausência de reação do condutor,Colisão lateral mesmo sentido,Com Vítimas Feridas,Amanhecer,Decrescente,Nublado,Dupla,Reta;Declive,Sim,50,0,1,0,49,0,1,2,"-7,191693","-35,230508",SPRF-PB,DEL01-PB,UOP03-DEL01-PB
654813.0,2025-01-13,segunda-feira,08:15:00,PB,230,"125,4",RIACHAO DO BACAMARTE,Reação tardia ou ineficiente do condutor,Colisão traseira,Com Vítimas Feridas,Pleno dia,Crescente,Nublado,Dupla,Reta,Não,4,0,0,1,3,0,1,2,"-7,2498","-35,6827",SPRF-PB,DEL02-PB,UOP01-DEL02-PB
654847.0,2025-01-13,segunda-feira,12:45:00,PB,230,"199,8",POCINHOS,Velocidade Incompatível,Saída de leito carroçável,Com Vítimas Feridas,Pleno dia,Decrescente,Céu Claro,Simples,Reta,Não,3,0,3,0,0,0,3,1,"-7,1073","-36,2281",SPRF-PB,DEL02-PB,UOP02-DEL02-PB
654974.0,2025-01-14,terça-feira,06:15:00,PB,101,"85,4",BAYEUX,Acessar a via sem observar a presença dos outros veículos,Engavetamento,Com Vítimas Fatais,Pleno dia,Crescente,Chuva,Dupla,Reta,Sim,5,1,1,3,0,0,4,3,"-7,1476653","-34,9141057",SPRF-PB,DEL01-PB,UOP01-DEL01-PB
655171.0,2025-01-15,quarta-feira,06:51:00,PB,101,"55,3",SANTA RITA,Condutor Dormindo,Saída de leito carroçável,Com Vítimas Feridas,Pleno dia,Crescente,Céu Claro,Dupla,Curva,Não,2,0,1,0,0,1,1,2,"-6,96193314","-35,08636026",SPRF-PB,DEL01-PB,UOP04-DEL01-PB
655180.0,2025-01-15,quarta-feira,08:00:00,PB,230,27,JOAO PESSOA,Condutor deixou de manter distância do veículo da frente,Colisão traseira,Com Vítimas Feridas,Pleno dia,Crescente,Céu Claro,Simples,Reta,Sim,3,0,1,0,2,0,1,3,"-7,1677","-34,8855",SPRF-PB,DEL01-PB,UOP01-DEL01-PB
655283.0,2025-01-15,quarta-feira,16:22:00,PB,230,159,CAMPINA GRANDE,Acessar a via sem observar a presença dos outros veículos,Colisão transversal,Com Vítimas Feridas,Plena Noite,Decrescente,Céu Claro,Simples,Reta,Sim,5,0,2,0,3,0,2,2,"-7,24400242","-35,93730927",SPRF-PB,DEL02-PB,UOP01-DEL02-PB
655364.0,2025-01-16,quinta-feira,05:41:00,PB,101,91,JOAO PESSOA,Velocidade Incompatível,Colisão traseira,Com Vítimas Feridas,Pleno dia,Decrescente,Nublado,Dupla,Reta,Sim,4,0,2,0,2,0,2,2,"-7,18826412","-34,90308264",SPRF-PB,DEL01-PB,UOP02-DEL01-PB
655580.0,2025-01-17,sexta-feira,05:00:00,PB,104,"12,8",CUITE,Reação tardia ou ineficiente do condutor,Saída de leito carroçável,Com Vítimas Fatais,Amanhecer,Crescente,Céu Claro,Simples,Curva;Declive,Não,1,1,0,0,0,0,0,1,"-6,50157794","-36,1486783",SPRF-PB,DEL02-PB,UOP04-DEL02-PB
655655.0,2025-01-17,sexta-feira,15:49:00,PB,230,26,JOAO PESSOA,Ausência de reação do condutor,Colisão traseira,Com Vítimas Feridas,Pleno dia,Crescente,Céu Claro,Dupla,Reta,Sim,2,0,0,1,1,0,1,2,"-7,1693","-34,8782",SPRF-PB,DEL01-PB,UOP01-DEL01-PB
655769.0,2025-01-18,sábado,03:00:00,PB,101,"59,9",SANTA RITA,Transitar no Acostamento,Atropelamento de Pedestre,Com Vítimas Fatais,Plena Noite,Crescente,Nublado,Dupla,Curva;Declive,Não,2,1,0,0,0,1,0,2,"-6,99352402","-35,06896004",SPRF-PB,DEL01-PB,UOP04-DEL01-PB
656251.0,2025-01-20,segunda-feira,12:40:00,PB,230,"58,6",CRUZ DO ESPIRITO SANTO,Ultrapassagem Indevida,Colisão traseira,Com Vítimas Fatais,Pleno dia,Decrescente,Céu Claro,Dupla,Declive;Reta,Não,4,2,0,0,1,1,0,3,"-7,2043","-35,1305",SPRF-PB,DEL01-PB,UOP03-DEL01-PB
656450.0,2025-01-21,terça-feira,07:50:00,PB,230,203,SOLEDADE,Ausência de sinalização,Tombamento,Com Vítimas Feridas,Pleno dia,Crescente,Céu Claro,Simples,Aclive,Não,4,0,1,0,1,2,1,3,"-7,0962","-36,2621",SPRF-PB,DEL02-PB,UOP02-DEL02-PB
656452.0,2025-01-21,terça-feira,10:15:00,PB,230,"257,8",JUNCO DO SERIDO,Condutor deixou de manter distância do veículo da frente,Colisão traseira,Com Vítimas Feridas,Pleno dia,Crescente,Nublado,Simples,Reta,Não,6,0,3,3,0,0,6,5,"-7,0114","-36,6808",SPRF-PB,DEL03-PB,UOP01-DEL03-PB
656453.0,2025-01-21,terça-feira,11:20:00,PB,230,153,CAMPINA GRANDE,Reação tardia ou ineficiente do condutor,Colisão com objeto,Com Vítimas Feridas,Pleno dia,Decrescente,Sol,Dupla,Reta,Não,3,0,1,1,1,0,2,2,"-7,2763","-35,8887",SPRF-PB,DEL02-PB,UOP01-DEL02-PB