id,data_inversa,dia_semana,horario,uf,br,km,municipio,causa_acidente,tipo_acidente,classificacao_acidente,fase_dia,sentido_via,condicao_metereologica,tipo_pista,tracado_via,uso_solo,pessoas,mortos,feridos_leves,feridos_graves,ilesos,ignorados,feridos,veiculos,latitude,longitude,regional,delegacia,uop
656860.0,2025-01-23,quinta-feira,15:00:00,PB,230,"27,5",JOAO PESSOA,Manobra de mudança de faixa,Colisão lateral mesmo sentido,Sem Vítimas,Pleno dia,Crescente,Sol,Dupla,Curva,Sim,3,0,0,0,2,1,0,3,"-7,1677","-34,8855",SPRF-PB,DEL01-PB,UOP01-DEL01-PB
656944.0,2025-01-23,quinta-feira,23:40:00,PB,230,"153,3",CAMPINA GRANDE,Condutor usando celular,Colisão frontal,Com Vítimas Feridas,Plena Noite,Crescente,Céu Claro,Simples,Curva;Em Obras,Sim,2,0,1,0,1,0,1,2,"-7,2763","-35,8887",SPRF-PB,DEL02-PB,UOP01-DEL02-PB
657133.0,2025-01-24,sexta-feira,22:27:00,PB,230,249,JUAZEIRINHO,Ausência de reação do condutor,Colisão traseira,Sem Vítimas,Plena Noite,Crescente,Céu Claro,Simples,Reta,Não,2,0,0,0,2,0,0,2,"-7,0661","-36,6441",SPRF-PB,DEL02-PB,UOP02-DEL02-PB
657193.0,2025-01-25,sábado,09:10:00,PB,101,87,JOAO PESSOA,Demais falhas mecânicas ou elétricas,Colisão com objeto,Sem Vítimas,Pleno dia,Crescente,Céu Claro,Dupla,Reta,Sim,3,0,0,0,2,1,0,3,"-7,15886802","-34,90628504",SPRF-PB,DEL01-PB,UOP01-DEL01-PB
657251.0,2025-01-25,sábado,13:47:00,PB,427,37,POMBAL,Ingestão de álcool pelo condutor,Colisão frontal,Com Vítimas Feridas,Pleno dia,Decrescente,Céu Claro,Simples,Reta,Não,2,0,0,1,1,0,1,2,"-6,76405124","-37,78910384",SPRF-PB,DEL03-PB,UOP02-DEL03-PB
657434.0,2025-01-26,domingo,09:40:00,PB,101,"79,9",SANTA RITA,Velocidade Incompatível,Tombamento,Com Vítimas Feridas,Pleno dia,Crescente,Céu Claro,Dupla,Curva,Sim,2,0,1,0,0,1,1,2,"-7,11707513","-34,95004177",SPRF-PB,DEL01-PB,UOP04-DEL01-PB
657447.0,2025-01-26,domingo,11:00:00,PB,101,"106,2",ALHANDRA,Velocidade Incompatível,Colisão traseira,Com Vítimas Feridas,Pleno dia,Decrescente,Céu Claro,Dupla,Reta;Aclive,Não,3,0,1,0,1,1,1,3,"-7,325423","-34,94693577",SPRF-PB,DEL01-PB,UOP02-DEL01-PB
657619.0,2025-01-27,segunda-feira,05:08:00,PB,230,145,CAMPINA GRANDE,Conversão proibida,Colisão transversal,Com Vítimas Feridas,Amanhecer,Decrescente,Nublado,Dupla,Aclive;Reta,Sim,6,0,2,2,2,0,4,2,"-7,2512","-35,8399",SPRF-PB,DEL02-PB,UOP01-DEL02-PB
657997.0,2025-01-29,quarta-feira,07:05:00,PB,101,114,CAAPORA,Acumulo de água sobre o pavimento,Tombamento,Sem Vítimas,Pleno dia,Decrescente,Chuva,Dupla,Reta,Não,1,0,0,0,1,0,0,1,"-7,38738901","-34,9567891",SPRF-PB,DEL01-PB,UOP02-DEL01-PB
658380.0,2025-01-31,sexta-feira,10:55:00,PB,230,"25,4",JOAO PESSOA,Ausência de reação do condutor,Colisão com objeto,Com Vítimas Feridas,Pleno dia,Crescente,Céu Claro,Múltipla,Aclive;Reta;Viaduto,Sim,2,0,0,1,1,0,1,2,"-7,16947372","-34,87385511",SPRF-PB,DEL01-PB,UOP01-DEL01-PB
658986.0,2025-02-03,segunda-feira,07:35:00,PB,101,"83,7",BAYEUX,Manobra de mudança de faixa,Colisão lateral mesmo sentido,Com Vítimas Feridas,Pleno dia,Crescente,Céu Claro,Dupla,Reta,Sim,2,0,1,0,0,1,1,2,"-7,1337703","-34,92963914",SPRF-PB,DEL01-PB,UOP01-DEL01-PB
659184.0,2025-02-04,terça-feira,08:10:00,PB,101,"84,8",BAYEUX,Demais falhas na via,Tombamento,Com Vítimas Feridas,Pleno dia,Crescente,Nublado,Dupla,Reta,Sim,2,0,0,1,1,0,1,2,"-7,13957906","-34,92312806",SPRF-PB,DEL01-PB,UOP01-DEL01-PB
659270.0,2025-02-04,terça-feira,15:30:00,PB,101,"119,5",PEDRAS DE FOGO,Reação tardia ou ineficiente do condutor,Saída de leito carroçável,Sem Vítimas,Pleno dia,Decrescente,Chuva,Simples,Aclive,Não,2,0,0,0,1,1,0,2,"-7,42897814","-34,96672977",SPRF-PB,DEL01-PB,UOP02-DEL01-PB
659293.0,2025-02-04,terça-feira,19:00:00,PB,230,"158,8",CAMPINA GRANDE,Ingestão de álcool pelo condutor,Colisão transversal,Com Vítimas Feridas,Plena Noite,Crescente,Chuva,Simples,Reta,Sim,6,0,2,0,4,0,2,2,"-7,25626322","-35,92903733",SPRF-PB,DEL02-PB,UOP01-DEL02-PB
659491.0,2025-02-05,quarta-feira,20:00:00,PB,230,36,SANTA RITA,Ausência de reação do condutor,Colisão traseira,Com Vítimas Feridas,Plena Noite,Decrescente,Chuva,Dupla,Reta,Sim,2,0,0,1,0,1,1,2,"-7,1246","-34,9473",SPRF-PB,DEL01-PB,UOP03-DEL01-PB
659539.0,2025-02-06,quinta-feira,07:15:00,PB,101,72,SANTA RITA,Condutor Dormindo,Colisão com objeto,Com Vítimas Feridas,Pleno dia,Crescente,Nublado,Dupla,Reta,Não,2,0,1,0,1,0,1,2,"-7,07320663","-34,99569975",SPRF-PB,DEL01-PB,UOP04-DEL01-PB
659603.0,2025-02-06,quinta-feira,13:55:00,PB,230,21,JOAO PESSOA,Trafegar com motocicleta (ou similar) entre as faixas,Colisão lateral mesmo sentido,Com Vítimas Feridas,Pleno dia,Decrescente,Nublado,Dupla,Reta,Sim,3,0,0,1,1,1,1,3,"-7,1415","-34,8519",SPRF-PB,DEL01-PB,UOP01-DEL01-PB
659846.0,2025-01-30,quinta-feira,16:58:00,PB,230,"160,4",CAMPINA GRANDE,Desrespeitar a preferência no cruzamento,Colisão transversal,Com Vítimas Feridas,Anoitecer,Decrescente,Céu Claro,Simples,Em Obras;Interseção de Vias,Sim,2,0,1,0,1,0,1,2,"-7,2436","-35,9375",SPRF-PB,DEL02-PB,UOP01-DEL02-PB
660640.0,2025-02-11,terça-feira,01:30:00,PB,230,467,SOUSA,Animais na Pista,Atropelamento de Animal,Com Vítimas Feridas,Plena Noite,Decrescente,Céu Claro,Simples,Reta,Não,2,0,0,1,1,0,1,2,"-6,7813","-38,2606",SPRF-PB,DEL03-PB,UOP03-DEL03-PB
660687.0,2025-02-11,terça-feira,10:30:00,PB,230,"12,2",CABEDELO,Ausência de reação do condutor,Colisão transversal,Sem Vítimas,Pleno dia,Crescente,Céu Claro,Dupla,Desvio Temporário;Em Obras;Reta;Interseção de Vias;Retorno Regulamentado;Rotatória,Sim,3,0,0,0,2,1,0,3,"-7,07340353","-34,84973882",SPRF-PB,DEL01-PB,UOP01-DEL01-PB
661210.0,2025-02-14,sexta-feira,01:00:00,PB,230,"168,2",CAMPINA GRANDE,Ausência de reação do condutor,Colisão traseira,Com Vítimas Feridas,Plena Noite,Decrescente,Céu Claro,Simples,Em Obras;Curva,Não,2,0,1,0,1,0,1,2,"-7,188","-35,9687",SPRF-PB,DEL02-PB,UOP02-DEL02-PB
661312.0,2025-02-14,sexta-feira,12:40:00,PB,104,"174,3",ALCANTIL,Transitar na contramão,Colisão frontal,Com Vítimas Feridas,Pleno dia,Decrescente,Céu Claro,Simples,Curva,Não,4,0,0,1,2,1,1,4,"-7,60890492","-36,05502003",SPRF-PB,DEL02-PB,UOP03-DEL02-PB
661462.0,2025-02-15,sábado,03:30:00,PB,230,"236,8",JUAZEIRINHO,Transitar na contramão,Colisão frontal,Sem Vítimas,Plena Noite,Decrescente,Céu Claro,Simples,Reta,Não,2,0,0,0,1,1,0,2,"-7,0516","-36,5438",SPRF-PB,DEL02-PB,UOP02-DEL02-PB
661975.0,2025-02-17,segunda-feira,12:15:00,PB,230,"62,2",CRUZ DO ESPIRITO SANTO,Reação tardia ou ineficiente do condutor,Colisão traseira,Sem Vítimas,Pleno dia,Crescente,Céu Claro,Dupla,Reta,Não,5,0,0,0,5,0,0,2,"-7,202","-35,1574",SPRF-PB,DEL01-PB,UOP03-DEL01-PB
661981.0,2025-01-18,sábado,14:35:00,PB,101,90,JOAO PESSOA,Acesso irregular,Colisão transversal,Com Vítimas Fatais,Pleno dia,Crescente,Céu Claro,Dupla,Reta,Sim,3,1,0,1,1,0,1,2,"-7,179652","-34,900417",SPRF-PB,DEL01-PB,UOP02-DEL01-PB
662143.0,2025-02-18,terça-feira,08:50:00,PB,230,"56,7",CRUZ DO ESPIRITO SANTO,Manobra de mudança de faixa,Colisão lateral mesmo sentido,Com Vítimas Feridas,Pleno dia,Crescente,Céu Claro,Dupla,Reta,Não,2,0,1,0,0,1,1,2,"-7,2021","-35,1038",SPRF-PB,DEL01-PB,UOP03-DEL01-PB
662198.0,2025-02-18,terça-feira,13:30:00,PB,230,"158,9",CAMPINA GRANDE,Reação tardia ou ineficiente do condutor,Tombamento,Com Vítimas Feridas,Pleno dia,Decrescente,Céu Claro,Simples,Reta,Não,2,0,1,0,0,1,1,2,"-7,2582","-35,9267",SPRF-PB,DEL02-PB,UOP01-DEL02-PB
662717.0,2025-02-21,sexta-feira,11:10:00,PB,230,516,BOM JESUS,Velocidade Incompatível,Colisão transversal,Com Vítimas Feridas,Pleno dia,Decrescente,Céu Claro,Simples,Aclive;Reta,Não,2,0,1,0,1,0,1,2,"-6,869958","-38,649019",SPRF-PB,DEL03-PB,UOP03-DEL03-PB
662943.0,2025-02-22,sábado,03:00:00,PB,116,5,CACHOEIRA DOS INDIOS,Velocidade Incompatível,Saída de leito carroçável,Com Vítimas Feridas,Plena Noite,Crescente,Céu Claro,Simples,Reta,Sim,1,0,1,0,0,0,1,1,"-6,94004286","-38,72136176",SPRF-CE,DEL05-CE,UOP03-DEL05-CE
663217.0,2025-02-23,domingo,18:20:00,PB,101,83,BAYEUX,Reação tardia ou ineficiente do condutor,Colisão lateral mesmo sentido,Com Vítimas Feridas,Plena Noite,Decrescente,Céu Claro,Dupla,Interseção de Vias;Viaduto;Reta,Sim,3,0,0,1,2,0,1,2,"-7,13140572","-34,93222976",SPRF-PB,DEL01-PB,UOP01-DEL01-PB
663327.0,2025-02-24,segunda-feira,06:55:00,PB,230,36,SANTA RITA,Demais falhas mecânicas ou elétricas,Engavetamento,Com Vítimas Feridas,Pleno dia,Decrescente,Céu Claro,Dupla,Curva;Declive,Sim,10,0,4,0,6,0,4,6,"-7,125307","-34,947477",SPRF-PB,DEL01-PB,UOP03-DEL01-PB
663361.0,2025-02-24,segunda-feira,09:40:00,PB,230,"505,5",CAJAZEIRAS,Acessar a via sem observar a presença dos outros veículos,Colisão transversal,Com Vítimas Feridas,Pleno dia,Decrescente,Céu Claro,Simples,Interseção de Vias;Em Obras;Curva,Sim,2,0,1,0,1,0,1,2,"-6,90242","-38,565697",SPRF-PB,DEL03-PB,UOP03-DEL03-PB
663643.0,2025-02-17,segunda-feira,13:30:00,PB,405,"39,7",SAO JOAO DO RIO DO PEIXE,Ausência de reação do condutor,Colisão lateral mesmo sentido,Com Vítimas Feridas,Pleno dia,Decrescente,Sol,Simples,Reta,Não,2,0,0,1,1,0,1,2,"-6,775888","-38,42709",SPRF-PB,DEL03-PB,UOP03-DEL03-PB
663667.0,2025-02-25,terça-feira,17:54:00,PB,230,"94,5",GURINHEM,Reação tardia ou ineficiente do condutor,Tombamento,Com Vítimas Feridas,Plena Noite,Decrescente,Céu Claro,Dupla,Retorno Regulamentado;Reta,Não,1,0,1,0,0,0,1,1,"-7,18425502","-35,44325173",SPRF-PB,DEL01-PB,UOP03-DEL01-PB
664687.0,2025-03-02,domingo,06:20:00,PB,230,77,SOBRADO,Condutor Dormindo,Colisão lateral mesmo sentido,Com Vítimas Feridas,Pleno dia,Decrescente,Nublado,Dupla,Reta,Não,6,0,1,0,5,0,1,3,"-7,1916962","-35,2262725",SPRF-PB,DEL01-PB,UOP03-DEL01-PB
664943.0,2025-03-03,segunda-feira,10:10:00,PB,101,127,CAAPORA,Chuva,Engavetamento,Com Vítimas Feridas,Pleno dia,Decrescente,Chuva,Dupla,Reta,Não,5,0,1,0,3,2,1,6,"-7,50120818","-34,98513901",SPRF-PB,DEL01-PB,UOP02-DEL01-PB
665321.0,2025-03-05,quarta-feira,13:10:00,PB,101,"86,3",JOAO PESSOA,Ausência de reação do condutor,Colisão traseira,Com Vítimas Feridas,Pleno dia,Decrescente,Céu Claro,Dupla,Reta;Declive,Sim,3,0,1,0,0,2,1,2,"-7,1537309","-34,9080506",SPRF-PB,DEL01-PB,UOP01-DEL01-PB
665437.0,2025-03-06,quinta-feira,06:19:00,PB,230,12,CABEDELO,Acesso irregular,Colisão transversal,Com Vítimas Feridas,Pleno dia,Crescente,Céu Claro,Dupla,Retorno Regulamentado,Sim,2,0,1,0,1,0,1,2,"-7,073214","-34,849836",SPRF-PB,DEL01-PB,UOP01-DEL01-PB
665629.0,2025-03-07,sexta-feira,03:45:00,PB,101,"76,7",SANTA RITA,Condutor Dormindo,Saída de leito carroçável,Sem Vítimas,Plena Noite,Decrescente,Chuva,Dupla,Reta,Não,1,0,0,0,1,0,0,1,"-7,09653","-34,966723",SPRF-PB,DEL01-PB,UOP04-DEL01-PB
665668.0,2025-03-07,sexta-feira,05:40:00,PB,230,"137,9",MASSARANDUBA,Ausência de reação do condutor,Tombamento,Com Vítimas Feridas,Pleno dia,Decrescente,Nublado,Dupla,Declive;Curva,Não,5,0,3,0,0,3,3,4,"-7,271185","-35,786283",SPRF-PB,DEL02-PB,UOP01-DEL02-PB
666525.0,2025-03-11,terça-feira,08:20:00,PB,230,"505,5",CAJAZEIRAS,Animais na Pista,Colisão frontal,Com Vítimas Feridas,Pleno dia,Crescente,Céu Claro,Simples,Reta,Não,2,0,1,0,1,0,1,2,"-6,897755","-38,573758",SPRF-PB,DEL03-PB,UOP03-DEL03-PB
666914.0,2025-03-13,quinta-feira,08:45:00,PB,230,"13,8",CABEDELO,Condutor deixou de manter distância do veículo da frente,Colisão traseira,Com Vítimas Fatais,Pleno dia,Crescente,Céu Claro,Dupla,Reta,Sim,3,1,0,0,2,0,0,3,"-7,088728","-34,848693",SPRF-PB,DEL01-PB,UOP01-DEL01-PB
667013.0,2025-03-13,quinta-feira,18:30:00,PB,230,"17,1",JOAO PESSOA,Reação tardia ou ineficiente do condutor,Colisão com objeto,Com Vítimas Feridas,Plena Noite,Crescente,Céu Claro,Dupla,Curva,Sim,2,0,1,0,1,0,1,2,"-7,117489","-34,843183",SPRF-PB,DEL01-PB,UOP01-DEL01-PB
667035.0,2025-03-13,quinta-feira,19:45:00,PB,230,"7,1",CABEDELO,Ausência de reação do condutor,Colisão traseira,Com Vítimas Feridas,Plena Noite,Crescente,Céu Claro,Múltipla,Reta,Sim,2,0,1,0,0,1,1,2,"-7,02925027","-34,84002348",SPRF-PB,DEL01-PB,UOP01-DEL01-PB
667160.0,2025-03-14,sexta-feira,11:30:00,PB,230,1,CABEDELO,Acessar a via sem observar a presença dos outros veículos,Colisão transversal,Com Vítimas Feridas,Pleno dia,Decrescente,Céu Claro,Dupla,Reta,Sim,4,0,1,0,2,1,1,3,"-6,975633","-34,831688",SPRF-PB,DEL01-PB,UOP01-DEL01-PB
667339.0,2025-03-15,sábado,06:00:00,PB,101,123,CAAPORA,Ausência de reação do condutor,Saída de leito carroçável,Com Vítimas Feridas,Pleno dia,Crescente,Chuva,Dupla,Declive;Curva,Não,2,0,1,0,0,1,1,2,"-7,45832041","-34,98076262",SPRF-PB,DEL01-PB,UOP02-DEL01-PB
667738.0,2025-03-16,domingo,19:00:00,PB,230,210,SOLEDADE,Ausência de reação do condutor,Colisão lateral sentido oposto,Sem Vítimas,Plena Noite,Crescente,Céu Claro,Simples,Reta,Não,2,0,0,0,2,0,0,2,"-7,04229036","-36,40285492",SPRF-PB,DEL02-PB,UOP02-DEL02-PB
668151.0,2025-03-19,quarta-feira,00:30:00,PB,230,"157,4",CAMPINA GRANDE,Transitar na contramão,Colisão frontal,Com Vítimas Fatais,Plena Noite,Crescente,Vento,Simples,Reta,Sim,3,2,0,0,0,1,0,2,"-7,2653751","-35,9179499",SPRF-PB,DEL02-PB,UOP01-DEL02-PB
668343.0,2025-03-20,quinta-feira,00:24:00,PB,230,"62,5",CRUZ DO ESPIRITO SANTO,Ausência de reação do condutor,Capotamento,Com Vítimas Feridas,Plena Noite,Crescente,Chuva,Dupla,Reta;Declive,Não,2,0,1,0,0,1,1,2,"-7,19802894","-35,16670877",SPRF-PB,DEL01-PB,UOP03-DEL01-PB
668554.0,2025-03-21,sexta-feira,03:15:00,PB,101,"109,7",ALHANDRA,Ausência de reação do condutor,Colisão traseira,Com Vítimas Feridas,Plena Noite,Decrescente,Céu Claro,Dupla,Reta;Aclive,Não,3,0,0,1,2,0,1,2,"-7,36828401","-34,95381586",SPRF-PB,DEL01-PB,UOP02-DEL01-PB
668632.0,2025-03-21,sexta-feira,12:43:00,PB,101,"85,3",BAYEUX,Reação tardia ou ineficiente do condutor,Engavetamento,Sem Vítimas,Pleno dia,Crescente,Sol,Dupla,Reta,Sim,5,0,0,0,4,2,0,6,"-7,14743701","-34,91429329",SPRF-PB,DEL01-PB,UOP01-DEL01-PB
668775.0,2025-03-22,sábado,06:05:00,PB,101,"117,6",CAAPORA,Reação tardia ou ineficiente do condutor,Colisão traseira,Com Vítimas Fatais,Pleno dia,Crescente,Céu Claro,Dupla,Reta;Aclive,Não,3,1,0,0,0,2,0,3,"-7,418948","-34,960877",SPRF-PB,DEL01-PB,UOP02-DEL01-PB
670024.0,2025-03-28,sexta-feira,07:00:00,PB,230,"27,7",JOAO PESSOA,Condutor deixou de manter distância do veículo da frente,Colisão traseira,Com Vítimas Feridas,Pleno dia,Decrescente,Sol,Dupla,Reta,Sim,2,0,1,0,0,1,1,2,"-7,1665053","-34,8885183",SPRF-PB,DEL01-PB,UOP01-DEL01-PB
670720.0,2025-03-31,segunda-feira,11:10:00,PB,230,"0,5",CABEDELO,Acessar a via sem observar a presença dos outros veículos,Colisão transversal,Sem Vítimas,Pleno dia,Crescente,Céu Claro,Simples,Curva;Interseção de Vias,Sim,2,0,0,0,2,0,0,2,"-6,97210588","-34,83370777",SPRF-PB,DEL01-PB,UOP01-DEL01-PB
671259.0,2025-02-05,quarta-feira,12:30:00,PB,230,"257,4",ASSUNCAO,Reação tardia ou ineficiente do condutor,Saída de leito carroçável,Com Vítimas Feridas,Pleno dia,Decrescente,Chuva,Simples,Declive;Curva,Não,2,0,1,1,0,0,2,1,"-7,0114","-36,6808",SPRF-PB,DEL03-PB,UOP01-DEL03-PB
673493.0,2025-03-19,quarta-feira,17:35:00,PB,101,"125,4",CAAPORA,Reação tardia ou ineficiente do condutor,Colisão traseira,Com Vítimas Feridas,Plena Noite,Crescente,Céu Claro,Dupla,Reta,Não,2,0,1,0,0,1,1,2,"-7,49353686","-34,98287201",SPRF-PB,DEL01-PB,UOP02-DEL01-PB
655013.0,2025-01-14,terça-feira,06:30:00,PB,104,"145,4",QUEIMADAS,Ausência de reação do condutor,Saída de leito carroçável,Sem Vítimas,Amanhecer,Decrescente,Céu Claro,Simples,Reta,Não,4,0,0,0,0,5,0,4,"-7,42278697","-35,89513073",SPRF-PB,DEL02-PB,UOP03-DEL02-PB
653588.0,2025-01-06,segunda-feira,17:25:00,PB,230,151,CAMPINA GRANDE,Carga excessiva e/ou mal acondicionada,Derramamento de carga,Com Vítimas Feridas,Pleno dia,Crescente,Céu Claro,Simples,Reta,Sim,3,0,1,0,1,1,1,3,"-7,2587","-35,8778",SPRF-PB,DEL02-PB,UOP01-DEL02-PB
659680.0,2025-02-06,quinta-feira,19:45:00,PB,230,289,SANTA LUZIA,Transitar na contramão,Colisão frontal,Com Vítimas Feridas,Plena Noite,Crescente,Céu Claro,Simples,Reta,Sim,3,0,0,1,1,1,1,3,"-6,8816","-36,9002",SPRF-PB,DEL03-PB,UOP01-DEL03-PB
660036.0,2025-02-08,sábado,11:00:00,PB,230,"314,1",SAO MAMEDE,Ausência de reação do condutor,Colisão traseira,Com Vítimas Feridas,Pleno dia,Crescente,Céu Claro,Simples,Reta,Não,3,0,0,1,1,1,1,3,"-6,9412","-37,1016",SPRF-PB,DEL03-PB,UOP01-DEL03-PB
668454.0,2025-03-20,quinta-feira,10:30:00,PB,230,161,CAMPINA GRANDE,Manobra de mudança de faixa,Colisão transversal,Com Vítimas Feridas,Pleno dia,Crescente,Céu Claro,Simples,Reta,Não,3,0,0,1,1,1,1,3,"-7,239917","-35,93919",SPRF-PB,DEL02-PB,UOP01-DEL02-PB
652475.0,2025-01-01,quarta-feira,02:37:00,PB,230,"35,9",SANTA RITA,Ausência de reação do condutor,Tombamento,Com Vítimas Feridas,Plena Noite,Crescente,Céu Claro,Dupla,Reta,Sim,1,0,1,0,0,0,1,1,"-7,12664996","-34,95011855",SPRF-PB,DEL01-PB,UOP03-DEL01-PB
652509.0,2025-01-01,quarta-feira,07:00:00,PB,230,"514,9",BOM JESUS,Desrespeitar a preferência no cruzamento,Colisão transversal,Com Vítimas Feridas,Pleno dia,Decrescente,Céu Claro,Simples,Interseção de Vias,Sim,2,0,0,2,0,0,2,2,"-6,871335","-38,646712",SPRF-PB,DEL03-PB,UOP03-DEL03-PB
652523.0,2025-01-01,quarta-feira,07:15:00,PB,230,4,CABEDELO,Ingestão de álcool pelo condutor,Colisão com objeto,Com Vítimas Feridas,Pleno dia,Crescente,Céu Claro,Simples,Curva,Sim,1,0,1,0,0,0,1,1,"-7,0004","-34,8284",SPRF-PB,DEL01-PB,UOP01-DEL01-PB
652530.0,2025-01-01,quarta-feira,09:55:00,PB,230,52,CRUZ DO ESPIRITO SANTO,Demais falhas mecânicas ou elétricas,Tombamento,Com Vítimas Feridas,Pleno dia,Crescente,Céu Claro,Dupla,Reta,Não,2,0,1,1,0,0,2,1,"-7,1951","-35,0691",SPRF-PB,DEL01-PB,UOP03-DEL01-PB
652578.0,2025-01-01,quarta-feira,14:25:00,PB,230,10,CABEDELO,Acostamento em desnível,Tombamento,Com Vítimas Feridas,Pleno dia,Crescente,Céu Claro,Simples,Reta;Em Obras,Sim,1,0,1,0,0,0,1,1,"-7,0514","-34,8499",SPRF-PB,DEL01-PB,UOP01-DEL01-PB
652580.0,2025-01-01,quarta-feira,15:15:00,PB,101,"64,5",SANTA RITA,Manobra de mudança de faixa,Colisão traseira,Com Vítimas Feridas,Pleno dia,Crescente,Céu Claro,Dupla,Reta,Não,3,0,0,1,1,1,1,3,"-7,03485287","-35,05528078",SPRF-PB,DEL01-PB,UOP04-DEL01-PB
652600.0,2025-01-01,quarta-feira,16:15:00,PB,230,"124,2",RIACHAO DO BACAMARTE,Reação tardia ou ineficiente do condutor,Saída de leito carroçável,Com Vítimas Feridas,Pleno dia,Crescente,Céu Claro,Dupla,Reta;Aclive,Não,1,0,0,1,0,0,1,1,"-7,2465","-35,6751",SPRF-PB,DEL02-PB,UOP01-DEL02-PB
652620.0,2025-01-01,quarta-feira,16:55:00,PB,230,"115,3",INGA,Condutor deixou de manter distância do veículo da frente,Colisão traseira,Com Vítimas Feridas,Pleno dia,Crescente,Céu Claro,Dupla,Curva,Não,2,0,0,1,0,1,1,2,"-7,2296","-35,5998",SPRF-PB,DEL01-PB,UOP03-DEL01-PB
652730.0,2025-01-02,quinta-feira,09:50:00,PB,230,25,JOAO PESSOA,Ausência de reação do condutor,Colisão traseira,Com Vítimas Feridas,Pleno dia,Decrescente,Céu Claro,Dupla,Reta,Sim,2,0,1,0,1,0,1,2,"-7,1707","-34,8684",SPRF-PB,DEL01-PB,UOP01-DEL01-PB
652782.0,2025-01-02,quinta-feira,16:05:00,PB,230,"20,2",JOAO PESSOA,Ingestão de álcool pelo condutor,Colisão traseira,Com Vítimas Feridas,Pleno dia,Crescente,Céu Claro,Dupla,Curva,Não,2,0,1,0,1,0,1,2,"-7,13917605","-34,8526454",SPRF-PB,DEL01-PB,UOP01-DEL01-PB
652792.0,2025-01-02,quinta-feira,17:14:00,PB,101,"85,1",BAYEUX,Trafegar com motocicleta (ou similar) entre as faixas,Colisão traseira,Com Vítimas Feridas,Anoitecer,Decrescente,Céu Claro,Dupla,Reta,Sim,8,0,3,0,3,2,3,5,"-7,145158","-34,91662887",SPRF-PB,DEL01-PB,UOP01-DEL01-PB
652825.0,2025-01-02,quinta-feira,19:15:00,PB,230,"147,6",CAMPINA GRANDE,Reação tardia ou ineficiente do condutor,Tombamento,Com Vítimas Feridas,Plena Noite,Crescente,Céu Claro,Dupla,Reta,Sim,2,0,2,0,0,0,2,1,"-7,2425","-35,8567",SPRF-PB,DEL02-PB,UOP01-DEL02-PB
652864.0,2025-01-03,sexta-feira,01:00:00,PB,230,6,CABEDELO,Condutor Dormindo,Tombamento,Com Vítimas Feridas,Plena Noite,Decrescente,Nublado,Simples,Reta,Sim,1,0,1,0,0,0,1,1,"-7,02","-34,8359",SPRF-PB,DEL01-PB,UOP01-DEL01-PB
652868.0,2025-01-03,sexta-feira,04:25:00,PB,101,"117,9",PEDRAS DE FOGO,Objeto estático sobre o leito carroçável,Saída de leito carroçável,Com Vítimas Feridas,Amanhecer,Crescente,Céu Claro,Dupla,Reta,Não,3,0,2,0,1,0,2,1,"-7,41357983","-34,95743528",SPRF-PB,DEL01-PB,UOP02-DEL01-PB
652888.0,2025-01-03,sexta-feira,07:45:00,PB,101,"122,5",CAAPORA,Curva acentuada,Saída de leito carroçável,Com Vítimas Feridas,Pleno dia,Crescente,Garoa/Chuvisco,Dupla,Curva;Declive,Não,1,0,1,0,0,0,1,1,"-7,45814233","-34,98086929",SPRF-PB,DEL01-PB,UOP02-DEL01-PB
652901.0,2025-01-03,sexta-feira,08:58:00,PB,230,"56,4",CRUZ DO ESPIRITO SANTO,Demais falhas mecânicas ou elétricas,Tombamento,Com Vítimas Feridas,Pleno dia,Decrescente,Céu Claro,Dupla,Reta,Não,2,0,1,1,0,0,2,1,"-7,2021","-35,1038",SPRF-PB,DEL01-PB,UOP03-DEL01-PB
652924.0,2025-01-03,sexta-feira,11:30:00,PB,230,19,JOAO PESSOA,Ausência de reação do condutor,Colisão traseira,Com Vítimas Feridas,Pleno dia,Decrescente,Sol,Dupla,Reta;Em Obras,Sim,3,0,2,0,1,0,2,2,"-7,1281","-34,8466",SPRF-PB,DEL01-PB,UOP01-DEL01-PB
652981.0,2025-01-03,sexta-feira,15:40:00,PB,104,"130,7",CAMPINA GRANDE,Desrespeitar a preferência no cruzamento,Colisão transversal,Com Vítimas Feridas,Pleno dia,Decrescente,Céu Claro,Simples,Interseção de Vias,Sim,3,0,1,1,1,0,2,2,"-7,29013399","-35,89029705",SPRF-PB,DEL02-PB,UOP03-DEL02-PB
652986.0,2025-01-03,sexta-feira,17:45:00,PB,101,"84,4",BAYEUX,Acumulo de areia ou detritos sobre o pavimento,Tombamento,Com Vítimas Feridas,Anoitecer,Crescente,Céu Claro,Dupla,Em Obras;Reta,Sim,1,0,0,1,0,0,1,1,"-7,13957906","-34,92312806",SPRF-PB,DEL01-PB,UOP01-DEL01-PB