id,data_inversa,dia_semana,horario,uf,br,km,municipio,causa_acidente,tipo_acidente,classificacao_acidente,fase_dia,sentido_via,condicao_metereologica,tipo_pista,tracado_via,uso_solo,pessoas,mortos,feridos_leves,feridos_graves,ilesos,ignorados,feridos,veiculos,latitude,longitude,regional,delegacia,uop
653063.0,2025-01-04,sábado,03:43:00,PB,230,20,JOAO PESSOA,Acumulo de areia ou detritos sobre o pavimento,Tombamento,Com Vítimas Feridas,Plena Noite,Decrescente,Céu Claro,Dupla,Aclive;Interseção de Vias,Sim,1,0,1,0,0,0,1,1,"-7,13832817","-34,85312462",SPRF-PB,DEL01-PB,UOP01-DEL01-PB
653080.0,2025-01-04,sábado,07:00:00,PB,230,9,CABEDELO,Manobra de mudança de faixa,Colisão lateral mesmo sentido,Sem Vítimas,Pleno dia,Decrescente,Céu Claro,Dupla,Reta,Sim,6,0,0,0,6,0,0,2,"-7,0433","-34,8466",SPRF-PB,DEL01-PB,UOP01-DEL01-PB
653222.0,2025-01-04,sábado,17:45:00,PB,230,408,POMBAL,Condutor deixou de manter distância do veículo da frente,Colisão traseira,Com Vítimas Feridas,Anoitecer,Decrescente,Ignorado,Simples,Reta,Sim,2,0,1,0,0,1,1,2,"-6,7641","-37,794",SPRF-PB,DEL03-PB,UOP02-DEL03-PB
653276.0,2025-01-05,domingo,06:45:00,PB,230,"19,9",JOAO PESSOA,Ausência de reação do condutor,Tombamento,Com Vítimas Feridas,Pleno dia,Decrescente,Chuva,Dupla,Reta,Não,1,0,1,0,0,0,1,1,"-7,13716779","-34,85377908",SPRF-PB,DEL01-PB,UOP01-DEL01-PB
653278.0,2025-01-05,domingo,06:45:00,PB,230,20,JOAO PESSOA,Pista Escorregadia,Tombamento,Com Vítimas Feridas,Pleno dia,Decrescente,Chuva,Dupla,Curva;Viaduto,Sim,2,0,2,0,0,0,2,1,"-7,13716779","-34,85377908",SPRF-PB,DEL01-PB,UOP01-DEL01-PB
653298.0,2025-01-05,domingo,10:05:00,PB,230,"132,8",CAMPINA GRANDE,Ausência de reação do condutor,Tombamento,Com Vítimas Feridas,Pleno dia,Crescente,Sol,Simples,Curva,Não,1,0,1,0,0,0,1,1,"-7,27541295","-35,75283051",SPRF-PB,DEL02-PB,UOP01-DEL02-PB
653347.0,2025-01-05,domingo,16:08:00,PB,230,27,JOAO PESSOA,Condutor deixou de manter distância do veículo da frente,Colisão traseira,Sem Vítimas,Pleno dia,Crescente,Céu Claro,Múltipla,Viaduto,Não,5,0,0,0,5,0,0,2,"-7,1677","-34,8855",SPRF-PB,DEL01-PB,UOP01-DEL01-PB
653363.0,2025-01-05,domingo,18:05:00,PB,230,9,CABEDELO,Ingestão de álcool pelo condutor,Colisão lateral mesmo sentido,Sem Vítimas,Plena Noite,Crescente,Céu Claro,Múltipla,Declive,Sim,5,0,0,0,5,0,0,2,"-7,0433","-34,8466",SPRF-PB,DEL01-PB,UOP01-DEL01-PB
653371.0,2025-01-05,domingo,18:35:00,PB,230,"292,2",SANTA LUZIA,Acessar a via sem observar a presença dos outros veículos,Colisão transversal,Com Vítimas Feridas,Plena Noite,Decrescente,Céu Claro,Simples,Reta,Sim,2,0,1,0,1,0,1,2,"-6,8742","-36,9085",SPRF-PB,DEL03-PB,UOP01-DEL03-PB
653532.0,2025-01-06,segunda-feira,16:00:00,PB,230,"26,5",JOAO PESSOA,Condutor deixou de manter distância do veículo da frente,Colisão traseira,Com Vítimas Feridas,Pleno dia,Decrescente,Céu Claro,Dupla,Aclive,Sim,2,0,0,1,0,1,1,2,"-7,1693","-34,8782",SPRF-PB,DEL01-PB,UOP01-DEL01-PB
653545.0,2025-01-06,segunda-feira,17:20:00,PB,101,88,JOAO PESSOA,Condutor deixou de manter distância do veículo da frente,Colisão traseira,Com Vítimas Feridas,Pleno dia,Decrescente,Céu Claro,Múltipla,Declive,Sim,2,0,1,0,1,0,1,2,"-7,16470016","-34,89993643",SPRF-PB,DEL01-PB,UOP01-DEL01-PB
653551.0,2025-01-06,segunda-feira,17:25:00,PB,230,83,CALDAS BRANDAO,Acessar a via sem observar a presença dos outros veículos,Colisão transversal,Com Vítimas Feridas,Pleno dia,Decrescente,Céu Claro,Dupla,Reta,Sim,2,0,1,0,0,1,1,2,"-7,1669","-35,3355",SPRF-PB,DEL01-PB,UOP03-DEL01-PB
653575.0,2025-01-06,segunda-feira,18:15:00,PB,101,88,JOAO PESSOA,Manobra de mudança de faixa,Colisão lateral mesmo sentido,Com Vítimas Feridas,Plena Noite,Crescente,Céu Claro,Dupla,Reta;Interseção de Vias,Sim,5,0,1,0,4,0,1,2,"-7,16470016","-34,89993643",SPRF-PB,DEL01-PB,UOP01-DEL01-PB
653581.0,2025-01-06,segunda-feira,18:20:00,PB,104,"119,3",CAMPINA GRANDE,Conversão proibida,Colisão transversal,Sem Vítimas,Plena Noite,Decrescente,Céu Claro,Simples,Reta,Não,2,0,0,0,2,0,0,2,"-7,20325615","-35,8752172",SPRF-PB,DEL02-PB,UOP04-DEL02-PB
653614.0,2025-01-07,terça-feira,06:50:00,PB,230,"18,5",JOAO PESSOA,Demais falhas mecânicas ou elétricas,Queda de ocupante de veículo,Com Vítimas Feridas,Pleno dia,Decrescente,Céu Claro,Dupla,Reta,Sim,2,0,2,0,0,0,2,1,"-7,1198","-34,8453",SPRF-PB,DEL01-PB,UOP01-DEL01-PB
653677.0,2025-01-07,terça-feira,12:00:00,PB,230,"156,3",CAMPINA GRANDE,Conversão proibida,Colisão transversal,Com Vítimas Feridas,Pleno dia,Decrescente,Sol,Simples,Reta,Sim,2,0,1,0,1,0,1,2,"-7,2693","-35,9138",SPRF-PB,DEL02-PB,UOP01-DEL02-PB
653682.0,2025-01-07,terça-feira,13:05:00,PB,230,"14,5",CABEDELO,Ausência de reação do condutor,Colisão traseira,Com Vítimas Feridas,Pleno dia,Decrescente,Céu Claro,Dupla,Reta,Sim,3,0,2,0,1,0,2,2,"-7,0939229","-34,84801769",SPRF-PB,DEL01-PB,UOP01-DEL01-PB
653687.0,2025-01-07,terça-feira,13:50:00,PB,230,"301,9",SANTA LUZIA,Acostamento em desnível,Tombamento,Com Vítimas Feridas,Pleno dia,Decrescente,Céu Claro,Simples,Declive,Não,1,0,1,0,0,0,1,1,"-6,9046","-36,9906",SPRF-PB,DEL03-PB,UOP01-DEL03-PB
653719.0,2025-01-07,terça-feira,16:28:00,PB,230,"5,2",CABEDELO,Acesso irregular,Saída de leito carroçável,Com Vítimas Feridas,Pleno dia,Crescente,Céu Claro,Simples,Reta,Sim,1,0,1,0,0,0,1,1,"-7,01","-34,8312",SPRF-PB,DEL01-PB,UOP01-DEL01-PB
653841.0,2025-01-08,quarta-feira,13:52:00,PB,101,9,MAMANGUAPE,Condutor Dormindo,Capotamento,Com Vítimas Feridas,Pleno dia,Decrescente,Céu Claro,Dupla,Reta,Não,1,0,1,0,0,0,1,1,"-6,58371616","-35,14396733",SPRF-PB,DEL01-PB,UOP04-DEL01-PB
653990.0,2025-01-09,quinta-feira,08:17:00,PB,230,"15,1",CABEDELO,Condutor deixou de manter distância do veículo da frente,Colisão traseira,Com Vítimas Feridas,Pleno dia,Crescente,Céu Claro,Dupla,Reta,Não,3,0,1,0,1,1,1,2,"-7,093","-34,8482",SPRF-PB,DEL01-PB,UOP01-DEL01-PB
654022.0,2025-01-09,quinta-feira,11:00:00,PB,361,"4,2",PATOS,Reação tardia ou ineficiente do condutor,Colisão lateral mesmo sentido,Com Vítimas Feridas,Pleno dia,Crescente,Céu Claro,Simples,Reta,Sim,2,0,1,1,0,0,2,2,"-7,03208047","-37,29365088",SPRF-PB,DEL03-PB,UOP01-DEL03-PB
654183.0,2025-01-10,sexta-feira,09:17:00,PB,230,27,JOAO PESSOA,Condutor deixou de manter distância do veículo da frente,Colisão traseira,Com Vítimas Feridas,Pleno dia,Crescente,Céu Claro,Dupla,Reta,Sim,6,0,0,1,4,1,1,3,"-7,16611254","-34,88866925",SPRF-PB,DEL01-PB,UOP01-DEL01-PB
654201.0,2025-01-10,sexta-feira,11:30:00,PB,230,"16,5",JOAO PESSOA,Reação tardia ou ineficiente do condutor,Colisão traseira,Com Vítimas Feridas,Pleno dia,Decrescente,Céu Claro,Dupla,Reta,Sim,3,0,0,1,2,0,1,2,"-7,1039","-34,8458",SPRF-PB,DEL01-PB,UOP01-DEL01-PB
654220.0,2025-01-10,sexta-feira,12:04:00,PB,405,26,SAO JOAO DO RIO DO PEIXE,Ausência de reação do condutor,Saída de leito carroçável,Com Vítimas Feridas,Pleno dia,Crescente,Céu Claro,Simples,Reta,Não,1,0,1,0,0,0,1,1,"-6,667288","-38,43737",SPRF-PB,DEL03-PB,UOP03-DEL03-PB
654237.0,2025-01-10,sexta-feira,14:55:00,PB,230,"145,9",CAMPINA GRANDE,Mal súbito do condutor,Tombamento,Com Vítimas Feridas,Pleno dia,Crescente,Nublado,Dupla,Reta,Sim,1,0,1,0,0,0,1,1,"-7,243","-35,8709",SPRF-PB,DEL02-PB,UOP01-DEL02-PB
654292.0,2025-01-10,sexta-feira,19:29:00,PB,101,"42,3",MAMANGUAPE,Ingestão de álcool pelo condutor,Saída de leito carroçável,Com Vítimas Feridas,Plena Noite,Crescente,Céu Claro,Dupla,Declive,Não,1,0,1,0,0,0,1,1,"-6,856615","-35,13444297",SPRF-PB,DEL01-PB,UOP04-DEL01-PB
654336.0,2025-01-11,sábado,03:00:00,PB,230,4,CABEDELO,Animais na Pista,Atropelamento de Animal,Sem Vítimas,Plena Noite,Crescente,Nublado,Múltipla,Reta;Viaduto,Sim,2,0,0,0,1,1,0,2,"-7,0004","-34,8284",SPRF-PB,DEL01-PB,UOP01-DEL01-PB
654343.0,2025-01-11,sábado,05:20:00,PB,230,2,CABEDELO,Ausência de reação do condutor,Colisão com objeto,Com Vítimas Feridas,Pleno dia,Decrescente,Céu Claro,Dupla,Reta,Sim,1,0,1,0,0,0,1,1,"-6,9837","-34,8295",SPRF-PB,DEL01-PB,UOP01-DEL01-PB
654389.0,2025-01-11,sábado,08:15:00,PB,230,"120,5",RIACHAO DO BACAMARTE,Reação tardia ou ineficiente do condutor,Saída de leito carroçável,Com Vítimas Feridas,Pleno dia,Decrescente,Nublado,Dupla,Reta,Não,3,0,2,1,0,0,3,1,"-7,245877","-35,652077",SPRF-PB,DEL02-PB,UOP01-DEL02-PB
654451.0,2025-01-11,sábado,15:20:00,PB,101,"59,9",SANTA RITA,Demais falhas na via,Tombamento,Com Vítimas Feridas,Pleno dia,Crescente,Céu Claro,Dupla,Reta,Não,2,0,1,1,0,0,2,1,"-6,99352402","-35,06896004",SPRF-PB,DEL01-PB,UOP04-DEL01-PB
654458.0,2025-01-11,sábado,15:45:00,PB,230,334,PATOS,Ingestão de álcool pelo condutor,Colisão transversal,Com Vítimas Feridas,Pleno dia,Crescente,Céu Claro,Simples,Curva,Não,2,0,0,1,1,0,1,2,"-7,018","-37,2589",SPRF-PB,DEL03-PB,UOP01-DEL03-PB
654485.0,2025-01-11,sábado,17:50:00,PB,101,119,CAAPORA,Animais na Pista,Colisão com objeto,Com Vítimas Feridas,Plena Noite,Decrescente,Céu Claro,Simples,Aclive,Sim,3,0,2,0,1,0,2,1,"-7,42897814","-34,96672977",SPRF-PB,DEL01-PB,UOP02-DEL01-PB
654487.0,2025-01-11,sábado,18:30:00,PB,230,9,CABEDELO,Condutor deixou de manter distância do veículo da frente,Colisão traseira,Sem Vítimas,Plena Noite,Decrescente,Céu Claro,Dupla,Curva;Viaduto,Sim,2,0,0,0,2,0,0,2,"-7,0433","-34,8466",SPRF-PB,DEL01-PB,UOP01-DEL01-PB
654508.0,2025-01-11,sábado,20:00:00,PB,230,"36,1",SANTA RITA,Pedestre cruzava a pista fora da faixa,Atropelamento de Pedestre,Com Vítimas Feridas,Plena Noite,Decrescente,Nublado,Dupla,Curva;Declive,Sim,2,0,1,0,0,1,1,2,"-7,1246","-34,9473",SPRF-PB,DEL01-PB,UOP03-DEL01-PB
654537.0,2025-01-11,sábado,23:50:00,PB,230,24,JOAO PESSOA,Ausência de reação do condutor,Colisão traseira,Com Vítimas Feridas,Plena Noite,Crescente,Céu Claro,Dupla,Reta,Sim,2,0,1,0,0,1,1,2,"-7,1637","-34,8618",SPRF-PB,DEL01-PB,UOP01-DEL01-PB
654563.0,2025-01-12,domingo,05:57:00,PB,101,88,JOAO PESSOA,Acessar a via sem observar a presença dos outros veículos,Colisão transversal,Com Vítimas Feridas,Pleno dia,Decrescente,Nublado,Dupla,Reta,Sim,2,0,1,0,0,1,1,2,"-7,16470016","-34,89993643",SPRF-PB,DEL01-PB,UOP01-DEL01-PB
654609.0,2025-01-12,domingo,11:15:00,PB,230,"122,9",RIACHAO DO BACAMARTE,Avarias e/ou desgaste excessivo no pneu,Saída de leito carroçável,Com Vítimas Feridas,Pleno dia,Crescente,Chuva,Dupla,Curva,Sim,3,0,1,2,0,0,3,1,"-7,247337","-35,670708",SPRF-PB,DEL02-PB,UOP01-DEL02-PB
654633.0,2025-01-12,domingo,13:00:00,PB,230,"115,5",INGA,Acumulo de água sobre o pavimento,Colisão com objeto,Com Vítimas Feridas,Pleno dia,Crescente,Chuva,Dupla,Curva,Não,1,0,1,0,0,0,1,1,"-7,2296","-35,5998",SPRF-PB,DEL01-PB,UOP03-DEL01-PB
654639.0,2025-01-12,domingo,14:34:00,PB,230,"112,9",INGA,Chuva,Saída de leito carroçável,Com Vítimas Feridas,Pleno dia,Crescente,Chuva,Dupla,Curva;Declive,Não,3,0,2,0,1,0,2,1,"-7,2117","-35,5822",SPRF-PB,DEL01-PB,UOP03-DEL01-PB
654672.0,2025-01-12,domingo,17:40:00,PB,230,"9,9",CABEDELO,Condutor deixou de manter distância do veículo da frente,Colisão lateral mesmo sentido,Com Vítimas Feridas,Anoitecer,Decrescente,Céu Claro,Dupla,Em Obras;Interseção de Vias;Reta,Sim,3,0,1,0,2,0,1,2,"-7,0433","-34,8466",SPRF-PB,DEL01-PB,UOP01-DEL01-PB
654689.0,2025-01-12,domingo,19:00:00,PB,104,"12,4",CUITE,Manobra de mudança de faixa,Colisão frontal,Com Vítimas Fatais,Plena Noite,Decrescente,Chuva,Simples,Reta,Não,2,1,0,0,0,1,0,2,"-6,50157794","-36,1486783",SPRF-PB,DEL02-PB,UOP04-DEL02-PB
654751.0,2025-01-13,segunda-feira,00:30:00,PB,104,98,ESPERANCA,Ingestão de álcool pelo condutor,Colisão com objeto,Sem Vítimas,Plena Noite,Crescente,Garoa/Chuvisco,Simples,Reta,Sim,1,0,0,0,1,0,0,1,"-7,02803215","-35,85657159",SPRF-PB,DEL02-PB,UOP04-DEL02-PB
654802.0,2025-01-13,segunda-feira,07:30:00,PB,230,158,CAMPINA GRANDE,Acumulo de areia ou detritos sobre o pavimento,Queda de ocupante de veículo,Com Vítimas Feridas,Pleno dia,Decrescente,Céu Claro,Simples,Reta,Sim,1,0,0,1,0,0,1,1,"-7,2582","-35,9267",SPRF-PB,DEL02-PB,UOP01-DEL02-PB
654837.0,2025-01-13,segunda-feira,06:40:00,PB,230,249,JUAZEIRINHO,Acessar a via sem observar a presença dos outros veículos,Colisão transversal,Com Vítimas Feridas,Pleno dia,Crescente,Céu Claro,Simples,Reta,Não,2,0,0,1,0,1,1,2,"-7,0661","-36,6441",SPRF-PB,DEL02-PB,UOP02-DEL02-PB
654907.0,2025-01-13,segunda-feira,17:45:00,PB,230,"157,4",CAMPINA GRANDE,Acessar a via sem observar a presença dos outros veículos,Colisão transversal,Com Vítimas Feridas,Anoitecer,Crescente,Céu Claro,Simples,Interseção de Vias,Sim,3,0,1,0,1,1,1,2,"-7,264","-35,9199",SPRF-PB,DEL02-PB,UOP01-DEL02-PB
654915.0,2025-01-13,segunda-feira,17:42:00,PB,230,"323,3",QUIXABA,Ultrapassagem Indevida,Colisão frontal,Com Vítimas Feridas,Anoitecer,Decrescente,Nublado,Simples,Declive;Reta,Não,4,0,2,0,2,0,2,2,"-6,9823","-37,1718",SPRF-PB,DEL03-PB,UOP01-DEL03-PB
654924.0,2025-01-13,segunda-feira,19:20:00,PB,230,18,JOAO PESSOA,Condutor deixou de manter distância do veículo da frente,Colisão traseira,Com Vítimas Feridas,Plena Noite,Decrescente,Céu Claro,Dupla,Reta,Sim,3,0,2,0,0,1,2,2,"-7,1198","-34,8453",SPRF-PB,DEL01-PB,UOP01-DEL01-PB
654925.0,2025-01-13,segunda-feira,18:22:00,PB,230,"75,9",RIACHAO DO POCO,Transitar no Acostamento,Colisão frontal,Com Vítimas Feridas,Plena Noite,Decrescente,Nublado,Dupla,Reta,Não,2,0,1,1,0,0,2,2,"-7,18710406","-35,28706312",SPRF-PB,DEL01-PB,UOP03-DEL01-PB
654943.0,2025-01-13,segunda-feira,21:01:00,PB,230,"74,2",SOBRADO,Ingestão de álcool pelo condutor,Colisão traseira,Com Vítimas Feridas,Plena Noite,Crescente,Garoa/Chuvisco,Dupla,Reta,Não,3,0,1,0,1,1,1,2,"-7,1894","-35,2596",SPRF-PB,DEL01-PB,UOP03-DEL01-PB
654981.0,2025-01-14,terça-feira,07:30:00,PB,101,124,CAAPORA,Acumulo de água sobre o pavimento,Saída de leito carroçável,Sem Vítimas,Pleno dia,Crescente,Chuva,Dupla,Aclive;Curva,Não,1,0,0,0,1,0,0,1,"-7,46746892","-34,9772648",SPRF-PB,DEL01-PB,UOP02-DEL01-PB
654987.0,2025-01-14,terça-feira,08:10:00,PB,230,"2,7",CABEDELO,Ausência de reação do condutor,Colisão com objeto,Com Vítimas Feridas,Pleno dia,Crescente,Nublado,Dupla,Reta;Em Obras,Não,1,0,1,0,0,0,1,1,"-6,9915","-34,8287",SPRF-PB,DEL01-PB,UOP01-DEL01-PB
655098.0,2025-01-14,terça-feira,18:15:00,PB,230,"9,9",CABEDELO,Demais falhas na via,Tombamento,Com Vítimas Feridas,Plena Noite,Crescente,Chuva,Dupla,Reta,Sim,2,0,2,0,0,0,2,1,"-7,0433","-34,8466",SPRF-PB,DEL01-PB,UOP01-DEL01-PB
655124.0,2025-01-14,terça-feira,20:30:00,PB,230,"18,2",JOAO PESSOA,Ausência de reação do condutor,Colisão traseira,Com Vítimas Feridas,Plena Noite,Decrescente,Céu Claro,Dupla,Viaduto;Reta;Aclive,Sim,3,0,1,0,2,0,1,2,"-7,1198","-34,8453",SPRF-PB,DEL01-PB,UOP01-DEL01-PB
655132.0,2025-01-14,terça-feira,18:20:00,PB,230,"433,9",POMBAL,Ausência de reação do condutor,Saída de leito carroçável,Sem Vítimas,Plena Noite,Decrescente,Chuva,Simples,Reta,Não,1,0,0,0,0,1,0,1,"-6,7474","-37,9762",SPRF-PB,DEL03-PB,UOP02-DEL03-PB
655138.0,2025-01-14,terça-feira,22:30:00,PB,230,"138,3",CAMPINA GRANDE,Animais na Pista,Atropelamento de Animal,Com Vítimas Feridas,Plena Noite,Decrescente,Céu Claro,Dupla,Reta,Não,2,0,2,0,0,0,2,1,"-7,2755","-35,7831",SPRF-PB,DEL02-PB,UOP01-DEL02-PB
655192.0,2025-01-15,quarta-feira,09:00:00,PB,230,"472,4",SOUSA,Demais falhas mecânicas ou elétricas,Incêndio,Sem Vítimas,Pleno dia,Crescente,Céu Claro,Simples,Reta,Não,1,0,0,0,0,1,0,1,"-6,7994","-38,2987",SPRF-PB,DEL03-PB,UOP03-DEL03-PB
655282.0,2025-01-15,quarta-feira,18:00:00,PB,230,"20,7",JOAO PESSOA,Manobra de mudança de faixa,Colisão lateral mesmo sentido,Com Vítimas Feridas,Plena Noite,Crescente,Céu Claro,Dupla,Reta,Não,2,0,1,0,1,0,1,2,"-7,1337","-34,8544",SPRF-PB,DEL01-PB,UOP01-DEL01-PB
655322.0,2025-01-15,quarta-feira,21:15:00,PB,101,"89,5",JOAO PESSOA,Pedestre andava na pista,Atropelamento de Pedestre,Com Vítimas Feridas,Plena Noite,Crescente,Nublado,Dupla,Reta,Sim,2,0,0,1,0,1,1,2,"-7,1749088","-34,89883661",SPRF-PB,DEL01-PB,UOP02-DEL01-PB
655345.0,2025-01-15,quarta-feira,23:10:00,PB,230,"10,8",CABEDELO,Ingestão de álcool pelo condutor,Colisão com objeto,Sem Vítimas,Plena Noite,Decrescente,Céu Claro,Dupla,Em Obras;Reta,Não,1,0,0,0,1,0,0,1,"-7,0514","-34,8499",SPRF-PB,DEL01-PB,UOP01-DEL01-PB
655429.0,2025-01-16,quinta-feira,12:30:00,PB,101,"112,7",PEDRAS DE FOGO,Ausência de reação do condutor,Colisão com objeto,Sem Vítimas,Pleno dia,Crescente,Céu Claro,Dupla,Reta;Declive,Não,1,0,0,0,1,0,0,1,"-7,43522578","-34,9727831",SPRF-PB,DEL01-PB,UOP02-DEL01-PB
655479.0,2025-01-16,quinta-feira,16:35:00,PB,104,"130,6",CAMPINA GRANDE,Acesso irregular,Colisão frontal,Com Vítimas Feridas,Pleno dia,Decrescente,Céu Claro,Simples,Reta,Sim,2,0,0,2,0,0,2,2,"-7,29013399","-35,89029705",SPRF-PB,DEL02-PB,UOP03-DEL02-PB
655507.0,2025-01-16,quinta-feira,20:10:00,PB,230,14,CABEDELO,Acessar a via sem observar a presença dos outros veículos,Colisão transversal,Com Vítimas Feridas,Plena Noite,Crescente,Céu Claro,Dupla,Reta,Não,8,0,1,0,7,0,1,3,"-7,0844","-34,8488",SPRF-PB,DEL01-PB,UOP01-DEL01-PB
655546.0,2025-01-17,sexta-feira,05:44:00,PB,230,25,JOAO PESSOA,Manobra de mudança de faixa,Queda de ocupante de veículo,Com Vítimas Feridas,Amanhecer,Decrescente,Céu Claro,Múltipla,Viaduto,Sim,3,0,2,0,0,1,2,2,"-7,1707","-34,8684",SPRF-PB,DEL01-PB,UOP01-DEL01-PB
655572.0,2025-01-17,sexta-feira,08:45:00,PB,230,22,JOAO PESSOA,Trafegar com motocicleta (ou similar) entre as faixas,Colisão traseira,Com Vítimas Feridas,Pleno dia,Decrescente,Céu Claro,Dupla,Reta,Sim,2,0,1,0,1,0,1,2,"-7,15218486","-34,85384703",SPRF-PB,DEL01-PB,UOP01-DEL01-PB
655777.0,2025-01-18,sábado,02:00:00,PB,230,512,CAJAZEIRAS,Animais na Pista,Atropelamento de Animal,Com Vítimas Feridas,Plena Noite,Crescente,Nublado,Simples,Reta,Não,1,0,0,1,0,0,1,1,"-6,8878","-38,605",SPRF-PB,DEL03-PB,UOP03-DEL03-PB
655888.0,2025-01-18,sábado,19:20:00,PB,230,10,CABEDELO,Ingestão de álcool pelo condutor,Colisão com objeto,Com Vítimas Feridas,Plena Noite,Decrescente,Céu Claro,Dupla,Reta;Em Obras,Sim,1,0,1,0,0,0,1,1,"-7,0514","-34,8499",SPRF-PB,DEL01-PB,UOP01-DEL01-PB
655892.0,2025-01-18,sábado,19:40:00,PB,230,"53,8",CRUZ DO ESPIRITO SANTO,Ingestão de álcool pelo condutor,Colisão traseira,Com Vítimas Fatais,Plena Noite,Decrescente,Céu Claro,Dupla,Reta,Não,3,1,0,0,0,2,0,3,"-7,20120408","-35,08949518",SPRF-PB,DEL01-PB,UOP03-DEL01-PB
655899.0,2025-01-18,sábado,19:40:00,PB,230,"283,8",SANTA LUZIA,Demais falhas mecânicas ou elétricas,Incêndio,Sem Vítimas,Plena Noite,Crescente,Garoa/Chuvisco,Simples,Reta,Não,1,0,0,0,1,0,0,1,"-6,9144","-36,8563",SPRF-PB,DEL03-PB,UOP01-DEL03-PB
655934.0,2025-01-18,sábado,19:00:00,PB,427,"34,9",POMBAL,Animais na Pista,Tombamento,Com Vítimas Feridas,Plena Noite,Decrescente,Céu Claro,Simples,Reta,Não,2,0,1,1,0,0,2,1,"-6,75644479","-37,76450715",SPRF-PB,DEL03-PB,UOP02-DEL03-PB
655969.0,2025-01-19,domingo,04:00:00,PB,104,"139,5",QUEIMADAS,Desrespeitar a preferência no cruzamento,Colisão transversal,Com Vítimas Feridas,Plena Noite,Decrescente,Nublado,Simples,Interseção de Vias,Sim,2,0,1,0,0,1,1,2,"-7,36948311","-35,89979635",SPRF-PB,DEL02-PB,UOP03-DEL02-PB
656008.0,2025-01-19,domingo,09:43:00,PB,101,"1,7",MATARACA,Velocidade Incompatível,Colisão com objeto,Com Vítimas Feridas,Pleno dia,Decrescente,Garoa/Chuvisco,Dupla,Reta;Interseção de Vias,Não,2,0,1,0,1,0,1,1,"-6,51423092","-35,11133633",SPRF-PB,DEL01-PB,UOP04-DEL01-PB
656070.0,2025-01-19,domingo,16:40:00,PB,101,"42,4",MAMANGUAPE,Demais falhas mecânicas ou elétricas,Colisão lateral mesmo sentido,Com Vítimas Feridas,Pleno dia,Decrescente,Céu Claro,Dupla,Reta,Não,3,0,3,0,0,0,3,2,"-6,856615","-35,13444297",SPRF-PB,DEL01-PB,UOP04-DEL01-PB
656084.0,2025-01-19,domingo,17:12:00,PB,230,"23,1",JOAO PESSOA,Trafegar com motocicleta (ou similar) entre as faixas,Colisão traseira,Com Vítimas Feridas,Anoitecer,Crescente,Nublado,Dupla,Reta,Sim,2,0,0,2,0,0,2,2,"-7,1577916","-34,8583138",SPRF-PB,DEL01-PB,UOP01-DEL01-PB
656085.0,2025-01-19,domingo,17:59:00,PB,101,"89,7",JOAO PESSOA,Ingestão de álcool pelo condutor,Colisão lateral mesmo sentido,Com Vítimas Feridas,Plena Noite,Crescente,Céu Claro,Dupla,Reta,Sim,3,0,0,1,2,0,1,2,"-7,1710694","-34,89765372",SPRF-PB,DEL01-PB,UOP02-DEL01-PB
656143.0,2025-01-19,domingo,19:30:00,PB,405,"5,5",UIRAUNA,Transitar na contramão,Colisão frontal,Com Vítimas Feridas,Plena Noite,Decrescente,Céu Claro,Simples,Curva,Não,5,0,1,0,4,0,1,2,"-6,494732","-38,394413",SPRF-PB,DEL03-PB,UOP03-DEL03-PB
656155.0,2025-01-19,domingo,23:15:00,PB,104,"182,1",ALCANTIL,Condutor Dormindo,Saída de leito carroçável,Com Vítimas Feridas,Plena Noite,Crescente,Nublado,Simples,Reta;Aclive,Não,1,0,1,0,0,0,1,1,"-7,652095","-36,078718",SPRF-PB,DEL02-PB,UOP03-DEL02-PB
656261.0,2025-01-20,segunda-feira,13:15:00,PB,101,"119,7",PEDRAS DE FOGO,Ausência de reação do condutor,Colisão com objeto,Com Vítimas Feridas,Pleno dia,Crescente,Céu Claro,Dupla,Reta;Ponte;Declive,Não,1,0,1,0,0,0,1,1,"-7,42897814","-34,96672977",SPRF-PB,DEL01-PB,UOP02-DEL01-PB
656341.0,2025-01-20,segunda-feira,19:05:00,PB,230,27,JOAO PESSOA,Ausência de reação do condutor,Colisão lateral mesmo sentido,Com Vítimas Feridas,Plena Noite,Crescente,Céu Claro,Dupla,Declive;Reta,Sim,2,0,1,0,1,0,1,2,"-7,1677","-34,8855",SPRF-PB,DEL01-PB,UOP01-DEL01-PB
656352.0,2025-01-20,segunda-feira,20:15:00,PB,101,"89,5",JOAO PESSOA,Pedestre - Ingestão de álcool/ substâncias psicoativas,Atropelamento de Pedestre,Com Vítimas Feridas,Plena Noite,Crescente,Céu Claro,Dupla,Reta,Não,2,0,1,1,0,0,2,2,"-7,1710694","-34,89765372",SPRF-PB,DEL01-PB,UOP02-DEL01-PB
656392.0,2025-01-21,terça-feira,01:40:00,PB,230,"175,9",POCINHOS,Ausência de reação do condutor,Saída de leito carroçável,Com Vítimas Feridas,Plena Noite,Crescente,Céu Claro,Simples,Aclive;Reta;Em Obras,Não,1,0,0,1,0,0,1,1,"-7,1775","-36,0247",SPRF-PB,DEL02-PB,UOP02-DEL02-PB