id,data_inversa,dia_semana,horario,uf,br,km,municipio,causa_acidente,tipo_acidente,classificacao_acidente,fase_dia,sentido_via,condicao_metereologica,tipo_pista,tracado_via,uso_solo,pessoas,mortos,feridos_leves,feridos_graves,ilesos,ignorados,feridos,veiculos,latitude,longitude,regional,delegacia,uop
656414.0,2025-01-21,terça-feira,07:15:00,PB,230,19,JOAO PESSOA,Entrada inopinada do pedestre,Atropelamento de Pedestre,Com Vítimas Feridas,Pleno dia,Crescente,Céu Claro,Dupla,Curva,Sim,3,0,1,0,2,0,1,3,"-7,1281","-34,8466",SPRF-PB,DEL01-PB,UOP01-DEL01-PB
656428.0,2025-01-21,terça-feira,07:30:00,PB,104,"135,8",QUEIMADAS,Condutor deixou de manter distância do veículo da frente,Colisão frontal,Com Vítimas Feridas,Pleno dia,Crescente,Céu Claro,Simples,Reta,Não,2,0,1,0,1,0,1,2,"-7,31664","-35,894955",SPRF-PB,DEL02-PB,UOP03-DEL02-PB
656458.0,2025-01-21,terça-feira,13:00:00,PB,230,16,JOAO PESSOA,Condutor deixou de manter distância do veículo da frente,Engavetamento,Sem Vítimas,Pleno dia,Decrescente,Céu Claro,Dupla,Reta,Sim,4,0,0,0,3,1,0,4,"-7,1039","-34,8458",SPRF-PB,DEL01-PB,UOP01-DEL01-PB
656493.0,2025-01-21,terça-feira,16:30:00,PB,230,"19,8",JOAO PESSOA,Demais falhas mecânicas ou elétricas,Queda de ocupante de veículo,Com Vítimas Feridas,Pleno dia,Crescente,Céu Claro,Dupla,Curva,Sim,1,0,0,1,0,0,1,1,"-7,1281","-34,8466",SPRF-PB,DEL01-PB,UOP01-DEL01-PB
656518.0,2025-01-21,terça-feira,18:20:00,PB,230,"27,8",JOAO PESSOA,Pedestre andava na pista,Atropelamento de Pedestre,Com Vítimas Feridas,Plena Noite,Decrescente,Céu Claro,Dupla,Aclive;Viaduto;Reta,Sim,3,0,0,1,2,0,1,3,"-7,16570426","-34,89719152",SPRF-PB,DEL01-PB,UOP01-DEL01-PB
656564.0,2025-01-21,terça-feira,21:10:00,PB,101,83,BAYEUX,Deficiência do Sistema de Iluminação/Sinalização,Colisão traseira,Com Vítimas Feridas,Plena Noite,Decrescente,Céu Claro,Dupla,Reta,Sim,4,0,0,3,1,0,3,3,"-7,1337703","-34,92963914",SPRF-PB,DEL01-PB,UOP01-DEL01-PB
656597.0,2025-01-22,quarta-feira,07:00:00,PB,101,83,BAYEUX,Condutor deixou de manter distância do veículo da frente,Colisão traseira,Com Vítimas Feridas,Pleno dia,Decrescente,Céu Claro,Dupla,Reta,Sim,4,0,0,1,3,0,1,2,"-7,1345984","-34,92874503",SPRF-PB,DEL01-PB,UOP01-DEL01-PB
656599.0,2025-01-10,sexta-feira,19:12:00,PB,230,499,CAJAZEIRAS,Desrespeitar a preferência no cruzamento,Colisão transversal,Com Vítimas Feridas,Plena Noite,Decrescente,Céu Claro,Simples,Aclive;Reta,Sim,2,0,0,1,1,0,1,2,"-6,8995","-38,499",SPRF-PB,DEL03-PB,UOP03-DEL03-PB
656616.0,2025-01-22,quarta-feira,08:50:00,PB,230,"416,6",POMBAL,Acessar a via sem observar a presença dos outros veículos,Colisão transversal,Com Vítimas Feridas,Pleno dia,Decrescente,Céu Claro,Simples,Declive,Não,2,0,1,0,1,0,1,2,"-6,7174","-37,8107",SPRF-PB,DEL03-PB,UOP02-DEL03-PB
656820.0,2025-01-23,quinta-feira,09:20:00,PB,101,84,BAYEUX,Reação tardia ou ineficiente do condutor,Colisão lateral mesmo sentido,Sem Vítimas,Pleno dia,Decrescente,Céu Claro,Dupla,Reta,Sim,2,0,0,0,2,0,0,2,"-7,13957906","-34,92312806",SPRF-PB,DEL01-PB,UOP01-DEL01-PB
656822.0,2025-01-23,quinta-feira,10:55:00,PB,230,16,JOAO PESSOA,Ausência de reação do condutor,Colisão traseira,Com Vítimas Feridas,Pleno dia,Decrescente,Céu Claro,Dupla,Reta,Sim,2,0,1,0,1,0,1,2,"-7,10888816","-34,84331131",SPRF-PB,DEL01-PB,UOP01-DEL01-PB
656906.0,2025-01-23,quinta-feira,17:39:00,PB,230,149,CAMPINA GRANDE,Acessar a via sem observar a presença dos outros veículos,Colisão transversal,Com Vítimas Feridas,Pleno dia,Decrescente,Céu Claro,Simples,Reta,Não,2,0,2,0,0,0,2,2,"-7,243","-35,8709",SPRF-PB,DEL02-PB,UOP01-DEL02-PB
656954.0,2025-01-24,sexta-feira,01:20:00,PB,230,12,CABEDELO,Ausência de reação do condutor,Saída de leito carroçável,Sem Vítimas,Plena Noite,Crescente,Céu Claro,Simples,Em Obras,Sim,1,0,0,0,0,1,0,1,"-7,068","-34,85",SPRF-PB,DEL01-PB,UOP01-DEL01-PB
657003.0,2025-01-24,sexta-feira,11:43:00,PB,230,18,JOAO PESSOA,Condutor deixou de manter distância do veículo da frente,Engavetamento,Com Vítimas Feridas,Pleno dia,Decrescente,Sol,Dupla,Reta,Sim,4,0,1,0,3,0,1,3,"-7,1198","-34,8453",SPRF-PB,DEL01-PB,UOP01-DEL01-PB
657018.0,2025-01-14,terça-feira,07:30:00,PB,101,122,CAAPORA,Acumulo de água sobre o pavimento,Saída de leito carroçável,Com Vítimas Feridas,Pleno dia,Crescente,Nublado,Dupla,Declive;Curva,Não,1,0,1,0,0,0,1,1,"-7,45038197","-34,97994215",SPRF-PB,DEL01-PB,UOP02-DEL01-PB
657020.0,2025-01-24,sexta-feira,10:30:00,PB,0,0,JOAO PESSOA,Velocidade Incompatível,Colisão com objeto,Sem Vítimas,Pleno dia,Não Informado,Sol,Simples,Reta;Rotatória,Não,1,0,0,0,1,0,0,1,"-7,11896815","-34,83057283",SPRF-PB,DEL01-PB,UOP02-DEL01-PB
657026.0,2025-01-24,sexta-feira,15:15:00,PB,230,"6,3",CABEDELO,Manobra de mudança de faixa,Colisão lateral mesmo sentido,Com Vítimas Feridas,Pleno dia,Crescente,Céu Claro,Múltipla,Declive;Viaduto,Sim,2,0,1,0,1,0,1,2,"-7,02","-34,8359",SPRF-PB,DEL01-PB,UOP01-DEL01-PB
657045.0,2025-01-24,sexta-feira,16:30:00,PB,101,88,JOAO PESSOA,Pedestre andava na pista,Atropelamento de Pedestre,Com Vítimas Feridas,Pleno dia,Decrescente,Céu Claro,Dupla,Aclive;Reta,Sim,2,0,0,1,0,1,1,2,"-7,16470016","-34,89993643",SPRF-PB,DEL01-PB,UOP01-DEL01-PB
657152.0,2025-01-25,sábado,05:05:00,PB,101,89,JOAO PESSOA,Objeto estático sobre o leito carroçável,Colisão com objeto,Com Vítimas Feridas,Pleno dia,Decrescente,Céu Claro,Dupla,Reta,Sim,2,0,2,0,0,0,2,1,"-7,1710694","-34,89765372",SPRF-PB,DEL01-PB,UOP02-DEL01-PB
657155.0,2025-01-25,sábado,04:00:00,PB,230,"126,1",RIACHAO DO BACAMARTE,Ingestão de álcool pelo condutor,Colisão com objeto,Com Vítimas Feridas,Plena Noite,Crescente,Céu Claro,Dupla,Reta;Declive,Não,4,0,0,3,0,1,3,1,"-7,25988268","-35,69559574",SPRF-PB,DEL02-PB,UOP01-DEL02-PB
657156.0,2025-01-25,sábado,05:22:00,PB,101,70,SANTA RITA,Ausência de reação do condutor,Colisão com objeto,Com Vítimas Feridas,Amanhecer,Decrescente,Céu Claro,Dupla,Reta,Não,2,0,1,1,0,0,2,1,"-7,06454776","-35,01147489",SPRF-PB,DEL01-PB,UOP04-DEL01-PB
657166.0,2025-01-25,sábado,04:30:00,PB,104,152,QUEIMADAS,Condutor Dormindo,Saída de leito carroçável,Com Vítimas Feridas,Amanhecer,Decrescente,Nublado,Simples,Reta,Não,1,0,1,0,0,0,1,1,"-7,47287281","-35,93140315",SPRF-PB,DEL02-PB,UOP03-DEL02-PB
657169.0,2025-01-25,sábado,06:20:00,PB,230,"16,6",JOAO PESSOA,Demais falhas mecânicas ou elétricas,Tombamento,Com Vítimas Feridas,Pleno dia,Decrescente,Céu Claro,Dupla,Reta,Sim,2,0,2,0,0,0,2,1,"-7,093","-34,8482",SPRF-PB,DEL01-PB,UOP01-DEL01-PB
657226.0,2025-01-25,sábado,11:40:00,PB,230,"156,1",CAMPINA GRANDE,Conversão proibida,Colisão transversal,Com Vítimas Feridas,Pleno dia,Decrescente,Nublado,Simples,Reta,Sim,2,0,1,0,0,1,1,2,"-7,27296","-35,90945",SPRF-PB,DEL02-PB,UOP01-DEL02-PB
657402.0,2025-01-26,domingo,06:25:00,PB,230,"42,1",SANTA RITA,Demais falhas mecânicas ou elétricas,Saída de leito carroçável,Com Vítimas Feridas,Pleno dia,Decrescente,Céu Claro,Dupla,Reta,Não,2,0,1,1,0,0,2,1,"-7,1426","-34,9956",SPRF-PB,DEL01-PB,UOP03-DEL01-PB
657408.0,2025-01-26,domingo,06:30:00,PB,230,"12,5",CABEDELO,Animais na Pista,Atropelamento de Animal,Com Vítimas Feridas,Pleno dia,Decrescente,Céu Claro,Dupla,Reta,Sim,2,0,2,0,0,0,2,1,"-7,068","-34,85",SPRF-PB,DEL01-PB,UOP01-DEL01-PB
657483.0,2025-01-26,domingo,14:40:00,PB,230,17,JOAO PESSOA,Pedestre cruzava a pista fora da faixa,Atropelamento de Pedestre,Com Vítimas Feridas,Pleno dia,Crescente,Céu Claro,Dupla,Reta,Sim,2,0,1,0,1,0,1,2,"-7,1121","-34,8426",SPRF-PB,DEL01-PB,UOP01-DEL01-PB
657621.0,2025-01-27,segunda-feira,06:15:00,PB,230,"19,9",JOAO PESSOA,Condutor deixou de manter distância do veículo da frente,Engavetamento,Com Vítimas Feridas,Amanhecer,Decrescente,Nublado,Dupla,Reta,Sim,5,0,1,0,4,0,1,4,"-7,1337","-34,8544",SPRF-PB,DEL01-PB,UOP01-DEL01-PB
657629.0,2025-01-27,segunda-feira,06:40:00,PB,101,82,BAYEUX,Trafegar com motocicleta (ou similar) entre as faixas,Tombamento,Com Vítimas Feridas,Pleno dia,Crescente,Nublado,Dupla,Reta,Sim,1,0,0,1,0,0,1,1,"-7,12911","-34,93714",SPRF-PB,DEL01-PB,UOP01-DEL01-PB
657642.0,2025-01-27,segunda-feira,08:20:00,PB,230,26,JOAO PESSOA,Manobra de mudança de faixa,Colisão lateral mesmo sentido,Com Vítimas Feridas,Pleno dia,Decrescente,Nublado,Múltipla,Reta,Sim,3,0,1,1,1,0,2,2,"-7,16941323","-34,87839226",SPRF-PB,DEL01-PB,UOP01-DEL01-PB
657650.0,2025-01-27,segunda-feira,08:30:00,PB,230,"15,6",JOAO PESSOA,Demais falhas mecânicas ou elétricas,Colisão lateral mesmo sentido,Com Vítimas Feridas,Pleno dia,Crescente,Chuva,Dupla,Reta;Aclive,Sim,2,0,1,0,1,0,1,2,"-7,093","-34,8482",SPRF-PB,DEL01-PB,UOP01-DEL01-PB
657662.0,2025-01-27,segunda-feira,10:15:00,PB,230,28,JOAO PESSOA,Condutor deixou de manter distância do veículo da frente,Colisão traseira,Com Vítimas Feridas,Pleno dia,Crescente,Nublado,Dupla,Reta,Não,2,0,0,1,1,0,1,2,"-7,1651","-34,8941",SPRF-PB,DEL01-PB,UOP01-DEL01-PB
657676.0,2025-01-27,segunda-feira,12:20:00,PB,230,24,JOAO PESSOA,Acumulo de areia ou detritos sobre o pavimento,Tombamento,Com Vítimas Feridas,Pleno dia,Crescente,Céu Claro,Múltipla,Desvio Temporário;Em Obras;Curva,Sim,1,0,1,0,0,0,1,1,"-7,1637","-34,8618",SPRF-PB,DEL01-PB,UOP01-DEL01-PB
657715.0,2025-01-27,segunda-feira,15:45:00,PB,230,16,JOAO PESSOA,Pista Escorregadia,Queda de ocupante de veículo,Com Vítimas Feridas,Pleno dia,Decrescente,Sol,Dupla,Reta,Sim,1,0,1,0,0,0,1,1,"-7,1092","-34,8431",SPRF-PB,DEL01-PB,UOP01-DEL01-PB
657764.0,2025-01-27,segunda-feira,15:47:00,PB,230,"165,3",CAMPINA GRANDE,Transitar na contramão,Colisão frontal,Com Vítimas Fatais,Pleno dia,Crescente,Céu Claro,Simples,Curva;Declive,Sim,3,1,1,0,0,1,1,3,"-7,20502533","-35,95010877",SPRF-PB,DEL02-PB,UOP01-DEL02-PB
657934.0,2025-01-28,terça-feira,18:30:00,PB,101,41,MAMANGUAPE,Pedestre cruzava a pista fora da faixa,Atropelamento de Pedestre,Com Vítimas Feridas,Plena Noite,Crescente,Céu Claro,Dupla,Reta;Declive,Sim,2,0,1,0,0,1,1,2,"-6,84766595","-35,13549958",SPRF-PB,DEL01-PB,UOP04-DEL01-PB
657976.0,2025-01-29,quarta-feira,00:25:00,PB,230,"15,5",JOAO PESSOA,Reação tardia ou ineficiente do condutor,Saída de leito carroçável,Com Vítimas Feridas,Plena Noite,Decrescente,Céu Claro,Dupla,Reta,Sim,1,0,1,0,0,0,1,1,"-7,093","-34,8482",SPRF-PB,DEL01-PB,UOP01-DEL01-PB
658006.0,2025-01-29,quarta-feira,07:40:00,PB,101,89,JOAO PESSOA,Trafegar com motocicleta (ou similar) entre as faixas,Colisão lateral mesmo sentido,Com Vítimas Feridas,Pleno dia,Decrescente,Céu Claro,Dupla,Reta,Sim,2,0,1,0,1,0,1,2,"-7,1710694","-34,89765372",SPRF-PB,DEL01-PB,UOP02-DEL01-PB
658017.0,2025-01-29,quarta-feira,08:14:00,PB,101,"85,1",BAYEUX,Condutor deixou de manter distância do veículo da frente,Colisão lateral mesmo sentido,Com Vítimas Feridas,Pleno dia,Crescente,Nublado,Dupla,Reta,Sim,3,0,1,0,0,2,1,3,"-7,14538184","-34,91662887",SPRF-PB,DEL01-PB,UOP01-DEL01-PB
658040.0,2025-01-29,quarta-feira,11:00:00,PB,361,"5,5",PATOS,Acessar a via sem observar a presença dos outros veículos,Colisão transversal,Com Vítimas Feridas,Pleno dia,Crescente,Céu Claro,Simples,Reta,Sim,8,0,1,0,7,0,1,2,"-7,0342983","-37,30232718",SPRF-PB,DEL03-PB,UOP01-DEL03-PB
658057.0,2025-01-29,quarta-feira,08:12:00,PB,230,8,CABEDELO,Reação tardia ou ineficiente do condutor,Colisão com objeto,Com Vítimas Feridas,Pleno dia,Crescente,Nublado,Simples,Em Obras;Reta;Desvio Temporário,Sim,1,0,1,0,0,0,1,1,"-7,0355","-34,8429",SPRF-PB,DEL01-PB,UOP01-DEL01-PB
658070.0,2025-01-29,quarta-feira,15:06:00,PB,101,"119,8",CAAPORA,Pista Escorregadia,Colisão com objeto,Com Vítimas Feridas,Pleno dia,Decrescente,Garoa/Chuvisco,Dupla,Reta;Declive,Não,1,0,1,0,0,0,1,1,"-7,42897814","-34,96672977",SPRF-PB,DEL01-PB,UOP02-DEL01-PB
658088.0,2025-01-29,quarta-feira,17:15:00,PB,230,133,MASSARANDUBA,Falta de elemento de contenção que evite a saída do leito carroçável,Saída de leito carroçável,Com Vítimas Feridas,Pleno dia,Crescente,Chuva,Dupla,Curva,Não,1,0,1,0,0,0,1,1,"-7,2767","-35,7464",SPRF-PB,DEL02-PB,UOP01-DEL02-PB
658097.0,2025-01-29,quarta-feira,18:50:00,PB,230,28,JOAO PESSOA,Estacionar ou parar em local proibido,Colisão traseira,Com Vítimas Feridas,Plena Noite,Decrescente,Chuva,Dupla,Retorno Regulamentado;Viaduto,Sim,2,0,1,0,1,0,1,2,"-7,1651","-34,8941",SPRF-PB,DEL01-PB,UOP01-DEL01-PB
658263.0,2025-01-30,quinta-feira,16:40:00,PB,230,12,CABEDELO,Animais na Pista,Atropelamento de Animal,Com Vítimas Feridas,Anoitecer,Crescente,Céu Claro,Dupla,Reta,Sim,2,0,2,0,0,0,2,1,"-7,068","-34,85",SPRF-PB,DEL01-PB,UOP01-DEL01-PB
658267.0,2025-01-30,quinta-feira,17:11:00,PB,230,"16,7",JOAO PESSOA,Condutor deixou de manter distância do veículo da frente,Colisão traseira,Com Vítimas Feridas,Pleno dia,Decrescente,Céu Claro,Dupla,Reta;Aclive,Sim,3,0,1,0,2,0,1,3,"-7,1039","-34,8458",SPRF-PB,DEL01-PB,UOP01-DEL01-PB
658284.0,2025-01-30,quinta-feira,18:50:00,PB,230,21,JOAO PESSOA,Ausência de reação do condutor,Colisão traseira,Com Vítimas Feridas,Plena Noite,Decrescente,Céu Claro,Dupla,Reta,Sim,2,0,1,0,1,0,1,2,"-7,1415","-34,8519",SPRF-PB,DEL01-PB,UOP01-DEL01-PB
658350.0,2025-01-31,sexta-feira,08:05:00,PB,230,"10,6",CABEDELO,Acostamento em desnível,Tombamento,Com Vítimas Feridas,Pleno dia,Decrescente,Céu Claro,Dupla,Em Obras;Reta,Sim,2,0,1,0,1,0,1,1,"-7,0514","-34,8499",SPRF-PB,DEL01-PB,UOP01-DEL01-PB
658386.0,2025-01-31,sexta-feira,11:00:00,PB,104,117,LAGOA SECA,Acessar a via sem observar a presença dos outros veículos,Colisão transversal,Com Vítimas Feridas,Pleno dia,Crescente,Sol,Simples,Reta,Não,2,0,0,1,1,0,1,2,"-7,19030697","-35,86736609",SPRF-PB,DEL02-PB,UOP04-DEL02-PB
658417.0,2025-01-31,sexta-feira,13:00:00,PB,104,"149,9",QUEIMADAS,Acessar a via sem observar a presença dos outros veículos,Colisão transversal,Com Vítimas Feridas,Pleno dia,Decrescente,Sol,Simples,Reta,Não,2,0,1,0,1,0,1,2,"-7,45300306","-35,91331495",SPRF-PB,DEL02-PB,UOP03-DEL02-PB
658433.0,2025-01-31,sexta-feira,16:20:00,PB,230,"11,6",CABEDELO,Reação tardia ou ineficiente do condutor,Tombamento,Com Vítimas Feridas,Pleno dia,Decrescente,Céu Claro,Dupla,Reta,Sim,2,0,1,1,0,0,2,1,"-7,0596","-34,8506",SPRF-PB,DEL01-PB,UOP01-DEL01-PB
658448.0,2025-01-31,sexta-feira,11:30:00,PB,104,140,QUEIMADAS,Pedestre cruzava a pista fora da faixa,Atropelamento de Pedestre,Sem Vítimas,Pleno dia,Crescente,Céu Claro,Simples,Reta,Não,1,0,0,0,1,0,0,1,"-7,37817097","-35,89737088",SPRF-PB,DEL02-PB,UOP03-DEL02-PB
658485.0,2025-01-31,sexta-feira,19:50:00,PB,230,"21,8",JOAO PESSOA,Manobra de mudança de faixa,Colisão traseira,Com Vítimas Feridas,Plena Noite,Decrescente,Céu Claro,Dupla,Reta,Sim,2,0,1,0,1,0,1,2,"-7,15042837","-34,85243082",SPRF-PB,DEL01-PB,UOP01-DEL01-PB
658518.0,2025-01-31,sexta-feira,23:00:00,PB,230,153,CAMPINA GRANDE,Demais falhas na via,Colisão frontal,Com Vítimas Feridas,Plena Noite,Decrescente,Céu Claro,Simples,Interseção de Vias;Rotatória;Desvio Temporário;Em Obras,Não,2,0,0,1,1,0,1,2,"-7,2763","-35,8887",SPRF-PB,DEL02-PB,UOP01-DEL02-PB
658565.0,2025-02-01,sábado,06:55:00,PB,230,"163,9",CAMPINA GRANDE,Acessar a via sem observar a presença dos outros veículos,Colisão transversal,Com Vítimas Feridas,Pleno dia,Crescente,Céu Claro,Simples,Curva;Aclive,Não,2,0,1,0,1,0,1,2,"-7,217175","-35,945787",SPRF-PB,DEL02-PB,UOP01-DEL02-PB
658566.0,2025-02-01,sábado,07:25:00,PB,101,83,BAYEUX,Acessar a via sem observar a presença dos outros veículos,Eventos atípicos,Com Vítimas Feridas,Pleno dia,Crescente,Sol,Simples,Reta,Sim,1,0,1,0,0,0,1,1,"-7,1337703","-34,92963914",SPRF-PB,DEL01-PB,UOP01-DEL01-PB
658575.0,2025-02-01,sábado,08:00:00,PB,230,"153,8",CAMPINA GRANDE,Reação tardia ou ineficiente do condutor,Tombamento,Com Vítimas Feridas,Pleno dia,Crescente,Céu Claro,Simples,Curva;Em Obras,Sim,2,0,2,0,0,0,2,1,"-7,2763","-35,8887",SPRF-PB,DEL02-PB,UOP01-DEL02-PB
658577.0,2025-02-01,sábado,08:25:00,PB,101,81,SANTA RITA,Ausência de sinalização,Colisão com objeto,Sem Vítimas,Pleno dia,Decrescente,Céu Claro,Dupla,Curva;Aclive,Sim,2,0,0,0,2,0,0,2,"-7,12512041","-34,9435991",SPRF-PB,DEL01-PB,UOP01-DEL01-PB
658595.0,2025-02-01,sábado,09:40:00,PB,101,39,MAMANGUAPE,Reação tardia ou ineficiente do condutor,Colisão transversal,Com Vítimas Feridas,Pleno dia,Crescente,Céu Claro,Simples,Reta,Sim,3,0,2,0,0,1,2,2,"-6,82975098","-35,13756194",SPRF-PB,DEL01-PB,UOP04-DEL01-PB
658600.0,2025-02-01,sábado,10:30:00,PB,101,"86,5",JOAO PESSOA,Condutor deixou de manter distância do veículo da frente,Colisão traseira,Sem Vítimas,Pleno dia,Decrescente,Céu Claro,Dupla,Reta,Sim,2,0,0,0,2,0,0,2,"-7,15118983","-34,91012184",SPRF-PB,DEL01-PB,UOP01-DEL01-PB
658650.0,2025-02-01,sábado,16:30:00,PB,230,20,JOAO PESSOA,Acumulo de areia ou detritos sobre o pavimento,Eventos atípicos,Com Vítimas Feridas,Pleno dia,Crescente,Sol,Dupla,Declive;Curva;Interseção de Vias;Viaduto,Sim,2,0,1,0,1,0,1,1,"-7,1384244","-34,85325798",SPRF-PB,DEL01-PB,UOP01-DEL01-PB
658683.0,2025-02-01,sábado,17:30:00,PB,104,45,BARRA DE SANTA ROSA,Ausência de reação do condutor,Tombamento,Com Vítimas Feridas,Anoitecer,Decrescente,Céu Claro,Dupla,Reta,Sim,1,0,1,0,0,0,1,1,"-6,72846302","-36,05226302",SPRF-PB,DEL02-PB,UOP04-DEL02-PB
658760.0,2025-02-02,domingo,06:30:00,PB,101,88,JOAO PESSOA,Reação tardia ou ineficiente do condutor,Tombamento,Com Vítimas Feridas,Pleno dia,Decrescente,Céu Claro,Dupla,Declive,Sim,1,0,0,1,0,0,1,1,"-7,16470016","-34,89993643",SPRF-PB,DEL01-PB,UOP01-DEL01-PB
658788.0,2025-02-02,domingo,08:45:00,PB,230,251,JUAZEIRINHO,Conversão proibida,Colisão frontal,Com Vítimas Fatais,Pleno dia,Decrescente,Céu Claro,Simples,Interseção de Vias,Não,5,1,1,0,3,0,1,2,"-7,06021042","-36,65161371",SPRF-PB,DEL03-PB,UOP01-DEL03-PB
658812.0,2025-02-02,domingo,08:40:00,PB,361,"19,7",SANTA TERESINHA,Reação tardia ou ineficiente do condutor,Saída de leito carroçável,Com Vítimas Feridas,Pleno dia,Decrescente,Céu Claro,Simples,Curva;Declive,Não,3,0,2,0,1,0,2,1,"-7,07275181","-37,41688032",SPRF-PB,DEL03-PB,UOP01-DEL03-PB
658828.0,2025-02-02,domingo,14:00:00,PB,230,6,CABEDELO,Reação tardia ou ineficiente do condutor,Colisão traseira,Sem Vítimas,Pleno dia,Decrescente,Sol,Simples,Reta,Sim,2,0,0,0,1,1,0,2,"-7,02","-34,8359",SPRF-PB,DEL01-PB,UOP01-DEL01-PB
658837.0,2025-02-02,domingo,15:00:00,PB,101,88,JOAO PESSOA,Velocidade Incompatível,Saída de leito carroçável,Com Vítimas Feridas,Pleno dia,Decrescente,Céu Claro,Dupla,Retorno Regulamentado,Sim,1,0,1,0,0,0,1,1,"-7,16470016","-34,89993643",SPRF-PB,DEL01-PB,UOP01-DEL01-PB
658843.0,2025-02-02,domingo,16:10:00,PB,104,"131,7",QUEIMADAS,Condutor deixou de manter distância do veículo da frente,Colisão traseira,Sem Vítimas,Pleno dia,Decrescente,Céu Claro,Simples,Reta,Sim,2,0,0,0,1,1,0,2,"-7,29900408","-35,89187256",SPRF-PB,DEL02-PB,UOP03-DEL02-PB
658873.0,2025-02-02,domingo,18:15:00,PB,230,"188,8",POCINHOS,Demais falhas mecânicas ou elétricas,Tombamento,Com Vítimas Feridas,Plena Noite,Decrescente,Ignorado,Simples,Reta;Declive,Não,2,0,1,0,1,0,1,1,"-7,1435","-36,1364",SPRF-PB,DEL02-PB,UOP02-DEL02-PB
658941.0,2025-02-02,domingo,22:10:00,PB,230,368,MALTA,Animais na Pista,Saída de leito carroçável,Sem Vítimas,Plena Noite,Decrescente,Céu Claro,Simples,Reta,Sim,1,0,0,0,1,0,0,1,"-6,9057","-37,5322",SPRF-PB,DEL03-PB,UOP02-DEL03-PB
658947.0,2025-02-03,segunda-feira,00:10:00,PB,230,"161,7",CAMPINA GRANDE,Ingestão de álcool pelo condutor,Saída de leito carroçável,Com Vítimas Feridas,Plena Noite,Decrescente,Céu Claro,Simples,Reta,Sim,1,0,1,0,0,0,1,1,"-7,23428718","-35,94197668",SPRF-PB,DEL02-PB,UOP01-DEL02-PB
658953.0,2025-02-03,segunda-feira,00:43:00,PB,230,17,JOAO PESSOA,Avarias e/ou desgaste excessivo no pneu,Saída de leito carroçável,Com Vítimas Feridas,Plena Noite,Crescente,Céu Claro,Dupla,Reta,Sim,1,0,0,1,0,0,1,1,"-7,11987884","-34,84527111",SPRF-PB,DEL01-PB,UOP01-DEL01-PB
658994.0,2025-02-03,segunda-feira,08:05:00,PB,230,"27,8",JOAO PESSOA,Reação tardia ou ineficiente do condutor,Colisão lateral mesmo sentido,Com Vítimas Feridas,Pleno dia,Crescente,Céu Claro,Dupla,Reta,Sim,2,0,1,0,1,0,1,2,"-7,16499853","-34,89381731",SPRF-PB,DEL01-PB,UOP01-DEL01-PB
659009.0,2025-02-03,segunda-feira,08:30:00,PB,101,"82,7",BAYEUX,Condutor deixou de manter distância do veículo da frente,Colisão traseira,Com Vítimas Feridas,Pleno dia,Crescente,Sol,Dupla,Viaduto;Declive,Sim,4,0,1,0,3,0,1,2,"-7,1320647","-34,93197441",SPRF-PB,DEL01-PB,UOP01-DEL01-PB
659014.0,2025-02-03,segunda-feira,09:45:00,PB,230,"27,5",JOAO PESSOA,Ausência de reação do condutor,Colisão traseira,Com Vítimas Feridas,Pleno dia,Crescente,Céu Claro,Dupla,Reta,Sim,2,0,0,1,0,1,1,2,"-7,1677","-34,8855",SPRF-PB,DEL01-PB,UOP01-DEL01-PB
659033.0,2025-02-03,segunda-feira,11:30:00,PB,230,"25,1",JOAO PESSOA,Condutor deixou de manter distância do veículo da frente,Colisão traseira,Com Vítimas Feridas,Pleno dia,Crescente,Céu Claro,Múltipla,Desvio Temporário;Em Obras;Reta,Sim,2,0,1,0,1,0,1,2,"-7,17054457","-34,86950576",SPRF-PB,DEL01-PB,UOP01-DEL01-PB
659108.0,2025-02-03,segunda-feira,18:45:00,PB,230,"6,5",CABEDELO,Sinalização mal posicionada,Queda de ocupante de veículo,Com Vítimas Feridas,Plena Noite,Decrescente,Céu Claro,Dupla,Reta,Sim,2,0,0,1,1,0,1,1,"-7,02","-34,8359",SPRF-PB,DEL01-PB,UOP01-DEL01-PB
659170.0,2025-02-04,terça-feira,06:30:00,PB,230,"512,7",BOM JESUS,Animais na Pista,Atropelamento de Animal,Com Vítimas Feridas,Pleno dia,Decrescente,Nublado,Simples,Declive;Reta,Sim,3,0,3,0,0,0,3,1,"-6,8878","-38,605",SPRF-PB,DEL03-PB,UOP03-DEL03-PB
659217.0,2025-02-04,terça-feira,11:50:00,PB,230,"133,1",MASSARANDUBA,Condutor Dormindo,Saída de leito carroçável,Com Vítimas Feridas,Pleno dia,Decrescente,Chuva,Dupla,Curva,Não,1,0,1,0,0,0,1,1,"-7,2767","-35,7464",SPRF-PB,DEL02-PB,UOP01-DEL02-PB
659247.0,2025-02-04,terça-feira,12:58:00,PB,230,"10,8",CABEDELO,Acostamento em desnível,Queda de ocupante de veículo,Com Vítimas Feridas,Pleno dia,Crescente,Nublado,Dupla,Reta;Em Obras,Sim,2,0,2,0,0,0,2,1,"-7,0514","-34,8499",SPRF-PB,DEL01-PB,UOP01-DEL01-PB