id,data_inversa,dia_semana,horario,uf,br,km,municipio,causa_acidente,tipo_acidente,classificacao_acidente,fase_dia,sentido_via,condicao_metereologica,tipo_pista,tracado_via,uso_solo,pessoas,mortos,feridos_leves,feridos_graves,ilesos,ignorados,feridos,veiculos,latitude,longitude,regional,delegacia,uop
659263.0,2025-02-04,terça-feira,16:15:00,PB,230,11,CABEDELO,Trafegar com motocicleta (ou similar) entre as faixas,Tombamento,Sem Vítimas,Anoitecer,Crescente,Chuva,Dupla,Reta;Em Obras,Sim,2,0,0,0,2,0,0,1,"-7,0596","-34,8506",SPRF-PB,DEL01-PB,UOP01-DEL01-PB
659281.0,2025-02-04,terça-feira,18:49:00,PB,101,"86,6",JOAO PESSOA,Animais na Pista,Atropelamento de Animal,Com Vítimas Feridas,Plena Noite,Decrescente,Céu Claro,Dupla,Curva;Declive,Sim,2,0,1,0,1,0,1,1,"-7,151532","-34,909311",SPRF-PB,DEL01-PB,UOP01-DEL01-PB
659395.0,2025-02-05,quarta-feira,10:00:00,PB,104,"139,5",QUEIMADAS,Acesso irregular,Colisão lateral sentido oposto,Com Vítimas Feridas,Pleno dia,Crescente,Chuva,Simples,Reta,Sim,2,0,0,1,0,1,1,2,"-7,36948311","-35,89979635",SPRF-PB,DEL02-PB,UOP03-DEL02-PB
659411.0,2025-02-05,quarta-feira,12:00:00,PB,101,123,PEDRAS DE FOGO,Reação tardia ou ineficiente do condutor,Saída de leito carroçável,Com Vítimas Feridas,Pleno dia,Crescente,Chuva,Dupla,Curva;Declive,Não,2,0,1,1,0,0,2,1,"-7,45909075","-34,98049935",SPRF-PB,DEL01-PB,UOP02-DEL01-PB
659445.0,2025-02-05,quarta-feira,13:40:00,PB,101,"99,9",CONDE,Chuva,Saída de leito carroçável,Com Vítimas Feridas,Pleno dia,Decrescente,Chuva,Dupla,Retorno Regulamentado;Curva;Interseção de Vias,Não,1,0,1,0,0,0,1,1,"-7,26235092","-34,93618011",SPRF-PB,DEL01-PB,UOP02-DEL01-PB
659502.0,2025-02-05,quarta-feira,17:10:00,PB,230,"257,1",TENORIO,Demais falhas mecânicas ou elétricas,Saída de leito carroçável,Sem Vítimas,Pleno dia,Crescente,Chuva,Simples,Curva,Não,1,0,0,0,1,0,0,1,"-7,0114","-36,6808",SPRF-PB,DEL03-PB,UOP01-DEL03-PB
659575.0,2025-02-06,quinta-feira,10:30:00,PB,230,156,CAMPINA GRANDE,Condutor deixou de manter distância do veículo da frente,Colisão traseira,Sem Vítimas,Pleno dia,Crescente,Nublado,Simples,Reta,Não,5,0,0,0,5,0,0,2,"-7,2693","-35,9138",SPRF-PB,DEL02-PB,UOP01-DEL02-PB
659665.0,2025-02-06,quinta-feira,17:40:00,PB,230,"157,6",CAMPINA GRANDE,Acessar a via sem observar a presença dos outros veículos,Colisão transversal,Com Vítimas Feridas,Anoitecer,Crescente,Garoa/Chuvisco,Simples,Reta,Sim,2,0,1,0,1,0,1,2,"-7,264","-35,9199",SPRF-PB,DEL02-PB,UOP01-DEL02-PB
659874.0,2025-02-07,sexta-feira,15:00:00,PB,104,117,LAGOA SECA,Acessar a via sem observar a presença dos outros veículos,Colisão transversal,Com Vítimas Feridas,Pleno dia,Crescente,Céu Claro,Simples,Reta,Não,3,0,1,0,2,0,1,2,"-7,19030697","-35,86736609",SPRF-PB,DEL02-PB,UOP04-DEL02-PB
660023.0,2025-02-08,sábado,09:00:00,PB,412,144,MONTEIRO,Acessar a via sem observar a presença dos outros veículos,Colisão transversal,Com Vítimas Feridas,Pleno dia,Crescente,Céu Claro,Simples,Reta,Sim,3,0,0,2,1,0,2,2,"-7,891878","-37,111336",SPRF-PB,DEL02-PB,UOP02-DEL02-PB
660055.0,2025-02-08,sábado,12:53:00,PB,230,"88,6",JOAO PESSOA,Ausência de reação do condutor,Colisão traseira,Com Vítimas Feridas,Pleno dia,Decrescente,Céu Claro,Dupla,Reta;Interseção de Vias,Sim,3,0,1,1,1,0,2,2,"-7,16800026","-34,89664793",SPRF-PB,DEL01-PB,UOP03-DEL01-PB
660084.0,2025-02-08,sábado,15:31:00,PB,101,"117,8",PEDRAS DE FOGO,Ingestão de álcool pelo condutor,Saída de leito carroçável,Sem Vítimas,Pleno dia,Crescente,Céu Claro,Dupla,Reta,Não,1,0,0,0,1,0,0,1,"-7,41357983","-34,95743528",SPRF-PB,DEL01-PB,UOP02-DEL01-PB
660110.0,2025-02-08,sábado,18:34:00,PB,101,88,JOAO PESSOA,Reação tardia ou ineficiente do condutor,Queda de ocupante de veículo,Com Vítimas Feridas,Plena Noite,Decrescente,Céu Claro,Dupla,Aclive,Sim,1,0,1,0,0,0,1,1,"-7,16470016","-34,89993643",SPRF-PB,DEL01-PB,UOP01-DEL01-PB
660123.0,2025-02-08,sábado,19:15:00,PB,230,152,CAMPINA GRANDE,Animais na Pista,Atropelamento de Animal,Com Vítimas Feridas,Plena Noite,Crescente,Nublado,Simples,Reta,Não,1,0,1,0,0,0,1,1,"-7,2688","-35,8837",SPRF-PB,DEL02-PB,UOP01-DEL02-PB
660163.0,2025-02-08,sábado,19:30:00,PB,230,463,SOUSA,Ingestão de álcool pelo condutor,Colisão traseira,Com Vítimas Fatais,Plena Noite,Decrescente,Céu Claro,Simples,Reta,Não,3,1,0,0,0,2,0,3,"-6,781318","-38,263033",SPRF-PB,DEL03-PB,UOP03-DEL03-PB
660222.0,2025-02-09,domingo,05:40:00,PB,412,43,SAO JOAO DO CARIRI,Ausência de reação do condutor,Saída de leito carroçável,Com Vítimas Feridas,Pleno dia,Crescente,Céu Claro,Simples,Declive;Reta,Não,5,0,1,0,4,0,1,1,"-7,337673","-36,428707",SPRF-PB,DEL02-PB,UOP02-DEL02-PB
660254.0,2025-02-09,domingo,12:01:00,PB,101,25,RIO TINTO,Retorno proibido,Colisão lateral mesmo sentido,Com Vítimas Feridas,Pleno dia,Crescente,Céu Claro,Dupla,Retorno Regulamentado;Reta,Não,2,0,0,1,1,0,1,2,"-6,69578701","-35,1161778",SPRF-PB,DEL01-PB,UOP04-DEL01-PB
660287.0,2025-02-09,domingo,15:32:00,PB,230,97,GURINHEM,Reação tardia ou ineficiente do condutor,Saída de leito carroçável,Com Vítimas Feridas,Pleno dia,Decrescente,Sol,Dupla,Reta,Não,6,0,0,1,5,0,1,3,"-7,1867","-35,4537",SPRF-PB,DEL01-PB,UOP03-DEL01-PB
660298.0,2025-02-09,domingo,16:45:00,PB,230,14,CABEDELO,Ingestão de álcool pelo condutor,Saída de leito carroçável,Com Vítimas Feridas,Pleno dia,Crescente,Céu Claro,Múltipla,Reta,Sim,1,0,1,0,0,0,1,1,"-7,08878739","-34,84822512",SPRF-PB,DEL01-PB,UOP01-DEL01-PB
660302.0,2025-01-16,quinta-feira,20:50:00,PB,230,46,SANTA RITA,Ingestão de álcool pelo condutor,Colisão traseira,Com Vítimas Feridas,Plena Noite,Decrescente,Céu Claro,Dupla,Reta,Não,2,0,0,1,0,1,1,2,"-7,1635","-35,025",SPRF-PB,DEL01-PB,UOP03-DEL01-PB
660322.0,2025-02-09,domingo,18:20:00,PB,230,"308,9",SAO MAMEDE,Demais falhas mecânicas ou elétricas,Queda de ocupante de veículo,Com Vítimas Feridas,Plena Noite,Decrescente,Céu Claro,Simples,Reta,Não,2,0,1,1,0,0,2,1,"-6,9222","-37,052",SPRF-PB,DEL03-PB,UOP01-DEL03-PB
660325.0,2025-02-09,domingo,18:03:00,PB,101,42,MAMANGUAPE,Manobra de mudança de faixa,Colisão lateral mesmo sentido,Com Vítimas Feridas,Plena Noite,Decrescente,Céu Claro,Simples,Curva,Não,2,0,0,1,1,0,1,2,"-6,856615","-35,13444297",SPRF-PB,DEL01-PB,UOP04-DEL01-PB
660440.0,2025-02-10,segunda-feira,05:25:00,PB,101,"72,6",SANTA RITA,Ausência de reação do condutor,Colisão com objeto,Com Vítimas Fatais,Amanhecer,Crescente,Céu Claro,Dupla,Reta,Não,1,1,0,0,0,0,0,1,"-7,07320663","-34,99569975",SPRF-PB,DEL01-PB,UOP04-DEL01-PB
660461.0,2025-02-10,segunda-feira,07:35:00,PB,101,67,SANTA RITA,Condutor Dormindo,Colisão com objeto,Sem Vítimas,Pleno dia,Crescente,Céu Claro,Dupla,Declive,Não,1,0,0,0,1,0,0,1,"-7,05298058","-35,03595029",SPRF-PB,DEL01-PB,UOP04-DEL01-PB
660544.0,2025-02-10,segunda-feira,16:20:00,PB,230,"313,3",SAO MAMEDE,Condutor deixou de manter distância do veículo da frente,Colisão traseira,Com Vítimas Feridas,Pleno dia,Crescente,Céu Claro,Simples,Reta,Não,2,0,1,0,1,0,1,2,"-6,9371","-37,0949",SPRF-PB,DEL03-PB,UOP01-DEL03-PB
660649.0,2025-01-29,quarta-feira,22:00:00,PB,230,"23,7",JOAO PESSOA,Condutor deixou de manter distância do veículo da frente,Colisão traseira,Com Vítimas Feridas,Plena Noite,Crescente,Céu Claro,Simples,Reta,Sim,2,0,1,0,1,0,1,2,"-7,1562","-34,8574",SPRF-PB,DEL01-PB,UOP01-DEL01-PB
660653.0,2025-02-11,terça-feira,06:50:00,PB,230,10,CABEDELO,Ausência de reação do condutor,Tombamento,Com Vítimas Feridas,Amanhecer,Crescente,Ignorado,Dupla,Reta;Em Obras,Sim,2,0,1,1,0,0,2,1,"-7,05366667","-34,85047507",SPRF-PB,DEL01-PB,UOP01-DEL01-PB
660680.0,2025-02-11,terça-feira,09:08:00,PB,230,51,CRUZ DO ESPIRITO SANTO,Condutor deixou de manter distância do veículo da frente,Colisão traseira,Com Vítimas Fatais,Pleno dia,Decrescente,Céu Claro,Dupla,Reta,Não,3,1,0,1,0,1,1,3,"-7,18571649","-35,05496979",SPRF-PB,DEL01-PB,UOP03-DEL01-PB
660706.0,2025-02-11,terça-feira,12:00:00,PB,230,"5,5",CABEDELO,Velocidade Incompatível,Colisão traseira,Sem Vítimas,Pleno dia,Crescente,Céu Claro,Múltipla,Reta,Sim,5,0,0,0,4,1,0,3,"-7,01581577","-34,83388603",SPRF-PB,DEL01-PB,UOP01-DEL01-PB
660718.0,2025-02-11,terça-feira,13:22:00,PB,230,"20,8",JOAO PESSOA,Ausência de reação do condutor,Colisão traseira,Com Vítimas Feridas,Pleno dia,Decrescente,Céu Claro,Dupla,Reta,Sim,6,0,1,0,5,0,1,2,"-7,1337","-34,8544",SPRF-PB,DEL01-PB,UOP01-DEL01-PB
660760.0,2025-02-07,sexta-feira,15:35:00,PB,230,15,JOAO PESSOA,Ausência de reação do condutor,Colisão traseira,Com Vítimas Feridas,Pleno dia,Decrescente,Céu Claro,Dupla,Declive,Sim,3,0,1,0,2,0,1,2,"-7,093","-34,8482",SPRF-PB,DEL01-PB,UOP01-DEL01-PB
660764.0,2025-02-11,terça-feira,12:30:00,PB,104,2,NOVA FLORESTA,Ausência de reação do condutor,Colisão traseira,Com Vítimas Feridas,Pleno dia,Crescente,Sol,Simples,Reta,Sim,5,0,1,3,1,0,4,2,"-6,45169185","-36,20342671",SPRF-PB,DEL02-PB,UOP04-DEL02-PB
660906.0,2025-01-20,segunda-feira,16:45:00,PB,230,502,CAJAZEIRAS,Desrespeitar a preferência no cruzamento,Colisão transversal,Com Vítimas Feridas,Pleno dia,Decrescente,Céu Claro,Simples,Aclive;Rotatória,Não,2,0,0,1,1,0,1,2,"-6,8979","-38,5233",SPRF-PB,DEL03-PB,UOP03-DEL03-PB
660927.0,2025-02-12,quarta-feira,14:06:00,PB,230,26,JOAO PESSOA,Manobra de mudança de faixa,Colisão lateral mesmo sentido,Com Vítimas Feridas,Pleno dia,Crescente,Céu Claro,Dupla,Reta,Não,2,0,0,1,1,0,1,2,"-7,1693","-34,8782",SPRF-PB,DEL01-PB,UOP01-DEL01-PB
660955.0,2025-02-12,quarta-feira,17:10:00,PB,230,"24,5",JOAO PESSOA,Ausência de reação do condutor,Colisão lateral mesmo sentido,Com Vítimas Feridas,Pleno dia,Crescente,Céu Claro,Dupla,Reta,Sim,3,0,1,1,1,0,2,2,"-7,17049827","-34,86920714",SPRF-PB,DEL01-PB,UOP01-DEL01-PB
661013.0,2025-02-12,quarta-feira,22:30:00,PB,230,241,JUAZEIRINHO,Animais na Pista,Atropelamento de Animal,Com Vítimas Feridas,Plena Noite,Decrescente,Céu Claro,Simples,Reta,Não,2,0,0,2,0,0,2,1,"-7,0688","-36,5739",SPRF-PB,DEL02-PB,UOP02-DEL02-PB
661049.0,2025-02-13,quinta-feira,06:30:00,PB,230,25,JOAO PESSOA,Velocidade Incompatível,Colisão com objeto,Com Vítimas Fatais,Pleno dia,Decrescente,Sol,Múltipla,Aclive;Viaduto,Sim,2,1,0,1,0,0,1,1,"-7,169389","-34,874985",SPRF-PB,DEL01-PB,UOP01-DEL01-PB
661068.0,2025-02-13,quinta-feira,08:40:00,PB,230,12,CABEDELO,Acessar a via sem observar a presença dos outros veículos,Colisão lateral mesmo sentido,Sem Vítimas,Pleno dia,Crescente,Céu Claro,Dupla,Reta;Em Obras,Sim,5,0,0,0,5,0,0,2,"-7,068","-34,85",SPRF-PB,DEL01-PB,UOP01-DEL01-PB
661109.0,2025-02-13,quinta-feira,13:05:00,PB,101,"88,2",JOAO PESSOA,Pista Escorregadia,Tombamento,Com Vítimas Feridas,Pleno dia,Crescente,Céu Claro,Simples,Viaduto,Sim,2,0,1,1,0,0,2,1,"-7,16470016","-34,89993643",SPRF-PB,DEL01-PB,UOP01-DEL01-PB
661183.0,2025-02-13,quinta-feira,20:40:00,PB,230,"13,5",CABEDELO,Pedestre cruzava a pista fora da faixa,Atropelamento de Pedestre,Com Vítimas Feridas,Plena Noite,Crescente,Céu Claro,Múltipla,Reta,Sim,3,0,2,1,0,0,3,2,"-7,08624656","-34,84875798",SPRF-PB,DEL01-PB,UOP01-DEL01-PB
661190.0,2025-02-13,quinta-feira,21:10:00,PB,101,89,JOAO PESSOA,Reação tardia ou ineficiente do condutor,Colisão lateral mesmo sentido,Sem Vítimas,Plena Noite,Crescente,Céu Claro,Dupla,Em Obras;Reta,Sim,3,0,0,0,2,1,0,2,"-7,1710694","-34,89765372",SPRF-PB,DEL01-PB,UOP02-DEL01-PB
661341.0,2025-02-14,sexta-feira,17:00:00,PB,230,18,JOAO PESSOA,Reação tardia ou ineficiente do condutor,Colisão traseira,Com Vítimas Feridas,Pleno dia,Decrescente,Céu Claro,Dupla,Reta,Sim,2,0,1,0,1,0,1,2,"-7,1198","-34,8453",SPRF-PB,DEL01-PB,UOP01-DEL01-PB
661344.0,2025-02-14,sexta-feira,17:00:00,PB,230,"157,7",CAMPINA GRANDE,Desrespeitar a preferência no cruzamento,Colisão transversal,Com Vítimas Feridas,Pleno dia,Decrescente,Nublado,Simples,Interseção de Vias,Sim,3,0,1,1,1,0,2,2,"-7,264","-35,9199",SPRF-PB,DEL02-PB,UOP01-DEL02-PB
661349.0,2025-02-02,domingo,10:40:00,PB,230,14,CABEDELO,Manobra de mudança de faixa,Colisão lateral mesmo sentido,Com Vítimas Feridas,Pleno dia,Crescente,Céu Claro,Dupla,Reta,Sim,2,0,1,0,0,1,1,2,"-7,08771206","-34,84862208",SPRF-PB,DEL01-PB,UOP01-DEL01-PB
661367.0,2025-02-14,sexta-feira,19:05:00,PB,101,26,RIO TINTO,Reação tardia ou ineficiente do condutor,Queda de ocupante de veículo,Com Vítimas Feridas,Plena Noite,Decrescente,Céu Claro,Dupla,Reta;Em Obras,Não,1,0,0,1,0,0,1,1,"-6,69006397","-35,11528625",SPRF-PB,DEL01-PB,UOP04-DEL01-PB
661376.0,2025-02-14,sexta-feira,17:50:00,PB,230,"251,2",JUAZEIRINHO,Condutor deixou de manter distância do veículo da frente,Colisão traseira,Sem Vítimas,Anoitecer,Crescente,Nublado,Simples,Reta;Interseção de Vias,Não,6,0,0,0,6,0,0,2,"-7,06008","-36,651417",SPRF-PB,DEL03-PB,UOP01-DEL03-PB
661479.0,2025-02-15,sábado,06:00:00,PB,230,"23,9",JOAO PESSOA,Ingestão de álcool pelo condutor,Colisão com objeto,Sem Vítimas,Pleno dia,Crescente,Céu Claro,Dupla,Em Obras;Viaduto;Desvio Temporário,Sim,1,0,0,0,1,0,0,1,"-7,16611942","-34,86348152",SPRF-PB,DEL01-PB,UOP01-DEL01-PB
661510.0,2025-02-15,sábado,10:23:00,PB,104,"131,4",QUEIMADAS,Acessar a via sem observar a presença dos outros veículos,Colisão lateral mesmo sentido,Com Vítimas Feridas,Pleno dia,Crescente,Céu Claro,Simples,Rotatória,Não,2,0,1,0,1,0,1,2,"-7,29900408","-35,89187256",SPRF-PB,DEL02-PB,UOP03-DEL02-PB
661587.0,2025-02-15,sábado,18:00:00,PB,230,21,JOAO PESSOA,Ausência de reação do condutor,Queda de ocupante de veículo,Com Vítimas Feridas,Plena Noite,Crescente,Céu Claro,Dupla,Reta,Sim,1,0,1,0,0,0,1,1,"-7,1415","-34,8519",SPRF-PB,DEL01-PB,UOP01-DEL01-PB
661622.0,2025-02-15,sábado,20:00:00,PB,361,78,PIANCO,Transitar na contramão,Colisão frontal,Com Vítimas Fatais,Plena Noite,Crescente,Céu Claro,Simples,Reta,Não,2,2,0,0,0,0,0,2,"-7,18552414","-37,877191",SPRF-PB,DEL03-PB,UOP01-DEL03-PB
661783.0,2025-02-16,domingo,12:30:00,PB,412,"144,9",MONTEIRO,Ausência de reação do condutor,Colisão traseira,Com Vítimas Feridas,Pleno dia,Crescente,Céu Claro,Simples,Reta,Sim,3,0,0,3,0,0,3,2,"-7,898005","-37,11667",SPRF-PB,DEL02-PB,UOP02-DEL02-PB
661812.0,2025-02-16,domingo,19:45:00,PB,104,"113,9",LAGOA SECA,Reação tardia ou ineficiente do condutor,Atropelamento de Pedestre,Com Vítimas Feridas,Plena Noite,Decrescente,Céu Claro,Simples,Reta;Interseção de Vias,Sim,2,0,0,1,0,1,1,2,"-7,172018","-35,85983397",SPRF-PB,DEL02-PB,UOP04-DEL02-PB
661897.0,2025-02-17,segunda-feira,06:30:00,PB,101,"89,4",JOAO PESSOA,Manobra de mudança de faixa,Colisão lateral mesmo sentido,Com Vítimas Feridas,Pleno dia,Crescente,Céu Claro,Dupla,Retorno Regulamentado,Sim,2,0,1,0,1,0,1,2,"-7,1710694","-34,89765372",SPRF-PB,DEL01-PB,UOP02-DEL01-PB
661904.0,2025-02-17,segunda-feira,07:20:00,PB,230,"27,4",JOAO PESSOA,Ausência de reação do condutor,Colisão traseira,Sem Vítimas,Pleno dia,Crescente,Céu Claro,Dupla,Reta,Não,2,0,0,0,2,0,0,2,"-7,1677","-34,8855",SPRF-PB,DEL01-PB,UOP01-DEL01-PB
661958.0,2025-02-17,segunda-feira,10:35:00,PB,230,22,JOAO PESSOA,Condutor deixou de manter distância do veículo da frente,Colisão traseira,Com Vítimas Feridas,Pleno dia,Decrescente,Céu Claro,Dupla,Reta,Sim,3,0,2,0,1,0,2,2,"-7,1495","-34,8517",SPRF-PB,DEL01-PB,UOP01-DEL01-PB
662207.0,2025-02-18,terça-feira,16:00:00,PB,101,88,JOAO PESSOA,Acumulo de areia ou detritos sobre o pavimento,Tombamento,Com Vítimas Feridas,Pleno dia,Decrescente,Céu Claro,Dupla,Curva,Sim,1,0,1,0,0,0,1,1,"-7,16470016","-34,89993643",SPRF-PB,DEL01-PB,UOP01-DEL01-PB
662233.0,2025-02-18,terça-feira,18:35:00,PB,230,"1,7",CABEDELO,Ausência de reação do condutor,Tombamento,Com Vítimas Feridas,Plena Noite,Decrescente,Céu Claro,Simples,Reta,Sim,2,0,1,0,0,1,1,1,"-6,9753","-34,8318",SPRF-PB,DEL01-PB,UOP01-DEL01-PB
662276.0,2025-02-18,terça-feira,22:40:00,PB,230,"24,2",JOAO PESSOA,Pista esburacada,Queda de ocupante de veículo,Com Vítimas Feridas,Plena Noite,Crescente,Céu Claro,Dupla,Viaduto;Reta,Sim,1,0,1,0,0,0,1,1,"-7,1637","-34,8618",SPRF-PB,DEL01-PB,UOP01-DEL01-PB
662297.0,2025-02-07,sexta-feira,08:50:00,PB,230,12,CABEDELO,Ausência de reação do condutor,Colisão traseira,Sem Vítimas,Pleno dia,Decrescente,Céu Claro,Dupla,Reta,Sim,2,0,0,0,2,0,0,2,"-7,068","-34,85",SPRF-PB,DEL01-PB,UOP01-DEL01-PB
662476.0,2025-02-20,quinta-feira,06:00:00,PB,101,88,JOAO PESSOA,Estacionar ou parar em local proibido,Colisão traseira,Com Vítimas Feridas,Pleno dia,Crescente,Céu Claro,Dupla,Reta;Viaduto,Sim,2,0,1,0,1,0,1,2,"-7,16470016","-34,89993643",SPRF-PB,DEL01-PB,UOP01-DEL01-PB
662505.0,2025-02-02,domingo,03:40:00,PB,230,"157,3",CAMPINA GRANDE,Animais na Pista,Atropelamento de Animal,Com Vítimas Feridas,Plena Noite,Decrescente,Nublado,Simples,Reta;Declive,Sim,1,0,1,0,0,0,1,1,"-7,264","-35,9199",SPRF-PB,DEL02-PB,UOP01-DEL02-PB
662517.0,2025-02-20,quinta-feira,09:20:00,PB,101,28,RIO TINTO,Reação tardia ou ineficiente do condutor,Saída de leito carroçável,Com Vítimas Feridas,Pleno dia,Decrescente,Céu Claro,Dupla,Em Obras;Reta,Não,2,0,1,0,1,0,1,1,"-6,73315199","-35,12593202",SPRF-PB,DEL01-PB,UOP04-DEL01-PB
662528.0,2025-02-20,quinta-feira,09:15:00,PB,230,10,CABEDELO,Demais falhas mecânicas ou elétricas,Queda de ocupante de veículo,Com Vítimas Feridas,Pleno dia,Decrescente,Céu Claro,Dupla,Reta;Em Obras,Sim,1,0,1,0,0,0,1,1,"-7,0514","-34,8499",SPRF-PB,DEL01-PB,UOP01-DEL01-PB
662536.0,2025-02-20,quinta-feira,10:50:00,PB,230,"22,5",JOAO PESSOA,Ausência de reação do condutor,Colisão traseira,Com Vítimas Feridas,Pleno dia,Decrescente,Sol,Dupla,Reta,Sim,3,0,2,0,1,0,2,2,"-7,15313607","-34,85464811",SPRF-PB,DEL01-PB,UOP01-DEL01-PB
662583.0,2025-02-20,quinta-feira,16:40:00,PB,101,"40,9",MAMANGUAPE,Entrada inopinada do pedestre,Atropelamento de Pedestre,Com Vítimas Feridas,Pleno dia,Crescente,Céu Claro,Dupla,Reta,Sim,5,0,0,1,4,0,1,2,"-6,838737","-35,13633",SPRF-PB,DEL01-PB,UOP04-DEL01-PB
662609.0,2025-02-20,quinta-feira,20:15:00,PB,101,"54,8",SANTA RITA,Ausência de reação do condutor,Colisão com objeto,Com Vítimas Feridas,Plena Noite,Crescente,Céu Claro,Dupla,Reta,Não,1,0,1,0,0,0,1,1,"-6,95396379","-35,09058058",SPRF-PB,DEL01-PB,UOP04-DEL01-PB
662622.0,2025-02-20,quinta-feira,10:30:00,PB,230,"27,7",JOAO PESSOA,Velocidade Incompatível,Tombamento,Com Vítimas Feridas,Pleno dia,Crescente,Céu Claro,Simples,Curva,Não,1,0,1,0,0,0,1,1,"-7,16522213","-34,89490986",SPRF-PB,DEL01-PB,UOP01-DEL01-PB
662665.0,2025-02-21,sexta-feira,07:15:00,PB,230,394,SAO BENTINHO,Mal súbito do condutor,Saída de leito carroçável,Com Vítimas Feridas,Pleno dia,Crescente,Céu Claro,Simples,Reta,Não,1,0,1,0,0,0,1,1,"-6,865531","-37,736478",SPRF-PB,DEL03-PB,UOP02-DEL03-PB
662861.0,2025-02-22,sábado,07:00:00,PB,0,0,CAMPINA GRANDE,Acessar a via sem observar a presença dos outros veículos,Colisão transversal,Com Vítimas Feridas,Pleno dia,Não Informado,Céu Claro,Dupla,Curva;Rotatória;Declive,Não,2,0,1,0,1,0,1,2,"-7,281938","-35,769403",SPRF-PB,DEL02-PB,UOP01-DEL02-PB
662924.0,2025-02-22,sábado,13:20:00,PB,101,58,SANTA RITA,Demais falhas mecânicas ou elétricas,Incêndio,Sem Vítimas,Pleno dia,Decrescente,Céu Claro,Dupla,Reta,Não,1,0,0,0,1,0,0,1,"-6,981938","-35,075374",SPRF-PB,DEL01-PB,UOP04-DEL01-PB
662932.0,2025-02-22,sábado,13:59:00,PB,101,"88,3",JOAO PESSOA,Acumulo de areia ou detritos sobre o pavimento,Colisão com objeto,Com Vítimas Feridas,Pleno dia,Decrescente,Sol,Simples,Curva;Viaduto,Não,2,0,1,1,0,0,2,1,"-7,16444814","-34,89549637",SPRF-PB,DEL01-PB,UOP01-DEL01-PB
662951.0,2025-02-22,sábado,16:02:00,PB,230,20,JOAO PESSOA,Reação tardia ou ineficiente do condutor,Tombamento,Com Vítimas Feridas,Pleno dia,Crescente,Céu Claro,Dupla,Reta,Sim,2,0,2,0,0,0,2,1,"-7,15698589","-34,83816147",SPRF-PB,DEL01-PB,UOP01-DEL01-PB
662955.0,2025-02-22,sábado,15:49:00,PB,101,"65,8",SANTA RITA,Avarias e/ou desgaste excessivo no pneu,Queda de ocupante de veículo,Com Vítimas Feridas,Pleno dia,Crescente,Céu Claro,Dupla,Reta,Não,2,0,1,1,0,0,2,1,"-7,046698","-35,045518",SPRF-PB,DEL01-PB,UOP04-DEL01-PB
662993.0,2025-02-22,sábado,19:00:00,PB,230,"372,9",CONDADO,Ingestão de álcool pelo condutor,Saída de leito carroçável,Sem Vítimas,Plena Noite,Crescente,Céu Claro,Simples,Reta,Não,1,0,0,0,0,1,0,1,"-6,906968","-37,574453",SPRF-PB,DEL03-PB,UOP02-DEL03-PB
663006.0,2025-02-22,sábado,20:03:00,PB,101,"86,7",JOAO PESSOA,Entrada inopinada do pedestre,Atropelamento de Pedestre,Com Vítimas Feridas,Plena Noite,Decrescente,Nublado,Dupla,Reta,Sim,2,0,1,0,1,0,1,2,"-7,15875998","-34,90625739",SPRF-PB,DEL01-PB,UOP01-DEL01-PB
663027.0,2025-02-22,sábado,22:15:00,PB,101,85,BAYEUX,Demais falhas mecânicas ou elétricas,Tombamento,Com Vítimas Feridas,Plena Noite,Crescente,Céu Claro,Dupla,Reta,Sim,2,0,2,0,0,0,2,1,"-7,148652","-34,912924",SPRF-PB,DEL01-PB,UOP01-DEL01-PB
663056.0,2025-02-23,domingo,00:54:00,PB,101,"27,8",JOAO PESSOA,Ausência de reação do condutor,Tombamento,Com Vítimas Feridas,Plena Noite,Decrescente,Garoa/Chuvisco,Dupla,Declive;Reta,Sim,1,0,0,1,0,0,1,1,"-7,16561","-34,8955",SPRF-PB,DEL01-PB,UOP04-DEL01-PB
663065.0,2025-02-23,domingo,00:45:00,PB,104,119,CAMPINA GRANDE,Animais na Pista,Atropelamento de Animal,Com Vítimas Feridas,Plena Noite,Crescente,Céu Claro,Simples,Reta;Aclive,Sim,1,0,0,1,0,0,1,1,"-7,19738723","-35,87712765",SPRF-PB,DEL02-PB,UOP04-DEL02-PB
663110.0,2025-02-23,domingo,05:50:00,PB,104,"118,5",CAMPINA GRANDE,Manobra de mudança de faixa,Colisão lateral mesmo sentido,Com Vítimas Feridas,Amanhecer,Crescente,Céu Claro,Simples,Reta;Viaduto,Não,4,0,1,0,2,1,1,3,"-7,195301","-35,874288",SPRF-PB,DEL02-PB,UOP04-DEL02-PB
663125.0,2025-02-23,domingo,07:15:00,PB,230,"25,7",JOAO PESSOA,Condutor deixou de manter distância do veículo da frente,Colisão traseira,Com Vítimas Feridas,Pleno dia,Crescente,Céu Claro,Dupla,Reta,Sim,2,0,1,0,0,1,1,2,"-7,169276","-34,877649",SPRF-PB,DEL01-PB,UOP01-DEL01-PB