id,data_inversa,dia_semana,horario,uf,br,km,municipio,causa_acidente,tipo_acidente,classificacao_acidente,fase_dia,sentido_via,condicao_metereologica,tipo_pista,tracado_via,uso_solo,pessoas,mortos,feridos_leves,feridos_graves,ilesos,ignorados,feridos,veiculos,latitude,longitude,regional,delegacia,uop
663129.0,2025-02-23,domingo,08:10:00,PB,230,"52,4",CRUZ DO ESPIRITO SANTO,Manobra de mudança de faixa,Colisão traseira,Com Vítimas Feridas,Pleno dia,Crescente,Céu Claro,Dupla,Reta,Não,2,0,1,0,0,1,1,2,"-7,198867","-35,074075",SPRF-PB,DEL01-PB,UOP03-DEL01-PB
663173.0,2025-02-23,domingo,15:00:00,PB,101,90,JOAO PESSOA,Ausência de reação do condutor,Atropelamento de Pedestre,Com Vítimas Feridas,Pleno dia,Decrescente,Céu Claro,Dupla,Reta,Sim,3,0,2,0,0,1,2,2,"-7,18076","-34,900398",SPRF-PB,DEL01-PB,UOP02-DEL01-PB
663226.0,2025-02-23,domingo,17:46:00,PB,230,"239,7",JUAZEIRINHO,Ultrapassagem Indevida,Colisão frontal,Com Vítimas Feridas,Plena Noite,Crescente,Céu Claro,Simples,Reta,Sim,2,0,0,1,1,0,1,2,"-7,06964533","-36,58629656",SPRF-PB,DEL02-PB,UOP02-DEL02-PB
663317.0,2025-02-24,segunda-feira,06:00:00,PB,230,81,CALDAS BRANDAO,Ausência de reação do condutor,Colisão traseira,Com Vítimas Feridas,Pleno dia,Decrescente,Céu Claro,Dupla,Reta,Sim,2,0,0,1,1,0,1,2,"-7,172687","-35,335247",SPRF-PB,DEL01-PB,UOP03-DEL01-PB
663423.0,2025-02-24,segunda-feira,15:15:00,PB,230,"23,2",JOAO PESSOA,Condutor deixou de manter distância do veículo da frente,Colisão traseira,Com Vítimas Feridas,Pleno dia,Decrescente,Sol,Dupla,Reta,Sim,3,0,1,1,1,0,2,2,"-7,1692384","-34,87854481",SPRF-PB,DEL01-PB,UOP01-DEL01-PB
663581.0,2025-02-25,terça-feira,09:48:00,PB,230,27,JOAO PESSOA,Ausência de reação do condutor,Colisão com objeto,Com Vítimas Feridas,Pleno dia,Crescente,Sol,Múltipla,Viaduto,Sim,1,0,1,0,0,0,1,1,"-7,166","-34,897",SPRF-PB,DEL01-PB,UOP01-DEL01-PB
663629.0,2025-02-25,terça-feira,15:27:00,PB,101,"63,6",SANTA RITA,Reação tardia ou ineficiente do condutor,Colisão com objeto,Com Vítimas Feridas,Pleno dia,Crescente,Céu Claro,Dupla,Reta,Não,2,0,2,0,0,0,2,1,"-7,0510397","-35,0376118",SPRF-PB,DEL01-PB,UOP04-DEL01-PB
663648.0,2025-02-25,terça-feira,16:50:00,PB,230,"19,9",JOAO PESSOA,Condutor deixou de manter distância do veículo da frente,Colisão traseira,Com Vítimas Feridas,Anoitecer,Crescente,Céu Claro,Dupla,Aclive;Reta,Sim,4,0,1,0,2,1,1,3,"-7,13531743","-34,85465527",SPRF-PB,DEL01-PB,UOP01-DEL01-PB
663684.0,2025-02-25,terça-feira,16:50:00,PB,412,144,MONTEIRO,Reação tardia ou ineficiente do condutor,Colisão traseira,Com Vítimas Feridas,Pleno dia,Decrescente,Ignorado,Simples,Reta,Sim,2,0,0,2,0,0,2,2,"-7,891974","-37,111462",SPRF-PB,DEL02-PB,UOP02-DEL02-PB
663698.0,2025-02-25,terça-feira,19:45:00,PB,230,6,CABEDELO,Velocidade Incompatível,Colisão traseira,Com Vítimas Feridas,Plena Noite,Decrescente,Céu Claro,Dupla,Em Obras;Reta,Sim,2,0,1,0,0,1,1,2,"-7,0242302","-34,8378828",SPRF-PB,DEL01-PB,UOP01-DEL01-PB
663711.0,2025-02-25,terça-feira,21:00:00,PB,104,"131,6",QUEIMADAS,Acessar a via sem observar a presença dos outros veículos,Colisão transversal,Com Vítimas Feridas,Plena Noite,Crescente,Céu Claro,Simples,Reta,Sim,2,0,2,0,0,0,2,2,"-7,289778","-35,890323",SPRF-PB,DEL02-PB,UOP03-DEL02-PB
663826.0,2025-02-09,domingo,11:25:00,PB,230,"157,4",CAMPINA GRANDE,Acessar a via sem observar a presença dos outros veículos,Colisão transversal,Com Vítimas Feridas,Pleno dia,Crescente,Céu Claro,Simples,Interseção de Vias,Sim,2,0,0,1,1,0,1,2,"-7,264","-35,9199",SPRF-PB,DEL02-PB,UOP01-DEL02-PB
663843.0,2025-02-26,quarta-feira,16:10:00,PB,230,168,CAMPINA GRANDE,Condutor deixou de manter distância do veículo da frente,Colisão traseira,Com Vítimas Feridas,Pleno dia,Crescente,Céu Claro,Simples,Reta,Não,4,0,1,0,3,0,1,4,"-7,185912","-35,973255",SPRF-PB,DEL02-PB,UOP02-DEL02-PB
663941.0,2025-02-27,quinta-feira,06:35:00,PB,104,"152,6",CAMPINA GRANDE,Acumulo de areia ou detritos sobre o pavimento,Tombamento,Com Vítimas Feridas,Pleno dia,Crescente,Sol,Simples,Reta;Em Obras,Não,2,0,2,0,0,0,2,1,"-7,258112","-35,8907904",SPRF-PB,DEL02-PB,UOP03-DEL02-PB
663949.0,2025-02-26,quarta-feira,14:45:00,PB,230,158,CAMPINA GRANDE,Acessar a via sem observar a presença dos outros veículos,Colisão transversal,Com Vítimas Feridas,Pleno dia,Crescente,Céu Claro,Simples,Reta,Sim,2,0,1,0,1,0,1,2,"-7,256897","-35,928168",SPRF-PB,DEL02-PB,UOP01-DEL02-PB
664134.0,2025-02-28,sexta-feira,03:20:00,PB,230,87,GURINHEM,Ausência de reação do condutor,Tombamento,Sem Vítimas,Plena Noite,Decrescente,Chuva,Dupla,Reta,Não,1,0,0,0,0,1,0,1,"-7,17114068","-35,38394272",SPRF-PB,DEL01-PB,UOP03-DEL01-PB
664183.0,2025-02-28,sexta-feira,10:00:00,PB,230,"12,9",CABEDELO,Reação tardia ou ineficiente do condutor,Tombamento,Com Vítimas Feridas,Pleno dia,Decrescente,Céu Claro,Dupla,Reta,Sim,2,0,2,0,0,0,2,1,"-7,08252","-34,84887",SPRF-PB,DEL01-PB,UOP01-DEL01-PB
664237.0,2025-02-28,sexta-feira,13:53:00,PB,101,"122,9",PEDRAS DE FOGO,Reação tardia ou ineficiente do condutor,Colisão traseira,Com Vítimas Feridas,Pleno dia,Crescente,Chuva,Dupla,Curva;Declive,Não,4,0,3,0,1,0,3,2,"-7,49455803","-34,98390198",SPRF-PB,DEL01-PB,UOP02-DEL01-PB
664261.0,2025-02-28,sexta-feira,14:50:00,PB,230,"176,9",POCINHOS,Ausência de reação do condutor,Engavetamento,Com Vítimas Feridas,Pleno dia,Decrescente,Céu Claro,Simples,Reta,Não,3,0,1,0,2,0,1,3,"-7,16983","-36,038353",SPRF-PB,DEL02-PB,UOP02-DEL02-PB
664263.0,2025-02-28,sexta-feira,14:00:00,PB,230,176,CAMPINA GRANDE,Ausência de reação do condutor,Colisão com objeto,Com Vítimas Feridas,Pleno dia,Crescente,Céu Claro,Simples,Reta;Ponte,Não,2,0,2,0,0,0,2,1,"-7,17369972","-36,03264213",SPRF-PB,DEL02-PB,UOP02-DEL02-PB
664297.0,2025-02-28,sexta-feira,18:05:00,PB,230,"3,7",CABEDELO,Reação tardia ou ineficiente do condutor,Saída de leito carroçável,Sem Vítimas,Plena Noite,Crescente,Céu Claro,Múltipla,Interseção de Vias;Viaduto;Em Obras,Sim,1,0,0,0,0,1,0,1,"-7,00511085","-34,82922077",SPRF-PB,DEL01-PB,UOP01-DEL01-PB
664317.0,2025-02-28,sexta-feira,20:24:00,PB,101,"83,7",BAYEUX,Condutor deixou de manter distância do veículo da frente,Engavetamento,Sem Vítimas,Plena Noite,Crescente,Céu Claro,Dupla,Reta,Não,3,0,0,0,3,0,0,3,"-7,137","-34,926",SPRF-PB,DEL01-PB,UOP01-DEL01-PB
664395.0,2025-03-01,sábado,04:10:00,PB,101,"85,6",JOAO PESSOA,Condutor Dormindo,Saída de leito carroçável,Com Vítimas Feridas,Plena Noite,Decrescente,Chuva,Múltipla,Reta,Sim,2,0,1,1,0,0,2,1,"-7,1443577","-34,91792026",SPRF-PB,DEL01-PB,UOP01-DEL01-PB
664447.0,2025-03-01,sábado,04:40:00,PB,412,77,SERRA BRANCA,Condutor Dormindo,Saída de leito carroçável,Com Vítimas Feridas,Pleno dia,Decrescente,Céu Claro,Simples,Curva,Não,1,0,1,0,0,0,1,1,"-7,49164","-36,674842",SPRF-PB,DEL02-PB,UOP02-DEL02-PB
664467.0,2025-03-01,sábado,07:30:00,PB,101,"124,1",CAAPORA,Reação tardia ou ineficiente do condutor,Saída de leito carroçável,Sem Vítimas,Pleno dia,Crescente,Céu Claro,Dupla,Aclive;Curva,Não,1,0,0,0,1,0,0,1,"-7,469375","-34,977018",SPRF-PB,DEL01-PB,UOP02-DEL01-PB
664482.0,2025-03-01,sábado,11:05:00,PB,101,"101,3",ALHANDRA,Velocidade Incompatível,Colisão traseira,Com Vítimas Feridas,Pleno dia,Decrescente,Céu Claro,Dupla,Reta,Não,2,0,1,0,1,0,1,2,"-7,28019965","-34,93890915",SPRF-PB,DEL01-PB,UOP02-DEL01-PB
664541.0,2025-03-01,sábado,15:40:00,PB,230,"11,2",CABEDELO,Ausência de reação do condutor,Colisão traseira,Com Vítimas Feridas,Pleno dia,Decrescente,Céu Claro,Dupla,Reta,Não,2,0,0,1,1,0,1,2,"-7,07307","-34,849432",SPRF-PB,DEL01-PB,UOP01-DEL01-PB
664545.0,2025-03-01,sábado,06:30:00,PB,230,484,SAO JOAO DO RIO DO PEIXE,Ausência de reação do condutor,Saída de leito carroçável,Sem Vítimas,Pleno dia,Crescente,Nublado,Simples,Reta,Não,1,0,0,0,0,1,0,1,"-6,8677","-38,385745",SPRF-PB,DEL03-PB,UOP03-DEL03-PB
664569.0,2025-03-01,sábado,18:50:00,PB,230,"0,9",CABEDELO,Reação tardia ou ineficiente do condutor,Colisão traseira,Com Vítimas Feridas,Plena Noite,Crescente,Céu Claro,Simples,Reta,Sim,2,0,1,0,1,0,1,2,"-6,9755552","-34,83170271",SPRF-PB,DEL01-PB,UOP01-DEL01-PB
664595.0,2025-03-01,sábado,21:15:00,PB,230,85,BAYEUX,Demais falhas mecânicas ou elétricas,Tombamento,Com Vítimas Feridas,Plena Noite,Crescente,Chuva,Dupla,Reta,Não,2,0,2,0,0,0,2,1,"-7,149137","-34,912364",SPRF-PB,DEL01-PB,UOP03-DEL01-PB
664642.0,2025-03-02,domingo,01:20:00,PB,101,"17,1",MAMANGUAPE,Transitar na contramão,Colisão frontal,Com Vítimas Feridas,Plena Noite,Decrescente,Nublado,Dupla,Aclive,Não,2,0,0,1,1,0,1,2,"-6,64031051","-35,12294769",SPRF-PB,DEL01-PB,UOP04-DEL01-PB
664757.0,2025-03-02,domingo,14:45:00,PB,230,"158,1",CAMPINA GRANDE,Acessar a via sem observar a presença dos outros veículos,Colisão transversal,Com Vítimas Fatais,Pleno dia,Crescente,Sol,Simples,Reta,Sim,2,1,0,0,1,0,0,2,"-7,257007","-35,9279",SPRF-PB,DEL02-PB,UOP01-DEL02-PB
664875.0,2025-03-03,segunda-feira,00:10:00,PB,230,36,SANTA RITA,Reação tardia ou ineficiente do condutor,Queda de ocupante de veículo,Com Vítimas Feridas,Plena Noite,Decrescente,Céu Claro,Dupla,Reta,Sim,1,0,1,0,0,0,1,1,"-7,12682","-34,949928",SPRF-PB,DEL01-PB,UOP03-DEL01-PB
665011.0,2025-03-03,segunda-feira,18:20:00,PB,230,300,SANTA LUZIA,Animais na Pista,Atropelamento de Animal,Com Vítimas Feridas,Plena Noite,Decrescente,Céu Claro,Simples,Reta,Não,1,0,1,0,0,0,1,1,"-6,90942","-37,007325",SPRF-PB,DEL03-PB,UOP01-DEL03-PB
665018.0,2025-03-03,segunda-feira,16:30:00,PB,230,448,APARECIDA,Animais na Pista,Atropelamento de Animal,Com Vítimas Feridas,Pleno dia,Crescente,Céu Claro,Simples,Curva,Não,1,0,0,1,0,0,1,1,"-6,783998","-38,094944",SPRF-PB,DEL03-PB,UOP03-DEL03-PB
665043.0,2025-03-03,segunda-feira,23:00:00,PB,230,331,PATOS,Ingestão de álcool pelo condutor,Saída de leito carroçável,Com Vítimas Feridas,Plena Noite,Decrescente,Céu Claro,Simples,Aclive;Curva,Não,1,0,1,0,0,0,1,1,"-7,018178","-37,226487",SPRF-PB,DEL03-PB,UOP01-DEL03-PB
665044.0,2025-03-03,segunda-feira,22:20:00,PB,230,156,CAMPINA GRANDE,Acessar a via sem observar a presença dos outros veículos,Colisão traseira,Com Vítimas Feridas,Plena Noite,Crescente,Céu Claro,Simples,Reta,Sim,2,0,2,0,0,0,2,2,"-7,272037","-35,910637",SPRF-PB,DEL02-PB,UOP01-DEL02-PB
665096.0,2025-03-04,terça-feira,09:15:00,PB,230,119,RIACHAO DO BACAMARTE,Reação tardia ou ineficiente do condutor,Saída de leito carroçável,Com Vítimas Feridas,Pleno dia,Crescente,Sol,Dupla,Reta,Não,1,0,1,0,0,0,1,1,"-7,243405","-35,638282",SPRF-PB,DEL02-PB,UOP01-DEL02-PB
665169.0,2025-03-04,terça-feira,17:35:00,PB,230,68,SOBRADO,Condutor deixou de manter distância do veículo da frente,Colisão traseira,Sem Vítimas,Anoitecer,Crescente,Céu Claro,Dupla,Reta,Não,3,0,0,0,3,0,0,3,"-7,191019","-35,220661",SPRF-PB,DEL01-PB,UOP03-DEL01-PB
665192.0,2025-03-04,terça-feira,19:11:00,PB,230,"403,8",POMBAL,Condutor desrespeitou a iluminação vermelha do semáforo,Colisão transversal,Com Vítimas Feridas,Plena Noite,Crescente,Nublado,Simples,Reta,Sim,2,0,1,0,1,0,1,2,"-6,77206954","-37,79790044",SPRF-PB,DEL03-PB,UOP02-DEL03-PB
665198.0,2025-03-04,terça-feira,17:30:00,PB,230,"130,3",CAMPINA GRANDE,Ausência de reação do condutor,Colisão traseira,Com Vítimas Feridas,Anoitecer,Crescente,Céu Claro,Dupla,Interseção de Vias;Em Obras;Viaduto;Reta,Sim,2,0,1,0,0,1,1,2,"-7,276343","-35,888662",SPRF-PB,DEL02-PB,UOP01-DEL02-PB
665233.0,2025-03-04,terça-feira,23:23:00,PB,230,58,CRUZ DO ESPIRITO SANTO,Transtornos Mentais (exceto suicidio),Queda de ocupante de veículo,Com Vítimas Feridas,Plena Noite,Decrescente,Céu Claro,Dupla,Declive;Ponte,Não,2,0,2,0,0,0,2,1,"-7,20383934","-35,12264633",SPRF-PB,DEL01-PB,UOP03-DEL01-PB
665256.0,2025-03-05,quarta-feira,07:10:00,PB,230,28,JOAO PESSOA,Acessar a via sem observar a presença dos outros veículos,Tombamento,Com Vítimas Feridas,Pleno dia,Crescente,Céu Claro,Simples,Viaduto,Sim,1,0,1,0,0,0,1,1,"-7,16511523","-34,89493071",SPRF-PB,DEL01-PB,UOP01-DEL01-PB
665273.0,2025-03-05,quarta-feira,08:45:00,PB,230,25,JOAO PESSOA,Reação tardia ou ineficiente do condutor,Colisão lateral mesmo sentido,Com Vítimas Feridas,Pleno dia,Decrescente,Céu Claro,Simples,Desvio Temporário;Em Obras,Sim,3,0,2,0,1,0,2,2,"-7,170906","-34,868415",SPRF-PB,DEL01-PB,UOP01-DEL01-PB
665306.0,2025-03-05,quarta-feira,11:38:00,PB,101,81,BAYEUX,Trafegar com motocicleta (ou similar) entre as faixas,Colisão traseira,Com Vítimas Feridas,Pleno dia,Crescente,Céu Claro,Dupla,Reta,Sim,3,0,2,0,1,0,2,2,"-7,1279076","-34,93930674",SPRF-PB,DEL01-PB,UOP01-DEL01-PB
665344.0,2025-02-09,domingo,21:28:00,PB,101,38,MAMANGUAPE,Animais na Pista,Atropelamento de Animal,Com Vítimas Feridas,Plena Noite,Crescente,Céu Claro,Dupla,Reta,Sim,1,0,0,1,0,0,1,1,"-6,82073498","-35,13858694",SPRF-PB,DEL01-PB,UOP04-DEL01-PB
665352.0,2025-03-05,quarta-feira,16:50:00,PB,101,83,BAYEUX,Reação tardia ou ineficiente do condutor,Engavetamento,Com Vítimas Feridas,Pleno dia,Decrescente,Céu Claro,Dupla,Reta,Sim,3,0,1,0,2,0,1,3,"-7,138758","-34,923892",SPRF-PB,DEL01-PB,UOP01-DEL01-PB
665373.0,2025-03-05,quarta-feira,19:00:00,PB,230,"151,2",CAMPINA GRANDE,Animais na Pista,Atropelamento de Animal,Com Vítimas Feridas,Plena Noite,Crescente,Céu Claro,Simples,Reta;Aclive,Sim,2,0,1,0,0,1,1,2,"-7,261482","-35,879991",SPRF-PB,DEL02-PB,UOP01-DEL02-PB
665409.0,2025-03-05,quarta-feira,21:48:00,PB,101,18,RIO TINTO,Demais falhas mecânicas ou elétricas,Colisão com objeto,Com Vítimas Feridas,Plena Noite,Decrescente,Céu Claro,Dupla,Reta,Não,2,0,2,0,0,0,2,1,"-6,64977425","-35,12075257",SPRF-PB,DEL01-PB,UOP04-DEL01-PB
665461.0,2025-03-06,quinta-feira,08:57:00,PB,230,"17,7",JOAO PESSOA,Ausência de reação do condutor,Colisão traseira,Com Vítimas Feridas,Pleno dia,Decrescente,Céu Claro,Dupla,Reta,Sim,2,0,1,0,1,0,1,2,"-7,121535","-34,845435",SPRF-PB,DEL01-PB,UOP01-DEL01-PB
665471.0,2025-03-06,quinta-feira,06:50:00,PB,361,"47,9",CATINGUEIRA,Reação tardia ou ineficiente do condutor,Colisão frontal,Com Vítimas Feridas,Pleno dia,Decrescente,Céu Claro,Simples,Reta,Não,2,0,2,0,0,0,2,2,"-7,148692","-37,635008",SPRF-PB,DEL03-PB,UOP01-DEL03-PB
665485.0,2025-03-06,quinta-feira,10:30:00,PB,101,90,JOAO PESSOA,Manobra de mudança de faixa,Colisão lateral mesmo sentido,Com Vítimas Feridas,Pleno dia,Crescente,Céu Claro,Dupla,Reta,Não,3,0,1,0,1,1,1,2,"-7,181343","-34,900472",SPRF-PB,DEL01-PB,UOP02-DEL01-PB
665523.0,2025-01-10,sexta-feira,22:40:00,PB,230,28,JOAO PESSOA,Ausência de reação do condutor,Tombamento,Com Vítimas Feridas,Plena Noite,Decrescente,Céu Claro,Múltipla,Viaduto,Sim,2,0,1,0,1,0,1,1,"-7,1651","-34,8941",SPRF-PB,DEL01-PB,UOP01-DEL01-PB
665565.0,2025-03-06,quinta-feira,17:27:00,PB,101,122,CAAPORA,Acumulo de água sobre o pavimento,Saída de leito carroçável,Com Vítimas Feridas,Anoitecer,Crescente,Chuva,Dupla,Reta,Não,4,0,1,0,3,0,1,2,"-7,43924118","-34,97716427",SPRF-PB,DEL01-PB,UOP02-DEL01-PB
665582.0,2025-03-06,quinta-feira,18:40:00,PB,230,"20,9",JOAO PESSOA,Ausência de reação do condutor,Colisão traseira,Com Vítimas Feridas,Plena Noite,Decrescente,Chuva,Dupla,Reta,Sim,2,0,1,0,1,0,1,2,"-7,1430825","-34,8506747",SPRF-PB,DEL01-PB,UOP01-DEL01-PB
665639.0,2025-03-07,sexta-feira,05:55:00,PB,101,"122,8",CAAPORA,Reação tardia ou ineficiente do condutor,Saída de leito carroçável,Com Vítimas Feridas,Pleno dia,Crescente,Garoa/Chuvisco,Dupla,Declive,Não,1,0,1,0,0,0,1,1,"-7,457947","-34,980948",SPRF-PB,DEL01-PB,UOP02-DEL01-PB
665655.0,2025-03-07,sexta-feira,07:50:00,PB,230,"16,6",JOAO PESSOA,Reação tardia ou ineficiente do condutor,Colisão traseira,Com Vítimas Feridas,Pleno dia,Decrescente,Nublado,Dupla,Reta,Sim,2,0,1,0,1,0,1,2,"-7,112752","-34,842343",SPRF-PB,DEL01-PB,UOP01-DEL01-PB
665675.0,2025-03-07,sexta-feira,09:00:00,PB,230,14,CABEDELO,Reação tardia ou ineficiente do condutor,Colisão lateral mesmo sentido,Com Vítimas Feridas,Pleno dia,Crescente,Céu Claro,Dupla,Reta,Sim,2,0,1,0,1,0,1,2,"-7,0907688","-34,84844685",SPRF-PB,DEL01-PB,UOP01-DEL01-PB
665704.0,2025-03-01,sábado,21:40:00,PB,230,"163,8",CAMPINA GRANDE,Ingestão de álcool pelo condutor,Tombamento,Com Vítimas Feridas,Plena Noite,Crescente,Nublado,Simples,Em Obras;Reta;Aclive,Não,1,0,1,0,0,0,1,1,"-7,219318","-35,944345",SPRF-PB,DEL02-PB,UOP01-DEL02-PB
665734.0,2025-03-07,sexta-feira,12:50:00,PB,230,16,JOAO PESSOA,Velocidade Incompatível,Colisão lateral mesmo sentido,Com Vítimas Feridas,Pleno dia,Decrescente,Céu Claro,Dupla,Reta,Sim,3,0,0,1,2,0,1,3,"-7,11377947","-34,84211203",SPRF-PB,DEL01-PB,UOP01-DEL01-PB
665818.0,2025-03-07,sexta-feira,19:30:00,PB,230,473,SOUSA,Transitar na contramão,Colisão frontal,Com Vítimas Fatais,Plena Noite,Crescente,Nublado,Simples,Curva;Aclive,Não,2,1,1,0,0,0,1,2,"-6,839808","-38,316278",SPRF-PB,DEL03-PB,UOP03-DEL03-PB
665917.0,2025-03-08,sábado,09:50:00,PB,101,"86,6",JOAO PESSOA,Ausência de reação do condutor,Colisão lateral mesmo sentido,Com Vítimas Feridas,Pleno dia,Decrescente,Céu Claro,Dupla,Reta,Não,2,0,1,0,0,1,1,2,"-7,1548406","-34,9077807",SPRF-PB,DEL01-PB,UOP01-DEL01-PB
665961.0,2025-03-08,sábado,13:20:00,PB,412,"38,7",SAO JOAO DO CARIRI,Demais falhas mecânicas ou elétricas,Saída de leito carroçável,Com Vítimas Feridas,Pleno dia,Decrescente,Sol,Simples,Reta,Não,2,0,2,0,0,0,2,1,"-7,326705","-36,394218",SPRF-PB,DEL02-PB,UOP02-DEL02-PB
665975.0,2025-03-08,sábado,14:45:00,PB,230,216,SOLEDADE,Ingestão de álcool pelo condutor,Colisão transversal,Com Vítimas Feridas,Pleno dia,Decrescente,Céu Claro,Simples,Reta,Sim,2,0,0,1,1,0,1,2,"-7,05364088","-36,3741231",SPRF-PB,DEL02-PB,UOP02-DEL02-PB
665999.0,2025-03-08,sábado,18:50:00,PB,104,"142,1",QUEIMADAS,Animais na Pista,Atropelamento de Animal,Com Vítimas Feridas,Pleno dia,Crescente,Céu Claro,Simples,Reta;Declive,Não,1,0,1,0,0,0,1,1,"-7,3911759","-35,8971262",SPRF-PB,DEL02-PB,UOP03-DEL02-PB
666029.0,2025-03-08,sábado,20:00:00,PB,104,103,SAO SEBASTIAO DE LAGOA DE  ROCA,Ingestão de álcool pelo condutor,Colisão lateral sentido oposto,Com Vítimas Feridas,Plena Noite,Decrescente,Nublado,Simples,Declive;Reta,Não,3,0,3,0,0,0,3,2,"-7,06677","-35,855131",SPRF-PB,DEL02-PB,UOP04-DEL02-PB
666062.0,2025-03-09,domingo,02:15:00,PB,230,"16,7",JOAO PESSOA,Ausência de reação do condutor,Saída de leito carroçável,Sem Vítimas,Plena Noite,Decrescente,Céu Claro,Dupla,Reta,Sim,1,0,0,0,1,0,0,1,"-7,1124263","-34,8424155",SPRF-PB,DEL01-PB,UOP01-DEL01-PB
666073.0,2025-03-09,domingo,03:00:00,PB,230,269,JUNCO DO SERIDO,Ingestão de álcool pelo condutor,Saída de leito carroçável,Sem Vítimas,Plena Noite,Crescente,Céu Claro,Simples,Reta,Não,1,0,0,0,1,0,0,1,"-6,967343","-36,770438",SPRF-PB,DEL03-PB,UOP01-DEL03-PB
666266.0,2025-03-09,domingo,22:21:00,PB,230,153,CAMPINA GRANDE,Desvio temporário,Tombamento,Com Vítimas Feridas,Plena Noite,Crescente,Nublado,Simples,Reta,Não,2,0,1,0,1,0,1,1,"-7,2788895","-35,8932942",SPRF-PB,DEL02-PB,UOP01-DEL02-PB
666315.0,2025-03-10,segunda-feira,07:30:00,PB,101,87,JOAO PESSOA,Retorno proibido,Colisão traseira,Com Vítimas Feridas,Pleno dia,Crescente,Céu Claro,Dupla,Reta,Sim,3,0,0,2,0,1,2,2,"-7,160154","-34,905617",SPRF-PB,DEL01-PB,UOP01-DEL01-PB
666416.0,2025-03-10,segunda-feira,17:40:00,PB,230,26,JOAO PESSOA,Ausência de reação do condutor,Colisão traseira,Com Vítimas Feridas,Plena Noite,Crescente,Céu Claro,Dupla,Reta,Sim,2,0,0,1,1,0,1,2,"-7,16938861","-34,87832808",SPRF-PB,DEL01-PB,UOP01-DEL01-PB
666521.0,2025-03-11,terça-feira,08:53:00,PB,230,21,JOAO PESSOA,Ausência de reação do condutor,Colisão traseira,Com Vítimas Feridas,Pleno dia,Crescente,Céu Claro,Dupla,Reta,Sim,2,0,1,0,1,0,1,2,"-7,14259347","-34,85181101",SPRF-PB,DEL01-PB,UOP01-DEL01-PB
666536.0,2025-03-11,terça-feira,10:35:00,PB,230,10,CABEDELO,Acessar a via sem observar a presença dos outros veículos,Tombamento,Com Vítimas Feridas,Pleno dia,Decrescente,Sol,Dupla,Reta;Viaduto,Sim,3,0,2,0,1,0,2,2,"-7,06563883","-34,84980583",SPRF-PB,DEL01-PB,UOP01-DEL01-PB
666596.0,2025-03-11,terça-feira,16:00:00,PB,101,88,JOAO PESSOA,Avarias e/ou desgaste excessivo no pneu,Saída de leito carroçável,Com Vítimas Feridas,Pleno dia,Decrescente,Céu Claro,Simples,Interseção de Vias;Viaduto;Curva,Sim,1,0,1,0,0,0,1,1,"-7,16685503","-34,8962998",SPRF-PB,DEL01-PB,UOP01-DEL01-PB
666657.0,2025-03-11,terça-feira,23:00:00,PB,230,26,JOAO PESSOA,Manobra de mudança de faixa,Colisão traseira,Com Vítimas Feridas,Plena Noite,Decrescente,Céu Claro,Dupla,Reta,Sim,2,0,1,0,1,0,1,2,"-7,1692331","-34,8795932",SPRF-PB,DEL01-PB,UOP01-DEL01-PB
666694.0,2025-03-12,quarta-feira,07:19:00,PB,101,"82,9",BAYEUX,Acessar a via sem observar a presença dos outros veículos,Colisão lateral mesmo sentido,Com Vítimas Feridas,Pleno dia,Crescente,Sol,Dupla,Viaduto,Sim,3,0,2,0,0,1,2,2,"-7,13143","-34,932808",SPRF-PB,DEL01-PB,UOP01-DEL01-PB
666705.0,2025-03-12,quarta-feira,06:50:00,PB,230,"504,9",CAJAZEIRAS,Ausência de reação do condutor,Colisão traseira,Com Vítimas Feridas,Pleno dia,Decrescente,Céu Claro,Simples,Reta,Sim,2,0,1,0,1,0,1,2,"-6,902047","-38,562227",SPRF-PB,DEL03-PB,UOP03-DEL03-PB
666826.0,2025-03-12,quarta-feira,18:30:00,PB,230,507,CAJAZEIRAS,Acessar a via sem observar a presença dos outros veículos,Colisão frontal,Com Vítimas Feridas,Pleno dia,Decrescente,Nublado,Simples,Aclive,Sim,3,0,0,2,1,0,2,2,"-6,894","-38,5792",SPRF-PB,DEL03-PB,UOP03-DEL03-PB
666884.0,2025-03-13,quinta-feira,06:30:00,PB,230,156,CAMPINA GRANDE,Manobra de mudança de faixa,Colisão transversal,Com Vítimas Feridas,Pleno dia,Crescente,Céu Claro,Simples,Reta,Sim,2,0,1,0,1,0,1,2,"-7,2720205","-35,9105461",SPRF-PB,DEL02-PB,UOP01-DEL02-PB
666972.0,2025-03-13,quinta-feira,14:22:00,PB,230,23,JOAO PESSOA,Ausência de reação do condutor,Colisão traseira,Com Vítimas Feridas,Pleno dia,Decrescente,Céu Claro,Dupla,Reta,Sim,2,0,1,0,1,0,1,2,"-7,15808422","-34,85833906",SPRF-PB,DEL01-PB,UOP01-DEL01-PB