id,data_inversa,dia_semana,horario,uf,br,km,municipio,causa_acidente,tipo_acidente,classificacao_acidente,fase_dia,sentido_via,condicao_metereologica,tipo_pista,tracado_via,uso_solo,pessoas,mortos,feridos_leves,feridos_graves,ilesos,ignorados,feridos,veiculos,latitude,longitude,regional,delegacia,uop
666980.0,2025-03-13,quinta-feira,15:30:00,PB,230,"15,3",JOAO PESSOA,Ausência de reação do condutor,Colisão lateral mesmo sentido,Com Vítimas Feridas,Pleno dia,Crescente,Céu Claro,Dupla,Reta;Aclive,Não,2,0,0,1,1,0,1,2,"-7,101363","-34,847642",SPRF-PB,DEL01-PB,UOP01-DEL01-PB
667057.0,2025-03-13,quinta-feira,21:30:00,PB,101,84,BAYEUX,Ausência de reação do condutor,Saída de leito carroçável,Com Vítimas Feridas,Plena Noite,Decrescente,Céu Claro,Dupla,Reta,Sim,1,0,1,0,0,0,1,1,"-7,1405398","-34,92168423",SPRF-PB,DEL01-PB,UOP01-DEL01-PB
667175.0,2025-03-14,sexta-feira,12:41:00,PB,230,65,SAO MIGUEL DE TAIPU,Reação tardia ou ineficiente do condutor,Saída de leito carroçável,Com Vítimas Feridas,Pleno dia,Crescente,Chuva,Dupla,Curva,Não,1,0,1,0,0,0,1,1,"-7,18755","-35,18885",SPRF-PB,DEL01-PB,UOP03-DEL01-PB
667188.0,2025-03-14,sexta-feira,14:04:00,PB,101,"89,8",JOAO PESSOA,Manobra de mudança de faixa,Colisão transversal,Sem Vítimas,Pleno dia,Crescente,Céu Claro,Múltipla,Reta;Retorno Regulamentado,Sim,3,0,0,0,3,0,0,2,"-7,181348","-34,900812",SPRF-PB,DEL01-PB,UOP02-DEL01-PB
667208.0,2025-03-14,sexta-feira,15:10:00,PB,230,"13,4",CABEDELO,Pedestre andava na pista,Atropelamento de Pedestre,Com Vítimas Feridas,Pleno dia,Decrescente,Céu Claro,Dupla,Reta,Sim,3,0,1,2,0,0,3,2,"-7,085505","-34,84864",SPRF-PB,DEL01-PB,UOP01-DEL01-PB
667303.0,2025-03-14,sexta-feira,23:40:00,PB,230,184,BOA VISTA,Ausência de reação do condutor,Saída de leito carroçável,Com Vítimas Feridas,Plena Noite,Crescente,Chuva,Simples,Reta,Não,1,0,1,0,0,0,1,1,"-7,152992","-36,109658",SPRF-PB,DEL02-PB,UOP02-DEL02-PB
667308.0,2025-03-15,sábado,00:03:00,PB,230,10,CABEDELO,Desvio temporário,Saída de leito carroçável,Com Vítimas Feridas,Plena Noite,Crescente,Céu Claro,Dupla,Desvio Temporário;Em Obras,Sim,1,0,1,0,0,0,1,1,"-7,06085038","-34,85052824",SPRF-PB,DEL01-PB,UOP01-DEL01-PB
667391.0,2025-03-15,sábado,11:00:00,PB,230,"81,6",CALDAS BRANDAO,Ingestão de álcool pelo condutor,Saída de leito carroçável,Com Vítimas Feridas,Pleno dia,Decrescente,Nublado,Dupla,Reta,Não,1,0,0,1,0,0,1,1,"-7,174267","-35,332977",SPRF-PB,DEL01-PB,UOP03-DEL01-PB
667395.0,2025-03-15,sábado,12:00:00,PB,104,111,LAGOA SECA,Ingestão de álcool pelo condutor,Colisão traseira,Sem Vítimas,Pleno dia,Crescente,Céu Claro,Simples,Reta,Não,2,0,0,0,1,1,0,2,"-7,13779433","-35,86082697",SPRF-PB,DEL02-PB,UOP04-DEL02-PB
667514.0,2025-03-15,sábado,23:30:00,PB,101,83,BAYEUX,Reação tardia ou ineficiente do condutor,Colisão traseira,Com Vítimas Feridas,Plena Noite,Crescente,Céu Claro,Dupla,Reta,Sim,2,0,0,1,0,1,1,2,"-7,13547246","-34,92784258",SPRF-PB,DEL01-PB,UOP01-DEL01-PB
667537.0,2025-03-16,domingo,03:01:00,PB,230,"23,3",JOAO PESSOA,Chuva,Saída de leito carroçável,Sem Vítimas,Plena Noite,Decrescente,Chuva,Simples,Reta,Sim,1,0,0,0,0,1,0,1,"-7,16079669","-34,85985303",SPRF-PB,DEL01-PB,UOP01-DEL01-PB
667540.0,2025-03-16,domingo,05:00:00,PB,230,"21,6",JOAO PESSOA,Ingestão de álcool pelo condutor,Queda de ocupante de veículo,Com Vítimas Feridas,Amanhecer,Crescente,Céu Claro,Dupla,Reta,Sim,2,0,2,0,0,0,2,1,"-7,15191894","-34,85367926",SPRF-PB,DEL01-PB,UOP01-DEL01-PB
667581.0,2025-03-16,domingo,10:35:00,PB,230,72,SOBRADO,Acumulo de água sobre o pavimento,Saída de leito carroçável,Com Vítimas Feridas,Pleno dia,Decrescente,Chuva,Dupla,Reta,Não,3,0,2,0,1,0,2,1,"-7,190732","-35,24426",SPRF-PB,DEL01-PB,UOP03-DEL01-PB
667616.0,2025-03-16,domingo,13:13:00,PB,101,"25,7",RIO TINTO,Velocidade Incompatível,Colisão com objeto,Com Vítimas Feridas,Pleno dia,Crescente,Chuva,Dupla,Reta,Não,1,0,1,0,0,0,1,1,"-6,71936852","-35,11929631",SPRF-PB,DEL01-PB,UOP04-DEL01-PB
667625.0,2025-03-16,domingo,15:00:00,PB,101,93,JOAO PESSOA,Acumulo de água sobre o pavimento,Saída de leito carroçável,Com Vítimas Feridas,Pleno dia,Decrescente,Chuva,Dupla,Reta,Não,1,0,1,0,0,0,1,1,"-7,206647","-34,908938",SPRF-PB,DEL01-PB,UOP02-DEL01-PB
667628.0,2025-03-16,domingo,15:00:00,PB,230,"123,1",RIACHAO DO BACAMARTE,Avarias e/ou desgaste excessivo no pneu,Saída de leito carroçável,Com Vítimas Feridas,Pleno dia,Crescente,Chuva,Dupla,Declive;Curva,Sim,3,0,1,1,1,0,2,1,"-7,247528","-35,673177",SPRF-PB,DEL02-PB,UOP01-DEL02-PB
667758.0,2025-03-17,segunda-feira,05:15:00,PB,101,"41,9",MAMANGUAPE,Velocidade Incompatível,Colisão com objeto,Com Vítimas Feridas,Pleno dia,Decrescente,Nublado,Dupla,Curva;Declive,Não,1,0,1,0,0,0,1,1,"-6,855844","-35,134389",SPRF-PB,DEL01-PB,UOP04-DEL01-PB
667759.0,2025-03-17,segunda-feira,04:29:00,PB,230,90,GURINHEM,Acumulo de água sobre o pavimento,Saída de leito carroçável,Sem Vítimas,Amanhecer,Decrescente,Chuva,Dupla,Reta,Não,4,0,0,0,4,0,0,1,"-7,174","-35,402",SPRF-PB,DEL01-PB,UOP03-DEL01-PB
667783.0,2025-03-17,segunda-feira,07:45:00,PB,230,"26,6",JOAO PESSOA,Ausência de reação do condutor,Tombamento,Com Vítimas Feridas,Pleno dia,Decrescente,Céu Claro,Dupla,Reta,Sim,2,0,1,1,0,0,2,1,"-7,16854759","-34,88386508",SPRF-PB,DEL01-PB,UOP01-DEL01-PB
667797.0,2025-03-17,segunda-feira,08:30:00,PB,230,142,MASSARANDUBA,Ausência de reação do condutor,Saída de leito carroçável,Com Vítimas Feridas,Pleno dia,Crescente,Nublado,Dupla,Reta;Aclive,Não,2,0,2,0,0,0,2,1,"-7,25551932","-35,82330108",SPRF-PB,DEL02-PB,UOP01-DEL02-PB
667843.0,2025-03-16,domingo,20:30:00,PB,230,"448,8",APARECIDA,Ausência de reação do condutor,Saída de leito carroçável,Sem Vítimas,Plena Noite,Crescente,Ignorado,Simples,Reta,Não,1,0,0,0,0,1,0,1,"-6,786233","-38,11073",SPRF-PB,DEL03-PB,UOP03-DEL03-PB
668030.0,2025-02-09,domingo,21:40:00,PB,230,502,CAJAZEIRAS,Animais na Pista,Tombamento,Com Vítimas Feridas,Plena Noite,Crescente,Céu Claro,Simples,Reta;Aclive,Sim,1,0,1,0,0,0,1,1,"-6,90121","-38,558",SPRF-PB,DEL03-PB,UOP03-DEL03-PB
668035.0,2025-02-18,terça-feira,12:07:00,PB,101,90,JOAO PESSOA,Ausência de reação do condutor,Colisão lateral mesmo sentido,Com Vítimas Feridas,Pleno dia,Decrescente,Sol,Dupla,Em Obras;Reta;Rotatória,Não,3,0,1,0,2,0,1,3,"-7,181041","-34,900447",SPRF-PB,DEL01-PB,UOP02-DEL01-PB
668052.0,2025-03-18,terça-feira,15:10:00,PB,230,369,CONDADO,Ultrapassagem Indevida,Colisão lateral mesmo sentido,Com Vítimas Feridas,Pleno dia,Decrescente,Céu Claro,Simples,Reta,Não,2,0,1,0,1,0,1,2,"-6,908713","-37,556037",SPRF-PB,DEL03-PB,UOP02-DEL03-PB
668170.0,2025-03-19,quarta-feira,06:49:00,PB,230,20,JOAO PESSOA,Condutor deixou de manter distância do veículo da frente,Colisão traseira,Com Vítimas Feridas,Pleno dia,Decrescente,Nublado,Dupla,Reta,Não,3,0,2,0,1,0,2,2,"-7,138218","-34,852963",SPRF-PB,DEL01-PB,UOP01-DEL01-PB
668199.0,2025-03-19,quarta-feira,07:00:00,PB,230,474,SOUSA,Condutor Dormindo,Saída de leito carroçável,Sem Vítimas,Amanhecer,Crescente,Nublado,Simples,Reta,Não,1,0,0,0,0,1,0,1,"-6,81835243","-38,31052958",SPRF-PB,DEL03-PB,UOP03-DEL03-PB
668258.0,2025-03-19,quarta-feira,15:25:00,PB,104,89,REMIGIO,Conversão proibida,Colisão transversal,Com Vítimas Feridas,Pleno dia,Crescente,Céu Claro,Simples,Reta,Sim,2,0,0,1,1,0,1,2,"-6,97211653","-35,8042812",SPRF-PB,DEL02-PB,UOP04-DEL02-PB
668358.0,2025-03-20,quinta-feira,05:20:00,PB,230,12,CABEDELO,Condutor deixou de manter distância do veículo da frente,Colisão traseira,Com Vítimas Feridas,Amanhecer,Decrescente,Céu Claro,Dupla,Reta;Em Obras,Sim,2,0,0,1,0,1,1,2,"-7,0727028","-34,8492945",SPRF-PB,DEL01-PB,UOP01-DEL01-PB
668372.0,2025-03-20,quinta-feira,06:55:00,PB,230,"22,8",JOAO PESSOA,Condutor deixou de manter distância do veículo da frente,Colisão traseira,Com Vítimas Feridas,Pleno dia,Crescente,Céu Claro,Dupla,Reta,Sim,3,0,1,0,0,2,1,2,"-7,157147","-34,857678",SPRF-PB,DEL01-PB,UOP01-DEL01-PB
668589.0,2025-03-21,sexta-feira,07:45:00,PB,230,"45,4",SANTA RITA,Demais falhas mecânicas ou elétricas,Saída de leito carroçável,Com Vítimas Feridas,Amanhecer,Decrescente,Céu Claro,Dupla,Reta,Não,2,0,2,0,0,0,2,1,"-7,158855","-35,018078",SPRF-PB,DEL01-PB,UOP03-DEL01-PB
668645.0,2025-03-21,sexta-feira,13:30:00,PB,101,83,BAYEUX,Reação tardia ou ineficiente do condutor,Colisão traseira,Sem Vítimas,Pleno dia,Crescente,Céu Claro,Dupla,Reta,Sim,3,0,0,0,3,0,0,2,"-7,13479","-34,928513",SPRF-PB,DEL01-PB,UOP01-DEL01-PB
668659.0,2025-03-21,sexta-feira,16:40:00,PB,230,18,JOAO PESSOA,Condutor deixou de manter distância do veículo da frente,Colisão traseira,Com Vítimas Feridas,Pleno dia,Crescente,Céu Claro,Dupla,Reta,Sim,3,0,2,0,0,1,2,2,"-7,12203423","-34,84526396",SPRF-PB,DEL01-PB,UOP01-DEL01-PB
668696.0,2025-03-21,sexta-feira,18:56:00,PB,230,"98,5",GURINHEM,Ausência de reação do condutor,Saída de leito carroçável,Com Vítimas Feridas,Plena Noite,Decrescente,Nublado,Dupla,Reta,Não,1,0,1,0,0,0,1,1,"-7,20002257","-35,49373627",SPRF-PB,DEL01-PB,UOP03-DEL01-PB
668784.0,2025-03-22,sábado,06:15:00,PB,230,"157,4",CAMPINA GRANDE,Acessar a via sem observar a presença dos outros veículos,Colisão transversal,Com Vítimas Feridas,Pleno dia,Crescente,Nevoeiro/Neblina,Simples,Reta;Interseção de Vias,Sim,2,0,1,0,1,0,1,2,"-7,2630039","-35,92115756",SPRF-PB,DEL02-PB,UOP01-DEL02-PB
668811.0,2025-03-22,sábado,09:37:00,PB,101,96,CONDE,Ausência de reação do condutor,Atropelamento de Pedestre,Com Vítimas Feridas,Pleno dia,Decrescente,Céu Claro,Dupla,Reta,Sim,3,0,0,1,1,1,1,2,"-7,233168","-34,922317",SPRF-PB,DEL01-PB,UOP02-DEL01-PB
668884.0,2025-03-22,sábado,18:10:00,PB,104,"141,9",QUEIMADAS,Reação tardia ou ineficiente do condutor,Tombamento,Com Vítimas Feridas,Plena Noite,Crescente,Ignorado,Simples,Reta,Sim,2,0,1,1,0,0,2,1,"-7,379723","-35,896932",SPRF-PB,DEL02-PB,UOP03-DEL02-PB
669020.0,2025-03-23,domingo,08:10:00,PB,230,84,CALDAS BRANDAO,Desrespeitar a preferência no cruzamento,Tombamento,Com Vítimas Feridas,Pleno dia,Decrescente,Sol,Simples,Reta,Sim,3,0,2,0,1,0,2,2,"-7,168017","-35,351716",SPRF-PB,DEL01-PB,UOP03-DEL01-PB
669021.0,2025-03-22,sábado,23:00:00,PB,230,230,JUAZEIRINHO,Reação tardia ou ineficiente do condutor,Saída de leito carroçável,Com Vítimas Fatais,Plena Noite,Decrescente,Céu Claro,Simples,Reta,Não,2,1,1,0,0,0,1,1,"-7,03444","-36,491047",SPRF-PB,DEL02-PB,UOP02-DEL02-PB
669181.0,2025-03-23,domingo,23:30:00,PB,230,"218,5",SOLEDADE,Acessar a via sem observar a presença dos outros veículos,Colisão frontal,Com Vítimas Fatais,Plena Noite,Crescente,Céu Claro,Simples,Aclive,Não,2,1,0,0,1,0,0,2,"-7,05016","-36,38191",SPRF-PB,DEL02-PB,UOP02-DEL02-PB
669199.0,2025-03-24,segunda-feira,06:52:00,PB,230,27,JOAO PESSOA,Reação tardia ou ineficiente do condutor,Colisão traseira,Com Vítimas Feridas,Pleno dia,Decrescente,Céu Claro,Dupla,Reta;Aclive,Sim,2,0,1,0,0,1,1,2,"-7,1675506","-34,8864877",SPRF-PB,DEL01-PB,UOP01-DEL01-PB
669213.0,2025-03-24,segunda-feira,07:15:00,PB,230,57,CRUZ DO ESPIRITO SANTO,Ausência de reação do condutor,Saída de leito carroçável,Com Vítimas Feridas,Pleno dia,Decrescente,Céu Claro,Dupla,Reta,Não,1,0,0,1,0,0,1,1,"-7,203395","-35,119385",SPRF-PB,DEL01-PB,UOP03-DEL01-PB
669262.0,2025-03-08,sábado,15:05:00,PB,230,7,CABEDELO,Ausência de reação do condutor,Colisão traseira,Com Vítimas Feridas,Pleno dia,Crescente,Céu Claro,Simples,Reta,Sim,2,0,1,0,1,0,1,2,"-7,02935764","-34,84011769",SPRF-PB,DEL01-PB,UOP01-DEL01-PB
669277.0,2025-03-24,segunda-feira,13:20:00,PB,230,16,JOAO PESSOA,Reação tardia ou ineficiente do condutor,Colisão traseira,Com Vítimas Feridas,Pleno dia,Decrescente,Sol,Dupla,Aclive;Reta,Sim,3,0,2,0,1,0,2,2,"-7,106997","-34,84376",SPRF-PB,DEL01-PB,UOP01-DEL01-PB
669442.0,2025-03-25,terça-feira,08:20:00,PB,230,1,CABEDELO,Acessar a via sem observar a presença dos outros veículos,Colisão lateral mesmo sentido,Com Vítimas Feridas,Pleno dia,Decrescente,Céu Claro,Simples,Reta,Sim,3,0,1,0,1,1,1,3,"-6,98326647","-34,82943557",SPRF-PB,DEL01-PB,UOP01-DEL01-PB
669455.0,2025-03-25,terça-feira,09:14:00,PB,230,27,JOAO PESSOA,Condutor deixou de manter distância do veículo da frente,Colisão traseira,Com Vítimas Feridas,Pleno dia,Crescente,Céu Claro,Dupla,Reta,Sim,2,0,1,0,1,0,1,2,"-7,15311101","-34,90827441",SPRF-PB,DEL01-PB,UOP01-DEL01-PB
669507.0,2025-03-25,terça-feira,15:10:00,PB,101,89,JOAO PESSOA,Objeto estático sobre o leito carroçável,Tombamento,Com Vítimas Feridas,Pleno dia,Decrescente,Céu Claro,Dupla,Reta,Sim,1,0,1,0,0,0,1,1,"-7,1747855","-34,89862561",SPRF-PB,DEL01-PB,UOP02-DEL01-PB
669546.0,2025-03-25,terça-feira,18:14:00,PB,230,16,JOAO PESSOA,Reação tardia ou ineficiente do condutor,Colisão lateral mesmo sentido,Com Vítimas Feridas,Plena Noite,Decrescente,Céu Claro,Dupla,Reta;Aclive,Sim,5,0,2,0,2,1,2,3,"-7,109705","-34,843627",SPRF-PB,DEL01-PB,UOP01-DEL01-PB
669652.0,2025-03-26,quarta-feira,04:00:00,PB,230,156,CAMPINA GRANDE,Ausência de reação do condutor,Saída de leito carroçável,Sem Vítimas,Amanhecer,Crescente,Céu Claro,Simples,Reta;Em Obras;Interseção de Vias,Sim,1,0,0,0,0,1,0,1,"-7,267738","-35,915422",SPRF-PB,DEL02-PB,UOP01-DEL02-PB
669691.0,2025-03-26,quarta-feira,13:20:00,PB,101,"28,7",RIO TINTO,Velocidade Incompatível,Engavetamento,Sem Vítimas,Pleno dia,Decrescente,Céu Claro,Dupla,Em Obras;Reta,Não,4,0,0,0,4,0,0,4,"-6,738491","-35,129886",SPRF-PB,DEL01-PB,UOP04-DEL01-PB
669706.0,2025-03-26,quarta-feira,14:30:00,PB,230,41,SANTA RITA,Condutor usando celular,Colisão com objeto,Com Vítimas Fatais,Pleno dia,Decrescente,Céu Claro,Dupla,Curva,Sim,1,1,0,0,0,0,0,1,"-7,142046","-34,994225",SPRF-PB,DEL01-PB,UOP03-DEL01-PB
669743.0,2025-03-26,quarta-feira,18:30:00,PB,230,23,JOAO PESSOA,Ausência de reação do condutor,Colisão traseira,Com Vítimas Feridas,Anoitecer,Decrescente,Céu Claro,Dupla,Reta,Não,3,0,0,2,1,0,2,2,"-7,16","-34,859",SPRF-PB,DEL01-PB,UOP01-DEL01-PB
669760.0,2025-03-26,quarta-feira,18:40:00,PB,230,24,JOAO PESSOA,Condutor deixou de manter distância do veículo da frente,Colisão lateral mesmo sentido,Com Vítimas Feridas,Plena Noite,Crescente,Céu Claro,Dupla,Reta,Sim,3,0,2,0,0,1,2,2,"-7,15185286","-34,8535607",SPRF-PB,DEL01-PB,UOP01-DEL01-PB
669770.0,2025-03-26,quarta-feira,19:40:00,PB,104,130,CAMPINA GRANDE,Sinalização mal posicionada,Saída de leito carroçável,Com Vítimas Feridas,Plena Noite,Decrescente,Céu Claro,Simples,Desvio Temporário,Sim,1,0,1,0,0,0,1,1,"-7,27943","-35,88891",SPRF-PB,DEL02-PB,UOP01-DEL02-PB
669808.0,2025-03-27,quinta-feira,07:15:00,PB,101,102,ALHANDRA,Ausência de reação do condutor,Saída de leito carroçável,Com Vítimas Fatais,Pleno dia,Crescente,Chuva,Dupla,Curva,Não,3,1,1,1,0,0,2,1,"-7,34426789","-34,9474901",SPRF-PB,DEL01-PB,UOP02-DEL01-PB
669815.0,2025-03-27,quinta-feira,07:30:00,PB,101,91,JOAO PESSOA,Pista Escorregadia,Tombamento,Com Vítimas Feridas,Pleno dia,Decrescente,Chuva,Dupla,Reta,Sim,1,0,1,0,0,0,1,1,"-7,19192124","-34,90404725",SPRF-PB,DEL01-PB,UOP02-DEL01-PB
669919.0,2025-03-27,quinta-feira,18:35:00,PB,230,23,JOAO PESSOA,Entrada inopinada do pedestre,Atropelamento de Pedestre,Com Vítimas Feridas,Plena Noite,Crescente,Céu Claro,Dupla,Reta,Sim,2,0,1,1,0,0,2,2,"-7,163322","-34,861678",SPRF-PB,DEL01-PB,UOP01-DEL01-PB
669949.0,2025-03-27,quinta-feira,20:05:00,PB,101,55,SANTA RITA,Velocidade Incompatível,Colisão com objeto,Com Vítimas Feridas,Plena Noite,Crescente,Céu Claro,Dupla,Curva,Não,1,0,0,1,0,0,1,1,"-6,9874611","-35,07270455",SPRF-PB,DEL01-PB,UOP04-DEL01-PB
670116.0,2025-03-28,sexta-feira,16:30:00,PB,230,12,CABEDELO,Ausência de reação do condutor,Colisão traseira,Com Vítimas Feridas,Pleno dia,Decrescente,Céu Claro,Simples,Reta;Em Obras,Sim,2,0,1,0,0,1,1,2,"-7,07353134","-34,84941121",SPRF-PB,DEL01-PB,UOP01-DEL01-PB
670201.0,2025-03-28,sexta-feira,22:15:00,PB,101,93,CONDE,Ausência de reação do condutor,Colisão com objeto,Com Vítimas Feridas,Plena Noite,Decrescente,Céu Claro,Dupla,Declive,Sim,1,0,1,0,0,0,1,1,"-7,218265","-34,912787",SPRF-PB,DEL01-PB,UOP02-DEL01-PB
670221.0,2025-03-29,sábado,00:50:00,PB,230,"147,1",CAMPINA GRANDE,Ingestão de álcool pelo condutor,Saída de leito carroçável,Sem Vítimas,Plena Noite,Crescente,Nublado,Dupla,Reta;Aclive,Não,1,0,0,0,0,1,0,1,"-7,2400301","-35,8622306",SPRF-PB,DEL02-PB,UOP01-DEL02-PB
670293.0,2025-03-29,sábado,11:00:00,PB,361,5,PATOS,Ausência de reação do condutor,Colisão traseira,Com Vítimas Feridas,Pleno dia,Decrescente,Céu Claro,Simples,Reta,Sim,2,0,1,0,1,0,1,2,"-7,03427242","-37,30203867",SPRF-PB,DEL03-PB,UOP01-DEL03-PB
670339.0,2025-03-29,sábado,15:56:00,PB,101,84,BAYEUX,Acessar a via sem observar a presença dos outros veículos,Colisão com objeto,Com Vítimas Feridas,Pleno dia,Crescente,Céu Claro,Dupla,Reta,Sim,3,0,1,0,2,0,1,2,"-7,144","-34,918",SPRF-PB,DEL01-PB,UOP01-DEL01-PB
670375.0,2025-03-29,sábado,18:00:00,PB,230,470,SOUSA,Deixar de acionar o farol da motocicleta (ou similar),Colisão frontal,Com Vítimas Feridas,Plena Noite,Crescente,Céu Claro,Simples,Reta,Não,3,0,0,1,1,1,1,3,"-6,79430988","-38,29174161",SPRF-PB,DEL03-PB,UOP03-DEL03-PB
670410.0,2025-03-29,sábado,20:40:00,PB,230,"41,6",SANTA RITA,Pedestre andava na pista,Atropelamento de Pedestre,Com Vítimas Fatais,Plena Noite,Crescente,Céu Claro,Múltipla,Reta,Não,3,1,1,0,1,0,1,2,"-7,142739","-34,995026",SPRF-PB,DEL01-PB,UOP03-DEL01-PB
670429.0,2025-03-29,sábado,22:55:00,PB,230,"20,7",JOAO PESSOA,Pista Escorregadia,Tombamento,Com Vítimas Feridas,Plena Noite,Crescente,Garoa/Chuvisco,Dupla,Reta,Sim,2,0,2,0,0,0,2,1,"-7,14012462","-34,85226274",SPRF-PB,DEL01-PB,UOP01-DEL01-PB
670432.0,2025-03-29,sábado,23:10:00,PB,104,139,QUEIMADAS,Transitar no Acostamento,Colisão lateral mesmo sentido,Com Vítimas Fatais,Plena Noite,Crescente,Céu Claro,Simples,Reta,Sim,3,1,0,0,0,2,0,3,"-7,368982","-35,89995",SPRF-PB,DEL02-PB,UOP03-DEL02-PB
670487.0,2025-03-30,domingo,07:30:00,PB,104,"112,6",LAGOA SECA,Acessar a via sem observar a presença dos outros veículos,Colisão transversal,Com Vítimas Feridas,Pleno dia,Crescente,Céu Claro,Simples,Curva;Interseção de Vias;Declive,Sim,3,0,1,1,0,1,2,2,"-7,14836","-35,854133",SPRF-PB,DEL02-PB,UOP04-DEL02-PB
670550.0,2025-03-30,domingo,17:10:00,PB,101,"40,4",MAMANGUAPE,Entrada inopinada do pedestre,Atropelamento de Pedestre,Com Vítimas Fatais,Anoitecer,Crescente,Céu Claro,Múltipla,Reta;Declive,Sim,2,1,0,0,0,1,0,2,"-6,84212","-35,13622",SPRF-PB,DEL01-PB,UOP04-DEL01-PB
670592.0,2025-03-30,domingo,19:25:00,PB,230,12,CABEDELO,Pedestre - Ingestão de álcool/ substâncias psicoativas,Atropelamento de Pedestre,Com Vítimas Fatais,Plena Noite,Crescente,Céu Claro,Dupla,Em Obras;Reta,Sim,3,1,0,0,0,2,0,2,"-7,075007","-34,84936",SPRF-PB,DEL01-PB,UOP01-DEL01-PB
670611.0,2025-03-30,domingo,15:30:00,PB,405,"0,2",UIRAUNA,Ingestão de substâncias psicoativas pelo condutor,Saída de leito carroçável,Com Vítimas Fatais,Pleno dia,Decrescente,Céu Claro,Simples,Curva;Aclive,Sim,1,1,0,0,0,0,0,1,"-6,457485","-38,375212",SPRF-PB,DEL03-PB,UOP03-DEL03-PB
670631.0,2025-03-30,domingo,23:15:00,PB,230,20,JOAO PESSOA,Pedestre - Ingestão de álcool/ substâncias psicoativas,Atropelamento de Pedestre,Com Vítimas Feridas,Plena Noite,Decrescente,Céu Claro,Dupla,Reta,Sim,2,0,0,1,0,1,1,2,"-7,136503","-34,85403",SPRF-PB,DEL01-PB,UOP01-DEL01-PB
670663.0,2025-03-31,segunda-feira,05:50:00,PB,230,"41,5",SANTA RITA,Demais falhas mecânicas ou elétricas,Saída de leito carroçável,Com Vítimas Feridas,Amanhecer,Decrescente,Céu Claro,Dupla,Reta,Não,2,0,0,2,0,0,2,1,"-7,142562","-34,995177",SPRF-PB,DEL01-PB,UOP03-DEL01-PB
670686.0,2025-03-31,segunda-feira,08:00:00,PB,101,88,JOAO PESSOA,Reação tardia ou ineficiente do condutor,Colisão traseira,Sem Vítimas,Pleno dia,Decrescente,Céu Claro,Dupla,Reta,Sim,2,0,0,0,2,0,0,2,"-7,16525828","-34,89648577",SPRF-PB,DEL01-PB,UOP01-DEL01-PB
670688.0,2025-03-31,segunda-feira,08:20:00,PB,230,"17,8",JOAO PESSOA,Ausência de reação do condutor,Colisão traseira,Com Vítimas Feridas,Pleno dia,Crescente,Céu Claro,Dupla,Reta,Sim,2,0,1,0,1,0,1,2,"-7,12144115","-34,84523892",SPRF-PB,DEL01-PB,UOP01-DEL01-PB
670741.0,2025-03-31,segunda-feira,13:00:00,PB,101,"81,4",BAYEUX,Desrespeitar a preferência no cruzamento,Colisão transversal,Com Vítimas Feridas,Pleno dia,Crescente,Nublado,Dupla,Reta,Sim,3,0,1,0,2,0,1,2,"-7,127441","-34,940057",SPRF-PB,DEL01-PB,UOP01-DEL01-PB
670755.0,2025-03-31,segunda-feira,14:25:00,PB,230,"26,2",JOAO PESSOA,Reação tardia ou ineficiente do condutor,Colisão traseira,Com Vítimas Feridas,Pleno dia,Crescente,Chuva,Dupla,Reta,Sim,2,0,1,0,0,1,1,2,"-7,16910953","-34,88036489",SPRF-PB,DEL01-PB,UOP01-DEL01-PB
670828.0,2025-03-31,segunda-feira,20:20:00,PB,230,"20,9",JOAO PESSOA,Manobra de mudança de faixa,Colisão lateral mesmo sentido,Com Vítimas Feridas,Plena Noite,Crescente,Céu Claro,Dupla,Reta,Sim,2,0,1,0,0,1,1,2,"-7,14491269","-34,85118382",SPRF-PB,DEL01-PB,UOP01-DEL01-PB
671509.0,2025-03-22,sábado,01:29:00,PB,230,479,MARIZOPOLIS,Animais na Pista,Atropelamento de Animal,Sem Vítimas,Plena Noite,Decrescente,Céu Claro,Simples,Reta;Interseção de Vias,Sim,1,0,0,0,0,1,0,1,"-6,84389","-38,346152",SPRF-PB,DEL03-PB,UOP03-DEL03-PB
672805.0,2025-03-10,segunda-feira,18:45:00,PB,230,340,PATOS,Animais na Pista,Atropelamento de Animal,Com Vítimas Feridas,Plena Noite,Crescente,Nublado,Simples,Reta,Não,5,0,1,0,4,0,1,2,"-7,00208216","-37,30613708",SPRF-PB,DEL03-PB,UOP01-DEL03-PB
673325.0,2025-03-23,domingo,12:20:00,PB,230,53,CRUZ DO ESPIRITO SANTO,Condutor Dormindo,Saída de leito carroçável,Com Vítimas Feridas,Pleno dia,Crescente,Céu Claro,Dupla,Reta,Não,2,0,1,0,1,0,1,1,"-7,1956844","-35,0698906",SPRF-PB,DEL01-PB,UOP03-DEL01-PB